TRNO,DATE,CHTD,CWID,SWAD,LWAD,GWAD,CWAD,L#SD,G#AD,P#AD,GSTD,PWAD,RDPD,RWAD,FLWAD,Date,non_missing_biomass,non_missing_structure,row_type,experiment,LAID
1,2021-05-18T00:00:00Z,NA,NA,33,23.1,NA,56.1,NA,NA,NA,NA,NA,NA,10.2,NA,2021-05-18,4,0,harvest_only,UFCI2101,NA
1,2021-05-24T00:00:00Z,0.203,NA,17.16,28.46,NA,45.62,3,NA,NA,NA,NA,NA,14.5,NA,2021-05-24,4,2,mixed_harvest,UFCI2101,NA
1,2021-05-26T00:00:00Z,0.317,0.22,55.44,57.75,NA,113.2,4,NA,NA,NA,NA,NA,28.5,NA,2021-05-26,4,3,mixed_harvest,UFCI2101,NA
1,2021-06-04T00:00:00Z,0.4,0.15,NA,NA,NA,NA,7,NA,NA,NA,NA,NA,NA,NA,2021-06-04,0,3,standing_only,UFCI2101,NA
1,2021-06-04T00:00:00Z,0.36,0.14,NA,NA,NA,NA,8,NA,NA,NA,NA,NA,NA,NA,2021-06-04,0,3,standing_only,UFCI2101,NA
1,2021-06-04T00:00:00Z,0.42,0.18,NA,NA,NA,NA,8,NA,NA,NA,NA,NA,NA,NA,2021-06-04,0,3,standing_only,UFCI2101,NA
1,2021-06-04T00:00:00Z,0.37,0.13,NA,NA,NA,NA,8,NA,NA,NA,NA,NA,NA,NA,2021-06-04,0,3,standing_only,UFCI2101,NA
1,2021-06-18T00:00:00Z,0.89,0.18,NA,NA,NA,NA,11,NA,NA,NA,NA,NA,NA,NA,2021-06-18,0,3,standing_only,UFCI2101,NA
1,2021-06-18T00:00:00Z,0.74,0.18,NA,NA,NA,NA,10,NA,NA,NA,NA,NA,NA,NA,2021-06-18,0,3,standing_only,UFCI2101,NA
1,2021-06-18T00:00:00Z,0.78,0.21,NA,NA,NA,NA,11,NA,NA,NA,NA,NA,NA,NA,2021-06-18,0,3,standing_only,UFCI2101,NA
1,2021-06-18T00:00:00Z,0.74,0.15,NA,NA,NA,NA,11,NA,NA,NA,NA,NA,NA,NA,2021-06-18,0,3,standing_only,UFCI2101,NA
1,2021-06-18T00:00:00Z,0.77,NA,884.4,747.1,NA,1631,NA,NA,NA,NA,NA,NA,104,NA,2021-06-18,4,1,mixed_harvest,UFCI2101,NA
1,2021-06-18T00:00:00Z,0.62,NA,877.8,1056,NA,1933,NA,NA,NA,NA,NA,NA,132.1,NA,2021-06-18,4,1,mixed_harvest,UFCI2101,NA
1,2021-06-18T00:00:00Z,0.785,NA,1138,950.4,NA,2089,NA,NA,NA,NA,NA,NA,67.4,NA,2021-06-18,4,1,mixed_harvest,UFCI2101,NA
1,2021-06-18T00:00:00Z,0.72,NA,937.2,807.9,NA,1745,NA,NA,NA,NA,NA,NA,NA,NA,2021-06-18,3,1,mixed_harvest,UFCI2101,NA
1,2021-06-25T00:00:00Z,0.895,NA,1939,1386,NA,3325,NA,NA,NA,NA,NA,NA,NA,NA,2021-06-25,3,1,mixed_harvest,UFCI2101,NA
1,2021-06-25T00:00:00Z,0.75,NA,1150,825.4,NA,1975,NA,NA,NA,NA,NA,NA,NA,NA,2021-06-25,3,1,mixed_harvest,UFCI2101,NA
1,2021-06-25T00:00:00Z,0.993,NA,1481,996,NA,2477,NA,NA,NA,NA,NA,NA,NA,NA,2021-06-25,3,1,mixed_harvest,UFCI2101,NA
1,2021-06-25T00:00:00Z,0.79,NA,1188,833.6,NA,2022,NA,NA,NA,NA,NA,NA,NA,NA,2021-06-25,3,1,mixed_harvest,UFCI2101,NA
1,2021-06-25T00:00:00Z,NA,NA,1300,789.4,NA,2089,NA,NA,NA,NA,NA,NA,NA,NA,2021-06-25,3,0,harvest_only,UFCI2101,NA
1,2021-06-25T00:00:00Z,NA,NA,850.1,1004,NA,1854,NA,NA,NA,NA,NA,NA,NA,NA,2021-06-25,3,0,harvest_only,UFCI2101,NA
1,2021-06-25T00:00:00Z,NA,NA,978.2,1068,NA,2046,NA,NA,NA,NA,NA,NA,NA,NA,2021-06-25,3,0,harvest_only,UFCI2101,NA
1,2021-06-25T00:00:00Z,NA,NA,380.1,775.2,NA,1155,NA,NA,NA,NA,NA,NA,NA,NA,2021-06-25,3,0,harvest_only,UFCI2101,NA
1,2021-07-02T00:00:00Z,1.01,0.1,NA,NA,NA,NA,10,NA,NA,NA,NA,NA,NA,NA,2021-07-02,0,3,standing_only,UFCI2101,NA
1,2021-07-02T00:00:00Z,1.02,0.25,NA,NA,NA,NA,10,NA,NA,NA,NA,NA,NA,NA,2021-07-02,0,3,standing_only,UFCI2101,NA
1,2021-07-02T00:00:00Z,1.34,0.25,NA,NA,NA,NA,11,NA,NA,NA,NA,NA,NA,NA,2021-07-02,0,3,standing_only,UFCI2101,NA
1,2021-07-02T00:00:00Z,1.23,0.22,NA,NA,NA,NA,11,NA,NA,NA,NA,NA,NA,NA,2021-07-02,0,3,standing_only,UFCI2101,NA
1,2021-07-02T00:00:00Z,0.89,0.16,NA,NA,NA,NA,11,NA,NA,NA,NA,NA,NA,NA,2021-07-02,0,3,standing_only,UFCI2101,NA
1,2021-07-02T00:00:00Z,1.21,NA,1622,996.9,NA,2619,NA,NA,NA,NA,NA,NA,NA,NA,2021-07-02,3,1,mixed_harvest,UFCI2101,NA
1,2021-07-02T00:00:00Z,1.05,NA,NA,NA,NA,NA,14,NA,NA,NA,NA,NA,NA,NA,2021-07-02,0,2,standing_only,UFCI2101,NA
1,2021-07-02T00:00:00Z,1.23,NA,NA,NA,NA,NA,12,NA,NA,NA,NA,NA,NA,NA,2021-07-02,0,2,standing_only,UFCI2101,NA
1,2021-07-02T00:00:00Z,1.65,NA,NA,NA,NA,NA,14,NA,NA,NA,NA,NA,NA,NA,2021-07-02,0,2,standing_only,UFCI2101,NA
1,2021-07-02T00:00:00Z,1.39,NA,NA,NA,NA,NA,12,NA,NA,NA,NA,NA,NA,NA,2021-07-02,0,2,standing_only,UFCI2101,NA
1,2021-07-02T00:00:00Z,1.399,NA,2550,1277,NA,3828,NA,NA,NA,NA,NA,NA,221,NA,2021-07-02,4,1,mixed_harvest,UFCI2101,NA
1,2021-07-02T00:00:00Z,1.54,NA,2228,1083,NA,3312,NA,NA,NA,NA,NA,NA,795,NA,2021-07-02,4,1,mixed_harvest,UFCI2101,NA
1,2021-07-02T00:00:00Z,1.44,NA,2128,555.7,NA,2683,NA,NA,NA,NA,NA,NA,263,NA,2021-07-02,4,1,mixed_harvest,UFCI2101,NA
1,2021-07-02T00:00:00Z,1.31,NA,1804,1133,NA,2938,NA,NA,NA,NA,NA,NA,NA,NA,2021-07-02,3,1,mixed_harvest,UFCI2101,NA
1,2021-07-09T00:00:00Z,1.38,0.21,NA,NA,NA,NA,13,NA,NA,NA,NA,NA,NA,NA,2021-07-09,0,3,standing_only,UFCI2101,NA
1,2021-07-09T00:00:00Z,1.55,0.235,NA,NA,NA,NA,13,NA,NA,NA,NA,NA,NA,NA,2021-07-09,0,3,standing_only,UFCI2101,NA
1,2021-07-09T00:00:00Z,1.56,0.267,NA,NA,NA,NA,14,NA,NA,NA,NA,NA,NA,NA,2021-07-09,0,3,standing_only,UFCI2101,NA
1,2021-07-09T00:00:00Z,1.52,0.195,NA,NA,NA,NA,14,NA,NA,NA,NA,NA,NA,NA,2021-07-09,0,3,standing_only,UFCI2101,NA
1,2021-07-16T00:00:00Z,NA,NA,NA,NA,NA,NA,NA,NA,NA,NA,NA,NA,NA,NA,2021-07-16,0,0,empty,UFCI2101,NA
1,2021-07-16T00:00:00Z,1.77,NA,1947,1165,NA,3112,NA,NA,NA,NA,NA,NA,330,NA,2021-07-16,4,1,mixed_harvest,UFCI2101,NA
1,2021-07-16T00:00:00Z,1.84,NA,2957,1528,NA,4485,NA,NA,NA,NA,NA,NA,276,NA,2021-07-16,4,1,mixed_harvest,UFCI2101,NA
1,2021-07-16T00:00:00Z,1.84,NA,2660,1676,NA,4336,NA,NA,NA,NA,NA,NA,889,NA,2021-07-16,4,1,mixed_harvest,UFCI2101,NA
1,2021-07-16T00:00:00Z,1.94,0.3,NA,NA,NA,NA,17,NA,NA,NA,NA,NA,NA,NA,2021-07-16,0,3,standing_only,UFCI2101,NA
1,2021-07-16T00:00:00Z,2.04,0.31,NA,NA,NA,NA,17,NA,NA,NA,NA,NA,NA,NA,2021-07-16,0,3,standing_only,UFCI2101,NA
1,2021-07-16T00:00:00Z,1.68,0.305,NA,NA,NA,NA,17,NA,NA,NA,NA,NA,NA,NA,2021-07-16,0,3,standing_only,UFCI2101,NA
1,2021-07-16T00:00:00Z,2.11,0.28,NA,NA,NA,NA,15,NA,NA,NA,NA,NA,374,NA,2021-07-16,1,3,mixed_harvest,UFCI2101,NA
1,2021-07-25T00:00:00Z,1.89,0.32,2961,2162,NA,5124,20,NA,NA,NA,NA,NA,321,NA,2021-07-25,4,3,mixed_harvest,UFCI2101,NA
1,2021-07-25T00:00:00Z,1.67,0.31,3203,1351,NA,4554,20,NA,NA,NA,NA,NA,799.4,NA,2021-07-25,4,3,mixed_harvest,UFCI2101,NA
1,2021-07-25T00:00:00Z,1.92,0.29,4049,1556,NA,5605,20,NA,NA,NA,NA,NA,NA,NA,2021-07-25,3,3,mixed_harvest,UFCI2101,NA
1,2021-07-25T00:00:00Z,1.99,0.35,5135,2267,NA,7356,19,NA,NA,NA,NA,NA,NA,NA,2021-07-25,3,3,mixed_harvest,UFCI2101,NA
1,2021-08-01T00:00:00Z,2.09,0.27,NA,NA,NA,NA,20,NA,NA,NA,NA,NA,NA,NA,2021-08-01,0,3,standing_only,UFCI2101,NA
1,2021-08-01T00:00:00Z,2.06,0.35,NA,NA,NA,NA,21,NA,NA,NA,NA,NA,NA,NA,2021-08-01,0,3,standing_only,UFCI2101,NA
1,2021-08-01T00:00:00Z,2.16,0.42,NA,NA,NA,NA,18,NA,NA,NA,NA,NA,NA,NA,2021-08-01,0,3,standing_only,UFCI2101,NA
1,2021-08-01T00:00:00Z,1.96,0.28,NA,NA,NA,NA,16,NA,NA,NA,NA,NA,NA,NA,2021-08-01,0,3,standing_only,UFCI2101,NA
1,2021-08-01T00:00:00Z,NA,NA,4786,2222,NA,7009,NA,NA,NA,NA,NA,NA,NA,NA,2021-08-01,3,0,harvest_only,UFCI2101,NA
1,2021-08-01T00:00:00Z,NA,NA,5530,2846,NA,8376,NA,NA,NA,NA,NA,NA,NA,NA,2021-08-01,3,0,harvest_only,UFCI2101,NA
1,2021-08-01T00:00:00Z,NA,NA,4675,1515,NA,6191,NA,NA,NA,NA,NA,NA,NA,NA,2021-08-01,3,0,harvest_only,UFCI2101,NA
1,2021-08-15T00:00:00Z,2.07,NA,4181,1852,NA,6034,NA,NA,NA,NA,NA,NA,NA,NA,2021-08-15,3,1,mixed_harvest,UFCI2101,NA
1,2021-08-15T00:00:00Z,1.95,NA,NA,NA,NA,NA,NA,NA,NA,NA,NA,NA,NA,NA,2021-08-15,0,1,standing_only,UFCI2101,NA
1,2021-08-15T00:00:00Z,2.08,NA,NA,NA,NA,NA,NA,NA,NA,NA,NA,NA,NA,NA,2021-08-15,0,1,standing_only,UFCI2101,NA
1,2021-08-15T00:00:00Z,1.93,0.38,6009,2321,186.1,8517,NA,NA,NA,NA,NA,NA,1113,NA,2021-08-15,5,2,mixed_harvest,UFCI2101,NA
1,2021-08-15T00:00:00Z,2.042,0.314,5881,1785,203.9,7870,NA,NA,NA,NA,NA,NA,954,NA,2021-08-15,5,2,mixed_harvest,UFCI2101,NA
1,2021-08-15T00:00:00Z,2.174,0.32,5356,1801,124.7,7283,NA,NA,NA,NA,NA,NA,NA,NA,2021-08-15,4,2,mixed_harvest,UFCI2101,NA
1,2021-08-15T00:00:00Z,NA,NA,3050,1432,34.6,5517,NA,NA,NA,NA,NA,NA,299,NA,2021-08-15,5,0,harvest_only,UFCI2101,NA
1,2021-08-25T00:00:00Z,2.02,0.54,NA,NA,NA,NA,18,NA,NA,NA,NA,NA,NA,NA,2021-08-25,0,3,standing_only,UFCI2101,NA
1,2021-08-25T00:00:00Z,2.03,0.32,NA,NA,386.7,NA,18,NA,NA,NA,NA,NA,NA,NA,2021-08-25,1,3,mixed_harvest,UFCI2101,NA
1,2021-08-25T00:00:00Z,2.17,0.36,NA,NA,444,NA,22,NA,NA,NA,NA,NA,NA,NA,2021-08-25,1,3,mixed_harvest,UFCI2101,NA
1,2021-08-25T00:00:00Z,1.97,0.4,NA,NA,509.5,NA,16,NA,NA,NA,NA,NA,NA,NA,2021-08-25,1,3,mixed_harvest,UFCI2101,NA
1,2021-08-25T00:00:00Z,NA,NA,NA,NA,NA,NA,NA,NA,NA,NA,NA,NA,NA,NA,2021-08-25,0,0,empty,UFCI2101,NA
1,2021-08-25T00:00:00Z,NA,NA,NA,NA,NA,NA,NA,NA,NA,NA,NA,NA,NA,NA,2021-08-25,0,0,empty,UFCI2101,NA
1,2021-08-25T00:00:00Z,NA,NA,NA,NA,NA,NA,NA,NA,NA,NA,NA,NA,NA,NA,2021-08-25,0,0,empty,UFCI2101,NA
1,2021-08-25T00:00:00Z,NA,NA,NA,NA,NA,NA,NA,NA,NA,NA,NA,NA,NA,NA,2021-08-25,0,0,empty,UFCI2101,NA
1,2021-09-01T00:00:00Z,NA,NA,5043,1125,NA,6169,21,NA,NA,NA,NA,NA,NA,NA,2021-09-01,3,1,mixed_harvest,UFCI2101,NA
1,2021-09-01T00:00:00Z,2.19,0.42,4412,584,NA,4788,22,NA,NA,NA,NA,NA,NA,NA,2021-09-01,3,3,mixed_harvest,UFCI2101,NA
1,2021-09-01T00:00:00Z,1.92,0.26,4775,1623,NA,6663,18,NA,NA,NA,NA,NA,NA,NA,2021-09-01,3,3,mixed_harvest,UFCI2101,NA
1,2021-09-10T00:00:00Z,1.91,0.33,3671,886,877.8,4435,NA,NA,NA,NA,NA,NA,NA,NA,2021-09-10,4,2,mixed_harvest,UFCI2101,NA
1,2021-09-10T00:00:00Z,1.79,0.51,3548,1033,937.9,5520,NA,NA,NA,NA,NA,NA,NA,NA,2021-09-10,4,2,mixed_harvest,UFCI2101,NA
1,2021-09-10T00:00:00Z,2.14,0.6,4456,1168,705,6331,NA,NA,NA,NA,NA,NA,NA,NA,2021-09-10,4,2,mixed_harvest,UFCI2101,NA
1,2021-09-10T00:00:00Z,1.59,0.53,3323,1210,619.1,5153,NA,NA,NA,NA,NA,NA,NA,NA,2021-09-10,4,2,mixed_harvest,UFCI2101,NA
1,2021-09-30T00:00:00Z,2.125,0.39,NA,NA,1096,5216,20,NA,NA,NA,NA,NA,821,NA,2021-09-30,3,3,mixed_harvest,UFCI2101,NA
1,2021-09-30T00:00:00Z,2.09,0.36,NA,NA,969.3,5632,22,NA,NA,NA,NA,NA,343,NA,2021-09-30,3,3,mixed_harvest,UFCI2101,NA
1,2021-09-30T00:00:00Z,2.07,0.44,NA,NA,784.1,5081,23,NA,NA,NA,NA,NA,555,NA,2021-09-30,3,3,mixed_harvest,UFCI2101,NA
1,2021-09-30T00:00:00Z,2.16,0.43,NA,NA,567,4005,23,NA,NA,NA,NA,NA,NA,NA,2021-09-30,2,3,mixed_harvest,UFCI2101,NA
1,2021-09-30T00:00:00Z,1.86,0.42,NA,NA,940.2,5103,19,NA,NA,NA,NA,NA,NA,NA,2021-09-30,2,3,mixed_harvest,UFCI2101,NA
2,2021-05-18T00:00:00Z,0.066,0.06,NA,NA,NA,NA,4,NA,NA,NA,NA,NA,NA,NA,2021-05-18,0,3,standing_only,UFCI2101,NA
2,2021-05-18T00:00:00Z,0.068,0.071,NA,NA,NA,NA,4,NA,NA,NA,NA,NA,NA,NA,2021-05-18,0,3,standing_only,UFCI2101,NA
2,2021-05-18T00:00:00Z,0.048,0.063,NA,NA,NA,NA,3,NA,NA,NA,NA,NA,NA,NA,2021-05-18,0,3,standing_only,UFCI2101,NA
2,2021-05-25T00:00:00Z,0.06,NA,NA,NA,NA,NA,NA,NA,NA,NA,NA,NA,NA,NA,2021-05-25,0,1,standing_only,UFCI2101,NA
2,2021-05-25T00:00:00Z,0.06,NA,NA,NA,NA,NA,NA,NA,NA,NA,NA,NA,NA,NA,2021-05-25,0,1,standing_only,UFCI2101,NA
2,2021-05-25T00:00:00Z,0.06,NA,NA,NA,NA,NA,NA,NA,NA,NA,NA,NA,NA,NA,2021-05-25,0,1,standing_only,UFCI2101,NA
2,2021-05-25T00:00:00Z,0.07,NA,NA,NA,NA,NA,NA,NA,NA,NA,NA,NA,NA,NA,2021-05-25,0,1,standing_only,UFCI2101,NA
2,2021-05-25T00:00:00Z,0.08,NA,NA,NA,NA,NA,NA,NA,NA,NA,NA,NA,NA,NA,2021-05-25,0,1,standing_only,UFCI2101,NA
2,2021-05-25T00:00:00Z,0.07,NA,NA,NA,NA,NA,NA,NA,NA,NA,NA,NA,NA,NA,2021-05-25,0,1,standing_only,UFCI2101,NA
2,2021-05-25T00:00:00Z,0.08,NA,NA,NA,NA,NA,NA,NA,NA,NA,NA,NA,NA,NA,2021-05-25,0,1,standing_only,UFCI2101,NA
2,2021-05-25T00:00:00Z,0.07,NA,NA,NA,NA,NA,NA,NA,NA,NA,NA,NA,NA,NA,2021-05-25,0,1,standing_only,UFCI2101,NA
2,2021-05-25T00:00:00Z,0.073,NA,NA,NA,NA,NA,NA,NA,NA,NA,NA,NA,NA,NA,2021-05-25,0,1,standing_only,UFCI2101,NA
2,2021-05-25T00:00:00Z,0.069,NA,NA,NA,NA,NA,NA,NA,NA,NA,NA,NA,NA,NA,2021-05-25,0,1,standing_only,UFCI2101,NA
2,2021-05-25T00:00:00Z,NA,NA,14.14,35.35,NA,49.5,NA,NA,NA,NA,NA,NA,2.475,NA,2021-05-25,4,0,harvest_only,UFCI2101,NA
2,2021-05-25T00:00:00Z,NA,NA,26.07,65.17,NA,91.25,NA,NA,NA,NA,NA,NA,4.562,NA,2021-05-25,4,0,harvest_only,UFCI2101,NA
2,2021-05-25T00:00:00Z,NA,NA,18.14,45.35,NA,63.5,NA,NA,NA,NA,NA,NA,3.175,NA,2021-05-25,4,0,harvest_only,UFCI2101,NA
2,2021-06-09T00:00:00Z,0.692,NA,NA,NA,NA,NA,NA,NA,NA,NA,NA,NA,NA,NA,2021-06-09,0,1,standing_only,UFCI2101,NA
2,2021-06-09T00:00:00Z,0.774,NA,NA,NA,NA,NA,NA,NA,NA,NA,NA,NA,NA,NA,2021-06-09,0,1,standing_only,UFCI2101,NA
2,2021-06-09T00:00:00Z,0.196,NA,NA,NA,NA,NA,NA,NA,NA,NA,NA,NA,NA,NA,2021-06-09,0,1,standing_only,UFCI2101,NA
2,2021-06-09T00:00:00Z,0.123,NA,NA,NA,NA,NA,NA,NA,NA,NA,NA,NA,NA,NA,2021-06-09,0,1,standing_only,UFCI2101,NA
2,2021-06-09T00:00:00Z,0.346,NA,NA,NA,NA,NA,NA,NA,NA,NA,NA,NA,NA,NA,2021-06-09,0,1,standing_only,UFCI2101,NA
2,2021-06-09T00:00:00Z,0.457,NA,NA,NA,NA,NA,NA,NA,NA,NA,NA,NA,NA,NA,2021-06-09,0,1,standing_only,UFCI2101,NA
2,2021-06-09T00:00:00Z,0.438,NA,NA,NA,NA,NA,NA,NA,NA,NA,NA,NA,NA,NA,2021-06-09,0,1,standing_only,UFCI2101,NA
2,2021-06-09T00:00:00Z,0.469,NA,NA,NA,NA,NA,NA,NA,NA,NA,NA,NA,NA,NA,2021-06-09,0,1,standing_only,UFCI2101,NA
2,2021-06-09T00:00:00Z,0.482,NA,NA,NA,NA,NA,NA,NA,NA,NA,NA,NA,NA,NA,2021-06-09,0,1,standing_only,UFCI2101,NA
2,2021-06-09T00:00:00Z,0.336,NA,NA,NA,NA,NA,NA,NA,NA,NA,NA,NA,NA,NA,2021-06-09,0,1,standing_only,UFCI2101,NA
2,2021-06-23T00:00:00Z,0.66,NA,NA,NA,NA,NA,NA,NA,NA,NA,NA,NA,NA,NA,2021-06-23,0,1,standing_only,UFCI2101,NA
2,2021-06-23T00:00:00Z,0.596,NA,NA,NA,NA,NA,NA,NA,NA,NA,NA,NA,NA,NA,2021-06-23,0,1,standing_only,UFCI2101,NA
2,2021-06-23T00:00:00Z,0.622,NA,NA,NA,NA,NA,NA,NA,NA,NA,NA,NA,NA,NA,2021-06-23,0,1,standing_only,UFCI2101,NA
2,2021-06-23T00:00:00Z,0.768,NA,NA,NA,NA,NA,NA,NA,NA,NA,NA,NA,NA,NA,2021-06-23,0,1,standing_only,UFCI2101,NA
2,2021-06-23T00:00:00Z,0.488,NA,NA,NA,NA,NA,NA,NA,NA,NA,NA,NA,NA,NA,2021-06-23,0,1,standing_only,UFCI2101,NA
2,2021-06-23T00:00:00Z,0.673,NA,NA,NA,NA,NA,NA,NA,NA,NA,NA,NA,NA,NA,2021-06-23,0,1,standing_only,UFCI2101,NA
2,2021-06-23T00:00:00Z,0.469,NA,NA,NA,NA,NA,NA,NA,NA,NA,NA,NA,NA,NA,2021-06-23,0,1,standing_only,UFCI2101,NA
2,2021-06-23T00:00:00Z,0.495,NA,NA,NA,NA,NA,NA,NA,NA,NA,NA,NA,NA,NA,2021-06-23,0,1,standing_only,UFCI2101,NA
2,2021-06-23T00:00:00Z,0.317,NA,NA,NA,NA,NA,NA,NA,NA,NA,NA,NA,NA,NA,2021-06-23,0,1,standing_only,UFCI2101,NA
2,2021-06-23T00:00:00Z,0.711,NA,NA,NA,NA,NA,NA,NA,NA,NA,NA,NA,NA,NA,2021-06-23,0,1,standing_only,UFCI2101,NA
2,2021-07-01T00:00:00Z,NA,NA,457.1,385.4,21,863,NA,NA,NA,NA,NA,NA,81.25,NA,2021-07-01,5,0,harvest_only,UFCI2101,NA
2,2021-07-01T00:00:00Z,NA,NA,252.5,213.2,17.25,483,NA,NA,NA,NA,NA,NA,31.25,NA,2021-07-01,5,0,harvest_only,UFCI2101,NA
2,2021-07-01T00:00:00Z,NA,NA,478.1,404.1,28,910,NA,NA,NA,NA,NA,NA,49.25,NA,2021-07-01,5,0,harvest_only,UFCI2101,NA
2,2021-07-08T00:00:00Z,0.419,NA,NA,NA,NA,NA,NA,NA,NA,NA,NA,NA,NA,NA,2021-07-08,0,1,standing_only,UFCI2101,NA
2,2021-07-08T00:00:00Z,0.393,NA,NA,NA,NA,NA,NA,NA,NA,NA,NA,NA,NA,NA,2021-07-08,0,1,standing_only,UFCI2101,NA
2,2021-07-08T00:00:00Z,0.673,NA,NA,NA,NA,NA,NA,NA,NA,NA,NA,NA,NA,NA,2021-07-08,0,1,standing_only,UFCI2101,NA
2,2021-07-08T00:00:00Z,0.863,NA,NA,NA,NA,NA,NA,NA,NA,NA,NA,NA,NA,NA,2021-07-08,0,1,standing_only,UFCI2101,NA
2,2021-07-08T00:00:00Z,0.711,NA,NA,NA,NA,NA,NA,NA,NA,NA,NA,NA,NA,NA,2021-07-08,0,1,standing_only,UFCI2101,NA
2,2021-07-08T00:00:00Z,0.222,NA,NA,NA,NA,NA,NA,NA,NA,NA,NA,NA,NA,NA,2021-07-08,0,1,standing_only,UFCI2101,NA
2,2021-07-08T00:00:00Z,0.819,NA,NA,NA,NA,NA,NA,NA,NA,NA,NA,NA,NA,NA,2021-07-08,0,1,standing_only,UFCI2101,NA
2,2021-07-08T00:00:00Z,0.908,NA,NA,NA,NA,NA,NA,NA,NA,NA,NA,NA,NA,NA,2021-07-08,0,1,standing_only,UFCI2101,NA
2,2021-07-08T00:00:00Z,1.028,NA,NA,NA,NA,NA,NA,NA,NA,NA,NA,NA,NA,NA,2021-07-08,0,1,standing_only,UFCI2101,NA
2,2021-07-08T00:00:00Z,0.889,NA,NA,NA,NA,NA,NA,NA,NA,NA,NA,NA,NA,NA,2021-07-08,0,1,standing_only,UFCI2101,NA
2,2021-07-19T00:00:00Z,NA,NA,NA,NA,NA,NA,15,NA,NA,NA,NA,NA,NA,NA,2021-07-19,0,1,standing_only,UFCI2101,NA
2,2021-07-22T00:00:00Z,0.876,NA,NA,NA,NA,NA,NA,NA,NA,NA,NA,NA,NA,NA,2021-07-22,0,1,standing_only,UFCI2101,NA
2,2021-07-22T00:00:00Z,0.654,NA,NA,NA,NA,NA,NA,NA,NA,NA,NA,NA,NA,NA,2021-07-22,0,1,standing_only,UFCI2101,NA
2,2021-07-22T00:00:00Z,0.704,NA,NA,NA,NA,NA,NA,NA,NA,NA,NA,NA,NA,NA,2021-07-22,0,1,standing_only,UFCI2101,NA
2,2021-07-22T00:00:00Z,0.59,NA,NA,NA,NA,NA,NA,NA,NA,NA,NA,NA,NA,NA,2021-07-22,0,1,standing_only,UFCI2101,NA
2,2021-07-22T00:00:00Z,0.4,NA,NA,NA,NA,NA,NA,NA,NA,NA,NA,NA,NA,NA,2021-07-22,0,1,standing_only,UFCI2101,NA
2,2021-07-22T00:00:00Z,0.317,NA,NA,NA,NA,NA,NA,NA,NA,NA,NA,NA,NA,NA,2021-07-22,0,1,standing_only,UFCI2101,NA
2,2021-07-22T00:00:00Z,0.406,NA,NA,NA,NA,NA,NA,NA,NA,NA,NA,NA,NA,NA,2021-07-22,0,1,standing_only,UFCI2101,NA
2,2021-07-22T00:00:00Z,0.52,NA,NA,NA,NA,NA,NA,NA,NA,NA,NA,NA,NA,NA,2021-07-22,0,1,standing_only,UFCI2101,NA
2,2021-07-22T00:00:00Z,0.52,NA,NA,NA,NA,NA,NA,NA,NA,NA,NA,NA,NA,NA,2021-07-22,0,1,standing_only,UFCI2101,NA
2,2021-07-22T00:00:00Z,0.577,NA,NA,NA,NA,NA,NA,NA,NA,NA,NA,NA,NA,NA,2021-07-22,0,1,standing_only,UFCI2101,NA
2,2021-08-04T00:00:00Z,0.793,NA,NA,NA,NA,NA,NA,NA,NA,NA,NA,NA,NA,NA,2021-08-04,0,1,standing_only,UFCI2101,NA
2,2021-08-04T00:00:00Z,1.016,NA,NA,NA,NA,NA,NA,NA,NA,NA,NA,NA,NA,NA,2021-08-04,0,1,standing_only,UFCI2101,NA
2,2021-08-04T00:00:00Z,0.958,NA,NA,NA,NA,NA,NA,NA,NA,NA,NA,NA,NA,NA,2021-08-04,0,1,standing_only,UFCI2101,NA
2,2021-08-04T00:00:00Z,0.863,NA,NA,NA,NA,NA,NA,NA,NA,NA,NA,NA,NA,NA,2021-08-04,0,1,standing_only,UFCI2101,NA
2,2021-08-04T00:00:00Z,0.742,NA,NA,NA,NA,NA,NA,NA,NA,NA,NA,NA,NA,NA,2021-08-04,0,1,standing_only,UFCI2101,NA
2,2021-08-04T00:00:00Z,0.685,NA,NA,NA,NA,NA,NA,NA,NA,NA,NA,NA,NA,NA,2021-08-04,0,1,standing_only,UFCI2101,NA
2,2021-08-04T00:00:00Z,0.66,NA,NA,NA,NA,NA,NA,NA,NA,NA,NA,NA,NA,NA,2021-08-04,0,1,standing_only,UFCI2101,NA
2,2021-08-04T00:00:00Z,0.736,NA,NA,NA,NA,NA,NA,NA,NA,NA,NA,NA,NA,NA,2021-08-04,0,1,standing_only,UFCI2101,NA
2,2021-08-04T00:00:00Z,0.584,NA,NA,NA,NA,NA,NA,NA,NA,NA,NA,NA,NA,NA,2021-08-04,0,1,standing_only,UFCI2101,NA
2,2021-08-04T00:00:00Z,0.539,NA,NA,NA,NA,NA,NA,NA,NA,NA,NA,NA,NA,NA,2021-08-04,0,1,standing_only,UFCI2101,NA
2,2021-08-04T00:00:00Z,NA,NA,150,42,24,216,NA,NA,NA,NA,NA,NA,44,NA,2021-08-04,5,0,harvest_only,UFCI2101,NA
2,2021-08-04T00:00:00Z,NA,NA,238,62,96,396,NA,NA,NA,NA,NA,NA,68,NA,2021-08-04,5,0,harvest_only,UFCI2101,NA
2,2021-08-04T00:00:00Z,NA,NA,1514,394,648,2556,NA,NA,NA,NA,NA,NA,106,NA,2021-08-04,5,0,harvest_only,UFCI2101,NA
2,2021-08-04T00:00:00Z,NA,NA,298,74,60,432,NA,NA,NA,NA,NA,NA,136,NA,2021-08-04,5,0,harvest_only,UFCI2101,NA
3,2021-05-18T00:00:00Z,0.165,0.152,NA,NA,NA,NA,4,NA,NA,NA,NA,NA,NA,NA,2021-05-18,0,3,standing_only,UFCI2101,NA
3,2021-05-18T00:00:00Z,0.106,0.091,NA,NA,NA,NA,5,NA,NA,NA,NA,NA,NA,NA,2021-05-18,0,3,standing_only,UFCI2101,NA
3,2021-05-18T00:00:00Z,0.086,0.106,NA,NA,NA,NA,4,NA,NA,NA,NA,NA,NA,NA,2021-05-18,0,3,standing_only,UFCI2101,NA
3,2021-05-25T00:00:00Z,0.031,NA,NA,NA,NA,NA,NA,NA,NA,NA,NA,NA,NA,NA,2021-05-25,0,1,standing_only,UFCI2101,NA
3,2021-05-25T00:00:00Z,0.034,NA,NA,NA,NA,NA,NA,NA,NA,NA,NA,NA,NA,NA,2021-05-25,0,1,standing_only,UFCI2101,NA
3,2021-05-25T00:00:00Z,0.184,NA,NA,NA,NA,NA,NA,NA,NA,NA,NA,NA,NA,NA,2021-05-25,0,1,standing_only,UFCI2101,NA
3,2021-05-25T00:00:00Z,0.196,NA,NA,NA,NA,NA,NA,NA,NA,NA,NA,NA,NA,NA,2021-05-25,0,1,standing_only,UFCI2101,NA
3,2021-05-25T00:00:00Z,0.187,NA,NA,NA,NA,NA,NA,NA,NA,NA,NA,NA,NA,NA,2021-05-25,0,1,standing_only,UFCI2101,NA
3,2021-05-25T00:00:00Z,0.095,NA,NA,NA,NA,NA,NA,NA,NA,NA,NA,NA,NA,NA,2021-05-25,0,1,standing_only,UFCI2101,NA
3,2021-05-25T00:00:00Z,0.13,NA,NA,NA,NA,NA,NA,NA,NA,NA,NA,NA,NA,NA,2021-05-25,0,1,standing_only,UFCI2101,NA
3,2021-05-25T00:00:00Z,0.111,NA,NA,NA,NA,NA,NA,NA,NA,NA,NA,NA,NA,NA,2021-05-25,0,1,standing_only,UFCI2101,NA
3,2021-05-25T00:00:00Z,0.114,NA,NA,NA,NA,NA,NA,NA,NA,NA,NA,NA,NA,NA,2021-05-25,0,1,standing_only,UFCI2101,NA
3,2021-05-25T00:00:00Z,0.114,NA,NA,NA,NA,NA,NA,NA,NA,NA,NA,NA,NA,NA,2021-05-25,0,1,standing_only,UFCI2101,NA
3,2021-05-25T00:00:00Z,NA,NA,56.57,141.4,NA,198,NA,NA,NA,NA,NA,NA,9.9,NA,2021-05-25,4,0,harvest_only,UFCI2101,NA
3,2021-05-25T00:00:00Z,NA,NA,104.2,260.7,NA,365,NA,NA,NA,NA,NA,NA,18.25,NA,2021-05-25,4,0,harvest_only,UFCI2101,NA
3,2021-05-25T00:00:00Z,NA,NA,72.57,181.4,NA,254,NA,NA,NA,NA,NA,NA,12.7,NA,2021-05-25,4,0,harvest_only,UFCI2101,NA
3,2021-06-09T00:00:00Z,1.314,NA,NA,NA,NA,NA,NA,NA,NA,NA,NA,NA,NA,NA,2021-06-09,0,1,standing_only,UFCI2101,NA
3,2021-06-09T00:00:00Z,1.25,NA,NA,NA,NA,NA,NA,NA,NA,NA,NA,NA,NA,NA,2021-06-09,0,1,standing_only,UFCI2101,NA
3,2021-06-09T00:00:00Z,0.546,NA,NA,NA,NA,NA,NA,NA,NA,NA,NA,NA,NA,NA,2021-06-09,0,1,standing_only,UFCI2101,NA
3,2021-06-09T00:00:00Z,0.539,NA,NA,NA,NA,NA,NA,NA,NA,NA,NA,NA,NA,NA,2021-06-09,0,1,standing_only,UFCI2101,NA
3,2021-06-09T00:00:00Z,0.711,NA,NA,NA,NA,NA,NA,NA,NA,NA,NA,NA,NA,NA,2021-06-09,0,1,standing_only,UFCI2101,NA
3,2021-06-09T00:00:00Z,0.819,NA,NA,NA,NA,NA,NA,NA,NA,NA,NA,NA,NA,NA,2021-06-09,0,1,standing_only,UFCI2101,NA
3,2021-06-09T00:00:00Z,0.749,NA,NA,NA,NA,NA,NA,NA,NA,NA,NA,NA,NA,NA,2021-06-09,0,1,standing_only,UFCI2101,NA
3,2021-06-09T00:00:00Z,0.8,NA,NA,NA,NA,NA,NA,NA,NA,NA,NA,NA,NA,NA,2021-06-09,0,1,standing_only,UFCI2101,NA
3,2021-06-09T00:00:00Z,0.717,NA,NA,NA,NA,NA,NA,NA,NA,NA,NA,NA,NA,NA,2021-06-09,0,1,standing_only,UFCI2101,NA
3,2021-06-09T00:00:00Z,0.838,NA,NA,NA,NA,NA,NA,NA,NA,NA,NA,NA,NA,NA,2021-06-09,0,1,standing_only,UFCI2101,NA
3,2021-06-23T00:00:00Z,1.447,NA,NA,NA,NA,NA,NA,NA,NA,NA,NA,NA,NA,NA,2021-06-23,0,1,standing_only,UFCI2101,NA
3,2021-06-23T00:00:00Z,1.2,NA,NA,NA,NA,NA,NA,NA,NA,NA,NA,NA,NA,NA,2021-06-23,0,1,standing_only,UFCI2101,NA
3,2021-06-23T00:00:00Z,1.27,NA,NA,NA,NA,NA,NA,NA,NA,NA,NA,NA,NA,NA,2021-06-23,0,1,standing_only,UFCI2101,NA
3,2021-06-23T00:00:00Z,1.403,NA,NA,NA,NA,NA,NA,NA,NA,NA,NA,NA,NA,NA,2021-06-23,0,1,standing_only,UFCI2101,NA
3,2021-06-23T00:00:00Z,1.32,NA,NA,NA,NA,NA,NA,NA,NA,NA,NA,NA,NA,NA,2021-06-23,0,1,standing_only,UFCI2101,NA
3,2021-06-23T00:00:00Z,1.168,NA,NA,NA,NA,NA,NA,NA,NA,NA,NA,NA,NA,NA,2021-06-23,0,1,standing_only,UFCI2101,NA
3,2021-06-23T00:00:00Z,1.155,NA,NA,NA,NA,NA,NA,NA,NA,NA,NA,NA,NA,NA,2021-06-23,0,1,standing_only,UFCI2101,NA
3,2021-06-23T00:00:00Z,1.384,NA,NA,NA,NA,NA,NA,NA,NA,NA,NA,NA,NA,NA,2021-06-23,0,1,standing_only,UFCI2101,NA
3,2021-06-23T00:00:00Z,1.504,NA,NA,NA,NA,NA,NA,NA,NA,NA,NA,NA,NA,NA,2021-06-23,0,1,standing_only,UFCI2101,NA
3,2021-06-23T00:00:00Z,1.085,NA,NA,NA,NA,NA,NA,NA,NA,NA,NA,NA,NA,NA,2021-06-23,0,1,standing_only,UFCI2101,NA
3,2021-07-01T00:00:00Z,NA,NA,1028,741.7,84,1854,NA,NA,NA,NA,NA,NA,325,NA,2021-07-01,5,0,harvest_only,UFCI2101,NA
3,2021-07-01T00:00:00Z,NA,NA,610.2,452.8,69,1132,NA,NA,NA,NA,NA,NA,125,NA,2021-07-01,5,0,harvest_only,UFCI2101,NA
3,2021-07-01T00:00:00Z,NA,NA,1112,816.4,112,2041,NA,NA,NA,NA,NA,NA,197,NA,2021-07-01,5,0,harvest_only,UFCI2101,NA
3,2021-07-08T00:00:00Z,1.371,NA,NA,NA,NA,NA,NA,NA,NA,NA,NA,NA,NA,NA,2021-07-08,0,1,standing_only,UFCI2101,NA
3,2021-07-08T00:00:00Z,1.479,NA,NA,NA,NA,NA,NA,NA,NA,NA,NA,NA,NA,NA,2021-07-08,0,1,standing_only,UFCI2101,NA
3,2021-07-08T00:00:00Z,1.263,NA,NA,NA,NA,NA,NA,NA,NA,NA,NA,NA,NA,NA,2021-07-08,0,1,standing_only,UFCI2101,NA
3,2021-07-08T00:00:00Z,1.25,NA,NA,NA,NA,NA,NA,NA,NA,NA,NA,NA,NA,NA,2021-07-08,0,1,standing_only,UFCI2101,NA
3,2021-07-08T00:00:00Z,1.231,NA,NA,NA,NA,NA,NA,NA,NA,NA,NA,NA,NA,NA,2021-07-08,0,1,standing_only,UFCI2101,NA
3,2021-07-08T00:00:00Z,1.6,NA,NA,NA,NA,NA,NA,NA,NA,NA,NA,NA,NA,NA,2021-07-08,0,1,standing_only,UFCI2101,NA
3,2021-07-08T00:00:00Z,0.889,NA,NA,NA,NA,NA,NA,NA,NA,NA,NA,NA,NA,NA,2021-07-08,0,1,standing_only,UFCI2101,NA
3,2021-07-08T00:00:00Z,0.755,NA,NA,NA,NA,NA,NA,NA,NA,NA,NA,NA,NA,NA,2021-07-08,0,1,standing_only,UFCI2101,NA
3,2021-07-08T00:00:00Z,1.46,NA,NA,NA,NA,NA,NA,NA,NA,NA,NA,NA,NA,NA,2021-07-08,0,1,standing_only,UFCI2101,NA
3,2021-07-08T00:00:00Z,1.441,NA,NA,NA,NA,NA,NA,NA,NA,NA,NA,NA,NA,NA,2021-07-08,0,1,standing_only,UFCI2101,NA
3,2021-07-19T00:00:00Z,NA,NA,NA,NA,NA,NA,15,NA,NA,NA,NA,NA,NA,NA,2021-07-19,0,1,standing_only,UFCI2101,NA
3,2021-07-22T00:00:00Z,1.581,NA,NA,NA,NA,NA,NA,NA,NA,NA,NA,NA,NA,NA,2021-07-22,0,1,standing_only,UFCI2101,NA
3,2021-07-22T00:00:00Z,1.371,NA,NA,NA,NA,NA,NA,NA,NA,NA,NA,NA,NA,NA,2021-07-22,0,1,standing_only,UFCI2101,NA
3,2021-07-22T00:00:00Z,1.136,NA,NA,NA,NA,NA,NA,NA,NA,NA,NA,NA,NA,NA,2021-07-22,0,1,standing_only,UFCI2101,NA
3,2021-07-22T00:00:00Z,1.339,NA,NA,NA,NA,NA,NA,NA,NA,NA,NA,NA,NA,NA,2021-07-22,0,1,standing_only,UFCI2101,NA
3,2021-07-22T00:00:00Z,1.435,NA,NA,NA,NA,NA,NA,NA,NA,NA,NA,NA,NA,NA,2021-07-22,0,1,standing_only,UFCI2101,NA
3,2021-07-22T00:00:00Z,1.117,NA,NA,NA,NA,NA,NA,NA,NA,NA,NA,NA,NA,NA,2021-07-22,0,1,standing_only,UFCI2101,NA
3,2021-07-22T00:00:00Z,1.276,NA,NA,NA,NA,NA,NA,NA,NA,NA,NA,NA,NA,NA,2021-07-22,0,1,standing_only,UFCI2101,NA
3,2021-07-22T00:00:00Z,1.492,NA,NA,NA,NA,NA,NA,NA,NA,NA,NA,NA,NA,NA,2021-07-22,0,1,standing_only,UFCI2101,NA
3,2021-07-22T00:00:00Z,1.333,NA,NA,NA,NA,NA,NA,NA,NA,NA,NA,NA,NA,NA,2021-07-22,0,1,standing_only,UFCI2101,NA
3,2021-07-22T00:00:00Z,1.365,NA,NA,NA,NA,NA,NA,NA,NA,NA,NA,NA,NA,NA,2021-07-22,0,1,standing_only,UFCI2101,NA
3,2021-08-04T00:00:00Z,1.619,NA,NA,NA,NA,NA,NA,NA,NA,NA,NA,NA,NA,NA,2021-08-04,0,1,standing_only,UFCI2101,NA
3,2021-08-04T00:00:00Z,1.949,NA,NA,NA,NA,NA,NA,NA,NA,NA,NA,NA,NA,NA,2021-08-04,0,1,standing_only,UFCI2101,NA
3,2021-08-04T00:00:00Z,1.619,NA,NA,NA,NA,NA,NA,NA,NA,NA,NA,NA,NA,NA,2021-08-04,0,1,standing_only,UFCI2101,NA
3,2021-08-04T00:00:00Z,1.238,NA,NA,NA,NA,NA,NA,NA,NA,NA,NA,NA,NA,NA,2021-08-04,0,1,standing_only,UFCI2101,NA
3,2021-08-04T00:00:00Z,1.149,NA,NA,NA,NA,NA,NA,NA,NA,NA,NA,NA,NA,NA,2021-08-04,0,1,standing_only,UFCI2101,NA
3,2021-08-04T00:00:00Z,1.308,NA,NA,NA,NA,NA,NA,NA,NA,NA,NA,NA,NA,NA,2021-08-04,0,1,standing_only,UFCI2101,NA
3,2021-08-04T00:00:00Z,1.492,NA,NA,NA,NA,NA,NA,NA,NA,NA,NA,NA,NA,NA,2021-08-04,0,1,standing_only,UFCI2101,NA
3,2021-08-04T00:00:00Z,1.384,NA,NA,NA,NA,NA,NA,NA,NA,NA,NA,NA,NA,NA,2021-08-04,0,1,standing_only,UFCI2101,NA
3,2021-08-04T00:00:00Z,1.079,NA,NA,NA,NA,NA,NA,NA,NA,NA,NA,NA,NA,NA,2021-08-04,0,1,standing_only,UFCI2101,NA
3,2021-08-04T00:00:00Z,0.901,NA,NA,NA,NA,NA,NA,NA,NA,NA,NA,NA,NA,NA,2021-08-04,0,1,standing_only,UFCI2101,NA
3,2021-08-04T00:00:00Z,NA,NA,1799,865,480,3144,NA,NA,NA,NA,NA,NA,480,NA,2021-08-04,5,0,harvest_only,UFCI2101,NA
3,2021-08-04T00:00:00Z,NA,NA,1907,925,1404,4236,NA,NA,NA,NA,NA,NA,516,NA,2021-08-04,5,0,harvest_only,UFCI2101,NA
3,2021-08-04T00:00:00Z,NA,NA,1342,758,1032,3132,NA,NA,NA,NA,NA,NA,384,NA,2021-08-04,5,0,harvest_only,UFCI2101,NA
3,2021-08-04T00:00:00Z,NA,NA,1134,702,708,2544,NA,NA,NA,NA,NA,NA,336,NA,2021-08-04,5,0,harvest_only,UFCI2101,NA
1,2022-05-17T00:00:00Z,0.036,NA,NA,NA,NA,NA,NA,NA,NA,NA,NA,NA,NA,NA,2022-05-17,0,1,standing_only,UFCI2201,NA
1,2022-05-17T00:00:00Z,0.051,NA,NA,NA,NA,NA,NA,NA,NA,NA,NA,NA,NA,NA,2022-05-17,0,1,standing_only,UFCI2201,NA
1,2022-05-17T00:00:00Z,0.068,NA,NA,NA,NA,NA,NA,NA,NA,NA,NA,NA,NA,NA,2022-05-17,0,1,standing_only,UFCI2201,NA
1,2022-05-24T00:00:00Z,0.06,NA,NA,NA,NA,NA,NA,NA,NA,NA,NA,NA,NA,NA,2022-05-24,0,1,standing_only,UFCI2201,NA
1,2022-05-24T00:00:00Z,0.05,NA,NA,NA,NA,NA,NA,NA,NA,NA,NA,NA,NA,NA,2022-05-24,0,1,standing_only,UFCI2201,NA
1,2022-05-24T00:00:00Z,0.05,NA,NA,NA,NA,NA,NA,NA,NA,NA,NA,NA,NA,NA,2022-05-24,0,1,standing_only,UFCI2201,NA
1,2022-05-24T00:00:00Z,0.06,NA,NA,NA,NA,NA,NA,NA,NA,NA,NA,NA,NA,NA,2022-05-24,0,1,standing_only,UFCI2201,NA
1,2022-05-24T00:00:00Z,0.06,NA,NA,NA,NA,NA,NA,NA,NA,NA,NA,NA,NA,NA,2022-05-24,0,1,standing_only,UFCI2201,NA
1,2022-05-24T00:00:00Z,0.03,NA,NA,NA,NA,NA,NA,NA,NA,NA,NA,NA,NA,NA,2022-05-24,0,1,standing_only,UFCI2201,NA
1,2022-05-24T00:00:00Z,0.05,NA,NA,NA,NA,NA,NA,NA,NA,NA,NA,NA,NA,NA,2022-05-24,0,1,standing_only,UFCI2201,NA
1,2022-05-24T00:00:00Z,0.06,NA,NA,NA,NA,NA,NA,NA,NA,NA,NA,NA,NA,NA,2022-05-24,0,1,standing_only,UFCI2201,NA
1,2022-05-24T00:00:00Z,0.05,NA,NA,NA,NA,NA,NA,NA,NA,NA,NA,NA,NA,NA,2022-05-24,0,1,standing_only,UFCI2201,NA
1,2022-05-24T00:00:00Z,0.04,NA,NA,NA,NA,NA,NA,NA,NA,NA,NA,NA,NA,NA,2022-05-24,0,1,standing_only,UFCI2201,NA
1,2022-05-24T00:00:00Z,0.04,NA,NA,NA,NA,NA,NA,NA,NA,NA,NA,NA,NA,NA,2022-05-24,0,1,standing_only,UFCI2201,NA
1,2022-05-24T00:00:00Z,0.06,NA,NA,NA,NA,NA,NA,NA,NA,NA,NA,NA,NA,NA,2022-05-24,0,1,standing_only,UFCI2201,NA
1,2022-05-24T00:00:00Z,0.07,NA,NA,NA,NA,NA,NA,NA,NA,NA,NA,NA,NA,NA,2022-05-24,0,1,standing_only,UFCI2201,NA
1,2022-05-24T00:00:00Z,0.05,NA,NA,NA,NA,NA,NA,NA,NA,NA,NA,NA,NA,NA,2022-05-24,0,1,standing_only,UFCI2201,NA
1,2022-05-24T00:00:00Z,0.06,NA,NA,NA,NA,NA,NA,NA,NA,NA,NA,NA,NA,NA,2022-05-24,0,1,standing_only,UFCI2201,NA
1,2022-05-24T00:00:00Z,0.06,NA,NA,NA,NA,NA,NA,NA,NA,NA,NA,NA,NA,NA,2022-05-24,0,1,standing_only,UFCI2201,NA
1,2022-05-24T00:00:00Z,0.04,NA,NA,NA,NA,NA,NA,NA,NA,NA,NA,NA,NA,NA,2022-05-24,0,1,standing_only,UFCI2201,NA
1,2022-05-24T00:00:00Z,0.03,NA,NA,NA,NA,NA,NA,NA,NA,NA,NA,NA,NA,NA,2022-05-24,0,1,standing_only,UFCI2201,NA
1,2022-05-24T00:00:00Z,0.05,NA,NA,NA,NA,NA,NA,NA,NA,NA,NA,NA,NA,NA,2022-05-24,0,1,standing_only,UFCI2201,NA
1,2022-05-24T00:00:00Z,0.05,NA,NA,NA,NA,NA,NA,NA,NA,NA,NA,NA,NA,NA,2022-05-24,0,1,standing_only,UFCI2201,NA
1,2022-05-24T00:00:00Z,0.04,NA,NA,NA,NA,NA,NA,NA,NA,NA,NA,NA,NA,NA,2022-05-24,0,1,standing_only,UFCI2201,NA
1,2022-05-24T00:00:00Z,0.03,NA,NA,NA,NA,NA,NA,NA,NA,NA,NA,NA,NA,NA,2022-05-24,0,1,standing_only,UFCI2201,NA
1,2022-05-24T00:00:00Z,0.03,NA,NA,NA,NA,NA,NA,NA,NA,NA,NA,NA,NA,NA,2022-05-24,0,1,standing_only,UFCI2201,NA
1,2022-05-24T00:00:00Z,0.03,NA,NA,NA,NA,NA,NA,NA,NA,NA,NA,NA,NA,NA,2022-05-24,0,1,standing_only,UFCI2201,NA
1,2022-05-24T00:00:00Z,0.04,NA,NA,NA,NA,NA,NA,NA,NA,NA,NA,NA,NA,NA,2022-05-24,0,1,standing_only,UFCI2201,NA
1,2022-05-24T00:00:00Z,0.05,NA,NA,NA,NA,NA,NA,NA,NA,NA,NA,NA,NA,NA,2022-05-24,0,1,standing_only,UFCI2201,NA
1,2022-05-24T00:00:00Z,0.06,NA,NA,NA,NA,NA,NA,NA,NA,NA,NA,NA,NA,NA,2022-05-24,0,1,standing_only,UFCI2201,NA
1,2022-05-24T00:00:00Z,0.04,NA,NA,NA,NA,NA,NA,NA,NA,NA,NA,NA,NA,NA,2022-05-24,0,1,standing_only,UFCI2201,NA
1,2022-05-24T00:00:00Z,0.04,NA,NA,NA,NA,NA,NA,NA,NA,NA,NA,NA,NA,NA,2022-05-24,0,1,standing_only,UFCI2201,NA
1,2022-05-24T00:00:00Z,0.05,NA,NA,NA,NA,NA,NA,NA,NA,NA,NA,NA,NA,NA,2022-05-24,0,1,standing_only,UFCI2201,NA
1,2022-05-24T00:00:00Z,0.05,NA,NA,NA,NA,NA,NA,NA,NA,NA,NA,NA,NA,NA,2022-05-24,0,1,standing_only,UFCI2201,NA
1,2022-05-24T00:00:00Z,0.06,NA,NA,NA,NA,NA,NA,NA,NA,NA,NA,NA,NA,NA,2022-05-24,0,1,standing_only,UFCI2201,NA
1,2022-05-24T00:00:00Z,0.05,NA,NA,NA,NA,NA,NA,NA,NA,NA,NA,NA,NA,NA,2022-05-24,0,1,standing_only,UFCI2201,NA
1,2022-05-24T00:00:00Z,0.06,NA,NA,NA,NA,NA,NA,NA,NA,NA,NA,NA,NA,NA,2022-05-24,0,1,standing_only,UFCI2201,NA
1,2022-05-24T00:00:00Z,0.05,NA,NA,NA,NA,NA,NA,NA,NA,NA,NA,NA,NA,NA,2022-05-24,0,1,standing_only,UFCI2201,NA
1,2022-05-24T00:00:00Z,0.04,NA,NA,NA,NA,NA,NA,NA,NA,NA,NA,NA,NA,NA,2022-05-24,0,1,standing_only,UFCI2201,NA
1,2022-05-24T00:00:00Z,0.04,NA,NA,NA,NA,NA,NA,NA,NA,NA,NA,NA,NA,NA,2022-05-24,0,1,standing_only,UFCI2201,NA
1,2022-05-24T00:00:00Z,0.07,NA,NA,NA,NA,NA,NA,NA,NA,NA,NA,NA,NA,NA,2022-05-24,0,1,standing_only,UFCI2201,NA
1,2022-05-24T00:00:00Z,0.05,NA,NA,NA,NA,NA,NA,NA,NA,NA,NA,NA,NA,NA,2022-05-24,0,1,standing_only,UFCI2201,NA
1,2022-05-24T00:00:00Z,0.04,NA,NA,NA,NA,NA,NA,NA,NA,NA,NA,NA,NA,NA,2022-05-24,0,1,standing_only,UFCI2201,NA
1,2022-06-02T00:00:00Z,0.17,0.075,16,34,NA,50,6,NA,NA,NA,NA,NA,NA,NA,2022-06-02,3,3,mixed_harvest,UFCI2201,NA
1,2022-06-02T00:00:00Z,0.18,0.1,16,32,NA,48,6,NA,NA,NA,NA,NA,NA,NA,2022-06-02,3,3,mixed_harvest,UFCI2201,NA
1,2022-06-02T00:00:00Z,0.15,0.15,18,18,NA,36,6,NA,NA,NA,NA,NA,NA,NA,2022-06-02,3,3,mixed_harvest,UFCI2201,NA
1,2022-06-02T00:00:00Z,0.16,0.16,10,24,NA,34,6,NA,NA,NA,NA,NA,NA,NA,2022-06-02,3,3,mixed_harvest,UFCI2201,NA
1,2022-06-02T00:00:00Z,0.11,0.11,6,10,NA,16,6,NA,NA,NA,NA,NA,NA,NA,2022-06-02,3,3,mixed_harvest,UFCI2201,NA
1,2022-06-02T00:00:00Z,0.145,0.145,18,30,NA,48,8,NA,NA,NA,NA,NA,NA,NA,2022-06-02,3,3,mixed_harvest,UFCI2201,NA
1,2022-06-02T00:00:00Z,0.105,0.105,14,26,NA,40,8,NA,NA,NA,NA,NA,NA,NA,2022-06-02,3,3,mixed_harvest,UFCI2201,NA
1,2022-06-07T00:00:00Z,0.23,NA,NA,NA,NA,NA,NA,NA,NA,NA,NA,NA,NA,NA,2022-06-07,0,1,standing_only,UFCI2201,NA
1,2022-06-07T00:00:00Z,0.22,NA,NA,NA,NA,NA,NA,NA,NA,NA,NA,NA,NA,NA,2022-06-07,0,1,standing_only,UFCI2201,NA
1,2022-06-07T00:00:00Z,0.11,NA,NA,NA,NA,NA,NA,NA,NA,NA,NA,NA,NA,NA,2022-06-07,0,1,standing_only,UFCI2201,NA
1,2022-06-07T00:00:00Z,0.17,NA,NA,NA,NA,NA,NA,NA,NA,NA,NA,NA,NA,NA,2022-06-07,0,1,standing_only,UFCI2201,NA
1,2022-06-07T00:00:00Z,0.17,NA,NA,NA,NA,NA,NA,NA,NA,NA,NA,NA,NA,NA,2022-06-07,0,1,standing_only,UFCI2201,NA
1,2022-06-07T00:00:00Z,0.15,NA,NA,NA,NA,NA,NA,NA,NA,NA,NA,NA,NA,NA,2022-06-07,0,1,standing_only,UFCI2201,NA
1,2022-06-07T00:00:00Z,0.14,NA,NA,NA,NA,NA,NA,NA,NA,NA,NA,NA,NA,NA,2022-06-07,0,1,standing_only,UFCI2201,NA
1,2022-06-07T00:00:00Z,0.18,NA,NA,NA,NA,NA,NA,NA,NA,NA,NA,NA,NA,NA,2022-06-07,0,1,standing_only,UFCI2201,NA
1,2022-06-07T00:00:00Z,0.2,NA,NA,NA,NA,NA,NA,NA,NA,NA,NA,NA,NA,NA,2022-06-07,0,1,standing_only,UFCI2201,NA
1,2022-06-07T00:00:00Z,0.12,NA,NA,NA,NA,NA,NA,NA,NA,NA,NA,NA,NA,NA,2022-06-07,0,1,standing_only,UFCI2201,NA
1,2022-06-07T00:00:00Z,0.48,NA,NA,NA,NA,NA,NA,NA,NA,NA,NA,NA,NA,NA,2022-06-07,0,1,standing_only,UFCI2201,NA
1,2022-06-07T00:00:00Z,0.34,NA,NA,NA,NA,NA,NA,NA,NA,NA,NA,NA,NA,NA,2022-06-07,0,1,standing_only,UFCI2201,NA
1,2022-06-07T00:00:00Z,0.14,NA,NA,NA,NA,NA,NA,NA,NA,NA,NA,NA,NA,NA,2022-06-07,0,1,standing_only,UFCI2201,NA
1,2022-06-07T00:00:00Z,0.2,NA,NA,NA,NA,NA,NA,NA,NA,NA,NA,NA,NA,NA,2022-06-07,0,1,standing_only,UFCI2201,NA
1,2022-06-07T00:00:00Z,0.19,NA,NA,NA,NA,NA,NA,NA,NA,NA,NA,NA,NA,NA,2022-06-07,0,1,standing_only,UFCI2201,NA
1,2022-06-07T00:00:00Z,0.17,NA,NA,NA,NA,NA,NA,NA,NA,NA,NA,NA,NA,NA,2022-06-07,0,1,standing_only,UFCI2201,NA
1,2022-06-07T00:00:00Z,0.23,NA,NA,NA,NA,NA,NA,NA,NA,NA,NA,NA,NA,NA,2022-06-07,0,1,standing_only,UFCI2201,NA
1,2022-06-07T00:00:00Z,0.13,NA,NA,NA,NA,NA,NA,NA,NA,NA,NA,NA,NA,NA,2022-06-07,0,1,standing_only,UFCI2201,NA
1,2022-06-07T00:00:00Z,0.31,NA,NA,NA,NA,NA,NA,NA,NA,NA,NA,NA,NA,NA,2022-06-07,0,1,standing_only,UFCI2201,NA
1,2022-06-07T00:00:00Z,0.32,NA,NA,NA,NA,NA,NA,NA,NA,NA,NA,NA,NA,NA,2022-06-07,0,1,standing_only,UFCI2201,NA
1,2022-06-07T00:00:00Z,0.29,NA,NA,NA,NA,NA,NA,NA,NA,NA,NA,NA,NA,NA,2022-06-07,0,1,standing_only,UFCI2201,NA
1,2022-06-07T00:00:00Z,0.31,NA,NA,NA,NA,NA,NA,NA,NA,NA,NA,NA,NA,NA,2022-06-07,0,1,standing_only,UFCI2201,NA
1,2022-06-07T00:00:00Z,0.13,NA,NA,NA,NA,NA,NA,NA,NA,NA,NA,NA,NA,NA,2022-06-07,0,1,standing_only,UFCI2201,NA
1,2022-06-07T00:00:00Z,0.09,NA,NA,NA,NA,NA,NA,NA,NA,NA,NA,NA,NA,NA,2022-06-07,0,1,standing_only,UFCI2201,NA
1,2022-06-07T00:00:00Z,0.15,NA,NA,NA,NA,NA,NA,NA,NA,NA,NA,NA,NA,NA,2022-06-07,0,1,standing_only,UFCI2201,NA
1,2022-06-07T00:00:00Z,0.23,NA,NA,NA,NA,NA,NA,NA,NA,NA,NA,NA,NA,NA,2022-06-07,0,1,standing_only,UFCI2201,NA
1,2022-06-07T00:00:00Z,0.28,NA,NA,NA,NA,NA,NA,NA,NA,NA,NA,NA,NA,NA,2022-06-07,0,1,standing_only,UFCI2201,NA
1,2022-06-07T00:00:00Z,0.25,NA,NA,NA,NA,NA,NA,NA,NA,NA,NA,NA,NA,NA,2022-06-07,0,1,standing_only,UFCI2201,NA
1,2022-06-07T00:00:00Z,0.18,NA,NA,NA,NA,NA,NA,NA,NA,NA,NA,NA,NA,NA,2022-06-07,0,1,standing_only,UFCI2201,NA
1,2022-06-07T00:00:00Z,0.21,NA,NA,NA,NA,NA,NA,NA,NA,NA,NA,NA,NA,NA,2022-06-07,0,1,standing_only,UFCI2201,NA
1,2022-06-07T00:00:00Z,0.3,NA,NA,NA,NA,NA,NA,NA,NA,NA,NA,NA,NA,NA,2022-06-07,0,1,standing_only,UFCI2201,NA
1,2022-06-07T00:00:00Z,0.26,NA,NA,NA,NA,NA,NA,NA,NA,NA,NA,NA,NA,NA,2022-06-07,0,1,standing_only,UFCI2201,NA
1,2022-06-07T00:00:00Z,0.32,NA,NA,NA,NA,NA,NA,NA,NA,NA,NA,NA,NA,NA,2022-06-07,0,1,standing_only,UFCI2201,NA
1,2022-06-07T00:00:00Z,0.1,NA,NA,NA,NA,NA,NA,NA,NA,NA,NA,NA,NA,NA,2022-06-07,0,1,standing_only,UFCI2201,NA
1,2022-06-07T00:00:00Z,0.12,NA,NA,NA,NA,NA,NA,NA,NA,NA,NA,NA,NA,NA,2022-06-07,0,1,standing_only,UFCI2201,NA
1,2022-06-07T00:00:00Z,0.22,NA,NA,NA,NA,NA,NA,NA,NA,NA,NA,NA,NA,NA,2022-06-07,0,1,standing_only,UFCI2201,NA
1,2022-06-07T00:00:00Z,0.14,NA,NA,NA,NA,NA,NA,NA,NA,NA,NA,NA,NA,NA,2022-06-07,0,1,standing_only,UFCI2201,NA
1,2022-06-07T00:00:00Z,0.14,NA,NA,NA,NA,NA,NA,NA,NA,NA,NA,NA,NA,NA,2022-06-07,0,1,standing_only,UFCI2201,NA
1,2022-06-07T00:00:00Z,0.19,NA,NA,NA,NA,NA,NA,NA,NA,NA,NA,NA,NA,NA,2022-06-07,0,1,standing_only,UFCI2201,NA
1,2022-06-07T00:00:00Z,0.17,NA,NA,NA,NA,NA,NA,NA,NA,NA,NA,NA,NA,NA,2022-06-07,0,1,standing_only,UFCI2201,NA
1,2022-06-21T00:00:00Z,0.23,NA,NA,NA,NA,NA,NA,NA,NA,NA,NA,NA,NA,NA,2022-06-21,0,1,standing_only,UFCI2201,NA
1,2022-06-21T00:00:00Z,0.3,NA,NA,NA,NA,NA,NA,NA,NA,NA,NA,NA,NA,NA,2022-06-21,0,1,standing_only,UFCI2201,NA
1,2022-06-21T00:00:00Z,0.37,NA,NA,NA,NA,NA,NA,NA,NA,NA,NA,NA,NA,NA,2022-06-21,0,1,standing_only,UFCI2201,NA
1,2022-06-21T00:00:00Z,0.6,NA,NA,NA,NA,NA,NA,NA,NA,NA,NA,NA,NA,NA,2022-06-21,0,1,standing_only,UFCI2201,NA
1,2022-06-21T00:00:00Z,0.38,NA,NA,NA,NA,NA,NA,NA,NA,NA,NA,NA,NA,NA,2022-06-21,0,1,standing_only,UFCI2201,NA
1,2022-06-21T00:00:00Z,0.53,NA,NA,NA,NA,NA,NA,NA,NA,NA,NA,NA,NA,NA,2022-06-21,0,1,standing_only,UFCI2201,NA
1,2022-06-21T00:00:00Z,0.58,NA,NA,NA,NA,NA,NA,NA,NA,NA,NA,NA,NA,NA,2022-06-21,0,1,standing_only,UFCI2201,NA
1,2022-06-21T00:00:00Z,0.6,NA,NA,NA,NA,NA,NA,NA,NA,NA,NA,NA,NA,NA,2022-06-21,0,1,standing_only,UFCI2201,NA
1,2022-06-21T00:00:00Z,0.46,NA,NA,NA,NA,NA,NA,NA,NA,NA,NA,NA,NA,NA,2022-06-21,0,1,standing_only,UFCI2201,NA
1,2022-06-21T00:00:00Z,0.5,NA,NA,NA,NA,NA,NA,NA,NA,NA,NA,NA,NA,NA,2022-06-21,0,1,standing_only,UFCI2201,NA
1,2022-06-21T00:00:00Z,0.69,NA,NA,NA,NA,NA,NA,NA,NA,NA,NA,NA,NA,NA,2022-06-21,0,1,standing_only,UFCI2201,NA
1,2022-06-21T00:00:00Z,0.45,NA,NA,NA,NA,NA,NA,NA,NA,NA,NA,NA,NA,NA,2022-06-21,0,1,standing_only,UFCI2201,NA
1,2022-06-21T00:00:00Z,0.7,NA,NA,NA,NA,NA,NA,NA,NA,NA,NA,NA,NA,NA,2022-06-21,0,1,standing_only,UFCI2201,NA
1,2022-06-21T00:00:00Z,0.79,NA,NA,NA,NA,NA,NA,NA,NA,NA,NA,NA,NA,NA,2022-06-21,0,1,standing_only,UFCI2201,NA
1,2022-06-21T00:00:00Z,0.47,NA,NA,NA,NA,NA,NA,NA,NA,NA,NA,NA,NA,NA,2022-06-21,0,1,standing_only,UFCI2201,NA
1,2022-06-21T00:00:00Z,0.75,NA,NA,NA,NA,NA,NA,NA,NA,NA,NA,NA,NA,NA,2022-06-21,0,1,standing_only,UFCI2201,NA
1,2022-06-21T00:00:00Z,0.62,NA,NA,NA,NA,NA,NA,NA,NA,NA,NA,NA,NA,NA,2022-06-21,0,1,standing_only,UFCI2201,NA
1,2022-06-21T00:00:00Z,0.39,NA,NA,NA,NA,NA,NA,NA,NA,NA,NA,NA,NA,NA,2022-06-21,0,1,standing_only,UFCI2201,NA
1,2022-06-21T00:00:00Z,0.44,NA,NA,NA,NA,NA,NA,NA,NA,NA,NA,NA,NA,NA,2022-06-21,0,1,standing_only,UFCI2201,NA
1,2022-06-21T00:00:00Z,0.5,NA,NA,NA,NA,NA,NA,NA,NA,NA,NA,NA,NA,NA,2022-06-21,0,1,standing_only,UFCI2201,NA
1,2022-06-21T00:00:00Z,0.56,NA,NA,NA,NA,NA,NA,NA,NA,NA,NA,NA,NA,NA,2022-06-21,0,1,standing_only,UFCI2201,NA
1,2022-06-21T00:00:00Z,0.53,NA,NA,NA,NA,NA,NA,NA,NA,NA,NA,NA,NA,NA,2022-06-21,0,1,standing_only,UFCI2201,NA
1,2022-06-21T00:00:00Z,0.67,NA,NA,NA,NA,NA,NA,NA,NA,NA,NA,NA,NA,NA,2022-06-21,0,1,standing_only,UFCI2201,NA
1,2022-06-21T00:00:00Z,0.34,NA,NA,NA,NA,NA,NA,NA,NA,NA,NA,NA,NA,NA,2022-06-21,0,1,standing_only,UFCI2201,NA
1,2022-06-21T00:00:00Z,0.43,NA,NA,NA,NA,NA,NA,NA,NA,NA,NA,NA,NA,NA,2022-06-21,0,1,standing_only,UFCI2201,NA
1,2022-06-21T00:00:00Z,0.59,NA,NA,NA,NA,NA,NA,NA,NA,NA,NA,NA,NA,NA,2022-06-21,0,1,standing_only,UFCI2201,NA
1,2022-06-21T00:00:00Z,0.59,NA,NA,NA,NA,NA,NA,NA,NA,NA,NA,NA,NA,NA,2022-06-21,0,1,standing_only,UFCI2201,NA
1,2022-06-21T00:00:00Z,0.53,NA,NA,NA,NA,NA,NA,NA,NA,NA,NA,NA,NA,NA,2022-06-21,0,1,standing_only,UFCI2201,NA
1,2022-06-21T00:00:00Z,0.42,NA,NA,NA,NA,NA,NA,NA,NA,NA,NA,NA,NA,NA,2022-06-21,0,1,standing_only,UFCI2201,NA
1,2022-06-21T00:00:00Z,0.6,NA,NA,NA,NA,NA,NA,NA,NA,NA,NA,NA,NA,NA,2022-06-21,0,1,standing_only,UFCI2201,NA
1,2022-06-21T00:00:00Z,0.61,NA,NA,NA,NA,NA,NA,NA,NA,NA,NA,NA,NA,NA,2022-06-21,0,1,standing_only,UFCI2201,NA
1,2022-06-21T00:00:00Z,0.64,NA,NA,NA,NA,NA,NA,NA,NA,NA,NA,NA,NA,NA,2022-06-21,0,1,standing_only,UFCI2201,NA
1,2022-06-21T00:00:00Z,0.53,NA,NA,NA,NA,NA,NA,NA,NA,NA,NA,NA,NA,NA,2022-06-21,0,1,standing_only,UFCI2201,NA
1,2022-06-21T00:00:00Z,0.64,NA,NA,NA,NA,NA,NA,NA,NA,NA,NA,NA,NA,NA,2022-06-21,0,1,standing_only,UFCI2201,NA
1,2022-06-21T00:00:00Z,0.59,NA,NA,NA,NA,NA,NA,NA,NA,NA,NA,NA,NA,NA,2022-06-21,0,1,standing_only,UFCI2201,NA
1,2022-06-21T00:00:00Z,0.46,NA,NA,NA,NA,NA,NA,NA,NA,NA,NA,NA,NA,NA,2022-06-21,0,1,standing_only,UFCI2201,NA
1,2022-06-21T00:00:00Z,0.43,NA,NA,NA,NA,NA,NA,NA,NA,NA,NA,NA,NA,NA,2022-06-21,0,1,standing_only,UFCI2201,NA
1,2022-06-21T00:00:00Z,0.5,NA,NA,NA,NA,NA,NA,NA,NA,NA,NA,NA,NA,NA,2022-06-21,0,1,standing_only,UFCI2201,NA
1,2022-06-21T00:00:00Z,0.54,NA,NA,NA,NA,NA,NA,NA,NA,NA,NA,NA,NA,NA,2022-06-21,0,1,standing_only,UFCI2201,NA
1,2022-06-21T00:00:00Z,0.6,NA,NA,NA,NA,NA,NA,NA,NA,NA,NA,NA,NA,NA,2022-06-21,0,1,standing_only,UFCI2201,NA
1,2022-06-21T00:00:00Z,NA,NA,NA,NA,NA,343.8,NA,NA,NA,NA,NA,NA,NA,NA,2022-06-21,1,0,harvest_only,UFCI2201,NA
1,2022-06-21T00:00:00Z,NA,NA,NA,NA,NA,765.5,NA,NA,NA,NA,NA,NA,NA,NA,2022-06-21,1,0,harvest_only,UFCI2201,NA
1,2022-06-21T00:00:00Z,NA,NA,NA,NA,NA,491.2,NA,NA,NA,NA,NA,NA,NA,NA,2022-06-21,1,0,harvest_only,UFCI2201,NA
1,2022-06-21T00:00:00Z,NA,NA,NA,NA,NA,382,NA,NA,NA,NA,NA,NA,NA,NA,2022-06-21,1,0,harvest_only,UFCI2201,NA
1,2022-06-21T00:00:00Z,0.27,0.14,56,102,NA,158,10,NA,NA,NA,NA,NA,NA,NA,2022-06-21,3,3,mixed_harvest,UFCI2201,NA
1,2022-06-21T00:00:00Z,0.33,0.15,98,106,NA,204,10,NA,NA,NA,NA,NA,NA,NA,2022-06-21,3,3,mixed_harvest,UFCI2201,NA
1,2022-06-21T00:00:00Z,0.25,0.14,68,114,NA,182,8,NA,NA,NA,NA,NA,NA,NA,2022-06-21,3,3,mixed_harvest,UFCI2201,NA
1,2022-06-21T00:00:00Z,0.31,0.16,116,132,NA,248,10,NA,NA,NA,NA,NA,NA,NA,2022-06-21,3,3,mixed_harvest,UFCI2201,NA
1,2022-06-21T00:00:00Z,0.31,0.155,116,122,NA,238,9,NA,NA,NA,NA,NA,NA,NA,2022-06-21,3,3,mixed_harvest,UFCI2201,NA
1,2022-06-21T00:00:00Z,0.31,0.17,104,134,NA,238,8,NA,NA,NA,NA,NA,NA,NA,2022-06-21,3,3,mixed_harvest,UFCI2201,NA
1,2022-07-05T00:00:00Z,0.76,NA,NA,NA,NA,NA,NA,NA,NA,NA,NA,NA,NA,NA,2022-07-05,0,1,standing_only,UFCI2201,NA
1,2022-07-05T00:00:00Z,0.7,NA,NA,NA,NA,NA,NA,NA,NA,NA,NA,NA,NA,NA,2022-07-05,0,1,standing_only,UFCI2201,NA
1,2022-07-05T00:00:00Z,0.45,NA,NA,NA,NA,NA,NA,NA,NA,NA,NA,NA,NA,NA,2022-07-05,0,1,standing_only,UFCI2201,NA
1,2022-07-05T00:00:00Z,0.87,NA,NA,NA,NA,NA,NA,NA,NA,NA,NA,NA,NA,NA,2022-07-05,0,1,standing_only,UFCI2201,NA
1,2022-07-05T00:00:00Z,0.65,NA,NA,NA,NA,NA,NA,NA,NA,NA,NA,NA,NA,NA,2022-07-05,0,1,standing_only,UFCI2201,NA
1,2022-07-05T00:00:00Z,0.73,NA,NA,NA,NA,NA,NA,NA,NA,NA,NA,NA,NA,NA,2022-07-05,0,1,standing_only,UFCI2201,NA
1,2022-07-05T00:00:00Z,0.46,NA,NA,NA,NA,NA,NA,NA,NA,NA,NA,NA,NA,NA,2022-07-05,0,1,standing_only,UFCI2201,NA
1,2022-07-05T00:00:00Z,0.5,NA,NA,NA,NA,NA,NA,NA,NA,NA,NA,NA,NA,NA,2022-07-05,0,1,standing_only,UFCI2201,NA
1,2022-07-05T00:00:00Z,0.37,NA,NA,NA,NA,NA,NA,NA,NA,NA,NA,NA,NA,NA,2022-07-05,0,1,standing_only,UFCI2201,NA
1,2022-07-05T00:00:00Z,0.55,NA,NA,NA,NA,NA,NA,NA,NA,NA,NA,NA,NA,NA,2022-07-05,0,1,standing_only,UFCI2201,NA
1,2022-07-05T00:00:00Z,0.85,NA,NA,NA,NA,NA,NA,NA,NA,NA,NA,NA,NA,NA,2022-07-05,0,1,standing_only,UFCI2201,NA
1,2022-07-05T00:00:00Z,0.7,NA,NA,NA,NA,NA,NA,NA,NA,NA,NA,NA,NA,NA,2022-07-05,0,1,standing_only,UFCI2201,NA
1,2022-07-05T00:00:00Z,0.78,NA,NA,NA,NA,NA,NA,NA,NA,NA,NA,NA,NA,NA,2022-07-05,0,1,standing_only,UFCI2201,NA
1,2022-07-05T00:00:00Z,0.76,NA,NA,NA,NA,NA,NA,NA,NA,NA,NA,NA,NA,NA,2022-07-05,0,1,standing_only,UFCI2201,NA
1,2022-07-05T00:00:00Z,0.73,NA,NA,NA,NA,NA,NA,NA,NA,NA,NA,NA,NA,NA,2022-07-05,0,1,standing_only,UFCI2201,NA
1,2022-07-05T00:00:00Z,1.09,NA,NA,NA,NA,NA,NA,NA,NA,NA,NA,NA,NA,NA,2022-07-05,0,1,standing_only,UFCI2201,NA
1,2022-07-05T00:00:00Z,0.91,NA,NA,NA,NA,NA,NA,NA,NA,NA,NA,NA,NA,NA,2022-07-05,0,1,standing_only,UFCI2201,NA
1,2022-07-05T00:00:00Z,1.07,NA,NA,NA,NA,NA,NA,NA,NA,NA,NA,NA,NA,NA,2022-07-05,0,1,standing_only,UFCI2201,NA
1,2022-07-05T00:00:00Z,0.98,NA,NA,NA,NA,NA,NA,NA,NA,NA,NA,NA,NA,NA,2022-07-05,0,1,standing_only,UFCI2201,NA
1,2022-07-05T00:00:00Z,0.81,NA,NA,NA,NA,NA,NA,NA,NA,NA,NA,NA,NA,NA,2022-07-05,0,1,standing_only,UFCI2201,NA
1,2022-07-05T00:00:00Z,0.93,NA,NA,NA,NA,NA,NA,NA,NA,NA,NA,NA,NA,NA,2022-07-05,0,1,standing_only,UFCI2201,NA
1,2022-07-05T00:00:00Z,0.94,NA,NA,NA,NA,NA,NA,NA,NA,NA,NA,NA,NA,NA,2022-07-05,0,1,standing_only,UFCI2201,NA
1,2022-07-05T00:00:00Z,0.71,NA,NA,NA,NA,NA,NA,NA,NA,NA,NA,NA,NA,NA,2022-07-05,0,1,standing_only,UFCI2201,NA
1,2022-07-05T00:00:00Z,0.69,NA,NA,NA,NA,NA,NA,NA,NA,NA,NA,NA,NA,NA,2022-07-05,0,1,standing_only,UFCI2201,NA
1,2022-07-05T00:00:00Z,0.75,NA,NA,NA,NA,NA,NA,NA,NA,NA,NA,NA,NA,NA,2022-07-05,0,1,standing_only,UFCI2201,NA
1,2022-07-05T00:00:00Z,0.82,NA,NA,NA,NA,NA,NA,NA,NA,NA,NA,NA,NA,NA,2022-07-05,0,1,standing_only,UFCI2201,NA
1,2022-07-05T00:00:00Z,0.56,NA,NA,NA,NA,NA,NA,NA,NA,NA,NA,NA,NA,NA,2022-07-05,0,1,standing_only,UFCI2201,NA
1,2022-07-05T00:00:00Z,0.87,NA,NA,NA,NA,NA,NA,NA,NA,NA,NA,NA,NA,NA,2022-07-05,0,1,standing_only,UFCI2201,NA
1,2022-07-05T00:00:00Z,0.55,NA,NA,NA,NA,NA,NA,NA,NA,NA,NA,NA,NA,NA,2022-07-05,0,1,standing_only,UFCI2201,NA
1,2022-07-05T00:00:00Z,0.85,NA,NA,NA,NA,NA,NA,NA,NA,NA,NA,NA,NA,NA,2022-07-05,0,1,standing_only,UFCI2201,NA
1,2022-07-05T00:00:00Z,0.71,NA,NA,NA,NA,NA,NA,NA,NA,NA,NA,NA,NA,NA,2022-07-05,0,1,standing_only,UFCI2201,NA
1,2022-07-05T00:00:00Z,1.01,NA,NA,NA,NA,NA,NA,NA,NA,NA,NA,NA,NA,NA,2022-07-05,0,1,standing_only,UFCI2201,NA
1,2022-07-05T00:00:00Z,0.48,NA,NA,NA,NA,NA,NA,NA,NA,NA,NA,NA,NA,NA,2022-07-05,0,1,standing_only,UFCI2201,NA
1,2022-07-05T00:00:00Z,0.74,NA,NA,NA,NA,NA,NA,NA,NA,NA,NA,NA,NA,NA,2022-07-05,0,1,standing_only,UFCI2201,NA
1,2022-07-05T00:00:00Z,0.83,NA,NA,NA,NA,NA,NA,NA,NA,NA,NA,NA,NA,NA,2022-07-05,0,1,standing_only,UFCI2201,NA
1,2022-07-05T00:00:00Z,0.72,NA,NA,NA,NA,NA,NA,NA,NA,NA,NA,NA,NA,NA,2022-07-05,0,1,standing_only,UFCI2201,NA
1,2022-07-05T00:00:00Z,0.54,NA,NA,NA,NA,NA,NA,NA,NA,NA,NA,NA,NA,NA,2022-07-05,0,1,standing_only,UFCI2201,NA
1,2022-07-05T00:00:00Z,1.08,NA,NA,NA,NA,NA,NA,NA,NA,NA,NA,NA,NA,NA,2022-07-05,0,1,standing_only,UFCI2201,NA
1,2022-07-05T00:00:00Z,0.94,NA,NA,NA,NA,NA,NA,NA,NA,NA,NA,NA,NA,NA,2022-07-05,0,1,standing_only,UFCI2201,NA
1,2022-07-05T00:00:00Z,1.05,NA,NA,NA,NA,NA,NA,NA,NA,NA,NA,NA,NA,NA,2022-07-05,0,1,standing_only,UFCI2201,NA
1,2022-07-08T00:00:00Z,NA,NA,NA,NA,NA,641.9,NA,NA,NA,NA,NA,NA,NA,NA,2022-07-08,1,0,harvest_only,UFCI2201,NA
1,2022-07-08T00:00:00Z,NA,NA,NA,NA,NA,1981,NA,NA,NA,NA,NA,NA,NA,NA,2022-07-08,1,0,harvest_only,UFCI2201,NA
1,2022-07-08T00:00:00Z,NA,NA,NA,NA,NA,655,NA,NA,NA,NA,NA,NA,NA,NA,2022-07-08,1,0,harvest_only,UFCI2201,NA
1,2022-07-08T00:00:00Z,NA,NA,NA,NA,NA,1091,NA,NA,NA,NA,NA,NA,NA,NA,2022-07-08,1,0,harvest_only,UFCI2201,NA
1,2022-07-12T00:00:00Z,0.74,0.26,810.9,529.5,NA,1340,15,NA,NA,NA,NA,NA,300,NA,2022-07-12,4,3,mixed_harvest,UFCI2201,NA
1,2022-07-12T00:00:00Z,0.84,0.2,693.6,723,NA,1416,12,NA,NA,NA,NA,NA,472,NA,2022-07-12,4,3,mixed_harvest,UFCI2201,NA
1,2022-07-12T00:00:00Z,0.82,0.17,1067,883.5,NA,1951,13,NA,NA,NA,NA,NA,558,NA,2022-07-12,4,3,mixed_harvest,UFCI2201,NA
1,2022-07-12T00:00:00Z,0.87,0.15,668.1,459,NA,1127,8,NA,NA,NA,NA,NA,246,NA,2022-07-12,4,3,mixed_harvest,UFCI2201,NA
1,2022-07-12T00:00:00Z,0.77,0.12,807.5,762,NA,1569,14,NA,NA,NA,NA,NA,254,NA,2022-07-12,4,3,mixed_harvest,UFCI2201,NA
1,2022-07-21T00:00:00Z,0.94,NA,NA,NA,NA,NA,NA,NA,NA,NA,NA,NA,NA,NA,2022-07-21,0,1,standing_only,UFCI2201,NA
1,2022-07-21T00:00:00Z,1.01,NA,NA,NA,NA,NA,NA,NA,NA,NA,NA,NA,NA,NA,2022-07-21,0,1,standing_only,UFCI2201,NA
1,2022-07-21T00:00:00Z,1,NA,NA,NA,NA,NA,NA,NA,NA,NA,NA,NA,NA,NA,2022-07-21,0,1,standing_only,UFCI2201,NA
1,2022-07-21T00:00:00Z,0.99,NA,NA,NA,NA,NA,NA,NA,NA,NA,NA,NA,NA,NA,2022-07-21,0,1,standing_only,UFCI2201,NA
1,2022-07-21T00:00:00Z,0.84,NA,NA,NA,NA,NA,NA,NA,NA,NA,NA,NA,NA,NA,2022-07-21,0,1,standing_only,UFCI2201,NA
1,2022-07-21T00:00:00Z,0.63,NA,NA,NA,NA,NA,NA,NA,NA,NA,NA,NA,NA,NA,2022-07-21,0,1,standing_only,UFCI2201,NA
1,2022-07-21T00:00:00Z,0.63,NA,NA,NA,NA,NA,NA,NA,NA,NA,NA,NA,NA,NA,2022-07-21,0,1,standing_only,UFCI2201,NA
1,2022-07-21T00:00:00Z,0.85,NA,NA,NA,NA,NA,NA,NA,NA,NA,NA,NA,NA,NA,2022-07-21,0,1,standing_only,UFCI2201,NA
1,2022-07-21T00:00:00Z,0.62,NA,NA,NA,NA,NA,NA,NA,NA,NA,NA,NA,NA,NA,2022-07-21,0,1,standing_only,UFCI2201,NA
1,2022-07-21T00:00:00Z,0.98,NA,NA,NA,NA,NA,NA,NA,NA,NA,NA,NA,NA,NA,2022-07-21,0,1,standing_only,UFCI2201,NA
1,2022-07-21T00:00:00Z,1,NA,NA,NA,NA,NA,NA,NA,NA,NA,NA,NA,NA,NA,2022-07-21,0,1,standing_only,UFCI2201,NA
1,2022-07-21T00:00:00Z,1.49,NA,NA,NA,NA,NA,NA,NA,NA,NA,NA,NA,NA,NA,2022-07-21,0,1,standing_only,UFCI2201,NA
1,2022-07-21T00:00:00Z,1.45,NA,NA,NA,NA,NA,NA,NA,NA,NA,NA,NA,NA,NA,2022-07-21,0,1,standing_only,UFCI2201,NA
1,2022-07-21T00:00:00Z,1.49,NA,NA,NA,NA,NA,NA,NA,NA,NA,NA,NA,NA,NA,2022-07-21,0,1,standing_only,UFCI2201,NA
1,2022-07-21T00:00:00Z,1.2,NA,NA,NA,NA,NA,NA,NA,NA,NA,NA,NA,NA,NA,2022-07-21,0,1,standing_only,UFCI2201,NA
1,2022-07-21T00:00:00Z,1.15,NA,NA,NA,NA,NA,NA,NA,NA,NA,NA,NA,NA,NA,2022-07-21,0,1,standing_only,UFCI2201,NA
1,2022-07-21T00:00:00Z,1.04,NA,NA,NA,NA,NA,NA,NA,NA,NA,NA,NA,NA,NA,2022-07-21,0,1,standing_only,UFCI2201,NA
1,2022-07-21T00:00:00Z,1.42,NA,NA,NA,NA,NA,NA,NA,NA,NA,NA,NA,NA,NA,2022-07-21,0,1,standing_only,UFCI2201,NA
1,2022-07-21T00:00:00Z,1.15,NA,NA,NA,NA,NA,NA,NA,NA,NA,NA,NA,NA,NA,2022-07-21,0,1,standing_only,UFCI2201,NA
1,2022-07-21T00:00:00Z,1.14,NA,NA,NA,NA,NA,NA,NA,NA,NA,NA,NA,NA,NA,2022-07-21,0,1,standing_only,UFCI2201,NA
1,2022-07-21T00:00:00Z,1.07,NA,NA,NA,NA,NA,NA,NA,NA,NA,NA,NA,NA,NA,2022-07-21,0,1,standing_only,UFCI2201,NA
1,2022-07-21T00:00:00Z,1.05,NA,NA,NA,NA,NA,NA,NA,NA,NA,NA,NA,NA,NA,2022-07-21,0,1,standing_only,UFCI2201,NA
1,2022-07-21T00:00:00Z,1.08,NA,NA,NA,NA,NA,NA,NA,NA,NA,NA,NA,NA,NA,2022-07-21,0,1,standing_only,UFCI2201,NA
1,2022-07-21T00:00:00Z,1.15,NA,NA,NA,NA,NA,NA,NA,NA,NA,NA,NA,NA,NA,2022-07-21,0,1,standing_only,UFCI2201,NA
1,2022-07-21T00:00:00Z,1.25,NA,NA,NA,NA,NA,NA,NA,NA,NA,NA,NA,NA,NA,2022-07-21,0,1,standing_only,UFCI2201,NA
1,2022-07-21T00:00:00Z,0.93,NA,NA,NA,NA,NA,NA,NA,NA,NA,NA,NA,NA,NA,2022-07-21,0,1,standing_only,UFCI2201,NA
1,2022-07-21T00:00:00Z,0.94,NA,NA,NA,NA,NA,NA,NA,NA,NA,NA,NA,NA,NA,2022-07-21,0,1,standing_only,UFCI2201,NA
1,2022-07-21T00:00:00Z,1.06,NA,NA,NA,NA,NA,NA,NA,NA,NA,NA,NA,NA,NA,2022-07-21,0,1,standing_only,UFCI2201,NA
1,2022-07-21T00:00:00Z,1.16,NA,NA,NA,NA,NA,NA,NA,NA,NA,NA,NA,NA,NA,2022-07-21,0,1,standing_only,UFCI2201,NA
1,2022-07-21T00:00:00Z,0.97,NA,NA,NA,NA,NA,NA,NA,NA,NA,NA,NA,NA,NA,2022-07-21,0,1,standing_only,UFCI2201,NA
1,2022-07-21T00:00:00Z,1.1,NA,NA,NA,NA,NA,NA,NA,NA,NA,NA,NA,NA,NA,2022-07-21,0,1,standing_only,UFCI2201,NA
1,2022-07-21T00:00:00Z,1.09,NA,NA,NA,NA,NA,NA,NA,NA,NA,NA,NA,NA,NA,2022-07-21,0,1,standing_only,UFCI2201,NA
1,2022-07-21T00:00:00Z,1.28,NA,NA,NA,NA,NA,NA,NA,NA,NA,NA,NA,NA,NA,2022-07-21,0,1,standing_only,UFCI2201,NA
1,2022-07-21T00:00:00Z,0.85,NA,NA,NA,NA,NA,NA,NA,NA,NA,NA,NA,NA,NA,2022-07-21,0,1,standing_only,UFCI2201,NA
1,2022-07-21T00:00:00Z,0.91,NA,NA,NA,NA,NA,NA,NA,NA,NA,NA,NA,NA,NA,2022-07-21,0,1,standing_only,UFCI2201,NA
1,2022-07-21T00:00:00Z,0.67,NA,NA,NA,NA,NA,NA,NA,NA,NA,NA,NA,NA,NA,2022-07-21,0,1,standing_only,UFCI2201,NA
1,2022-07-21T00:00:00Z,1.2,NA,NA,NA,NA,NA,NA,NA,NA,NA,NA,NA,NA,NA,2022-07-21,0,1,standing_only,UFCI2201,NA
1,2022-07-21T00:00:00Z,1.36,NA,NA,NA,NA,NA,NA,NA,NA,NA,NA,NA,NA,NA,2022-07-21,0,1,standing_only,UFCI2201,NA
1,2022-07-21T00:00:00Z,1.07,NA,NA,NA,NA,NA,NA,NA,NA,NA,NA,NA,NA,NA,2022-07-21,0,1,standing_only,UFCI2201,NA
1,2022-07-21T00:00:00Z,1.21,NA,NA,NA,NA,NA,NA,NA,NA,NA,NA,NA,NA,NA,2022-07-21,0,1,standing_only,UFCI2201,NA
1,2022-07-21T00:00:00Z,NA,NA,NA,NA,NA,1490,NA,NA,NA,NA,NA,NA,NA,NA,2022-07-21,1,0,harvest_only,UFCI2201,NA
1,2022-07-21T00:00:00Z,NA,NA,NA,NA,NA,2557,NA,NA,NA,NA,NA,NA,NA,NA,2022-07-21,1,0,harvest_only,UFCI2201,NA
1,2022-07-21T00:00:00Z,NA,NA,NA,NA,NA,764.1,NA,NA,NA,NA,NA,NA,NA,NA,2022-07-21,1,0,harvest_only,UFCI2201,NA
1,2022-07-21T00:00:00Z,NA,NA,NA,NA,NA,2128,NA,NA,NA,NA,NA,NA,NA,NA,2022-07-21,1,0,harvest_only,UFCI2201,NA
1,2022-07-21T00:00:00Z,0.96,0.32,1400,700,NA,2100,22,NA,NA,NA,NA,NA,NA,NA,2022-07-21,3,3,mixed_harvest,UFCI2201,NA
1,2022-07-21T00:00:00Z,0.57,0.16,248,200,NA,448,14,NA,NA,NA,NA,NA,NA,NA,2022-07-21,3,3,mixed_harvest,UFCI2201,NA
1,2022-07-21T00:00:00Z,0.91,0.22,1504,824,NA,2328,21,NA,NA,NA,NA,NA,NA,NA,2022-07-21,3,3,mixed_harvest,UFCI2201,NA
1,2022-07-21T00:00:00Z,0.84,0.25,1168,688,NA,1856,14,NA,NA,NA,NA,NA,NA,NA,2022-07-21,3,3,mixed_harvest,UFCI2201,NA
1,2022-07-21T00:00:00Z,0.83,0.24,1024,864,NA,1888,15,NA,NA,NA,NA,NA,NA,NA,2022-07-21,3,3,mixed_harvest,UFCI2201,NA
1,2022-07-21T00:00:00Z,0.8,0.25,904,832,NA,1736,15,NA,NA,NA,NA,NA,NA,NA,2022-07-21,3,3,mixed_harvest,UFCI2201,NA
1,2022-07-21T00:00:00Z,0.72,0.24,1020,988,NA,2008,16,NA,NA,NA,NA,NA,NA,NA,2022-07-21,3,3,mixed_harvest,UFCI2201,NA
1,2022-07-21T00:00:00Z,0.76,0.18,408,360,NA,768,14,NA,NA,NA,NA,NA,NA,NA,2022-07-21,3,3,mixed_harvest,UFCI2201,NA
1,2022-07-21T00:00:00Z,0.75,0.22,656,624,NA,1280,17,NA,NA,NA,NA,NA,NA,NA,2022-07-21,3,3,mixed_harvest,UFCI2201,NA
1,2022-07-21T00:00:00Z,0.73,0.23,496,456,NA,952,15,NA,NA,NA,NA,NA,NA,NA,2022-07-21,3,3,mixed_harvest,UFCI2201,NA
1,2022-08-04T00:00:00Z,1.63,NA,NA,NA,NA,NA,NA,NA,NA,NA,NA,NA,NA,NA,2022-08-04,0,1,standing_only,UFCI2201,NA
1,2022-08-04T00:00:00Z,1.56,NA,NA,NA,NA,NA,NA,NA,NA,NA,NA,NA,NA,NA,2022-08-04,0,1,standing_only,UFCI2201,NA
1,2022-08-04T00:00:00Z,1.52,NA,NA,NA,NA,NA,NA,NA,NA,NA,NA,NA,NA,NA,2022-08-04,0,1,standing_only,UFCI2201,NA
1,2022-08-04T00:00:00Z,1.48,NA,NA,NA,NA,NA,NA,NA,NA,NA,NA,NA,NA,NA,2022-08-04,0,1,standing_only,UFCI2201,NA
1,2022-08-04T00:00:00Z,1.38,NA,NA,NA,NA,NA,NA,NA,NA,NA,NA,NA,NA,NA,2022-08-04,0,1,standing_only,UFCI2201,NA
1,2022-08-04T00:00:00Z,1.38,NA,NA,NA,NA,NA,NA,NA,NA,NA,NA,NA,NA,NA,2022-08-04,0,1,standing_only,UFCI2201,NA
1,2022-08-04T00:00:00Z,1.36,NA,NA,NA,NA,NA,NA,NA,NA,NA,NA,NA,NA,NA,2022-08-04,0,1,standing_only,UFCI2201,NA
1,2022-08-04T00:00:00Z,1.32,NA,NA,NA,NA,NA,NA,NA,NA,NA,NA,NA,NA,NA,2022-08-04,0,1,standing_only,UFCI2201,NA
1,2022-08-04T00:00:00Z,1.31,NA,NA,NA,NA,NA,NA,NA,NA,NA,NA,NA,NA,NA,2022-08-04,0,1,standing_only,UFCI2201,NA
1,2022-08-04T00:00:00Z,1.3,NA,NA,NA,NA,NA,NA,NA,NA,NA,NA,NA,NA,NA,2022-08-04,0,1,standing_only,UFCI2201,NA
1,2022-08-04T00:00:00Z,1.3,NA,NA,NA,NA,NA,NA,NA,NA,NA,NA,NA,NA,NA,2022-08-04,0,1,standing_only,UFCI2201,NA
1,2022-08-04T00:00:00Z,1.29,NA,NA,NA,NA,NA,NA,NA,NA,NA,NA,NA,NA,NA,2022-08-04,0,1,standing_only,UFCI2201,NA
1,2022-08-04T00:00:00Z,1.28,NA,NA,NA,NA,NA,NA,NA,NA,NA,NA,NA,NA,NA,2022-08-04,0,1,standing_only,UFCI2201,NA
1,2022-08-04T00:00:00Z,1.26,NA,NA,NA,NA,NA,NA,NA,NA,NA,NA,NA,NA,NA,2022-08-04,0,1,standing_only,UFCI2201,NA
1,2022-08-04T00:00:00Z,1.25,NA,NA,NA,NA,NA,NA,NA,NA,NA,NA,NA,NA,NA,2022-08-04,0,1,standing_only,UFCI2201,NA
1,2022-08-04T00:00:00Z,1.24,NA,NA,NA,NA,NA,NA,NA,NA,NA,NA,NA,NA,NA,2022-08-04,0,1,standing_only,UFCI2201,NA
1,2022-08-04T00:00:00Z,1.23,NA,NA,NA,NA,NA,NA,NA,NA,NA,NA,NA,NA,NA,2022-08-04,0,1,standing_only,UFCI2201,NA
1,2022-08-04T00:00:00Z,1.19,NA,NA,NA,NA,NA,NA,NA,NA,NA,NA,NA,NA,NA,2022-08-04,0,1,standing_only,UFCI2201,NA
1,2022-08-04T00:00:00Z,1.17,NA,NA,NA,NA,NA,NA,NA,NA,NA,NA,NA,NA,NA,2022-08-04,0,1,standing_only,UFCI2201,NA
1,2022-08-04T00:00:00Z,1.15,NA,NA,NA,NA,NA,NA,NA,NA,NA,NA,NA,NA,NA,2022-08-04,0,1,standing_only,UFCI2201,NA
1,2022-08-04T00:00:00Z,1.15,NA,NA,NA,NA,NA,NA,NA,NA,NA,NA,NA,NA,NA,2022-08-04,0,1,standing_only,UFCI2201,NA
1,2022-08-04T00:00:00Z,1.15,NA,NA,NA,NA,NA,NA,NA,NA,NA,NA,NA,NA,NA,2022-08-04,0,1,standing_only,UFCI2201,NA
1,2022-08-04T00:00:00Z,1.13,NA,NA,NA,NA,NA,NA,NA,NA,NA,NA,NA,NA,NA,2022-08-04,0,1,standing_only,UFCI2201,NA
1,2022-08-04T00:00:00Z,1.04,NA,NA,NA,NA,NA,NA,NA,NA,NA,NA,NA,NA,NA,2022-08-04,0,1,standing_only,UFCI2201,NA
1,2022-08-04T00:00:00Z,1.02,NA,NA,NA,NA,NA,NA,NA,NA,NA,NA,NA,NA,NA,2022-08-04,0,1,standing_only,UFCI2201,NA
1,2022-08-04T00:00:00Z,1.01,NA,NA,NA,NA,NA,NA,NA,NA,NA,NA,NA,NA,NA,2022-08-04,0,1,standing_only,UFCI2201,NA
1,2022-08-04T00:00:00Z,1,NA,NA,NA,NA,NA,NA,NA,NA,NA,NA,NA,NA,NA,2022-08-04,0,1,standing_only,UFCI2201,NA
1,2022-08-04T00:00:00Z,1,NA,NA,NA,NA,NA,NA,NA,NA,NA,NA,NA,NA,NA,2022-08-04,0,1,standing_only,UFCI2201,NA
1,2022-08-04T00:00:00Z,1,NA,NA,NA,NA,NA,NA,NA,NA,NA,NA,NA,NA,NA,2022-08-04,0,1,standing_only,UFCI2201,NA
1,2022-08-04T00:00:00Z,1,NA,NA,NA,NA,NA,NA,NA,NA,NA,NA,NA,NA,NA,2022-08-04,0,1,standing_only,UFCI2201,NA
1,2022-08-04T00:00:00Z,0.96,NA,NA,NA,NA,NA,NA,NA,NA,NA,NA,NA,NA,NA,2022-08-04,0,1,standing_only,UFCI2201,NA
1,2022-08-04T00:00:00Z,0.86,NA,NA,NA,NA,NA,NA,NA,NA,NA,NA,NA,NA,NA,2022-08-04,0,1,standing_only,UFCI2201,NA
1,2022-08-04T00:00:00Z,0.8,NA,NA,NA,NA,NA,NA,NA,NA,NA,NA,NA,NA,NA,2022-08-04,0,1,standing_only,UFCI2201,NA
1,2022-08-04T00:00:00Z,0.8,NA,NA,NA,NA,NA,NA,NA,NA,NA,NA,NA,NA,NA,2022-08-04,0,1,standing_only,UFCI2201,NA
1,2022-08-04T00:00:00Z,0.78,NA,NA,NA,NA,NA,NA,NA,NA,NA,NA,NA,NA,NA,2022-08-04,0,1,standing_only,UFCI2201,NA
1,2022-08-04T00:00:00Z,0.76,NA,NA,NA,NA,NA,NA,NA,NA,NA,NA,NA,NA,NA,2022-08-04,0,1,standing_only,UFCI2201,NA
1,2022-08-04T00:00:00Z,0.71,NA,NA,NA,NA,NA,NA,NA,NA,NA,NA,NA,NA,NA,2022-08-04,0,1,standing_only,UFCI2201,NA
1,2022-08-04T00:00:00Z,0.67,NA,NA,NA,NA,NA,NA,NA,NA,NA,NA,NA,NA,NA,2022-08-04,0,1,standing_only,UFCI2201,NA
1,2022-08-04T00:00:00Z,0.61,NA,NA,NA,NA,NA,NA,NA,NA,NA,NA,NA,NA,NA,2022-08-04,0,1,standing_only,UFCI2201,NA
1,2022-08-16T00:00:00Z,1.13,NA,NA,NA,NA,NA,NA,NA,NA,NA,NA,NA,NA,NA,2022-08-16,0,1,standing_only,UFCI2201,NA
1,2022-08-16T00:00:00Z,1.1,NA,NA,NA,NA,NA,NA,NA,NA,NA,NA,NA,NA,NA,2022-08-16,0,1,standing_only,UFCI2201,NA
1,2022-08-16T00:00:00Z,1.03,NA,NA,NA,NA,NA,NA,NA,NA,NA,NA,NA,NA,NA,2022-08-16,0,1,standing_only,UFCI2201,NA
1,2022-08-16T00:00:00Z,0.96,NA,NA,NA,NA,NA,NA,NA,NA,NA,NA,NA,NA,NA,2022-08-16,0,1,standing_only,UFCI2201,NA
1,2022-08-16T00:00:00Z,0.8,NA,NA,NA,NA,NA,NA,NA,NA,NA,NA,NA,NA,NA,2022-08-16,0,1,standing_only,UFCI2201,NA
1,2022-08-16T00:00:00Z,0.88,NA,NA,NA,NA,NA,NA,NA,NA,NA,NA,NA,NA,NA,2022-08-16,0,1,standing_only,UFCI2201,NA
1,2022-08-16T00:00:00Z,0.93,NA,NA,NA,NA,NA,NA,NA,NA,NA,NA,NA,NA,NA,2022-08-16,0,1,standing_only,UFCI2201,NA
1,2022-08-16T00:00:00Z,0.6,NA,NA,NA,NA,NA,NA,NA,NA,NA,NA,NA,NA,NA,2022-08-16,0,1,standing_only,UFCI2201,NA
1,2022-08-16T00:00:00Z,0.59,NA,NA,NA,NA,NA,NA,NA,NA,NA,NA,NA,NA,NA,2022-08-16,0,1,standing_only,UFCI2201,NA
1,2022-08-16T00:00:00Z,0.72,NA,NA,NA,NA,NA,NA,NA,NA,NA,NA,NA,NA,NA,2022-08-16,0,1,standing_only,UFCI2201,NA
1,2022-08-16T00:00:00Z,1.38,NA,NA,NA,NA,NA,NA,NA,NA,NA,NA,NA,NA,NA,2022-08-16,0,1,standing_only,UFCI2201,NA
1,2022-08-16T00:00:00Z,1.58,NA,NA,NA,NA,NA,NA,NA,NA,NA,NA,NA,NA,NA,2022-08-16,0,1,standing_only,UFCI2201,NA
1,2022-08-16T00:00:00Z,1.2,NA,NA,NA,NA,NA,NA,NA,NA,NA,NA,NA,NA,NA,2022-08-16,0,1,standing_only,UFCI2201,NA
1,2022-08-16T00:00:00Z,1.28,NA,NA,NA,NA,NA,NA,NA,NA,NA,NA,NA,NA,NA,2022-08-16,0,1,standing_only,UFCI2201,NA
1,2022-08-16T00:00:00Z,1.22,NA,NA,NA,NA,NA,NA,NA,NA,NA,NA,NA,NA,NA,2022-08-16,0,1,standing_only,UFCI2201,NA
1,2022-08-16T00:00:00Z,1.34,NA,NA,NA,NA,NA,NA,NA,NA,NA,NA,NA,NA,NA,2022-08-16,0,1,standing_only,UFCI2201,NA
1,2022-08-16T00:00:00Z,1.35,NA,NA,NA,NA,NA,NA,NA,NA,NA,NA,NA,NA,NA,2022-08-16,0,1,standing_only,UFCI2201,NA
1,2022-08-16T00:00:00Z,1.5,NA,NA,NA,NA,NA,NA,NA,NA,NA,NA,NA,NA,NA,2022-08-16,0,1,standing_only,UFCI2201,NA
1,2022-08-16T00:00:00Z,1.39,NA,NA,NA,NA,NA,NA,NA,NA,NA,NA,NA,NA,NA,2022-08-16,0,1,standing_only,UFCI2201,NA
1,2022-08-16T00:00:00Z,1.57,NA,NA,NA,NA,NA,NA,NA,NA,NA,NA,NA,NA,NA,2022-08-16,0,1,standing_only,UFCI2201,NA
1,2022-08-16T00:00:00Z,1.65,NA,NA,NA,NA,NA,NA,NA,NA,NA,NA,NA,NA,NA,2022-08-16,0,1,standing_only,UFCI2201,NA
1,2022-08-16T00:00:00Z,0.86,NA,NA,NA,NA,NA,NA,NA,NA,NA,NA,NA,NA,NA,2022-08-16,0,1,standing_only,UFCI2201,NA
1,2022-08-16T00:00:00Z,0.94,NA,NA,NA,NA,NA,NA,NA,NA,NA,NA,NA,NA,NA,2022-08-16,0,1,standing_only,UFCI2201,NA
1,2022-08-16T00:00:00Z,0.87,NA,NA,NA,NA,NA,NA,NA,NA,NA,NA,NA,NA,NA,2022-08-16,0,1,standing_only,UFCI2201,NA
1,2022-08-16T00:00:00Z,1.06,NA,NA,NA,NA,NA,NA,NA,NA,NA,NA,NA,NA,NA,2022-08-16,0,1,standing_only,UFCI2201,NA
1,2022-08-16T00:00:00Z,1.18,NA,NA,NA,NA,NA,NA,NA,NA,NA,NA,NA,NA,NA,2022-08-16,0,1,standing_only,UFCI2201,NA
1,2022-08-16T00:00:00Z,1.21,NA,NA,NA,NA,NA,NA,NA,NA,NA,NA,NA,NA,NA,2022-08-16,0,1,standing_only,UFCI2201,NA
1,2022-08-16T00:00:00Z,1.33,NA,NA,NA,NA,NA,NA,NA,NA,NA,NA,NA,NA,NA,2022-08-16,0,1,standing_only,UFCI2201,NA
1,2022-08-16T00:00:00Z,1.12,NA,NA,NA,NA,NA,NA,NA,NA,NA,NA,NA,NA,NA,2022-08-16,0,1,standing_only,UFCI2201,NA
1,2022-08-16T00:00:00Z,1.09,NA,NA,NA,NA,NA,NA,NA,NA,NA,NA,NA,NA,NA,2022-08-16,0,1,standing_only,UFCI2201,NA
1,2022-08-16T00:00:00Z,1.45,NA,NA,NA,NA,NA,NA,NA,NA,NA,NA,NA,NA,NA,2022-08-16,0,1,standing_only,UFCI2201,NA
1,2022-08-16T00:00:00Z,1.31,NA,NA,NA,NA,NA,NA,NA,NA,NA,NA,NA,NA,NA,2022-08-16,0,1,standing_only,UFCI2201,NA
1,2022-08-16T00:00:00Z,1.09,NA,NA,NA,NA,NA,NA,NA,NA,NA,NA,NA,NA,NA,2022-08-16,0,1,standing_only,UFCI2201,NA
1,2022-08-16T00:00:00Z,1.07,NA,NA,NA,NA,NA,NA,NA,NA,NA,NA,NA,NA,NA,2022-08-16,0,1,standing_only,UFCI2201,NA
1,2022-08-16T00:00:00Z,1.37,NA,NA,NA,NA,NA,NA,NA,NA,NA,NA,NA,NA,NA,2022-08-16,0,1,standing_only,UFCI2201,NA
1,2022-08-16T00:00:00Z,1.04,NA,NA,NA,NA,NA,NA,NA,NA,NA,NA,NA,NA,NA,2022-08-16,0,1,standing_only,UFCI2201,NA
1,2022-08-16T00:00:00Z,0.92,NA,NA,NA,NA,NA,NA,NA,NA,NA,NA,NA,NA,NA,2022-08-16,0,1,standing_only,UFCI2201,NA
1,2022-08-16T00:00:00Z,0.97,NA,NA,NA,NA,NA,NA,NA,NA,NA,NA,NA,NA,NA,2022-08-16,0,1,standing_only,UFCI2201,NA
1,2022-08-16T00:00:00Z,0.71,NA,NA,NA,NA,NA,NA,NA,NA,NA,NA,NA,NA,NA,2022-08-16,0,1,standing_only,UFCI2201,NA
1,2022-08-16T00:00:00Z,1.13,NA,NA,NA,NA,NA,NA,NA,NA,NA,NA,NA,NA,NA,2022-08-16,0,1,standing_only,UFCI2201,NA
1,2022-09-06T00:00:00Z,0.86,NA,NA,NA,NA,NA,NA,NA,NA,NA,NA,NA,NA,NA,2022-09-06,0,1,standing_only,UFCI2201,NA
1,2022-09-06T00:00:00Z,0.82,NA,NA,NA,NA,NA,NA,NA,NA,NA,NA,NA,NA,NA,2022-09-06,0,1,standing_only,UFCI2201,NA
1,2022-09-06T00:00:00Z,0.92,NA,NA,NA,NA,NA,NA,NA,NA,NA,NA,NA,NA,NA,2022-09-06,0,1,standing_only,UFCI2201,NA
1,2022-09-06T00:00:00Z,1.05,NA,NA,NA,NA,NA,NA,NA,NA,NA,NA,NA,NA,NA,2022-09-06,0,1,standing_only,UFCI2201,NA
1,2022-09-06T00:00:00Z,0.72,NA,NA,NA,NA,NA,NA,NA,NA,NA,NA,NA,NA,NA,2022-09-06,0,1,standing_only,UFCI2201,NA
1,2022-09-06T00:00:00Z,0.66,NA,NA,NA,NA,NA,NA,NA,NA,NA,NA,NA,NA,NA,2022-09-06,0,1,standing_only,UFCI2201,NA
1,2022-09-06T00:00:00Z,0.63,NA,NA,NA,NA,NA,NA,NA,NA,NA,NA,NA,NA,NA,2022-09-06,0,1,standing_only,UFCI2201,NA
1,2022-09-06T00:00:00Z,0.72,NA,NA,NA,NA,NA,NA,NA,NA,NA,NA,NA,NA,NA,2022-09-06,0,1,standing_only,UFCI2201,NA
1,2022-09-06T00:00:00Z,0.83,NA,NA,NA,NA,NA,NA,NA,NA,NA,NA,NA,NA,NA,2022-09-06,0,1,standing_only,UFCI2201,NA
1,2022-09-06T00:00:00Z,0.89,NA,NA,NA,NA,NA,NA,NA,NA,NA,NA,NA,NA,NA,2022-09-06,0,1,standing_only,UFCI2201,NA
1,2022-09-06T00:00:00Z,1.32,NA,NA,NA,NA,NA,NA,NA,NA,NA,NA,NA,NA,NA,2022-09-06,0,1,standing_only,UFCI2201,NA
1,2022-09-06T00:00:00Z,1.42,NA,NA,NA,NA,NA,NA,NA,NA,NA,NA,NA,NA,NA,2022-09-06,0,1,standing_only,UFCI2201,NA
1,2022-09-06T00:00:00Z,1.61,NA,NA,NA,NA,NA,NA,NA,NA,NA,NA,NA,NA,NA,2022-09-06,0,1,standing_only,UFCI2201,NA
1,2022-09-06T00:00:00Z,1.3,NA,NA,NA,NA,NA,NA,NA,NA,NA,NA,NA,NA,NA,2022-09-06,0,1,standing_only,UFCI2201,NA
1,2022-09-06T00:00:00Z,1.32,NA,NA,NA,NA,NA,NA,NA,NA,NA,NA,NA,NA,NA,2022-09-06,0,1,standing_only,UFCI2201,NA
1,2022-09-06T00:00:00Z,1.52,NA,NA,NA,NA,NA,NA,NA,NA,NA,NA,NA,NA,NA,2022-09-06,0,1,standing_only,UFCI2201,NA
1,2022-09-06T00:00:00Z,1.38,NA,NA,NA,NA,NA,NA,NA,NA,NA,NA,NA,NA,NA,2022-09-06,0,1,standing_only,UFCI2201,NA
1,2022-09-06T00:00:00Z,1.48,NA,NA,NA,NA,NA,NA,NA,NA,NA,NA,NA,NA,NA,2022-09-06,0,1,standing_only,UFCI2201,NA
1,2022-09-06T00:00:00Z,1.4,NA,NA,NA,NA,NA,NA,NA,NA,NA,NA,NA,NA,NA,2022-09-06,0,1,standing_only,UFCI2201,NA
1,2022-09-06T00:00:00Z,1.44,NA,NA,NA,NA,NA,NA,NA,NA,NA,NA,NA,NA,NA,2022-09-06,0,1,standing_only,UFCI2201,NA
1,2022-09-06T00:00:00Z,1.29,NA,NA,NA,NA,NA,NA,NA,NA,NA,NA,NA,NA,NA,2022-09-06,0,1,standing_only,UFCI2201,NA
1,2022-09-06T00:00:00Z,1.26,NA,NA,NA,NA,NA,NA,NA,NA,NA,NA,NA,NA,NA,2022-09-06,0,1,standing_only,UFCI2201,NA
1,2022-09-06T00:00:00Z,1.11,NA,NA,NA,NA,NA,NA,NA,NA,NA,NA,NA,NA,NA,2022-09-06,0,1,standing_only,UFCI2201,NA
1,2022-09-06T00:00:00Z,1.3,NA,NA,NA,NA,NA,NA,NA,NA,NA,NA,NA,NA,NA,2022-09-06,0,1,standing_only,UFCI2201,NA
1,2022-09-06T00:00:00Z,1.13,NA,NA,NA,NA,NA,NA,NA,NA,NA,NA,NA,NA,NA,2022-09-06,0,1,standing_only,UFCI2201,NA
1,2022-09-06T00:00:00Z,1.24,NA,NA,NA,NA,NA,NA,NA,NA,NA,NA,NA,NA,NA,2022-09-06,0,1,standing_only,UFCI2201,NA
1,2022-09-06T00:00:00Z,1.23,NA,NA,NA,NA,NA,NA,NA,NA,NA,NA,NA,NA,NA,2022-09-06,0,1,standing_only,UFCI2201,NA
1,2022-09-06T00:00:00Z,1.1,NA,NA,NA,NA,NA,NA,NA,NA,NA,NA,NA,NA,NA,2022-09-06,0,1,standing_only,UFCI2201,NA
1,2022-09-06T00:00:00Z,0.9,NA,NA,NA,NA,NA,NA,NA,NA,NA,NA,NA,NA,NA,2022-09-06,0,1,standing_only,UFCI2201,NA
1,2022-09-06T00:00:00Z,0.95,NA,NA,NA,NA,NA,NA,NA,NA,NA,NA,NA,NA,NA,2022-09-06,0,1,standing_only,UFCI2201,NA
1,2022-09-06T00:00:00Z,1.49,NA,NA,NA,NA,NA,NA,NA,NA,NA,NA,NA,NA,NA,2022-09-06,0,1,standing_only,UFCI2201,NA
1,2022-09-06T00:00:00Z,1.11,NA,NA,NA,NA,NA,NA,NA,NA,NA,NA,NA,NA,NA,2022-09-06,0,1,standing_only,UFCI2201,NA
1,2022-09-06T00:00:00Z,1.13,NA,NA,NA,NA,NA,NA,NA,NA,NA,NA,NA,NA,NA,2022-09-06,0,1,standing_only,UFCI2201,NA
1,2022-09-06T00:00:00Z,1.18,NA,NA,NA,NA,NA,NA,NA,NA,NA,NA,NA,NA,NA,2022-09-06,0,1,standing_only,UFCI2201,NA
1,2022-09-06T00:00:00Z,1.08,NA,NA,NA,NA,NA,NA,NA,NA,NA,NA,NA,NA,NA,2022-09-06,0,1,standing_only,UFCI2201,NA
1,2022-09-06T00:00:00Z,1.38,NA,NA,NA,NA,NA,NA,NA,NA,NA,NA,NA,NA,NA,2022-09-06,0,1,standing_only,UFCI2201,NA
1,2022-09-06T00:00:00Z,1.01,NA,NA,NA,NA,NA,NA,NA,NA,NA,NA,NA,NA,NA,2022-09-06,0,1,standing_only,UFCI2201,NA
1,2022-09-06T00:00:00Z,0.99,NA,NA,NA,NA,NA,NA,NA,NA,NA,NA,NA,NA,NA,2022-09-06,0,1,standing_only,UFCI2201,NA
1,2022-09-06T00:00:00Z,1.1,NA,NA,NA,NA,NA,NA,NA,NA,NA,NA,NA,NA,NA,2022-09-06,0,1,standing_only,UFCI2201,NA
1,2022-09-06T00:00:00Z,1.19,NA,NA,NA,NA,NA,NA,NA,NA,NA,NA,NA,NA,NA,2022-09-06,0,1,standing_only,UFCI2201,NA
1,2022-09-15T00:00:00Z,0.86,NA,NA,NA,NA,NA,NA,NA,NA,NA,NA,NA,NA,NA,2022-09-15,0,1,standing_only,UFCI2201,NA
1,2022-09-15T00:00:00Z,0.69,NA,NA,NA,NA,NA,NA,NA,NA,NA,NA,NA,NA,NA,2022-09-15,0,1,standing_only,UFCI2201,NA
1,2022-09-15T00:00:00Z,1.07,NA,NA,NA,NA,NA,NA,NA,NA,NA,NA,NA,NA,NA,2022-09-15,0,1,standing_only,UFCI2201,NA
1,2022-09-15T00:00:00Z,1.08,NA,NA,NA,NA,NA,NA,NA,NA,NA,NA,NA,NA,NA,2022-09-15,0,1,standing_only,UFCI2201,NA
1,2022-09-15T00:00:00Z,0.8,NA,NA,NA,NA,NA,NA,NA,NA,NA,NA,NA,NA,NA,2022-09-15,0,1,standing_only,UFCI2201,NA
1,2022-09-15T00:00:00Z,0.7,NA,NA,NA,NA,NA,NA,NA,NA,NA,NA,NA,NA,NA,2022-09-15,0,1,standing_only,UFCI2201,NA
1,2022-09-15T00:00:00Z,0.66,NA,NA,NA,NA,NA,NA,NA,NA,NA,NA,NA,NA,NA,2022-09-15,0,1,standing_only,UFCI2201,NA
1,2022-09-15T00:00:00Z,0.62,NA,NA,NA,NA,NA,NA,NA,NA,NA,NA,NA,NA,NA,2022-09-15,0,1,standing_only,UFCI2201,NA
1,2022-09-15T00:00:00Z,0.66,NA,NA,NA,NA,NA,NA,NA,NA,NA,NA,NA,NA,NA,2022-09-15,0,1,standing_only,UFCI2201,NA
1,2022-09-15T00:00:00Z,0.92,NA,NA,NA,NA,NA,NA,NA,NA,NA,NA,NA,NA,NA,2022-09-15,0,1,standing_only,UFCI2201,NA
1,2022-09-15T00:00:00Z,1,NA,NA,NA,NA,NA,NA,NA,NA,NA,NA,NA,NA,NA,2022-09-15,0,1,standing_only,UFCI2201,NA
1,2022-09-15T00:00:00Z,1.24,NA,NA,NA,NA,NA,NA,NA,NA,NA,NA,NA,NA,NA,2022-09-15,0,1,standing_only,UFCI2201,NA
1,2022-09-15T00:00:00Z,1.37,NA,NA,NA,NA,NA,NA,NA,NA,NA,NA,NA,NA,NA,2022-09-15,0,1,standing_only,UFCI2201,NA
1,2022-09-15T00:00:00Z,1.21,NA,NA,NA,NA,NA,NA,NA,NA,NA,NA,NA,NA,NA,2022-09-15,0,1,standing_only,UFCI2201,NA
1,2022-09-15T00:00:00Z,1.3,NA,NA,NA,NA,NA,NA,NA,NA,NA,NA,NA,NA,NA,2022-09-15,0,1,standing_only,UFCI2201,NA
1,2022-09-15T00:00:00Z,1.21,NA,NA,NA,NA,NA,NA,NA,NA,NA,NA,NA,NA,NA,2022-09-15,0,1,standing_only,UFCI2201,NA
1,2022-09-15T00:00:00Z,1.13,NA,NA,NA,NA,NA,NA,NA,NA,NA,NA,NA,NA,NA,2022-09-15,0,1,standing_only,UFCI2201,NA
1,2022-09-15T00:00:00Z,1.27,NA,NA,NA,NA,NA,NA,NA,NA,NA,NA,NA,NA,NA,2022-09-15,0,1,standing_only,UFCI2201,NA
1,2022-09-15T00:00:00Z,1.35,NA,NA,NA,NA,NA,NA,NA,NA,NA,NA,NA,NA,NA,2022-09-15,0,1,standing_only,UFCI2201,NA
1,2022-09-15T00:00:00Z,1.43,NA,NA,NA,NA,NA,NA,NA,NA,NA,NA,NA,NA,NA,2022-09-15,0,1,standing_only,UFCI2201,NA
1,2022-09-15T00:00:00Z,0.82,NA,NA,NA,NA,NA,NA,NA,NA,NA,NA,NA,NA,NA,2022-09-15,0,1,standing_only,UFCI2201,NA
1,2022-09-15T00:00:00Z,0.94,NA,NA,NA,NA,NA,NA,NA,NA,NA,NA,NA,NA,NA,2022-09-15,0,1,standing_only,UFCI2201,NA
1,2022-09-15T00:00:00Z,1.05,NA,NA,NA,NA,NA,NA,NA,NA,NA,NA,NA,NA,NA,2022-09-15,0,1,standing_only,UFCI2201,NA
1,2022-09-15T00:00:00Z,1.15,NA,NA,NA,NA,NA,NA,NA,NA,NA,NA,NA,NA,NA,2022-09-15,0,1,standing_only,UFCI2201,NA
1,2022-09-15T00:00:00Z,0.76,NA,NA,NA,NA,NA,NA,NA,NA,NA,NA,NA,NA,NA,2022-09-15,0,1,standing_only,UFCI2201,NA
1,2022-09-15T00:00:00Z,0.97,NA,NA,NA,NA,NA,NA,NA,NA,NA,NA,NA,NA,NA,2022-09-15,0,1,standing_only,UFCI2201,NA
1,2022-09-15T00:00:00Z,1.04,NA,NA,NA,NA,NA,NA,NA,NA,NA,NA,NA,NA,NA,2022-09-15,0,1,standing_only,UFCI2201,NA
1,2022-09-15T00:00:00Z,1.19,NA,NA,NA,NA,NA,NA,NA,NA,NA,NA,NA,NA,NA,2022-09-15,0,1,standing_only,UFCI2201,NA
1,2022-09-15T00:00:00Z,1.24,NA,NA,NA,NA,NA,NA,NA,NA,NA,NA,NA,NA,NA,2022-09-15,0,1,standing_only,UFCI2201,NA
1,2022-09-15T00:00:00Z,1.1,NA,NA,NA,NA,NA,NA,NA,NA,NA,NA,NA,NA,NA,2022-09-15,0,1,standing_only,UFCI2201,NA
1,2022-09-15T00:00:00Z,1.33,NA,NA,NA,NA,NA,NA,NA,NA,NA,NA,NA,NA,NA,2022-09-15,0,1,standing_only,UFCI2201,NA
1,2022-09-15T00:00:00Z,1.33,NA,NA,NA,NA,NA,NA,NA,NA,NA,NA,NA,NA,NA,2022-09-15,0,1,standing_only,UFCI2201,NA
1,2022-09-15T00:00:00Z,0.96,NA,NA,NA,NA,NA,NA,NA,NA,NA,NA,NA,NA,NA,2022-09-15,0,1,standing_only,UFCI2201,NA
1,2022-09-15T00:00:00Z,0.95,NA,NA,NA,NA,NA,NA,NA,NA,NA,NA,NA,NA,NA,2022-09-15,0,1,standing_only,UFCI2201,NA
1,2022-09-15T00:00:00Z,1.43,NA,NA,NA,NA,NA,NA,NA,NA,NA,NA,NA,NA,NA,2022-09-15,0,1,standing_only,UFCI2201,NA
1,2022-09-15T00:00:00Z,1.08,NA,NA,NA,NA,NA,NA,NA,NA,NA,NA,NA,NA,NA,2022-09-15,0,1,standing_only,UFCI2201,NA
1,2022-09-15T00:00:00Z,1.08,NA,NA,NA,NA,NA,NA,NA,NA,NA,NA,NA,NA,NA,2022-09-15,0,1,standing_only,UFCI2201,NA
1,2022-09-15T00:00:00Z,1.07,NA,NA,NA,NA,NA,NA,NA,NA,NA,NA,NA,NA,NA,2022-09-15,0,1,standing_only,UFCI2201,NA
1,2022-09-15T00:00:00Z,1.26,NA,NA,NA,NA,NA,NA,NA,NA,NA,NA,NA,NA,NA,2022-09-15,0,1,standing_only,UFCI2201,NA
1,2022-09-15T00:00:00Z,1.08,NA,NA,NA,NA,NA,NA,NA,NA,NA,NA,NA,NA,NA,2022-09-15,0,1,standing_only,UFCI2201,NA
1,2022-09-15T00:00:00Z,NA,NA,NA,NA,491.8,1928,NA,NA,NA,NA,NA,NA,406.5,NA,2022-09-15,3,0,harvest_only,UFCI2201,NA
1,2022-09-15T00:00:00Z,NA,NA,NA,NA,163.9,658.4,NA,NA,NA,NA,NA,NA,171,NA,2022-09-15,3,0,harvest_only,UFCI2201,NA
1,2022-09-15T00:00:00Z,NA,NA,NA,NA,640.4,2172,NA,NA,NA,NA,NA,NA,581.4,NA,2022-09-15,3,0,harvest_only,UFCI2201,NA
1,2022-09-15T00:00:00Z,NA,NA,NA,NA,363.3,1341,NA,NA,NA,NA,NA,NA,333.8,NA,2022-09-15,3,0,harvest_only,UFCI2201,NA
1,2022-09-15T00:00:00Z,1.26,0.5,1205,263.8,NA,1568,21,NA,NA,NA,NA,NA,412.5,NA,2022-09-15,4,3,mixed_harvest,UFCI2201,NA
1,2022-09-15T00:00:00Z,1.65,0.42,2090,316.7,NA,2307,24,NA,NA,NA,NA,NA,346.5,NA,2022-09-15,4,3,mixed_harvest,UFCI2201,NA
1,2022-09-15T00:00:00Z,1.58,0.45,1301,391.3,NA,1992,17,NA,NA,NA,NA,NA,541.7,NA,2022-09-15,4,3,mixed_harvest,UFCI2201,NA
2,2022-05-17T00:00:00Z,0.05,NA,NA,NA,NA,NA,NA,NA,NA,NA,NA,NA,NA,NA,2022-05-17,0,1,standing_only,UFCI2201,NA
2,2022-05-17T00:00:00Z,0.064,NA,NA,NA,NA,NA,NA,NA,NA,NA,NA,NA,NA,NA,2022-05-17,0,1,standing_only,UFCI2201,NA
2,2022-05-17T00:00:00Z,0.076,NA,NA,NA,NA,NA,NA,NA,NA,NA,NA,NA,NA,NA,2022-05-17,0,1,standing_only,UFCI2201,NA
2,2022-05-24T00:00:00Z,0.08,NA,NA,NA,NA,NA,NA,NA,NA,NA,NA,NA,NA,NA,2022-05-24,0,1,standing_only,UFCI2201,NA
2,2022-05-24T00:00:00Z,0.07,NA,NA,NA,NA,NA,NA,NA,NA,NA,NA,NA,NA,NA,2022-05-24,0,1,standing_only,UFCI2201,NA
2,2022-05-24T00:00:00Z,0.07,NA,NA,NA,NA,NA,NA,NA,NA,NA,NA,NA,NA,NA,2022-05-24,0,1,standing_only,UFCI2201,NA
2,2022-05-24T00:00:00Z,0.05,NA,NA,NA,NA,NA,NA,NA,NA,NA,NA,NA,NA,NA,2022-05-24,0,1,standing_only,UFCI2201,NA
2,2022-05-24T00:00:00Z,0.07,NA,NA,NA,NA,NA,NA,NA,NA,NA,NA,NA,NA,NA,2022-05-24,0,1,standing_only,UFCI2201,NA
2,2022-05-24T00:00:00Z,0.05,NA,NA,NA,NA,NA,NA,NA,NA,NA,NA,NA,NA,NA,2022-05-24,0,1,standing_only,UFCI2201,NA
2,2022-05-24T00:00:00Z,0.07,NA,NA,NA,NA,NA,NA,NA,NA,NA,NA,NA,NA,NA,2022-05-24,0,1,standing_only,UFCI2201,NA
2,2022-05-24T00:00:00Z,0.03,NA,NA,NA,NA,NA,NA,NA,NA,NA,NA,NA,NA,NA,2022-05-24,0,1,standing_only,UFCI2201,NA
2,2022-05-24T00:00:00Z,0.02,NA,NA,NA,NA,NA,NA,NA,NA,NA,NA,NA,NA,NA,2022-05-24,0,1,standing_only,UFCI2201,NA
2,2022-05-24T00:00:00Z,0.07,NA,NA,NA,NA,NA,NA,NA,NA,NA,NA,NA,NA,NA,2022-05-24,0,1,standing_only,UFCI2201,NA
2,2022-05-24T00:00:00Z,0.08,NA,NA,NA,NA,NA,NA,NA,NA,NA,NA,NA,NA,NA,2022-05-24,0,1,standing_only,UFCI2201,NA
2,2022-05-24T00:00:00Z,0.05,NA,NA,NA,NA,NA,NA,NA,NA,NA,NA,NA,NA,NA,2022-05-24,0,1,standing_only,UFCI2201,NA
2,2022-05-24T00:00:00Z,0.1,NA,NA,NA,NA,NA,NA,NA,NA,NA,NA,NA,NA,NA,2022-05-24,0,1,standing_only,UFCI2201,NA
2,2022-05-24T00:00:00Z,0.07,NA,NA,NA,NA,NA,NA,NA,NA,NA,NA,NA,NA,NA,2022-05-24,0,1,standing_only,UFCI2201,NA
2,2022-05-24T00:00:00Z,0.07,NA,NA,NA,NA,NA,NA,NA,NA,NA,NA,NA,NA,NA,2022-05-24,0,1,standing_only,UFCI2201,NA
2,2022-05-24T00:00:00Z,0.14,NA,NA,NA,NA,NA,NA,NA,NA,NA,NA,NA,NA,NA,2022-05-24,0,1,standing_only,UFCI2201,NA
2,2022-05-24T00:00:00Z,0.09,NA,NA,NA,NA,NA,NA,NA,NA,NA,NA,NA,NA,NA,2022-05-24,0,1,standing_only,UFCI2201,NA
2,2022-05-24T00:00:00Z,0.03,NA,NA,NA,NA,NA,NA,NA,NA,NA,NA,NA,NA,NA,2022-05-24,0,1,standing_only,UFCI2201,NA
2,2022-05-24T00:00:00Z,0.06,NA,NA,NA,NA,NA,NA,NA,NA,NA,NA,NA,NA,NA,2022-05-24,0,1,standing_only,UFCI2201,NA
2,2022-05-24T00:00:00Z,0.13,NA,NA,NA,NA,NA,NA,NA,NA,NA,NA,NA,NA,NA,2022-05-24,0,1,standing_only,UFCI2201,NA
2,2022-05-24T00:00:00Z,0.2,NA,NA,NA,NA,NA,NA,NA,NA,NA,NA,NA,NA,NA,2022-05-24,0,1,standing_only,UFCI2201,NA
2,2022-05-24T00:00:00Z,0.14,NA,NA,NA,NA,NA,NA,NA,NA,NA,NA,NA,NA,NA,2022-05-24,0,1,standing_only,UFCI2201,NA
2,2022-05-24T00:00:00Z,0.09,NA,NA,NA,NA,NA,NA,NA,NA,NA,NA,NA,NA,NA,2022-05-24,0,1,standing_only,UFCI2201,NA
2,2022-05-24T00:00:00Z,0.1,NA,NA,NA,NA,NA,NA,NA,NA,NA,NA,NA,NA,NA,2022-05-24,0,1,standing_only,UFCI2201,NA
2,2022-05-24T00:00:00Z,0.09,NA,NA,NA,NA,NA,NA,NA,NA,NA,NA,NA,NA,NA,2022-05-24,0,1,standing_only,UFCI2201,NA
2,2022-05-24T00:00:00Z,0.1,NA,NA,NA,NA,NA,NA,NA,NA,NA,NA,NA,NA,NA,2022-05-24,0,1,standing_only,UFCI2201,NA
2,2022-05-24T00:00:00Z,0.09,NA,NA,NA,NA,NA,NA,NA,NA,NA,NA,NA,NA,NA,2022-05-24,0,1,standing_only,UFCI2201,NA
2,2022-05-24T00:00:00Z,0.05,NA,NA,NA,NA,NA,NA,NA,NA,NA,NA,NA,NA,NA,2022-05-24,0,1,standing_only,UFCI2201,NA
2,2022-05-24T00:00:00Z,0.06,NA,NA,NA,NA,NA,NA,NA,NA,NA,NA,NA,NA,NA,2022-05-24,0,1,standing_only,UFCI2201,NA
2,2022-05-24T00:00:00Z,0.12,NA,NA,NA,NA,NA,NA,NA,NA,NA,NA,NA,NA,NA,2022-05-24,0,1,standing_only,UFCI2201,NA
2,2022-05-24T00:00:00Z,0.09,NA,NA,NA,NA,NA,NA,NA,NA,NA,NA,NA,NA,NA,2022-05-24,0,1,standing_only,UFCI2201,NA
2,2022-05-24T00:00:00Z,0.11,NA,NA,NA,NA,NA,NA,NA,NA,NA,NA,NA,NA,NA,2022-05-24,0,1,standing_only,UFCI2201,NA
2,2022-05-24T00:00:00Z,0.09,NA,NA,NA,NA,NA,NA,NA,NA,NA,NA,NA,NA,NA,2022-05-24,0,1,standing_only,UFCI2201,NA
2,2022-05-24T00:00:00Z,0.1,NA,NA,NA,NA,NA,NA,NA,NA,NA,NA,NA,NA,NA,2022-05-24,0,1,standing_only,UFCI2201,NA
2,2022-05-24T00:00:00Z,0.08,NA,NA,NA,NA,NA,NA,NA,NA,NA,NA,NA,NA,NA,2022-05-24,0,1,standing_only,UFCI2201,NA
2,2022-05-24T00:00:00Z,0.09,NA,NA,NA,NA,NA,NA,NA,NA,NA,NA,NA,NA,NA,2022-05-24,0,1,standing_only,UFCI2201,NA
2,2022-05-24T00:00:00Z,0.09,NA,NA,NA,NA,NA,NA,NA,NA,NA,NA,NA,NA,NA,2022-05-24,0,1,standing_only,UFCI2201,NA
2,2022-05-24T00:00:00Z,0.05,NA,NA,NA,NA,NA,NA,NA,NA,NA,NA,NA,NA,NA,2022-05-24,0,1,standing_only,UFCI2201,NA
2,2022-05-24T00:00:00Z,0.05,NA,NA,NA,NA,NA,NA,NA,NA,NA,NA,NA,NA,NA,2022-05-24,0,1,standing_only,UFCI2201,NA
2,2022-05-24T00:00:00Z,0.04,NA,NA,NA,NA,NA,NA,NA,NA,NA,NA,NA,NA,NA,2022-05-24,0,1,standing_only,UFCI2201,NA
2,2022-06-07T00:00:00Z,0.59,NA,NA,NA,NA,NA,NA,NA,NA,NA,NA,NA,NA,NA,2022-06-07,0,1,standing_only,UFCI2201,NA
2,2022-06-07T00:00:00Z,0.2,NA,NA,NA,NA,NA,NA,NA,NA,NA,NA,NA,NA,NA,2022-06-07,0,1,standing_only,UFCI2201,NA
2,2022-06-07T00:00:00Z,0.23,NA,NA,NA,NA,NA,NA,NA,NA,NA,NA,NA,NA,NA,2022-06-07,0,1,standing_only,UFCI2201,NA
2,2022-06-07T00:00:00Z,0.37,NA,NA,NA,NA,NA,NA,NA,NA,NA,NA,NA,NA,NA,2022-06-07,0,1,standing_only,UFCI2201,NA
2,2022-06-07T00:00:00Z,0.27,NA,NA,NA,NA,NA,NA,NA,NA,NA,NA,NA,NA,NA,2022-06-07,0,1,standing_only,UFCI2201,NA
2,2022-06-07T00:00:00Z,0.36,NA,NA,NA,NA,NA,NA,NA,NA,NA,NA,NA,NA,NA,2022-06-07,0,1,standing_only,UFCI2201,NA
2,2022-06-07T00:00:00Z,0.44,NA,NA,NA,NA,NA,NA,NA,NA,NA,NA,NA,NA,NA,2022-06-07,0,1,standing_only,UFCI2201,NA
2,2022-06-07T00:00:00Z,0.47,NA,NA,NA,NA,NA,NA,NA,NA,NA,NA,NA,NA,NA,2022-06-07,0,1,standing_only,UFCI2201,NA
2,2022-06-07T00:00:00Z,0.42,NA,NA,NA,NA,NA,NA,NA,NA,NA,NA,NA,NA,NA,2022-06-07,0,1,standing_only,UFCI2201,NA
2,2022-06-07T00:00:00Z,0.49,NA,NA,NA,NA,NA,NA,NA,NA,NA,NA,NA,NA,NA,2022-06-07,0,1,standing_only,UFCI2201,NA
2,2022-06-07T00:00:00Z,0.84,NA,NA,NA,NA,NA,NA,NA,NA,NA,NA,NA,NA,NA,2022-06-07,0,1,standing_only,UFCI2201,NA
2,2022-06-07T00:00:00Z,0.92,NA,NA,NA,NA,NA,NA,NA,NA,NA,NA,NA,NA,NA,2022-06-07,0,1,standing_only,UFCI2201,NA
2,2022-06-07T00:00:00Z,0.82,NA,NA,NA,NA,NA,NA,NA,NA,NA,NA,NA,NA,NA,2022-06-07,0,1,standing_only,UFCI2201,NA
2,2022-06-07T00:00:00Z,0.44,NA,NA,NA,NA,NA,NA,NA,NA,NA,NA,NA,NA,NA,2022-06-07,0,1,standing_only,UFCI2201,NA
2,2022-06-07T00:00:00Z,0.55,NA,NA,NA,NA,NA,NA,NA,NA,NA,NA,NA,NA,NA,2022-06-07,0,1,standing_only,UFCI2201,NA
2,2022-06-07T00:00:00Z,0.54,NA,NA,NA,NA,NA,NA,NA,NA,NA,NA,NA,NA,NA,2022-06-07,0,1,standing_only,UFCI2201,NA
2,2022-06-07T00:00:00Z,0.58,NA,NA,NA,NA,NA,NA,NA,NA,NA,NA,NA,NA,NA,2022-06-07,0,1,standing_only,UFCI2201,NA
2,2022-06-07T00:00:00Z,0.64,NA,NA,NA,NA,NA,NA,NA,NA,NA,NA,NA,NA,NA,2022-06-07,0,1,standing_only,UFCI2201,NA
2,2022-06-07T00:00:00Z,0.44,NA,NA,NA,NA,NA,NA,NA,NA,NA,NA,NA,NA,NA,2022-06-07,0,1,standing_only,UFCI2201,NA
2,2022-06-07T00:00:00Z,0.7,NA,NA,NA,NA,NA,NA,NA,NA,NA,NA,NA,NA,NA,2022-06-07,0,1,standing_only,UFCI2201,NA
2,2022-06-07T00:00:00Z,0.94,NA,NA,NA,NA,NA,NA,NA,NA,NA,NA,NA,NA,NA,2022-06-07,0,1,standing_only,UFCI2201,NA
2,2022-06-07T00:00:00Z,0.77,NA,NA,NA,NA,NA,NA,NA,NA,NA,NA,NA,NA,NA,2022-06-07,0,1,standing_only,UFCI2201,NA
2,2022-06-07T00:00:00Z,0.89,NA,NA,NA,NA,NA,NA,NA,NA,NA,NA,NA,NA,NA,2022-06-07,0,1,standing_only,UFCI2201,NA
2,2022-06-07T00:00:00Z,0.28,NA,NA,NA,NA,NA,NA,NA,NA,NA,NA,NA,NA,NA,2022-06-07,0,1,standing_only,UFCI2201,NA
2,2022-06-07T00:00:00Z,0.31,NA,NA,NA,NA,NA,NA,NA,NA,NA,NA,NA,NA,NA,2022-06-07,0,1,standing_only,UFCI2201,NA
2,2022-06-07T00:00:00Z,0.61,NA,NA,NA,NA,NA,NA,NA,NA,NA,NA,NA,NA,NA,2022-06-07,0,1,standing_only,UFCI2201,NA
2,2022-06-07T00:00:00Z,0.62,NA,NA,NA,NA,NA,NA,NA,NA,NA,NA,NA,NA,NA,2022-06-07,0,1,standing_only,UFCI2201,NA
2,2022-06-07T00:00:00Z,0.76,NA,NA,NA,NA,NA,NA,NA,NA,NA,NA,NA,NA,NA,2022-06-07,0,1,standing_only,UFCI2201,NA
2,2022-06-07T00:00:00Z,0.67,NA,NA,NA,NA,NA,NA,NA,NA,NA,NA,NA,NA,NA,2022-06-07,0,1,standing_only,UFCI2201,NA
2,2022-06-07T00:00:00Z,0.48,NA,NA,NA,NA,NA,NA,NA,NA,NA,NA,NA,NA,NA,2022-06-07,0,1,standing_only,UFCI2201,NA
2,2022-06-07T00:00:00Z,0.61,NA,NA,NA,NA,NA,NA,NA,NA,NA,NA,NA,NA,NA,2022-06-07,0,1,standing_only,UFCI2201,NA
2,2022-06-07T00:00:00Z,0.66,NA,NA,NA,NA,NA,NA,NA,NA,NA,NA,NA,NA,NA,2022-06-07,0,1,standing_only,UFCI2201,NA
2,2022-06-07T00:00:00Z,0.29,NA,NA,NA,NA,NA,NA,NA,NA,NA,NA,NA,NA,NA,2022-06-07,0,1,standing_only,UFCI2201,NA
2,2022-06-07T00:00:00Z,0.43,NA,NA,NA,NA,NA,NA,NA,NA,NA,NA,NA,NA,NA,2022-06-07,0,1,standing_only,UFCI2201,NA
2,2022-06-07T00:00:00Z,0.3,NA,NA,NA,NA,NA,NA,NA,NA,NA,NA,NA,NA,NA,2022-06-07,0,1,standing_only,UFCI2201,NA
2,2022-06-07T00:00:00Z,0.51,NA,NA,NA,NA,NA,NA,NA,NA,NA,NA,NA,NA,NA,2022-06-07,0,1,standing_only,UFCI2201,NA
2,2022-06-07T00:00:00Z,0.49,NA,NA,NA,NA,NA,NA,NA,NA,NA,NA,NA,NA,NA,2022-06-07,0,1,standing_only,UFCI2201,NA
2,2022-06-07T00:00:00Z,0.38,NA,NA,NA,NA,NA,NA,NA,NA,NA,NA,NA,NA,NA,2022-06-07,0,1,standing_only,UFCI2201,NA
2,2022-06-07T00:00:00Z,0.47,NA,NA,NA,NA,NA,NA,NA,NA,NA,NA,NA,NA,NA,2022-06-07,0,1,standing_only,UFCI2201,NA
2,2022-06-07T00:00:00Z,0.55,NA,NA,NA,NA,NA,NA,NA,NA,NA,NA,NA,NA,NA,2022-06-07,0,1,standing_only,UFCI2201,NA
2,2022-06-18T00:00:00Z,NA,NA,NA,NA,NA,1369,NA,NA,NA,NA,NA,NA,NA,NA,2022-06-18,1,0,harvest_only,UFCI2201,NA
2,2022-06-18T00:00:00Z,NA,NA,NA,NA,NA,2528,NA,NA,NA,NA,NA,NA,NA,NA,2022-06-18,1,0,harvest_only,UFCI2201,NA
2,2022-06-18T00:00:00Z,NA,NA,NA,NA,NA,2486,NA,NA,NA,NA,NA,NA,NA,NA,2022-06-18,1,0,harvest_only,UFCI2201,NA
2,2022-06-18T00:00:00Z,NA,NA,NA,NA,NA,1807,NA,NA,NA,NA,NA,NA,NA,NA,2022-06-18,1,0,harvest_only,UFCI2201,NA
2,2022-06-21T00:00:00Z,1.4,NA,NA,NA,NA,NA,NA,NA,NA,NA,NA,NA,NA,NA,2022-06-21,0,1,standing_only,UFCI2201,NA
2,2022-06-21T00:00:00Z,1,NA,NA,NA,NA,NA,NA,NA,NA,NA,NA,NA,NA,NA,2022-06-21,0,1,standing_only,UFCI2201,NA
2,2022-06-21T00:00:00Z,1.05,NA,NA,NA,NA,NA,NA,NA,NA,NA,NA,NA,NA,NA,2022-06-21,0,1,standing_only,UFCI2201,NA
2,2022-06-21T00:00:00Z,1.34,NA,NA,NA,NA,NA,NA,NA,NA,NA,NA,NA,NA,NA,2022-06-21,0,1,standing_only,UFCI2201,NA
2,2022-06-21T00:00:00Z,1.29,NA,NA,NA,NA,NA,NA,NA,NA,NA,NA,NA,NA,NA,2022-06-21,0,1,standing_only,UFCI2201,NA
2,2022-06-21T00:00:00Z,1.39,NA,NA,NA,NA,NA,NA,NA,NA,NA,NA,NA,NA,NA,2022-06-21,0,1,standing_only,UFCI2201,NA
2,2022-06-21T00:00:00Z,1.02,NA,NA,NA,NA,NA,NA,NA,NA,NA,NA,NA,NA,NA,2022-06-21,0,1,standing_only,UFCI2201,NA
2,2022-06-21T00:00:00Z,0.89,NA,NA,NA,NA,NA,NA,NA,NA,NA,NA,NA,NA,NA,2022-06-21,0,1,standing_only,UFCI2201,NA
2,2022-06-21T00:00:00Z,0.73,NA,NA,NA,NA,NA,NA,NA,NA,NA,NA,NA,NA,NA,2022-06-21,0,1,standing_only,UFCI2201,NA
2,2022-06-21T00:00:00Z,0.99,NA,NA,NA,NA,NA,NA,NA,NA,NA,NA,NA,NA,NA,2022-06-21,0,1,standing_only,UFCI2201,NA
2,2022-06-21T00:00:00Z,1.8,NA,NA,NA,NA,NA,NA,NA,NA,NA,NA,NA,NA,NA,2022-06-21,0,1,standing_only,UFCI2201,NA
2,2022-06-21T00:00:00Z,1.5,NA,NA,NA,NA,NA,NA,NA,NA,NA,NA,NA,NA,NA,2022-06-21,0,1,standing_only,UFCI2201,NA
2,2022-06-21T00:00:00Z,1.43,NA,NA,NA,NA,NA,NA,NA,NA,NA,NA,NA,NA,NA,2022-06-21,0,1,standing_only,UFCI2201,NA
2,2022-06-21T00:00:00Z,1.89,NA,NA,NA,NA,NA,NA,NA,NA,NA,NA,NA,NA,NA,2022-06-21,0,1,standing_only,UFCI2201,NA
2,2022-06-21T00:00:00Z,1.41,NA,NA,NA,NA,NA,NA,NA,NA,NA,NA,NA,NA,NA,2022-06-21,0,1,standing_only,UFCI2201,NA
2,2022-06-21T00:00:00Z,1.27,NA,NA,NA,NA,NA,NA,NA,NA,NA,NA,NA,NA,NA,2022-06-21,0,1,standing_only,UFCI2201,NA
2,2022-06-21T00:00:00Z,1.32,NA,NA,NA,NA,NA,NA,NA,NA,NA,NA,NA,NA,NA,2022-06-21,0,1,standing_only,UFCI2201,NA
2,2022-06-21T00:00:00Z,1.46,NA,NA,NA,NA,NA,NA,NA,NA,NA,NA,NA,NA,NA,2022-06-21,0,1,standing_only,UFCI2201,NA
2,2022-06-21T00:00:00Z,1.13,NA,NA,NA,NA,NA,NA,NA,NA,NA,NA,NA,NA,NA,2022-06-21,0,1,standing_only,UFCI2201,NA
2,2022-06-21T00:00:00Z,1.57,NA,NA,NA,NA,NA,NA,NA,NA,NA,NA,NA,NA,NA,2022-06-21,0,1,standing_only,UFCI2201,NA
2,2022-06-21T00:00:00Z,1.56,NA,NA,NA,NA,NA,NA,NA,NA,NA,NA,NA,NA,NA,2022-06-21,0,1,standing_only,UFCI2201,NA
2,2022-06-21T00:00:00Z,1.18,NA,NA,NA,NA,NA,NA,NA,NA,NA,NA,NA,NA,NA,2022-06-21,0,1,standing_only,UFCI2201,NA
2,2022-06-21T00:00:00Z,1.06,NA,NA,NA,NA,NA,NA,NA,NA,NA,NA,NA,NA,NA,2022-06-21,0,1,standing_only,UFCI2201,NA
2,2022-06-21T00:00:00Z,0.88,NA,NA,NA,NA,NA,NA,NA,NA,NA,NA,NA,NA,NA,2022-06-21,0,1,standing_only,UFCI2201,NA
2,2022-06-21T00:00:00Z,0.81,NA,NA,NA,NA,NA,NA,NA,NA,NA,NA,NA,NA,NA,2022-06-21,0,1,standing_only,UFCI2201,NA
2,2022-06-21T00:00:00Z,1.2,NA,NA,NA,NA,NA,NA,NA,NA,NA,NA,NA,NA,NA,2022-06-21,0,1,standing_only,UFCI2201,NA
2,2022-06-21T00:00:00Z,1.5,NA,NA,NA,NA,NA,NA,NA,NA,NA,NA,NA,NA,NA,2022-06-21,0,1,standing_only,UFCI2201,NA
2,2022-06-21T00:00:00Z,1.7,NA,NA,NA,NA,NA,NA,NA,NA,NA,NA,NA,NA,NA,2022-06-21,0,1,standing_only,UFCI2201,NA
2,2022-06-21T00:00:00Z,1.56,NA,NA,NA,NA,NA,NA,NA,NA,NA,NA,NA,NA,NA,2022-06-21,0,1,standing_only,UFCI2201,NA
2,2022-06-21T00:00:00Z,1.16,NA,NA,NA,NA,NA,NA,NA,NA,NA,NA,NA,NA,NA,2022-06-21,0,1,standing_only,UFCI2201,NA
2,2022-06-21T00:00:00Z,1.24,NA,NA,NA,NA,NA,NA,NA,NA,NA,NA,NA,NA,NA,2022-06-21,0,1,standing_only,UFCI2201,NA
2,2022-06-21T00:00:00Z,1.41,NA,NA,NA,NA,NA,NA,NA,NA,NA,NA,NA,NA,NA,2022-06-21,0,1,standing_only,UFCI2201,NA
2,2022-06-21T00:00:00Z,1.42,NA,NA,NA,NA,NA,NA,NA,NA,NA,NA,NA,NA,NA,2022-06-21,0,1,standing_only,UFCI2201,NA
2,2022-06-21T00:00:00Z,1.28,NA,NA,NA,NA,NA,NA,NA,NA,NA,NA,NA,NA,NA,2022-06-21,0,1,standing_only,UFCI2201,NA
2,2022-06-21T00:00:00Z,0.89,NA,NA,NA,NA,NA,NA,NA,NA,NA,NA,NA,NA,NA,2022-06-21,0,1,standing_only,UFCI2201,NA
2,2022-06-21T00:00:00Z,1.31,NA,NA,NA,NA,NA,NA,NA,NA,NA,NA,NA,NA,NA,2022-06-21,0,1,standing_only,UFCI2201,NA
2,2022-06-21T00:00:00Z,1.31,NA,NA,NA,NA,NA,NA,NA,NA,NA,NA,NA,NA,NA,2022-06-21,0,1,standing_only,UFCI2201,NA
2,2022-06-21T00:00:00Z,1.09,NA,NA,NA,NA,NA,NA,NA,NA,NA,NA,NA,NA,NA,2022-06-21,0,1,standing_only,UFCI2201,NA
2,2022-06-21T00:00:00Z,0.78,NA,NA,NA,NA,NA,NA,NA,NA,NA,NA,NA,NA,NA,2022-06-21,0,1,standing_only,UFCI2201,NA
2,2022-06-21T00:00:00Z,1.09,NA,NA,NA,NA,NA,NA,NA,NA,NA,NA,NA,NA,NA,2022-06-21,0,1,standing_only,UFCI2201,NA
2,2022-06-24T00:00:00Z,NA,0.2,1020,1140,NA,2160,15,NA,NA,NA,NA,NA,NA,NA,2022-06-24,3,2,mixed_harvest,UFCI2201,NA
2,2022-06-24T00:00:00Z,NA,NA,NA,NA,NA,NA,NA,NA,NA,NA,NA,NA,NA,NA,2022-06-24,0,0,empty,UFCI2201,NA
2,2022-06-24T00:00:00Z,NA,0.31,2372,1452,NA,4824,14,NA,NA,NA,NA,NA,NA,NA,2022-06-24,3,2,mixed_harvest,UFCI2201,NA
2,2022-06-24T00:00:00Z,NA,0.3,1588,1544,NA,3132,14,NA,NA,NA,NA,NA,NA,NA,2022-06-24,3,2,mixed_harvest,UFCI2201,NA
2,2022-06-24T00:00:00Z,NA,0.29,2072,1432,NA,4504,16,NA,NA,NA,NA,NA,NA,NA,2022-06-24,3,2,mixed_harvest,UFCI2201,NA
2,2022-06-24T00:00:00Z,NA,0.29,1124,1372,NA,2496,12,NA,NA,NA,NA,NA,NA,NA,2022-06-24,3,2,mixed_harvest,UFCI2201,NA
2,2022-06-24T00:00:00Z,NA,0.24,748,1064,NA,1812,12,NA,NA,NA,NA,NA,NA,NA,2022-06-24,3,2,mixed_harvest,UFCI2201,NA
2,2022-06-24T00:00:00Z,NA,0.18,580,692,NA,1272,12,NA,NA,NA,NA,NA,NA,NA,2022-06-24,3,2,mixed_harvest,UFCI2201,NA
2,2022-07-05T00:00:00Z,1.77,NA,NA,NA,NA,NA,NA,NA,NA,NA,NA,NA,NA,NA,2022-07-05,0,1,standing_only,UFCI2201,NA
2,2022-07-05T00:00:00Z,1.81,NA,NA,NA,NA,NA,NA,NA,NA,NA,NA,NA,NA,NA,2022-07-05,0,1,standing_only,UFCI2201,NA
2,2022-07-05T00:00:00Z,1.88,NA,NA,NA,NA,NA,NA,NA,NA,NA,NA,NA,NA,NA,2022-07-05,0,1,standing_only,UFCI2201,NA
2,2022-07-05T00:00:00Z,1.5,NA,NA,NA,NA,NA,NA,NA,NA,NA,NA,NA,NA,NA,2022-07-05,0,1,standing_only,UFCI2201,NA
2,2022-07-05T00:00:00Z,1.6,NA,NA,NA,NA,NA,NA,NA,NA,NA,NA,NA,NA,NA,2022-07-05,0,1,standing_only,UFCI2201,NA
2,2022-07-05T00:00:00Z,1.3,NA,NA,NA,NA,NA,NA,NA,NA,NA,NA,NA,NA,NA,2022-07-05,0,1,standing_only,UFCI2201,NA
2,2022-07-05T00:00:00Z,2.1,NA,NA,NA,NA,NA,NA,NA,NA,NA,NA,NA,NA,NA,2022-07-05,0,1,standing_only,UFCI2201,NA
2,2022-07-05T00:00:00Z,1.6,NA,NA,NA,NA,NA,NA,NA,NA,NA,NA,NA,NA,NA,2022-07-05,0,1,standing_only,UFCI2201,NA
2,2022-07-05T00:00:00Z,1.3,NA,NA,NA,NA,NA,NA,NA,NA,NA,NA,NA,NA,NA,2022-07-05,0,1,standing_only,UFCI2201,NA
2,2022-07-05T00:00:00Z,1.6,NA,NA,NA,NA,NA,NA,NA,NA,NA,NA,NA,NA,NA,2022-07-05,0,1,standing_only,UFCI2201,NA
2,2022-07-05T00:00:00Z,1.58,NA,NA,NA,NA,NA,NA,NA,NA,NA,NA,NA,NA,NA,2022-07-05,0,1,standing_only,UFCI2201,NA
2,2022-07-05T00:00:00Z,1.69,NA,NA,NA,NA,NA,NA,NA,NA,NA,NA,NA,NA,NA,2022-07-05,0,1,standing_only,UFCI2201,NA
2,2022-07-05T00:00:00Z,1.7,NA,NA,NA,NA,NA,NA,NA,NA,NA,NA,NA,NA,NA,2022-07-05,0,1,standing_only,UFCI2201,NA
2,2022-07-05T00:00:00Z,2.16,NA,NA,NA,NA,NA,NA,NA,NA,NA,NA,NA,NA,NA,2022-07-05,0,1,standing_only,UFCI2201,NA
2,2022-07-05T00:00:00Z,2.04,NA,NA,NA,NA,NA,NA,NA,NA,NA,NA,NA,NA,NA,2022-07-05,0,1,standing_only,UFCI2201,NA
2,2022-07-05T00:00:00Z,1.73,NA,NA,NA,NA,NA,NA,NA,NA,NA,NA,NA,NA,NA,2022-07-05,0,1,standing_only,UFCI2201,NA
2,2022-07-05T00:00:00Z,1.81,NA,NA,NA,NA,NA,NA,NA,NA,NA,NA,NA,NA,NA,2022-07-05,0,1,standing_only,UFCI2201,NA
2,2022-07-05T00:00:00Z,1.52,NA,NA,NA,NA,NA,NA,NA,NA,NA,NA,NA,NA,NA,2022-07-05,0,1,standing_only,UFCI2201,NA
2,2022-07-05T00:00:00Z,2.1,NA,NA,NA,NA,NA,NA,NA,NA,NA,NA,NA,NA,NA,2022-07-05,0,1,standing_only,UFCI2201,NA
2,2022-07-05T00:00:00Z,1.8,NA,NA,NA,NA,NA,NA,NA,NA,NA,NA,NA,NA,NA,2022-07-05,0,1,standing_only,UFCI2201,NA
2,2022-07-05T00:00:00Z,1.51,NA,NA,NA,NA,NA,NA,NA,NA,NA,NA,NA,NA,NA,2022-07-05,0,1,standing_only,UFCI2201,NA
2,2022-07-05T00:00:00Z,1.84,NA,NA,NA,NA,NA,NA,NA,NA,NA,NA,NA,NA,NA,2022-07-05,0,1,standing_only,UFCI2201,NA
2,2022-07-05T00:00:00Z,1.97,NA,NA,NA,NA,NA,NA,NA,NA,NA,NA,NA,NA,NA,2022-07-05,0,1,standing_only,UFCI2201,NA
2,2022-07-05T00:00:00Z,1.74,NA,NA,NA,NA,NA,NA,NA,NA,NA,NA,NA,NA,NA,2022-07-05,0,1,standing_only,UFCI2201,NA
2,2022-07-05T00:00:00Z,1.58,NA,NA,NA,NA,NA,NA,NA,NA,NA,NA,NA,NA,NA,2022-07-05,0,1,standing_only,UFCI2201,NA
2,2022-07-05T00:00:00Z,1.89,NA,NA,NA,NA,NA,NA,NA,NA,NA,NA,NA,NA,NA,2022-07-05,0,1,standing_only,UFCI2201,NA
2,2022-07-05T00:00:00Z,2.22,NA,NA,NA,NA,NA,NA,NA,NA,NA,NA,NA,NA,NA,2022-07-05,0,1,standing_only,UFCI2201,NA
2,2022-07-05T00:00:00Z,1.71,NA,NA,NA,NA,NA,NA,NA,NA,NA,NA,NA,NA,NA,2022-07-05,0,1,standing_only,UFCI2201,NA
2,2022-07-05T00:00:00Z,1.79,NA,NA,NA,NA,NA,NA,NA,NA,NA,NA,NA,NA,NA,2022-07-05,0,1,standing_only,UFCI2201,NA
2,2022-07-05T00:00:00Z,1.36,NA,NA,NA,NA,NA,NA,NA,NA,NA,NA,NA,NA,NA,2022-07-05,0,1,standing_only,UFCI2201,NA
2,2022-07-05T00:00:00Z,1.83,NA,NA,NA,NA,NA,NA,NA,NA,NA,NA,NA,NA,NA,2022-07-05,0,1,standing_only,UFCI2201,NA
2,2022-07-05T00:00:00Z,1.98,NA,NA,NA,NA,NA,NA,NA,NA,NA,NA,NA,NA,NA,2022-07-05,0,1,standing_only,UFCI2201,NA
2,2022-07-05T00:00:00Z,1.8,NA,NA,NA,NA,NA,NA,NA,NA,NA,NA,NA,NA,NA,2022-07-05,0,1,standing_only,UFCI2201,NA
2,2022-07-05T00:00:00Z,1.89,NA,NA,NA,NA,NA,NA,NA,NA,NA,NA,NA,NA,NA,2022-07-05,0,1,standing_only,UFCI2201,NA
2,2022-07-05T00:00:00Z,1.59,NA,NA,NA,NA,NA,NA,NA,NA,NA,NA,NA,NA,NA,2022-07-05,0,1,standing_only,UFCI2201,NA
2,2022-07-05T00:00:00Z,1.6,NA,NA,NA,NA,NA,NA,NA,NA,NA,NA,NA,NA,NA,2022-07-05,0,1,standing_only,UFCI2201,NA
2,2022-07-05T00:00:00Z,1.71,NA,NA,NA,NA,NA,NA,NA,NA,NA,NA,NA,NA,NA,2022-07-05,0,1,standing_only,UFCI2201,NA
2,2022-07-05T00:00:00Z,1.85,NA,NA,NA,NA,NA,NA,NA,NA,NA,NA,NA,NA,NA,2022-07-05,0,1,standing_only,UFCI2201,NA
2,2022-07-05T00:00:00Z,1.8,NA,NA,NA,NA,NA,NA,NA,NA,NA,NA,NA,NA,NA,2022-07-05,0,1,standing_only,UFCI2201,NA
2,2022-07-05T00:00:00Z,1.63,NA,NA,NA,NA,NA,NA,NA,NA,NA,NA,NA,NA,NA,2022-07-05,0,1,standing_only,UFCI2201,NA
2,2022-07-08T00:00:00Z,NA,NA,NA,NA,NA,4830,NA,NA,NA,NA,NA,NA,NA,NA,2022-07-08,1,0,harvest_only,UFCI2201,NA
2,2022-07-08T00:00:00Z,NA,NA,NA,NA,NA,4059,NA,NA,NA,NA,NA,NA,NA,NA,2022-07-08,1,0,harvest_only,UFCI2201,NA
2,2022-07-08T00:00:00Z,NA,NA,NA,NA,NA,3459,NA,NA,NA,NA,NA,NA,NA,NA,2022-07-08,1,0,harvest_only,UFCI2201,NA
2,2022-07-08T00:00:00Z,NA,NA,NA,NA,NA,4482,NA,NA,NA,NA,NA,NA,NA,NA,2022-07-08,1,0,harvest_only,UFCI2201,NA
2,2022-07-21T00:00:00Z,1.93,NA,NA,NA,NA,NA,NA,NA,NA,NA,NA,NA,NA,NA,2022-07-21,0,1,standing_only,UFCI2201,NA
2,2022-07-21T00:00:00Z,2.01,NA,NA,NA,NA,NA,NA,NA,NA,NA,NA,NA,NA,NA,2022-07-21,0,1,standing_only,UFCI2201,NA
2,2022-07-21T00:00:00Z,1.99,NA,NA,NA,NA,NA,NA,NA,NA,NA,NA,NA,NA,NA,2022-07-21,0,1,standing_only,UFCI2201,NA
2,2022-07-21T00:00:00Z,2.05,NA,NA,NA,NA,NA,NA,NA,NA,NA,NA,NA,NA,NA,2022-07-21,0,1,standing_only,UFCI2201,NA
2,2022-07-21T00:00:00Z,1.9,NA,NA,NA,NA,NA,NA,NA,NA,NA,NA,NA,NA,NA,2022-07-21,0,1,standing_only,UFCI2201,NA
2,2022-07-21T00:00:00Z,2.25,NA,NA,NA,NA,NA,NA,NA,NA,NA,NA,NA,NA,NA,2022-07-21,0,1,standing_only,UFCI2201,NA
2,2022-07-21T00:00:00Z,1.5,NA,NA,NA,NA,NA,NA,NA,NA,NA,NA,NA,NA,NA,2022-07-21,0,1,standing_only,UFCI2201,NA
2,2022-07-21T00:00:00Z,1.08,NA,NA,NA,NA,NA,NA,NA,NA,NA,NA,NA,NA,NA,2022-07-21,0,1,standing_only,UFCI2201,NA
2,2022-07-21T00:00:00Z,1.66,NA,NA,NA,NA,NA,NA,NA,NA,NA,NA,NA,NA,NA,2022-07-21,0,1,standing_only,UFCI2201,NA
2,2022-07-21T00:00:00Z,1.79,NA,NA,NA,NA,NA,NA,NA,NA,NA,NA,NA,NA,NA,2022-07-21,0,1,standing_only,UFCI2201,NA
2,2022-07-21T00:00:00Z,1.96,NA,NA,NA,NA,NA,NA,NA,NA,NA,NA,NA,NA,NA,2022-07-21,0,1,standing_only,UFCI2201,NA
2,2022-07-21T00:00:00Z,1.83,NA,NA,NA,NA,NA,NA,NA,NA,NA,NA,NA,NA,NA,2022-07-21,0,1,standing_only,UFCI2201,NA
2,2022-07-21T00:00:00Z,2.12,NA,NA,NA,NA,NA,NA,NA,NA,NA,NA,NA,NA,NA,2022-07-21,0,1,standing_only,UFCI2201,NA
2,2022-07-21T00:00:00Z,2.14,NA,NA,NA,NA,NA,NA,NA,NA,NA,NA,NA,NA,NA,2022-07-21,0,1,standing_only,UFCI2201,NA
2,2022-07-21T00:00:00Z,2.09,NA,NA,NA,NA,NA,NA,NA,NA,NA,NA,NA,NA,NA,2022-07-21,0,1,standing_only,UFCI2201,NA
2,2022-07-21T00:00:00Z,2.12,NA,NA,NA,NA,NA,NA,NA,NA,NA,NA,NA,NA,NA,2022-07-21,0,1,standing_only,UFCI2201,NA
2,2022-07-21T00:00:00Z,2.2,NA,NA,NA,NA,NA,NA,NA,NA,NA,NA,NA,NA,NA,2022-07-21,0,1,standing_only,UFCI2201,NA
2,2022-07-21T00:00:00Z,2.04,NA,NA,NA,NA,NA,NA,NA,NA,NA,NA,NA,NA,NA,2022-07-21,0,1,standing_only,UFCI2201,NA
2,2022-07-21T00:00:00Z,2.9,NA,NA,NA,NA,NA,NA,NA,NA,NA,NA,NA,NA,NA,2022-07-21,0,1,standing_only,UFCI2201,NA
2,2022-07-21T00:00:00Z,2.23,NA,NA,NA,NA,NA,NA,NA,NA,NA,NA,NA,NA,NA,2022-07-21,0,1,standing_only,UFCI2201,NA
2,2022-07-21T00:00:00Z,1.86,NA,NA,NA,NA,NA,NA,NA,NA,NA,NA,NA,NA,NA,2022-07-21,0,1,standing_only,UFCI2201,NA
2,2022-07-21T00:00:00Z,1.89,NA,NA,NA,NA,NA,NA,NA,NA,NA,NA,NA,NA,NA,2022-07-21,0,1,standing_only,UFCI2201,NA
2,2022-07-21T00:00:00Z,1.71,NA,NA,NA,NA,NA,NA,NA,NA,NA,NA,NA,NA,NA,2022-07-21,0,1,standing_only,UFCI2201,NA
2,2022-07-21T00:00:00Z,1.36,NA,NA,NA,NA,NA,NA,NA,NA,NA,NA,NA,NA,NA,2022-07-21,0,1,standing_only,UFCI2201,NA
2,2022-07-21T00:00:00Z,2.3,NA,NA,NA,NA,NA,NA,NA,NA,NA,NA,NA,NA,NA,2022-07-21,0,1,standing_only,UFCI2201,NA
2,2022-07-21T00:00:00Z,1.91,NA,NA,NA,NA,NA,NA,NA,NA,NA,NA,NA,NA,NA,2022-07-21,0,1,standing_only,UFCI2201,NA
2,2022-07-21T00:00:00Z,2.25,NA,NA,NA,NA,NA,NA,NA,NA,NA,NA,NA,NA,NA,2022-07-21,0,1,standing_only,UFCI2201,NA
2,2022-07-21T00:00:00Z,1.81,NA,NA,NA,NA,NA,NA,NA,NA,NA,NA,NA,NA,NA,2022-07-21,0,1,standing_only,UFCI2201,NA
2,2022-07-21T00:00:00Z,1.87,NA,NA,NA,NA,NA,NA,NA,NA,NA,NA,NA,NA,NA,2022-07-21,0,1,standing_only,UFCI2201,NA
2,2022-07-21T00:00:00Z,1.91,NA,NA,NA,NA,NA,NA,NA,NA,NA,NA,NA,NA,NA,2022-07-21,0,1,standing_only,UFCI2201,NA
2,2022-07-21T00:00:00Z,1.14,NA,NA,NA,NA,NA,NA,NA,NA,NA,NA,NA,NA,NA,2022-07-21,0,1,standing_only,UFCI2201,NA
2,2022-07-21T00:00:00Z,1.74,NA,NA,NA,NA,NA,NA,NA,NA,NA,NA,NA,NA,NA,2022-07-21,0,1,standing_only,UFCI2201,NA
2,2022-07-21T00:00:00Z,1.57,NA,NA,NA,NA,NA,NA,NA,NA,NA,NA,NA,NA,NA,2022-07-21,0,1,standing_only,UFCI2201,NA
2,2022-07-21T00:00:00Z,1.58,NA,NA,NA,NA,NA,NA,NA,NA,NA,NA,NA,NA,NA,2022-07-21,0,1,standing_only,UFCI2201,NA
2,2022-07-21T00:00:00Z,2.2,NA,NA,NA,NA,NA,NA,NA,NA,NA,NA,NA,NA,NA,2022-07-21,0,1,standing_only,UFCI2201,NA
2,2022-07-21T00:00:00Z,2.08,NA,NA,NA,NA,NA,NA,NA,NA,NA,NA,NA,NA,NA,2022-07-21,0,1,standing_only,UFCI2201,NA
2,2022-07-21T00:00:00Z,1.9,NA,NA,NA,NA,NA,NA,NA,NA,NA,NA,NA,NA,NA,2022-07-21,0,1,standing_only,UFCI2201,NA
2,2022-07-21T00:00:00Z,1.93,NA,NA,NA,NA,NA,NA,NA,NA,NA,NA,NA,NA,NA,2022-07-21,0,1,standing_only,UFCI2201,NA
2,2022-07-21T00:00:00Z,2.2,NA,NA,NA,NA,NA,NA,NA,NA,NA,NA,NA,NA,NA,2022-07-21,0,1,standing_only,UFCI2201,NA
2,2022-07-21T00:00:00Z,2.03,NA,NA,NA,NA,NA,NA,NA,NA,NA,NA,NA,NA,NA,2022-07-21,0,1,standing_only,UFCI2201,NA
2,2022-07-21T00:00:00Z,NA,NA,NA,NA,NA,5400,NA,NA,NA,NA,NA,NA,NA,NA,2022-07-21,1,0,harvest_only,UFCI2201,NA
2,2022-07-21T00:00:00Z,NA,NA,NA,NA,NA,7426,NA,NA,NA,NA,NA,NA,NA,NA,2022-07-21,1,0,harvest_only,UFCI2201,NA
2,2022-07-21T00:00:00Z,NA,NA,NA,NA,NA,7534,NA,NA,NA,NA,NA,NA,NA,NA,2022-07-21,1,0,harvest_only,UFCI2201,NA
2,2022-07-21T00:00:00Z,NA,NA,NA,NA,NA,7041,NA,NA,NA,NA,NA,NA,NA,NA,2022-07-21,1,0,harvest_only,UFCI2201,NA
2,2022-07-21T00:00:00Z,1.12,0.24,2301,2225,12,4538,18,NA,NA,NA,NA,NA,214,NA,2022-07-21,5,3,mixed_harvest,UFCI2201,NA
2,2022-07-21T00:00:00Z,1.6,0.23,4702,4321,28,9051,22,NA,NA,NA,NA,NA,1710,NA,2022-07-21,5,3,mixed_harvest,UFCI2201,NA
2,2022-07-21T00:00:00Z,1.92,0.21,4022,1675,64.88,5762,16,NA,NA,NA,NA,NA,614,NA,2022-07-21,5,3,mixed_harvest,UFCI2201,NA
2,2022-07-21T00:00:00Z,2.12,0.34,3842,2874,NA,6716,21,NA,NA,NA,NA,NA,1222,NA,2022-07-21,4,3,mixed_harvest,UFCI2201,NA
2,2022-07-21T00:00:00Z,1.83,0.33,3676,1887,NA,5563,20,NA,NA,NA,NA,NA,1001,NA,2022-07-21,4,3,mixed_harvest,UFCI2201,NA
2,2022-07-21T00:00:00Z,1.98,0.28,4633,2156,NA,6789,16,NA,NA,NA,NA,NA,475,NA,2022-07-21,4,3,mixed_harvest,UFCI2201,NA
2,2022-07-21T00:00:00Z,1.38,0.27,2720,890.3,NA,3610,18,NA,NA,NA,NA,NA,382,NA,2022-07-21,4,3,mixed_harvest,UFCI2201,NA
2,2022-07-21T00:00:00Z,2.07,0.41,3910,1062,NA,4972,18,NA,NA,NA,NA,NA,607,NA,2022-07-21,4,3,mixed_harvest,UFCI2201,NA
2,2022-07-21T00:00:00Z,2.35,0.26,2485,253.6,NA,2738,24,NA,NA,NA,NA,NA,578,NA,2022-07-21,4,3,mixed_harvest,UFCI2201,NA
2,2022-07-21T00:00:00Z,2.38,0.24,4039,4211,NA,8250,15,NA,NA,NA,NA,NA,1593,NA,2022-07-21,4,3,mixed_harvest,UFCI2201,NA
2,2022-07-21T00:00:00Z,1.94,0.25,5444,1986,NA,7430,15,NA,NA,NA,NA,NA,848,NA,2022-07-21,4,3,mixed_harvest,UFCI2201,NA
2,2022-07-21T00:00:00Z,2.6,0.27,3521,2211,NA,5732,24,NA,NA,NA,NA,NA,1733,NA,2022-07-21,4,3,mixed_harvest,UFCI2201,NA
2,2022-07-28T00:00:00Z,1.95,0.28,4123,2681,NA,6804,21,NA,NA,NA,NA,NA,811,NA,2022-07-28,4,3,mixed_harvest,UFCI2201,NA
2,2022-07-28T00:00:00Z,1.98,0.26,3229,1738,NA,4967,18,NA,NA,NA,NA,NA,403,NA,2022-07-28,4,3,mixed_harvest,UFCI2201,NA
2,2022-07-28T00:00:00Z,1.93,0.24,4208,2305,NA,6513,20,NA,NA,NA,NA,NA,879,NA,2022-07-28,4,3,mixed_harvest,UFCI2201,NA
2,2022-07-28T00:00:00Z,1.97,0.41,6179,3742,NA,9921,24,NA,NA,NA,NA,NA,1789,NA,2022-07-28,4,3,mixed_harvest,UFCI2201,NA
2,2022-08-04T00:00:00Z,2.62,NA,NA,NA,NA,NA,NA,NA,NA,NA,NA,NA,NA,NA,2022-08-04,0,1,standing_only,UFCI2201,NA
2,2022-08-04T00:00:00Z,2.4,NA,NA,NA,NA,NA,NA,NA,NA,NA,NA,NA,NA,NA,2022-08-04,0,1,standing_only,UFCI2201,NA
2,2022-08-04T00:00:00Z,2.37,NA,NA,NA,NA,NA,NA,NA,NA,NA,NA,NA,NA,NA,2022-08-04,0,1,standing_only,UFCI2201,NA
2,2022-08-04T00:00:00Z,2.35,NA,NA,NA,NA,NA,NA,NA,NA,NA,NA,NA,NA,NA,2022-08-04,0,1,standing_only,UFCI2201,NA
2,2022-08-04T00:00:00Z,2.34,NA,NA,NA,NA,NA,NA,NA,NA,NA,NA,NA,NA,NA,2022-08-04,0,1,standing_only,UFCI2201,NA
2,2022-08-04T00:00:00Z,2.3,NA,NA,NA,NA,NA,NA,NA,NA,NA,NA,NA,NA,NA,2022-08-04,0,1,standing_only,UFCI2201,NA
2,2022-08-04T00:00:00Z,2.3,NA,NA,NA,NA,NA,NA,NA,NA,NA,NA,NA,NA,NA,2022-08-04,0,1,standing_only,UFCI2201,NA
2,2022-08-04T00:00:00Z,2.27,NA,NA,NA,NA,NA,NA,NA,NA,NA,NA,NA,NA,NA,2022-08-04,0,1,standing_only,UFCI2201,NA
2,2022-08-04T00:00:00Z,2.26,NA,NA,NA,NA,NA,NA,NA,NA,NA,NA,NA,NA,NA,2022-08-04,0,1,standing_only,UFCI2201,NA
2,2022-08-04T00:00:00Z,2.26,NA,NA,NA,NA,NA,NA,NA,NA,NA,NA,NA,NA,NA,2022-08-04,0,1,standing_only,UFCI2201,NA
2,2022-08-04T00:00:00Z,2.26,NA,NA,NA,NA,NA,NA,NA,NA,NA,NA,NA,NA,NA,2022-08-04,0,1,standing_only,UFCI2201,NA
2,2022-08-04T00:00:00Z,2.22,NA,NA,NA,NA,NA,NA,NA,NA,NA,NA,NA,NA,NA,2022-08-04,0,1,standing_only,UFCI2201,NA
2,2022-08-04T00:00:00Z,2.2,NA,NA,NA,NA,NA,NA,NA,NA,NA,NA,NA,NA,NA,2022-08-04,0,1,standing_only,UFCI2201,NA
2,2022-08-04T00:00:00Z,2.2,NA,NA,NA,NA,NA,NA,NA,NA,NA,NA,NA,NA,NA,2022-08-04,0,1,standing_only,UFCI2201,NA
2,2022-08-04T00:00:00Z,2.16,NA,NA,NA,NA,NA,NA,NA,NA,NA,NA,NA,NA,NA,2022-08-04,0,1,standing_only,UFCI2201,NA
2,2022-08-04T00:00:00Z,2.14,NA,NA,NA,NA,NA,NA,NA,NA,NA,NA,NA,NA,NA,2022-08-04,0,1,standing_only,UFCI2201,NA
2,2022-08-04T00:00:00Z,2.13,NA,NA,NA,NA,NA,NA,NA,NA,NA,NA,NA,NA,NA,2022-08-04,0,1,standing_only,UFCI2201,NA
2,2022-08-04T00:00:00Z,2.1,NA,NA,NA,NA,NA,NA,NA,NA,NA,NA,NA,NA,NA,2022-08-04,0,1,standing_only,UFCI2201,NA
2,2022-08-04T00:00:00Z,2.1,NA,NA,NA,NA,NA,NA,NA,NA,NA,NA,NA,NA,NA,2022-08-04,0,1,standing_only,UFCI2201,NA
2,2022-08-04T00:00:00Z,2.07,NA,NA,NA,NA,NA,NA,NA,NA,NA,NA,NA,NA,NA,2022-08-04,0,1,standing_only,UFCI2201,NA
2,2022-08-04T00:00:00Z,2.05,NA,NA,NA,NA,NA,NA,NA,NA,NA,NA,NA,NA,NA,2022-08-04,0,1,standing_only,UFCI2201,NA
2,2022-08-04T00:00:00Z,2.03,NA,NA,NA,NA,NA,NA,NA,NA,NA,NA,NA,NA,NA,2022-08-04,0,1,standing_only,UFCI2201,NA
2,2022-08-04T00:00:00Z,2.02,NA,NA,NA,NA,NA,NA,NA,NA,NA,NA,NA,NA,NA,2022-08-04,0,1,standing_only,UFCI2201,NA
2,2022-08-04T00:00:00Z,2,NA,NA,NA,NA,NA,NA,NA,NA,NA,NA,NA,NA,NA,2022-08-04,0,1,standing_only,UFCI2201,NA
2,2022-08-04T00:00:00Z,2,NA,NA,NA,NA,NA,NA,NA,NA,NA,NA,NA,NA,NA,2022-08-04,0,1,standing_only,UFCI2201,NA
2,2022-08-04T00:00:00Z,1.98,NA,NA,NA,NA,NA,NA,NA,NA,NA,NA,NA,NA,NA,2022-08-04,0,1,standing_only,UFCI2201,NA
2,2022-08-04T00:00:00Z,1.98,NA,NA,NA,NA,NA,NA,NA,NA,NA,NA,NA,NA,NA,2022-08-04,0,1,standing_only,UFCI2201,NA
2,2022-08-04T00:00:00Z,1.97,NA,NA,NA,NA,NA,NA,NA,NA,NA,NA,NA,NA,NA,2022-08-04,0,1,standing_only,UFCI2201,NA
2,2022-08-04T00:00:00Z,1.95,NA,NA,NA,NA,NA,NA,NA,NA,NA,NA,NA,NA,NA,2022-08-04,0,1,standing_only,UFCI2201,NA
2,2022-08-04T00:00:00Z,1.93,NA,NA,NA,NA,NA,NA,NA,NA,NA,NA,NA,NA,NA,2022-08-04,0,1,standing_only,UFCI2201,NA
2,2022-08-04T00:00:00Z,1.91,NA,NA,NA,NA,NA,NA,NA,NA,NA,NA,NA,NA,NA,2022-08-04,0,1,standing_only,UFCI2201,NA
2,2022-08-04T00:00:00Z,1.9,NA,NA,NA,NA,NA,NA,NA,NA,NA,NA,NA,NA,NA,2022-08-04,0,1,standing_only,UFCI2201,NA
2,2022-08-04T00:00:00Z,1.9,NA,NA,NA,NA,NA,NA,NA,NA,NA,NA,NA,NA,NA,2022-08-04,0,1,standing_only,UFCI2201,NA
2,2022-08-04T00:00:00Z,1.9,NA,NA,NA,NA,NA,NA,NA,NA,NA,NA,NA,NA,NA,2022-08-04,0,1,standing_only,UFCI2201,NA
2,2022-08-04T00:00:00Z,1.87,NA,NA,NA,NA,NA,NA,NA,NA,NA,NA,NA,NA,NA,2022-08-04,0,1,standing_only,UFCI2201,NA
2,2022-08-04T00:00:00Z,1.86,NA,NA,NA,NA,NA,NA,NA,NA,NA,NA,NA,NA,NA,2022-08-04,0,1,standing_only,UFCI2201,NA
2,2022-08-04T00:00:00Z,1.82,NA,NA,NA,NA,NA,NA,NA,NA,NA,NA,NA,NA,NA,2022-08-04,0,1,standing_only,UFCI2201,NA
2,2022-08-04T00:00:00Z,1.81,NA,NA,NA,NA,NA,NA,NA,NA,NA,NA,NA,NA,NA,2022-08-04,0,1,standing_only,UFCI2201,NA
2,2022-08-04T00:00:00Z,1.66,NA,NA,NA,NA,NA,NA,NA,NA,NA,NA,NA,NA,NA,2022-08-04,0,1,standing_only,UFCI2201,NA
2,2022-08-04T00:00:00Z,1.13,NA,NA,NA,NA,NA,NA,NA,NA,NA,NA,NA,NA,NA,2022-08-04,0,1,standing_only,UFCI2201,NA
2,2022-08-16T00:00:00Z,2.2,NA,NA,NA,NA,NA,NA,NA,NA,NA,NA,NA,NA,NA,2022-08-16,0,1,standing_only,UFCI2201,NA
2,2022-08-16T00:00:00Z,2.24,NA,NA,NA,NA,NA,NA,NA,NA,NA,NA,NA,NA,NA,2022-08-16,0,1,standing_only,UFCI2201,NA
2,2022-08-16T00:00:00Z,2.1,NA,NA,NA,NA,NA,NA,NA,NA,NA,NA,NA,NA,NA,2022-08-16,0,1,standing_only,UFCI2201,NA
2,2022-08-16T00:00:00Z,1.75,NA,NA,NA,NA,NA,NA,NA,NA,NA,NA,NA,NA,NA,2022-08-16,0,1,standing_only,UFCI2201,NA
2,2022-08-16T00:00:00Z,2.02,NA,NA,NA,NA,NA,NA,NA,NA,NA,NA,NA,NA,NA,2022-08-16,0,1,standing_only,UFCI2201,NA
2,2022-08-16T00:00:00Z,2,NA,NA,NA,NA,NA,NA,NA,NA,NA,NA,NA,NA,NA,2022-08-16,0,1,standing_only,UFCI2201,NA
2,2022-08-16T00:00:00Z,2.1,NA,NA,NA,NA,NA,NA,NA,NA,NA,NA,NA,NA,NA,2022-08-16,0,1,standing_only,UFCI2201,NA
2,2022-08-16T00:00:00Z,1.8,NA,NA,NA,95.05,NA,NA,NA,NA,NA,NA,NA,NA,NA,2022-08-16,1,1,mixed_harvest,UFCI2201,NA
2,2022-08-16T00:00:00Z,1.73,NA,NA,NA,208.8,NA,NA,NA,NA,NA,NA,NA,NA,NA,2022-08-16,1,1,mixed_harvest,UFCI2201,NA
2,2022-08-16T00:00:00Z,1.6,NA,NA,NA,44.43,NA,NA,NA,NA,NA,NA,NA,NA,NA,2022-08-16,1,1,mixed_harvest,UFCI2201,NA
2,2022-08-16T00:00:00Z,2.16,NA,NA,NA,84.76,NA,NA,NA,NA,NA,NA,NA,NA,NA,2022-08-16,1,1,mixed_harvest,UFCI2201,NA
2,2022-08-16T00:00:00Z,2.48,NA,NA,NA,44.33,NA,NA,NA,NA,NA,NA,NA,NA,NA,2022-08-16,1,1,mixed_harvest,UFCI2201,NA
2,2022-08-16T00:00:00Z,2.23,NA,NA,NA,385.6,NA,NA,NA,NA,NA,NA,NA,NA,NA,2022-08-16,1,1,mixed_harvest,UFCI2201,NA
2,2022-08-16T00:00:00Z,2.38,NA,NA,NA,48.26,NA,NA,NA,NA,NA,NA,NA,NA,NA,2022-08-16,1,1,mixed_harvest,UFCI2201,NA
2,2022-08-16T00:00:00Z,2.5,NA,NA,NA,365.9,NA,NA,NA,NA,NA,NA,NA,NA,NA,2022-08-16,1,1,mixed_harvest,UFCI2201,NA
2,2022-08-16T00:00:00Z,2.29,NA,NA,NA,297.7,NA,NA,NA,NA,NA,NA,NA,NA,NA,2022-08-16,1,1,mixed_harvest,UFCI2201,NA
2,2022-08-16T00:00:00Z,2.18,NA,NA,NA,205.4,NA,NA,NA,NA,NA,NA,NA,NA,NA,2022-08-16,1,1,mixed_harvest,UFCI2201,NA
2,2022-08-16T00:00:00Z,2.35,NA,NA,NA,178.5,NA,NA,NA,NA,NA,NA,NA,NA,NA,2022-08-16,1,1,mixed_harvest,UFCI2201,NA
2,2022-08-16T00:00:00Z,1.8,NA,NA,NA,77.86,NA,NA,NA,NA,NA,NA,NA,NA,NA,2022-08-16,1,1,mixed_harvest,UFCI2201,NA
2,2022-08-16T00:00:00Z,2.33,NA,NA,NA,311.1,NA,NA,NA,NA,NA,NA,NA,NA,NA,2022-08-16,1,1,mixed_harvest,UFCI2201,NA
2,2022-08-16T00:00:00Z,2.17,NA,NA,NA,230.9,NA,NA,NA,NA,NA,NA,NA,NA,NA,2022-08-16,1,1,mixed_harvest,UFCI2201,NA
2,2022-08-16T00:00:00Z,2.02,NA,NA,NA,361.5,NA,NA,NA,NA,NA,NA,NA,NA,NA,2022-08-16,1,1,mixed_harvest,UFCI2201,NA
2,2022-08-16T00:00:00Z,2.2,NA,NA,NA,73.86,NA,NA,NA,NA,NA,NA,NA,NA,NA,2022-08-16,1,1,mixed_harvest,UFCI2201,NA
2,2022-08-16T00:00:00Z,2.25,NA,NA,NA,430.2,NA,NA,NA,NA,NA,NA,NA,NA,NA,2022-08-16,1,1,mixed_harvest,UFCI2201,NA
2,2022-08-16T00:00:00Z,2.5,NA,NA,NA,NA,NA,NA,NA,NA,NA,NA,NA,NA,NA,2022-08-16,0,1,standing_only,UFCI2201,NA
2,2022-08-16T00:00:00Z,1.9,NA,NA,NA,NA,NA,NA,NA,NA,NA,NA,NA,NA,NA,2022-08-16,0,1,standing_only,UFCI2201,NA
2,2022-08-16T00:00:00Z,1.12,NA,NA,NA,NA,NA,NA,NA,NA,NA,NA,NA,NA,NA,2022-08-16,0,1,standing_only,UFCI2201,NA
2,2022-08-16T00:00:00Z,2.03,NA,NA,NA,NA,NA,NA,NA,NA,NA,NA,NA,NA,NA,2022-08-16,0,1,standing_only,UFCI2201,NA
2,2022-08-16T00:00:00Z,2.06,NA,NA,NA,NA,NA,NA,NA,NA,NA,NA,NA,NA,NA,2022-08-16,0,1,standing_only,UFCI2201,NA
2,2022-08-16T00:00:00Z,2,NA,NA,NA,NA,NA,NA,NA,NA,NA,NA,NA,NA,NA,2022-08-16,0,1,standing_only,UFCI2201,NA
2,2022-08-16T00:00:00Z,1.5,NA,NA,NA,NA,NA,NA,NA,NA,NA,NA,NA,NA,NA,2022-08-16,0,1,standing_only,UFCI2201,NA
2,2022-08-16T00:00:00Z,1.7,NA,NA,NA,NA,NA,NA,NA,NA,NA,NA,NA,NA,NA,2022-08-16,0,1,standing_only,UFCI2201,NA
2,2022-08-16T00:00:00Z,1.9,NA,NA,NA,NA,NA,NA,NA,NA,NA,NA,NA,NA,NA,2022-08-16,0,1,standing_only,UFCI2201,NA
2,2022-08-16T00:00:00Z,1.74,NA,NA,NA,NA,NA,NA,NA,NA,NA,NA,NA,NA,NA,2022-08-16,0,1,standing_only,UFCI2201,NA
2,2022-08-16T00:00:00Z,1.8,NA,NA,NA,NA,NA,NA,NA,NA,NA,NA,NA,NA,NA,2022-08-16,0,1,standing_only,UFCI2201,NA
2,2022-08-16T00:00:00Z,2.01,NA,NA,NA,NA,NA,NA,NA,NA,NA,NA,NA,NA,NA,2022-08-16,0,1,standing_only,UFCI2201,NA
2,2022-08-16T00:00:00Z,1.83,NA,NA,NA,NA,NA,NA,NA,NA,NA,NA,NA,NA,NA,2022-08-16,0,1,standing_only,UFCI2201,NA
2,2022-08-16T00:00:00Z,1.89,NA,NA,NA,NA,NA,NA,NA,NA,NA,NA,NA,NA,NA,2022-08-16,0,1,standing_only,UFCI2201,NA
2,2022-08-16T00:00:00Z,1.79,NA,NA,NA,NA,NA,NA,NA,NA,NA,NA,NA,NA,NA,2022-08-16,0,1,standing_only,UFCI2201,NA
2,2022-08-16T00:00:00Z,1.98,NA,NA,NA,NA,NA,NA,NA,NA,NA,NA,NA,NA,NA,2022-08-16,0,1,standing_only,UFCI2201,NA
2,2022-08-16T00:00:00Z,2.29,NA,5333,3044,210.7,8588,NA,NA,NA,NA,NA,NA,1213,NA,2022-08-16,5,1,mixed_harvest,UFCI2201,NA
2,2022-08-16T00:00:00Z,2.04,NA,3804,2804,207.9,6816,NA,NA,NA,NA,NA,NA,751.1,NA,2022-08-16,5,1,mixed_harvest,UFCI2201,NA
2,2022-08-16T00:00:00Z,2.53,NA,6191,4102,140.4,10433,NA,NA,NA,NA,NA,NA,840,NA,2022-08-16,5,1,mixed_harvest,UFCI2201,NA
2,2022-08-16T00:00:00Z,2.45,NA,3377,1973,281.2,5632,NA,NA,NA,NA,NA,NA,1084,NA,2022-08-16,5,1,mixed_harvest,UFCI2201,NA
2,2022-08-22T00:00:00Z,2.21,NA,5355,2048,NA,7403,NA,NA,NA,NA,NA,NA,1391,NA,2022-08-22,4,1,mixed_harvest,UFCI2201,NA
2,2022-08-22T00:00:00Z,2.16,NA,4671,2111,NA,6782,NA,NA,NA,NA,NA,NA,782.2,NA,2022-08-22,4,1,mixed_harvest,UFCI2201,NA
2,2022-08-22T00:00:00Z,1.89,NA,5760,2911,NA,8671,NA,NA,NA,NA,NA,NA,1426,NA,2022-08-22,4,1,mixed_harvest,UFCI2201,NA
2,2022-08-22T00:00:00Z,2.18,NA,3124,2697,NA,5822,NA,NA,NA,NA,NA,NA,853.3,NA,2022-08-22,4,1,mixed_harvest,UFCI2201,NA
2,2022-08-30T00:00:00Z,2.05,0.4,3960,1817,NA,5778,26,NA,NA,NA,NA,NA,NA,NA,2022-08-30,3,3,mixed_harvest,UFCI2201,NA
2,2022-08-30T00:00:00Z,1.85,0.47,5507,1210,NA,6718,20,NA,NA,NA,NA,NA,701.6,NA,2022-08-30,4,3,mixed_harvest,UFCI2201,NA
2,2022-08-30T00:00:00Z,1.95,0.41,5265,1956,NA,7221,19,NA,NA,NA,NA,NA,1148,NA,2022-08-30,4,3,mixed_harvest,UFCI2201,NA
2,2022-08-30T00:00:00Z,2.17,0.38,4838,1944,NA,6783,24,NA,NA,NA,NA,NA,NA,NA,2022-08-30,3,3,mixed_harvest,UFCI2201,NA
2,2022-08-30T00:00:00Z,2.25,0.46,4212,2927,NA,7140,22,NA,NA,NA,NA,NA,1027,NA,2022-08-30,4,3,mixed_harvest,UFCI2201,NA
2,2022-09-06T00:00:00Z,2.02,NA,NA,NA,NA,NA,NA,NA,NA,NA,NA,NA,NA,NA,2022-09-06,0,1,standing_only,UFCI2201,NA
2,2022-09-06T00:00:00Z,2.05,NA,NA,NA,NA,NA,NA,NA,NA,NA,NA,NA,NA,NA,2022-09-06,0,1,standing_only,UFCI2201,NA
2,2022-09-06T00:00:00Z,1.9,NA,NA,NA,NA,NA,NA,NA,NA,NA,NA,NA,NA,NA,2022-09-06,0,1,standing_only,UFCI2201,NA
2,2022-09-06T00:00:00Z,1.73,NA,NA,NA,NA,NA,NA,NA,NA,NA,NA,NA,NA,NA,2022-09-06,0,1,standing_only,UFCI2201,NA
2,2022-09-06T00:00:00Z,2.22,NA,NA,NA,NA,NA,NA,NA,NA,NA,NA,NA,NA,NA,2022-09-06,0,1,standing_only,UFCI2201,NA
2,2022-09-06T00:00:00Z,1.7,NA,NA,NA,NA,NA,NA,NA,NA,NA,NA,NA,NA,NA,2022-09-06,0,1,standing_only,UFCI2201,NA
2,2022-09-06T00:00:00Z,1.91,NA,NA,NA,NA,NA,NA,NA,NA,NA,NA,NA,NA,NA,2022-09-06,0,1,standing_only,UFCI2201,NA
2,2022-09-06T00:00:00Z,1.82,NA,NA,NA,NA,NA,NA,NA,NA,NA,NA,NA,NA,NA,2022-09-06,0,1,standing_only,UFCI2201,NA
2,2022-09-06T00:00:00Z,1.74,NA,NA,NA,NA,NA,NA,NA,NA,NA,NA,NA,NA,NA,2022-09-06,0,1,standing_only,UFCI2201,NA
2,2022-09-06T00:00:00Z,1.9,NA,NA,NA,NA,NA,NA,NA,NA,NA,NA,NA,NA,NA,2022-09-06,0,1,standing_only,UFCI2201,NA
2,2022-09-06T00:00:00Z,2.22,NA,NA,NA,NA,NA,NA,NA,NA,NA,NA,NA,NA,NA,2022-09-06,0,1,standing_only,UFCI2201,NA
2,2022-09-06T00:00:00Z,2.14,NA,NA,NA,NA,NA,NA,NA,NA,NA,NA,NA,NA,NA,2022-09-06,0,1,standing_only,UFCI2201,NA
2,2022-09-06T00:00:00Z,1.83,NA,NA,NA,NA,NA,NA,NA,NA,NA,NA,NA,NA,NA,2022-09-06,0,1,standing_only,UFCI2201,NA
2,2022-09-06T00:00:00Z,1.91,NA,NA,NA,NA,NA,NA,NA,NA,NA,NA,NA,NA,NA,2022-09-06,0,1,standing_only,UFCI2201,NA
2,2022-09-06T00:00:00Z,2.25,NA,NA,NA,NA,NA,NA,NA,NA,NA,NA,NA,NA,NA,2022-09-06,0,1,standing_only,UFCI2201,NA
2,2022-09-06T00:00:00Z,2.46,NA,NA,NA,NA,NA,NA,NA,NA,NA,NA,NA,NA,NA,2022-09-06,0,1,standing_only,UFCI2201,NA
2,2022-09-06T00:00:00Z,2.31,NA,NA,NA,NA,NA,NA,NA,NA,NA,NA,NA,NA,NA,2022-09-06,0,1,standing_only,UFCI2201,NA
2,2022-09-06T00:00:00Z,2.16,NA,NA,NA,NA,NA,NA,NA,NA,NA,NA,NA,NA,NA,2022-09-06,0,1,standing_only,UFCI2201,NA
2,2022-09-06T00:00:00Z,2.4,NA,NA,NA,NA,NA,NA,NA,NA,NA,NA,NA,NA,NA,2022-09-06,0,1,standing_only,UFCI2201,NA
2,2022-09-06T00:00:00Z,1.83,NA,NA,NA,NA,NA,NA,NA,NA,NA,NA,NA,NA,NA,2022-09-06,0,1,standing_only,UFCI2201,NA
2,2022-09-06T00:00:00Z,2.33,NA,NA,NA,NA,NA,NA,NA,NA,NA,NA,NA,NA,NA,2022-09-06,0,1,standing_only,UFCI2201,NA
2,2022-09-06T00:00:00Z,2.32,NA,NA,NA,NA,NA,NA,NA,NA,NA,NA,NA,NA,NA,2022-09-06,0,1,standing_only,UFCI2201,NA
2,2022-09-06T00:00:00Z,1.95,NA,NA,NA,NA,NA,NA,NA,NA,NA,NA,NA,NA,NA,2022-09-06,0,1,standing_only,UFCI2201,NA
2,2022-09-06T00:00:00Z,2.03,NA,NA,NA,NA,NA,NA,NA,NA,NA,NA,NA,NA,NA,2022-09-06,0,1,standing_only,UFCI2201,NA
2,2022-09-06T00:00:00Z,2.2,NA,NA,NA,NA,NA,NA,NA,NA,NA,NA,NA,NA,NA,2022-09-06,0,1,standing_only,UFCI2201,NA
2,2022-09-06T00:00:00Z,2,NA,NA,NA,NA,NA,NA,NA,NA,NA,NA,NA,NA,NA,2022-09-06,0,1,standing_only,UFCI2201,NA
2,2022-09-06T00:00:00Z,2.15,NA,NA,NA,NA,NA,NA,NA,NA,NA,NA,NA,NA,NA,2022-09-06,0,1,standing_only,UFCI2201,NA
2,2022-09-06T00:00:00Z,2.2,NA,NA,NA,NA,NA,NA,NA,NA,NA,NA,NA,NA,NA,2022-09-06,0,1,standing_only,UFCI2201,NA
2,2022-09-06T00:00:00Z,1.86,NA,NA,NA,NA,NA,NA,NA,NA,NA,NA,NA,NA,NA,2022-09-06,0,1,standing_only,UFCI2201,NA
2,2022-09-06T00:00:00Z,2.21,NA,NA,NA,NA,NA,NA,NA,NA,NA,NA,NA,NA,NA,2022-09-06,0,1,standing_only,UFCI2201,NA
2,2022-09-06T00:00:00Z,1.47,NA,NA,NA,NA,NA,NA,NA,NA,NA,NA,NA,NA,NA,2022-09-06,0,1,standing_only,UFCI2201,NA
2,2022-09-06T00:00:00Z,1.56,NA,NA,NA,NA,NA,NA,NA,NA,NA,NA,NA,NA,NA,2022-09-06,0,1,standing_only,UFCI2201,NA
2,2022-09-06T00:00:00Z,1.9,NA,NA,NA,NA,NA,NA,NA,NA,NA,NA,NA,NA,NA,2022-09-06,0,1,standing_only,UFCI2201,NA
2,2022-09-06T00:00:00Z,1.92,NA,NA,NA,NA,NA,NA,NA,NA,NA,NA,NA,NA,NA,2022-09-06,0,1,standing_only,UFCI2201,NA
2,2022-09-06T00:00:00Z,1.76,NA,NA,NA,NA,NA,NA,NA,NA,NA,NA,NA,NA,NA,2022-09-06,0,1,standing_only,UFCI2201,NA
2,2022-09-06T00:00:00Z,1.86,NA,NA,NA,NA,NA,NA,NA,NA,NA,NA,NA,NA,NA,2022-09-06,0,1,standing_only,UFCI2201,NA
2,2022-09-06T00:00:00Z,1.79,NA,NA,NA,NA,NA,NA,NA,NA,NA,NA,NA,NA,NA,2022-09-06,0,1,standing_only,UFCI2201,NA
2,2022-09-06T00:00:00Z,1.96,NA,NA,NA,NA,NA,NA,NA,NA,NA,NA,NA,NA,NA,2022-09-06,0,1,standing_only,UFCI2201,NA
2,2022-09-06T00:00:00Z,1.94,NA,NA,NA,NA,NA,NA,NA,NA,NA,NA,NA,NA,NA,2022-09-06,0,1,standing_only,UFCI2201,NA
2,2022-09-06T00:00:00Z,1.98,NA,NA,NA,NA,NA,NA,NA,NA,NA,NA,NA,NA,NA,2022-09-06,0,1,standing_only,UFCI2201,NA
2,2022-09-15T00:00:00Z,1.67,NA,NA,NA,NA,NA,NA,NA,NA,NA,NA,NA,NA,NA,2022-09-15,0,1,standing_only,UFCI2201,NA
2,2022-09-15T00:00:00Z,1.99,NA,NA,NA,NA,NA,NA,NA,NA,NA,NA,NA,NA,NA,2022-09-15,0,1,standing_only,UFCI2201,NA
2,2022-09-15T00:00:00Z,1.95,NA,NA,NA,NA,NA,NA,NA,NA,NA,NA,NA,NA,NA,2022-09-15,0,1,standing_only,UFCI2201,NA
2,2022-09-15T00:00:00Z,1.98,NA,NA,NA,NA,NA,NA,NA,NA,NA,NA,NA,NA,NA,2022-09-15,0,1,standing_only,UFCI2201,NA
2,2022-09-15T00:00:00Z,2.02,NA,NA,NA,NA,NA,NA,NA,NA,NA,NA,NA,NA,NA,2022-09-15,0,1,standing_only,UFCI2201,NA
2,2022-09-15T00:00:00Z,1.88,NA,NA,NA,NA,NA,NA,NA,NA,NA,NA,NA,NA,NA,2022-09-15,0,1,standing_only,UFCI2201,NA
2,2022-09-15T00:00:00Z,1.75,NA,NA,NA,NA,NA,NA,NA,NA,NA,NA,NA,NA,NA,2022-09-15,0,1,standing_only,UFCI2201,NA
2,2022-09-15T00:00:00Z,1.75,NA,NA,NA,NA,NA,NA,NA,NA,NA,NA,NA,NA,NA,2022-09-15,0,1,standing_only,UFCI2201,NA
2,2022-09-15T00:00:00Z,1.82,NA,NA,NA,NA,NA,NA,NA,NA,NA,NA,NA,NA,NA,2022-09-15,0,1,standing_only,UFCI2201,NA
2,2022-09-15T00:00:00Z,1.83,NA,NA,NA,NA,NA,NA,NA,NA,NA,NA,NA,NA,NA,2022-09-15,0,1,standing_only,UFCI2201,NA
2,2022-09-15T00:00:00Z,2.34,NA,NA,NA,NA,NA,NA,NA,NA,NA,NA,NA,NA,NA,2022-09-15,0,1,standing_only,UFCI2201,NA
2,2022-09-15T00:00:00Z,1.84,NA,NA,NA,NA,NA,NA,NA,NA,NA,NA,NA,NA,NA,2022-09-15,0,1,standing_only,UFCI2201,NA
2,2022-09-15T00:00:00Z,2.22,NA,NA,NA,NA,NA,NA,NA,NA,NA,NA,NA,NA,NA,2022-09-15,0,1,standing_only,UFCI2201,NA
2,2022-09-15T00:00:00Z,2.15,NA,NA,NA,NA,NA,NA,NA,NA,NA,NA,NA,NA,NA,2022-09-15,0,1,standing_only,UFCI2201,NA
2,2022-09-15T00:00:00Z,2.55,NA,NA,NA,NA,NA,NA,NA,NA,NA,NA,NA,NA,NA,2022-09-15,0,1,standing_only,UFCI2201,NA
2,2022-09-15T00:00:00Z,2.38,NA,NA,NA,NA,NA,NA,NA,NA,NA,NA,NA,NA,NA,2022-09-15,0,1,standing_only,UFCI2201,NA
2,2022-09-15T00:00:00Z,2.11,NA,NA,NA,NA,NA,NA,NA,NA,NA,NA,NA,NA,NA,2022-09-15,0,1,standing_only,UFCI2201,NA
2,2022-09-15T00:00:00Z,2.5,NA,NA,NA,NA,NA,NA,NA,NA,NA,NA,NA,NA,NA,2022-09-15,0,1,standing_only,UFCI2201,NA
2,2022-09-15T00:00:00Z,1.93,NA,NA,NA,NA,NA,NA,NA,NA,NA,NA,NA,NA,NA,2022-09-15,0,1,standing_only,UFCI2201,NA
2,2022-09-15T00:00:00Z,2.19,NA,NA,NA,NA,NA,NA,NA,NA,NA,NA,NA,NA,NA,2022-09-15,0,1,standing_only,UFCI2201,NA
2,2022-09-15T00:00:00Z,2.2,NA,NA,NA,NA,NA,NA,NA,NA,NA,NA,NA,NA,NA,2022-09-15,0,1,standing_only,UFCI2201,NA
2,2022-09-15T00:00:00Z,1.85,NA,NA,NA,NA,NA,NA,NA,NA,NA,NA,NA,NA,NA,2022-09-15,0,1,standing_only,UFCI2201,NA
2,2022-09-15T00:00:00Z,2.04,NA,NA,NA,NA,NA,NA,NA,NA,NA,NA,NA,NA,NA,2022-09-15,0,1,standing_only,UFCI2201,NA
2,2022-09-15T00:00:00Z,2.07,NA,NA,NA,NA,NA,NA,NA,NA,NA,NA,NA,NA,NA,2022-09-15,0,1,standing_only,UFCI2201,NA
2,2022-09-15T00:00:00Z,2.06,NA,NA,NA,NA,NA,NA,NA,NA,NA,NA,NA,NA,NA,2022-09-15,0,1,standing_only,UFCI2201,NA
2,2022-09-15T00:00:00Z,2.33,NA,NA,NA,NA,NA,NA,NA,NA,NA,NA,NA,NA,NA,2022-09-15,0,1,standing_only,UFCI2201,NA
2,2022-09-15T00:00:00Z,2.36,NA,NA,NA,NA,NA,NA,NA,NA,NA,NA,NA,NA,NA,2022-09-15,0,1,standing_only,UFCI2201,NA
2,2022-09-15T00:00:00Z,1.92,NA,NA,NA,NA,NA,NA,NA,NA,NA,NA,NA,NA,NA,2022-09-15,0,1,standing_only,UFCI2201,NA
2,2022-09-15T00:00:00Z,2.08,NA,NA,NA,NA,NA,NA,NA,NA,NA,NA,NA,NA,NA,2022-09-15,0,1,standing_only,UFCI2201,NA
2,2022-09-15T00:00:00Z,2.06,NA,NA,NA,NA,NA,NA,NA,NA,NA,NA,NA,NA,NA,2022-09-15,0,1,standing_only,UFCI2201,NA
2,2022-09-15T00:00:00Z,1.78,NA,NA,NA,NA,NA,NA,NA,NA,NA,NA,NA,NA,NA,2022-09-15,0,1,standing_only,UFCI2201,NA
2,2022-09-15T00:00:00Z,1.86,NA,NA,NA,NA,NA,NA,NA,NA,NA,NA,NA,NA,NA,2022-09-15,0,1,standing_only,UFCI2201,NA
2,2022-09-15T00:00:00Z,1.6,NA,NA,NA,NA,NA,NA,NA,NA,NA,NA,NA,NA,NA,2022-09-15,0,1,standing_only,UFCI2201,NA
2,2022-09-15T00:00:00Z,1.98,NA,NA,NA,NA,NA,NA,NA,NA,NA,NA,NA,NA,NA,2022-09-15,0,1,standing_only,UFCI2201,NA
2,2022-09-15T00:00:00Z,1.95,NA,NA,NA,NA,NA,NA,NA,NA,NA,NA,NA,NA,NA,2022-09-15,0,1,standing_only,UFCI2201,NA
2,2022-09-15T00:00:00Z,1.87,NA,NA,NA,NA,NA,NA,NA,NA,NA,NA,NA,NA,NA,2022-09-15,0,1,standing_only,UFCI2201,NA
2,2022-09-15T00:00:00Z,2.04,NA,NA,NA,NA,NA,NA,NA,NA,NA,NA,NA,NA,NA,2022-09-15,0,1,standing_only,UFCI2201,NA
2,2022-09-15T00:00:00Z,1.47,NA,NA,NA,NA,NA,NA,NA,NA,NA,NA,NA,NA,NA,2022-09-15,0,1,standing_only,UFCI2201,NA
2,2022-09-15T00:00:00Z,2,NA,NA,NA,NA,NA,NA,NA,NA,NA,NA,NA,NA,NA,2022-09-15,0,1,standing_only,UFCI2201,NA
2,2022-09-15T00:00:00Z,2.14,NA,NA,NA,NA,NA,NA,NA,NA,NA,NA,NA,NA,NA,2022-09-15,0,1,standing_only,UFCI2201,NA
2,2022-09-15T00:00:00Z,NA,NA,NA,NA,1027,7188,NA,NA,NA,NA,NA,NA,945.3,NA,2022-09-15,3,0,harvest_only,UFCI2201,NA
2,2022-09-15T00:00:00Z,NA,NA,NA,NA,983,6587,NA,NA,NA,NA,NA,NA,1124,NA,2022-09-15,3,0,harvest_only,UFCI2201,NA
2,2022-09-15T00:00:00Z,NA,NA,NA,NA,1038,4901,NA,NA,NA,NA,NA,NA,NA,NA,2022-09-15,2,0,harvest_only,UFCI2201,NA
2,2022-09-15T00:00:00Z,NA,NA,NA,NA,784,5767,NA,NA,NA,NA,NA,NA,771,NA,2022-09-15,3,0,harvest_only,UFCI2201,NA
3,2022-05-17T00:00:00Z,0.033,NA,NA,NA,NA,NA,NA,NA,NA,NA,NA,NA,NA,NA,2022-05-17,0,1,standing_only,UFCI2201,NA
3,2022-05-17T00:00:00Z,0.04,NA,NA,NA,NA,NA,NA,NA,NA,NA,NA,NA,NA,NA,2022-05-17,0,1,standing_only,UFCI2201,NA
3,2022-05-17T00:00:00Z,0.048,NA,NA,NA,NA,NA,NA,NA,NA,NA,NA,NA,NA,NA,2022-05-17,0,1,standing_only,UFCI2201,NA
3,2022-05-24T00:00:00Z,0.03,NA,NA,NA,NA,NA,NA,NA,NA,NA,NA,NA,NA,NA,2022-05-24,0,1,standing_only,UFCI2201,NA
3,2022-05-24T00:00:00Z,0.04,NA,NA,NA,NA,NA,NA,NA,NA,NA,NA,NA,NA,NA,2022-05-24,0,1,standing_only,UFCI2201,NA
3,2022-05-24T00:00:00Z,0.04,NA,NA,NA,NA,NA,NA,NA,NA,NA,NA,NA,NA,NA,2022-05-24,0,1,standing_only,UFCI2201,NA
3,2022-05-24T00:00:00Z,0.03,NA,NA,NA,NA,NA,NA,NA,NA,NA,NA,NA,NA,NA,2022-05-24,0,1,standing_only,UFCI2201,NA
3,2022-05-24T00:00:00Z,0.03,NA,NA,NA,NA,NA,NA,NA,NA,NA,NA,NA,NA,NA,2022-05-24,0,1,standing_only,UFCI2201,NA
3,2022-05-24T00:00:00Z,0.03,NA,NA,NA,NA,NA,NA,NA,NA,NA,NA,NA,NA,NA,2022-05-24,0,1,standing_only,UFCI2201,NA
3,2022-05-24T00:00:00Z,0.03,NA,NA,NA,NA,NA,NA,NA,NA,NA,NA,NA,NA,NA,2022-05-24,0,1,standing_only,UFCI2201,NA
3,2022-05-24T00:00:00Z,0.05,NA,NA,NA,NA,NA,NA,NA,NA,NA,NA,NA,NA,NA,2022-05-24,0,1,standing_only,UFCI2201,NA
3,2022-05-24T00:00:00Z,0.05,NA,NA,NA,NA,NA,NA,NA,NA,NA,NA,NA,NA,NA,2022-05-24,0,1,standing_only,UFCI2201,NA
3,2022-05-24T00:00:00Z,0.05,NA,NA,NA,NA,NA,NA,NA,NA,NA,NA,NA,NA,NA,2022-05-24,0,1,standing_only,UFCI2201,NA
3,2022-05-24T00:00:00Z,0.05,NA,NA,NA,NA,NA,NA,NA,NA,NA,NA,NA,NA,NA,2022-05-24,0,1,standing_only,UFCI2201,NA
3,2022-05-24T00:00:00Z,0.04,NA,NA,NA,NA,NA,NA,NA,NA,NA,NA,NA,NA,NA,2022-05-24,0,1,standing_only,UFCI2201,NA
3,2022-05-24T00:00:00Z,0.04,NA,NA,NA,NA,NA,NA,NA,NA,NA,NA,NA,NA,NA,2022-05-24,0,1,standing_only,UFCI2201,NA
3,2022-05-24T00:00:00Z,0.02,NA,NA,NA,NA,NA,NA,NA,NA,NA,NA,NA,NA,NA,2022-05-24,0,1,standing_only,UFCI2201,NA
3,2022-05-24T00:00:00Z,0.02,NA,NA,NA,NA,NA,NA,NA,NA,NA,NA,NA,NA,NA,2022-05-24,0,1,standing_only,UFCI2201,NA
3,2022-05-24T00:00:00Z,0.03,NA,NA,NA,NA,NA,NA,NA,NA,NA,NA,NA,NA,NA,2022-05-24,0,1,standing_only,UFCI2201,NA
3,2022-05-24T00:00:00Z,0.03,NA,NA,NA,NA,NA,NA,NA,NA,NA,NA,NA,NA,NA,2022-05-24,0,1,standing_only,UFCI2201,NA
3,2022-05-24T00:00:00Z,0.03,NA,NA,NA,NA,NA,NA,NA,NA,NA,NA,NA,NA,NA,2022-05-24,0,1,standing_only,UFCI2201,NA
3,2022-05-24T00:00:00Z,0.03,NA,NA,NA,NA,NA,NA,NA,NA,NA,NA,NA,NA,NA,2022-05-24,0,1,standing_only,UFCI2201,NA
3,2022-05-24T00:00:00Z,0.04,NA,NA,NA,NA,NA,NA,NA,NA,NA,NA,NA,NA,NA,2022-05-24,0,1,standing_only,UFCI2201,NA
3,2022-05-24T00:00:00Z,0.02,NA,NA,NA,NA,NA,NA,NA,NA,NA,NA,NA,NA,NA,2022-05-24,0,1,standing_only,UFCI2201,NA
3,2022-05-24T00:00:00Z,0.03,NA,NA,NA,NA,NA,NA,NA,NA,NA,NA,NA,NA,NA,2022-05-24,0,1,standing_only,UFCI2201,NA
3,2022-05-24T00:00:00Z,0.03,NA,NA,NA,NA,NA,NA,NA,NA,NA,NA,NA,NA,NA,2022-05-24,0,1,standing_only,UFCI2201,NA
3,2022-05-24T00:00:00Z,0.02,NA,NA,NA,NA,NA,NA,NA,NA,NA,NA,NA,NA,NA,2022-05-24,0,1,standing_only,UFCI2201,NA
3,2022-05-24T00:00:00Z,0.03,NA,NA,NA,NA,NA,NA,NA,NA,NA,NA,NA,NA,NA,2022-05-24,0,1,standing_only,UFCI2201,NA
3,2022-05-24T00:00:00Z,0.02,NA,NA,NA,NA,NA,NA,NA,NA,NA,NA,NA,NA,NA,2022-05-24,0,1,standing_only,UFCI2201,NA
3,2022-05-24T00:00:00Z,0.03,NA,NA,NA,NA,NA,NA,NA,NA,NA,NA,NA,NA,NA,2022-05-24,0,1,standing_only,UFCI2201,NA
3,2022-05-24T00:00:00Z,0.03,NA,NA,NA,NA,NA,NA,NA,NA,NA,NA,NA,NA,NA,2022-05-24,0,1,standing_only,UFCI2201,NA
3,2022-05-24T00:00:00Z,0.03,NA,NA,NA,NA,NA,NA,NA,NA,NA,NA,NA,NA,NA,2022-05-24,0,1,standing_only,UFCI2201,NA
3,2022-05-24T00:00:00Z,0.03,NA,NA,NA,NA,NA,NA,NA,NA,NA,NA,NA,NA,NA,2022-05-24,0,1,standing_only,UFCI2201,NA
3,2022-05-24T00:00:00Z,0.04,NA,NA,NA,NA,NA,NA,NA,NA,NA,NA,NA,NA,NA,2022-05-24,0,1,standing_only,UFCI2201,NA
3,2022-05-24T00:00:00Z,0.05,NA,NA,NA,NA,NA,NA,NA,NA,NA,NA,NA,NA,NA,2022-05-24,0,1,standing_only,UFCI2201,NA
3,2022-05-24T00:00:00Z,0.04,NA,NA,NA,NA,NA,NA,NA,NA,NA,NA,NA,NA,NA,2022-05-24,0,1,standing_only,UFCI2201,NA
3,2022-05-24T00:00:00Z,0.03,NA,NA,NA,NA,NA,NA,NA,NA,NA,NA,NA,NA,NA,2022-05-24,0,1,standing_only,UFCI2201,NA
3,2022-05-24T00:00:00Z,0.04,NA,NA,NA,NA,NA,NA,NA,NA,NA,NA,NA,NA,NA,2022-05-24,0,1,standing_only,UFCI2201,NA
3,2022-05-24T00:00:00Z,0.03,NA,NA,NA,NA,NA,NA,NA,NA,NA,NA,NA,NA,NA,2022-05-24,0,1,standing_only,UFCI2201,NA
3,2022-05-24T00:00:00Z,0.03,NA,NA,NA,NA,NA,NA,NA,NA,NA,NA,NA,NA,NA,2022-05-24,0,1,standing_only,UFCI2201,NA
3,2022-05-24T00:00:00Z,0.04,NA,NA,NA,NA,NA,NA,NA,NA,NA,NA,NA,NA,NA,2022-05-24,0,1,standing_only,UFCI2201,NA
3,2022-05-24T00:00:00Z,0.05,NA,NA,NA,NA,NA,NA,NA,NA,NA,NA,NA,NA,NA,2022-05-24,0,1,standing_only,UFCI2201,NA
3,2022-05-24T00:00:00Z,0.04,NA,NA,NA,NA,NA,NA,NA,NA,NA,NA,NA,NA,NA,2022-05-24,0,1,standing_only,UFCI2201,NA
3,2022-06-02T00:00:00Z,0.33,0.16,54,76,NA,130,10,NA,NA,NA,NA,NA,NA,NA,2022-06-02,3,3,mixed_harvest,UFCI2201,NA
3,2022-06-02T00:00:00Z,0.36,0.145,58,98,NA,156,10,NA,NA,NA,NA,NA,NA,NA,2022-06-02,3,3,mixed_harvest,UFCI2201,NA
3,2022-06-02T00:00:00Z,0.37,NA,NA,NA,NA,NA,8,NA,NA,NA,NA,NA,NA,NA,2022-06-02,0,2,standing_only,UFCI2201,NA
3,2022-06-02T00:00:00Z,0.29,0.17,30.2,28,NA,58.2,10,NA,NA,NA,NA,NA,NA,NA,2022-06-02,3,3,mixed_harvest,UFCI2201,NA
3,2022-06-02T00:00:00Z,0.26,0.11,46,44,NA,91.4,11,NA,NA,NA,NA,NA,NA,NA,2022-06-02,3,3,mixed_harvest,UFCI2201,NA
3,2022-06-02T00:00:00Z,0.33,NA,NA,NA,NA,NA,8,NA,NA,NA,NA,NA,NA,NA,2022-06-02,0,2,standing_only,UFCI2201,NA
3,2022-06-02T00:00:00Z,0.32,0.155,30,41.8,NA,71.8,8,NA,NA,NA,NA,NA,NA,NA,2022-06-02,3,3,mixed_harvest,UFCI2201,NA
3,2022-06-02T00:00:00Z,0.33,NA,NA,NA,NA,NA,7,NA,NA,NA,NA,NA,NA,NA,2022-06-02,0,2,standing_only,UFCI2201,NA
3,2022-06-02T00:00:00Z,0.32,0.155,48,76,NA,118,9,NA,NA,NA,NA,NA,NA,NA,2022-06-02,3,3,mixed_harvest,UFCI2201,NA
3,2022-06-07T00:00:00Z,0.31,NA,NA,NA,NA,NA,NA,NA,NA,NA,NA,NA,NA,NA,2022-06-07,0,1,standing_only,UFCI2201,NA
3,2022-06-07T00:00:00Z,0.11,NA,NA,NA,NA,NA,NA,NA,NA,NA,NA,NA,NA,NA,2022-06-07,0,1,standing_only,UFCI2201,NA
3,2022-06-07T00:00:00Z,0.19,NA,NA,NA,NA,NA,NA,NA,NA,NA,NA,NA,NA,NA,2022-06-07,0,1,standing_only,UFCI2201,NA
3,2022-06-07T00:00:00Z,0.15,NA,NA,NA,NA,NA,NA,NA,NA,NA,NA,NA,NA,NA,2022-06-07,0,1,standing_only,UFCI2201,NA
3,2022-06-07T00:00:00Z,0.2,NA,NA,NA,NA,NA,NA,NA,NA,NA,NA,NA,NA,NA,2022-06-07,0,1,standing_only,UFCI2201,NA
3,2022-06-07T00:00:00Z,0.17,NA,NA,NA,NA,NA,NA,NA,NA,NA,NA,NA,NA,NA,2022-06-07,0,1,standing_only,UFCI2201,NA
3,2022-06-07T00:00:00Z,0.21,NA,NA,NA,NA,NA,NA,NA,NA,NA,NA,NA,NA,NA,2022-06-07,0,1,standing_only,UFCI2201,NA
3,2022-06-07T00:00:00Z,0.22,NA,NA,NA,NA,NA,NA,NA,NA,NA,NA,NA,NA,NA,2022-06-07,0,1,standing_only,UFCI2201,NA
3,2022-06-07T00:00:00Z,0.09,NA,NA,NA,NA,NA,NA,NA,NA,NA,NA,NA,NA,NA,2022-06-07,0,1,standing_only,UFCI2201,NA
3,2022-06-07T00:00:00Z,0.16,NA,NA,NA,NA,NA,NA,NA,NA,NA,NA,NA,NA,NA,2022-06-07,0,1,standing_only,UFCI2201,NA
3,2022-06-07T00:00:00Z,0.23,NA,NA,NA,NA,NA,NA,NA,NA,NA,NA,NA,NA,NA,2022-06-07,0,1,standing_only,UFCI2201,NA
3,2022-06-07T00:00:00Z,0.24,NA,NA,NA,NA,NA,NA,NA,NA,NA,NA,NA,NA,NA,2022-06-07,0,1,standing_only,UFCI2201,NA
3,2022-06-07T00:00:00Z,0.07,NA,NA,NA,NA,NA,NA,NA,NA,NA,NA,NA,NA,NA,2022-06-07,0,1,standing_only,UFCI2201,NA
3,2022-06-07T00:00:00Z,0.11,NA,NA,NA,NA,NA,NA,NA,NA,NA,NA,NA,NA,NA,2022-06-07,0,1,standing_only,UFCI2201,NA
3,2022-06-07T00:00:00Z,0.1,NA,NA,NA,NA,NA,NA,NA,NA,NA,NA,NA,NA,NA,2022-06-07,0,1,standing_only,UFCI2201,NA
3,2022-06-07T00:00:00Z,0.09,NA,NA,NA,NA,NA,NA,NA,NA,NA,NA,NA,NA,NA,2022-06-07,0,1,standing_only,UFCI2201,NA
3,2022-06-07T00:00:00Z,0.09,NA,NA,NA,NA,NA,NA,NA,NA,NA,NA,NA,NA,NA,2022-06-07,0,1,standing_only,UFCI2201,NA
3,2022-06-07T00:00:00Z,0.12,NA,NA,NA,NA,NA,NA,NA,NA,NA,NA,NA,NA,NA,2022-06-07,0,1,standing_only,UFCI2201,NA
3,2022-06-07T00:00:00Z,0.17,NA,NA,NA,NA,NA,NA,NA,NA,NA,NA,NA,NA,NA,2022-06-07,0,1,standing_only,UFCI2201,NA
3,2022-06-07T00:00:00Z,0.12,NA,NA,NA,NA,NA,NA,NA,NA,NA,NA,NA,NA,NA,2022-06-07,0,1,standing_only,UFCI2201,NA
3,2022-06-07T00:00:00Z,0.16,NA,NA,NA,NA,NA,NA,NA,NA,NA,NA,NA,NA,NA,2022-06-07,0,1,standing_only,UFCI2201,NA
3,2022-06-07T00:00:00Z,0.16,NA,NA,NA,NA,NA,NA,NA,NA,NA,NA,NA,NA,NA,2022-06-07,0,1,standing_only,UFCI2201,NA
3,2022-06-07T00:00:00Z,0.08,NA,NA,NA,NA,NA,NA,NA,NA,NA,NA,NA,NA,NA,2022-06-07,0,1,standing_only,UFCI2201,NA
3,2022-06-07T00:00:00Z,0.08,NA,NA,NA,NA,NA,NA,NA,NA,NA,NA,NA,NA,NA,2022-06-07,0,1,standing_only,UFCI2201,NA
3,2022-06-07T00:00:00Z,0.12,NA,NA,NA,NA,NA,NA,NA,NA,NA,NA,NA,NA,NA,2022-06-07,0,1,standing_only,UFCI2201,NA
3,2022-06-07T00:00:00Z,0.15,NA,NA,NA,NA,NA,NA,NA,NA,NA,NA,NA,NA,NA,2022-06-07,0,1,standing_only,UFCI2201,NA
3,2022-06-07T00:00:00Z,0.16,NA,NA,NA,NA,NA,NA,NA,NA,NA,NA,NA,NA,NA,2022-06-07,0,1,standing_only,UFCI2201,NA
3,2022-06-07T00:00:00Z,0.15,NA,NA,NA,NA,NA,NA,NA,NA,NA,NA,NA,NA,NA,2022-06-07,0,1,standing_only,UFCI2201,NA
3,2022-06-07T00:00:00Z,0.11,NA,NA,NA,NA,NA,NA,NA,NA,NA,NA,NA,NA,NA,2022-06-07,0,1,standing_only,UFCI2201,NA
3,2022-06-07T00:00:00Z,0.1,NA,NA,NA,NA,NA,NA,NA,NA,NA,NA,NA,NA,NA,2022-06-07,0,1,standing_only,UFCI2201,NA
3,2022-06-07T00:00:00Z,0.44,NA,NA,NA,NA,NA,NA,NA,NA,NA,NA,NA,NA,NA,2022-06-07,0,1,standing_only,UFCI2201,NA
3,2022-06-07T00:00:00Z,0.38,NA,NA,NA,NA,NA,NA,NA,NA,NA,NA,NA,NA,NA,2022-06-07,0,1,standing_only,UFCI2201,NA
3,2022-06-07T00:00:00Z,0.13,NA,NA,NA,NA,NA,NA,NA,NA,NA,NA,NA,NA,NA,2022-06-07,0,1,standing_only,UFCI2201,NA
3,2022-06-07T00:00:00Z,0.21,NA,NA,NA,NA,NA,NA,NA,NA,NA,NA,NA,NA,NA,2022-06-07,0,1,standing_only,UFCI2201,NA
3,2022-06-07T00:00:00Z,0.16,NA,NA,NA,NA,NA,NA,NA,NA,NA,NA,NA,NA,NA,2022-06-07,0,1,standing_only,UFCI2201,NA
3,2022-06-07T00:00:00Z,0.2,NA,NA,NA,NA,NA,NA,NA,NA,NA,NA,NA,NA,NA,2022-06-07,0,1,standing_only,UFCI2201,NA
3,2022-06-07T00:00:00Z,0.08,NA,NA,NA,NA,NA,NA,NA,NA,NA,NA,NA,NA,NA,2022-06-07,0,1,standing_only,UFCI2201,NA
3,2022-06-07T00:00:00Z,0.22,NA,NA,NA,NA,NA,NA,NA,NA,NA,NA,NA,NA,NA,2022-06-07,0,1,standing_only,UFCI2201,NA
3,2022-06-07T00:00:00Z,0.05,NA,NA,NA,NA,NA,NA,NA,NA,NA,NA,NA,NA,NA,2022-06-07,0,1,standing_only,UFCI2201,NA
3,2022-06-07T00:00:00Z,0.12,NA,NA,NA,NA,NA,NA,NA,NA,NA,NA,NA,NA,NA,2022-06-07,0,1,standing_only,UFCI2201,NA
3,2022-06-21T00:00:00Z,0.31,NA,NA,NA,NA,NA,NA,NA,NA,NA,NA,NA,NA,NA,2022-06-21,0,1,standing_only,UFCI2201,NA
3,2022-06-21T00:00:00Z,0.15,NA,NA,NA,NA,NA,NA,NA,NA,NA,NA,NA,NA,NA,2022-06-21,0,1,standing_only,UFCI2201,NA
3,2022-06-21T00:00:00Z,0.32,NA,NA,NA,NA,NA,NA,NA,NA,NA,NA,NA,NA,NA,2022-06-21,0,1,standing_only,UFCI2201,NA
3,2022-06-21T00:00:00Z,0.47,NA,NA,NA,NA,NA,NA,NA,NA,NA,NA,NA,NA,NA,2022-06-21,0,1,standing_only,UFCI2201,NA
3,2022-06-21T00:00:00Z,0.59,NA,NA,NA,NA,NA,NA,NA,NA,NA,NA,NA,NA,NA,2022-06-21,0,1,standing_only,UFCI2201,NA
3,2022-06-21T00:00:00Z,0.42,NA,NA,NA,NA,NA,NA,NA,NA,NA,NA,NA,NA,NA,2022-06-21,0,1,standing_only,UFCI2201,NA
3,2022-06-21T00:00:00Z,0.43,NA,NA,NA,NA,NA,NA,NA,NA,NA,NA,NA,NA,NA,2022-06-21,0,1,standing_only,UFCI2201,NA
3,2022-06-21T00:00:00Z,0.35,NA,NA,NA,NA,NA,NA,NA,NA,NA,NA,NA,NA,NA,2022-06-21,0,1,standing_only,UFCI2201,NA
3,2022-06-21T00:00:00Z,0.18,NA,NA,NA,NA,NA,NA,NA,NA,NA,NA,NA,NA,NA,2022-06-21,0,1,standing_only,UFCI2201,NA
3,2022-06-21T00:00:00Z,0.24,NA,NA,NA,NA,NA,NA,NA,NA,NA,NA,NA,NA,NA,2022-06-21,0,1,standing_only,UFCI2201,NA
3,2022-06-21T00:00:00Z,0.16,NA,NA,NA,NA,NA,NA,NA,NA,NA,NA,NA,NA,NA,2022-06-21,0,1,standing_only,UFCI2201,NA
3,2022-06-21T00:00:00Z,0.23,NA,NA,NA,NA,NA,NA,NA,NA,NA,NA,NA,NA,NA,2022-06-21,0,1,standing_only,UFCI2201,NA
3,2022-06-21T00:00:00Z,0.22,NA,NA,NA,NA,NA,NA,NA,NA,NA,NA,NA,NA,NA,2022-06-21,0,1,standing_only,UFCI2201,NA
3,2022-06-21T00:00:00Z,0.2,NA,NA,NA,NA,NA,NA,NA,NA,NA,NA,NA,NA,NA,2022-06-21,0,1,standing_only,UFCI2201,NA
3,2022-06-21T00:00:00Z,0.33,NA,NA,NA,NA,NA,NA,NA,NA,NA,NA,NA,NA,NA,2022-06-21,0,1,standing_only,UFCI2201,NA
3,2022-06-21T00:00:00Z,0.36,NA,NA,NA,NA,NA,NA,NA,NA,NA,NA,NA,NA,NA,2022-06-21,0,1,standing_only,UFCI2201,NA
3,2022-06-21T00:00:00Z,0.46,NA,NA,NA,NA,NA,NA,NA,NA,NA,NA,NA,NA,NA,2022-06-21,0,1,standing_only,UFCI2201,NA
3,2022-06-21T00:00:00Z,0.48,NA,NA,NA,NA,NA,NA,NA,NA,NA,NA,NA,NA,NA,2022-06-21,0,1,standing_only,UFCI2201,NA
3,2022-06-21T00:00:00Z,0.24,NA,NA,NA,NA,NA,NA,NA,NA,NA,NA,NA,NA,NA,2022-06-21,0,1,standing_only,UFCI2201,NA
3,2022-06-21T00:00:00Z,0.14,NA,NA,NA,NA,NA,NA,NA,NA,NA,NA,NA,NA,NA,2022-06-21,0,1,standing_only,UFCI2201,NA
3,2022-06-21T00:00:00Z,0.32,NA,NA,NA,NA,NA,NA,NA,NA,NA,NA,NA,NA,NA,2022-06-21,0,1,standing_only,UFCI2201,NA
3,2022-06-21T00:00:00Z,0.3,NA,NA,NA,NA,NA,NA,NA,NA,NA,NA,NA,NA,NA,2022-06-21,0,1,standing_only,UFCI2201,NA
3,2022-06-21T00:00:00Z,0.27,NA,NA,NA,NA,NA,NA,NA,NA,NA,NA,NA,NA,NA,2022-06-21,0,1,standing_only,UFCI2201,NA
3,2022-06-21T00:00:00Z,0.29,NA,NA,NA,NA,NA,NA,NA,NA,NA,NA,NA,NA,NA,2022-06-21,0,1,standing_only,UFCI2201,NA
3,2022-06-21T00:00:00Z,0.37,NA,NA,NA,NA,NA,NA,NA,NA,NA,NA,NA,NA,NA,2022-06-21,0,1,standing_only,UFCI2201,NA
3,2022-06-21T00:00:00Z,0.21,NA,NA,NA,NA,NA,NA,NA,NA,NA,NA,NA,NA,NA,2022-06-21,0,1,standing_only,UFCI2201,NA
3,2022-06-21T00:00:00Z,0.54,NA,NA,NA,NA,NA,NA,NA,NA,NA,NA,NA,NA,NA,2022-06-21,0,1,standing_only,UFCI2201,NA
3,2022-06-21T00:00:00Z,0.5,NA,NA,NA,NA,NA,NA,NA,NA,NA,NA,NA,NA,NA,2022-06-21,0,1,standing_only,UFCI2201,NA
3,2022-06-21T00:00:00Z,0.43,NA,NA,NA,NA,NA,NA,NA,NA,NA,NA,NA,NA,NA,2022-06-21,0,1,standing_only,UFCI2201,NA
3,2022-06-21T00:00:00Z,0.35,NA,NA,NA,NA,NA,NA,NA,NA,NA,NA,NA,NA,NA,2022-06-21,0,1,standing_only,UFCI2201,NA
3,2022-06-21T00:00:00Z,0.64,NA,NA,NA,NA,NA,NA,NA,NA,NA,NA,NA,NA,NA,2022-06-21,0,1,standing_only,UFCI2201,NA
3,2022-06-21T00:00:00Z,0.62,NA,NA,NA,NA,NA,NA,NA,NA,NA,NA,NA,NA,NA,2022-06-21,0,1,standing_only,UFCI2201,NA
3,2022-06-21T00:00:00Z,0.37,NA,NA,NA,NA,NA,NA,NA,NA,NA,NA,NA,NA,NA,2022-06-21,0,1,standing_only,UFCI2201,NA
3,2022-06-21T00:00:00Z,0.4,NA,NA,NA,NA,NA,NA,NA,NA,NA,NA,NA,NA,NA,2022-06-21,0,1,standing_only,UFCI2201,NA
3,2022-06-21T00:00:00Z,0.35,NA,NA,NA,NA,NA,NA,NA,NA,NA,NA,NA,NA,NA,2022-06-21,0,1,standing_only,UFCI2201,NA
3,2022-06-21T00:00:00Z,0.45,NA,NA,NA,NA,NA,NA,NA,NA,NA,NA,NA,NA,NA,2022-06-21,0,1,standing_only,UFCI2201,NA
3,2022-06-21T00:00:00Z,0.62,NA,NA,NA,NA,NA,NA,NA,NA,NA,NA,NA,NA,NA,2022-06-21,0,1,standing_only,UFCI2201,NA
3,2022-06-21T00:00:00Z,0.51,NA,NA,NA,NA,NA,NA,NA,NA,NA,NA,NA,NA,NA,2022-06-21,0,1,standing_only,UFCI2201,NA
3,2022-06-21T00:00:00Z,0.34,NA,NA,NA,NA,NA,NA,NA,NA,NA,NA,NA,NA,NA,2022-06-21,0,1,standing_only,UFCI2201,NA
3,2022-06-21T00:00:00Z,0.14,NA,NA,NA,NA,NA,NA,NA,NA,NA,NA,NA,NA,NA,2022-06-21,0,1,standing_only,UFCI2201,NA
3,2022-06-21T00:00:00Z,NA,NA,NA,NA,NA,129.2,NA,NA,NA,NA,NA,NA,NA,NA,2022-06-21,1,0,harvest_only,UFCI2201,NA
3,2022-06-21T00:00:00Z,NA,NA,NA,NA,NA,305.2,NA,NA,NA,NA,NA,NA,NA,NA,2022-06-21,1,0,harvest_only,UFCI2201,NA
3,2022-06-21T00:00:00Z,NA,NA,NA,NA,NA,200.6,NA,NA,NA,NA,NA,NA,NA,NA,2022-06-21,1,0,harvest_only,UFCI2201,NA
3,2022-06-21T00:00:00Z,NA,NA,NA,NA,NA,125.9,NA,NA,NA,NA,NA,NA,NA,NA,2022-06-21,1,0,harvest_only,UFCI2201,NA
3,2022-06-24T00:00:00Z,NA,NA,102,116,NA,218,NA,NA,NA,NA,NA,NA,NA,NA,2022-06-24,3,0,harvest_only,UFCI2201,NA
3,2022-06-24T00:00:00Z,NA,NA,176,216,NA,392,NA,NA,NA,NA,NA,NA,NA,NA,2022-06-24,3,0,harvest_only,UFCI2201,NA
3,2022-06-24T00:00:00Z,NA,NA,164,168,NA,332,NA,NA,NA,NA,NA,NA,NA,NA,2022-06-24,3,0,harvest_only,UFCI2201,NA
3,2022-06-24T00:00:00Z,NA,NA,224,240,NA,464,NA,NA,NA,NA,NA,NA,NA,NA,2022-06-24,3,0,harvest_only,UFCI2201,NA
3,2022-06-24T00:00:00Z,NA,NA,56,128,NA,184,NA,NA,NA,NA,NA,NA,NA,NA,2022-06-24,3,0,harvest_only,UFCI2201,NA
3,2022-07-05T00:00:00Z,0.44,NA,NA,NA,NA,NA,NA,NA,NA,NA,NA,NA,NA,NA,2022-07-05,0,1,standing_only,UFCI2201,NA
3,2022-07-05T00:00:00Z,0.43,NA,NA,NA,NA,NA,NA,NA,NA,NA,NA,NA,NA,NA,2022-07-05,0,1,standing_only,UFCI2201,NA
3,2022-07-05T00:00:00Z,0.29,NA,NA,NA,NA,NA,NA,NA,NA,NA,NA,NA,NA,NA,2022-07-05,0,1,standing_only,UFCI2201,NA
3,2022-07-05T00:00:00Z,0.46,NA,NA,NA,NA,NA,NA,NA,NA,NA,NA,NA,NA,NA,2022-07-05,0,1,standing_only,UFCI2201,NA
3,2022-07-05T00:00:00Z,0.32,NA,NA,NA,NA,NA,NA,NA,NA,NA,NA,NA,NA,NA,2022-07-05,0,1,standing_only,UFCI2201,NA
3,2022-07-05T00:00:00Z,0.64,NA,NA,NA,NA,NA,NA,NA,NA,NA,NA,NA,NA,NA,2022-07-05,0,1,standing_only,UFCI2201,NA
3,2022-07-05T00:00:00Z,0.33,NA,NA,NA,NA,NA,NA,NA,NA,NA,NA,NA,NA,NA,2022-07-05,0,1,standing_only,UFCI2201,NA
3,2022-07-05T00:00:00Z,0.23,NA,NA,NA,NA,NA,NA,NA,NA,NA,NA,NA,NA,NA,2022-07-05,0,1,standing_only,UFCI2201,NA
3,2022-07-05T00:00:00Z,0.48,NA,NA,NA,NA,NA,NA,NA,NA,NA,NA,NA,NA,NA,2022-07-05,0,1,standing_only,UFCI2201,NA
3,2022-07-05T00:00:00Z,0.33,NA,NA,NA,NA,NA,NA,NA,NA,NA,NA,NA,NA,NA,2022-07-05,0,1,standing_only,UFCI2201,NA
3,2022-07-05T00:00:00Z,0.63,NA,NA,NA,NA,NA,NA,NA,NA,NA,NA,NA,NA,NA,2022-07-05,0,1,standing_only,UFCI2201,NA
3,2022-07-05T00:00:00Z,0.57,NA,NA,NA,NA,NA,NA,NA,NA,NA,NA,NA,NA,NA,2022-07-05,0,1,standing_only,UFCI2201,NA
3,2022-07-05T00:00:00Z,0.6,NA,NA,NA,NA,NA,NA,NA,NA,NA,NA,NA,NA,NA,2022-07-05,0,1,standing_only,UFCI2201,NA
3,2022-07-05T00:00:00Z,0.42,NA,NA,NA,NA,NA,NA,NA,NA,NA,NA,NA,NA,NA,2022-07-05,0,1,standing_only,UFCI2201,NA
3,2022-07-05T00:00:00Z,0.36,NA,NA,NA,NA,NA,NA,NA,NA,NA,NA,NA,NA,NA,2022-07-05,0,1,standing_only,UFCI2201,NA
3,2022-07-05T00:00:00Z,0.37,NA,NA,NA,NA,NA,NA,NA,NA,NA,NA,NA,NA,NA,2022-07-05,0,1,standing_only,UFCI2201,NA
3,2022-07-05T00:00:00Z,0.34,NA,NA,NA,NA,NA,NA,NA,NA,NA,NA,NA,NA,NA,2022-07-05,0,1,standing_only,UFCI2201,NA
3,2022-07-05T00:00:00Z,0.34,NA,NA,NA,NA,NA,NA,NA,NA,NA,NA,NA,NA,NA,2022-07-05,0,1,standing_only,UFCI2201,NA
3,2022-07-05T00:00:00Z,0.3,NA,NA,NA,NA,NA,NA,NA,NA,NA,NA,NA,NA,NA,2022-07-05,0,1,standing_only,UFCI2201,NA
3,2022-07-05T00:00:00Z,0.39,NA,NA,NA,NA,NA,NA,NA,NA,NA,NA,NA,NA,NA,2022-07-05,0,1,standing_only,UFCI2201,NA
3,2022-07-05T00:00:00Z,0.37,NA,NA,NA,NA,NA,NA,NA,NA,NA,NA,NA,NA,NA,2022-07-05,0,1,standing_only,UFCI2201,NA
3,2022-07-05T00:00:00Z,0.4,NA,NA,NA,NA,NA,NA,NA,NA,NA,NA,NA,NA,NA,2022-07-05,0,1,standing_only,UFCI2201,NA
3,2022-07-05T00:00:00Z,0.34,NA,NA,NA,NA,NA,NA,NA,NA,NA,NA,NA,NA,NA,2022-07-05,0,1,standing_only,UFCI2201,NA
3,2022-07-05T00:00:00Z,0.57,NA,NA,NA,NA,NA,NA,NA,NA,NA,NA,NA,NA,NA,2022-07-05,0,1,standing_only,UFCI2201,NA
3,2022-07-05T00:00:00Z,0.27,NA,NA,NA,NA,NA,NA,NA,NA,NA,NA,NA,NA,NA,2022-07-05,0,1,standing_only,UFCI2201,NA
3,2022-07-05T00:00:00Z,0.51,NA,NA,NA,NA,NA,NA,NA,NA,NA,NA,NA,NA,NA,2022-07-05,0,1,standing_only,UFCI2201,NA
3,2022-07-05T00:00:00Z,0.72,NA,NA,NA,NA,NA,NA,NA,NA,NA,NA,NA,NA,NA,2022-07-05,0,1,standing_only,UFCI2201,NA
3,2022-07-05T00:00:00Z,0.42,NA,NA,NA,NA,NA,NA,NA,NA,NA,NA,NA,NA,NA,2022-07-05,0,1,standing_only,UFCI2201,NA
3,2022-07-05T00:00:00Z,0.52,NA,NA,NA,NA,NA,NA,NA,NA,NA,NA,NA,NA,NA,2022-07-05,0,1,standing_only,UFCI2201,NA
3,2022-07-05T00:00:00Z,0.54,NA,NA,NA,NA,NA,NA,NA,NA,NA,NA,NA,NA,NA,2022-07-05,0,1,standing_only,UFCI2201,NA
3,2022-07-05T00:00:00Z,0.33,NA,NA,NA,NA,NA,NA,NA,NA,NA,NA,NA,NA,NA,2022-07-05,0,1,standing_only,UFCI2201,NA
3,2022-07-05T00:00:00Z,0.42,NA,NA,NA,NA,NA,NA,NA,NA,NA,NA,NA,NA,NA,2022-07-05,0,1,standing_only,UFCI2201,NA
3,2022-07-05T00:00:00Z,0.41,NA,NA,NA,NA,NA,NA,NA,NA,NA,NA,NA,NA,NA,2022-07-05,0,1,standing_only,UFCI2201,NA
3,2022-07-05T00:00:00Z,0.44,NA,NA,NA,NA,NA,NA,NA,NA,NA,NA,NA,NA,NA,2022-07-05,0,1,standing_only,UFCI2201,NA
3,2022-07-05T00:00:00Z,0.64,NA,NA,NA,NA,NA,NA,NA,NA,NA,NA,NA,NA,NA,2022-07-05,0,1,standing_only,UFCI2201,NA
3,2022-07-05T00:00:00Z,0.61,NA,NA,NA,NA,NA,NA,NA,NA,NA,NA,NA,NA,NA,2022-07-05,0,1,standing_only,UFCI2201,NA
3,2022-07-05T00:00:00Z,0.53,NA,NA,NA,NA,NA,NA,NA,NA,NA,NA,NA,NA,NA,2022-07-05,0,1,standing_only,UFCI2201,NA
3,2022-07-05T00:00:00Z,0.66,NA,NA,NA,NA,NA,NA,NA,NA,NA,NA,NA,NA,NA,2022-07-05,0,1,standing_only,UFCI2201,NA
3,2022-07-05T00:00:00Z,0.53,NA,NA,NA,NA,NA,NA,NA,NA,NA,NA,NA,NA,NA,2022-07-05,0,1,standing_only,UFCI2201,NA
3,2022-07-05T00:00:00Z,0.48,NA,NA,NA,NA,NA,NA,NA,NA,NA,NA,NA,NA,NA,2022-07-05,0,1,standing_only,UFCI2201,NA
3,2022-07-21T00:00:00Z,0.33,NA,NA,NA,NA,NA,NA,NA,NA,NA,NA,NA,NA,NA,2022-07-21,0,1,standing_only,UFCI2201,NA
3,2022-07-21T00:00:00Z,0.5,NA,NA,NA,NA,NA,NA,NA,NA,NA,NA,NA,NA,NA,2022-07-21,0,1,standing_only,UFCI2201,NA
3,2022-07-21T00:00:00Z,0.34,NA,NA,NA,NA,NA,NA,NA,NA,NA,NA,NA,NA,NA,2022-07-21,0,1,standing_only,UFCI2201,NA
3,2022-07-21T00:00:00Z,0.52,NA,NA,NA,NA,NA,NA,NA,NA,NA,NA,NA,NA,NA,2022-07-21,0,1,standing_only,UFCI2201,NA
3,2022-07-21T00:00:00Z,0.68,NA,NA,NA,NA,NA,NA,NA,NA,NA,NA,NA,NA,NA,2022-07-21,0,1,standing_only,UFCI2201,NA
3,2022-07-21T00:00:00Z,0.39,NA,NA,NA,NA,NA,NA,NA,NA,NA,NA,NA,NA,NA,2022-07-21,0,1,standing_only,UFCI2201,NA
3,2022-07-21T00:00:00Z,0.55,NA,NA,NA,NA,NA,NA,NA,NA,NA,NA,NA,NA,NA,2022-07-21,0,1,standing_only,UFCI2201,NA
3,2022-07-21T00:00:00Z,0.42,NA,NA,NA,NA,NA,NA,NA,NA,NA,NA,NA,NA,NA,2022-07-21,0,1,standing_only,UFCI2201,NA
3,2022-07-21T00:00:00Z,0.35,NA,NA,NA,NA,NA,NA,NA,NA,NA,NA,NA,NA,NA,2022-07-21,0,1,standing_only,UFCI2201,NA
3,2022-07-21T00:00:00Z,0.29,NA,NA,NA,NA,NA,NA,NA,NA,NA,NA,NA,NA,NA,2022-07-21,0,1,standing_only,UFCI2201,NA
3,2022-07-21T00:00:00Z,1.13,NA,NA,NA,NA,NA,NA,NA,NA,NA,NA,NA,NA,NA,2022-07-21,0,1,standing_only,UFCI2201,NA
3,2022-07-21T00:00:00Z,1.2,NA,NA,NA,NA,NA,NA,NA,NA,NA,NA,NA,NA,NA,2022-07-21,0,1,standing_only,UFCI2201,NA
3,2022-07-21T00:00:00Z,1.52,NA,NA,NA,NA,NA,NA,NA,NA,NA,NA,NA,NA,NA,2022-07-21,0,1,standing_only,UFCI2201,NA
3,2022-07-21T00:00:00Z,1.17,NA,NA,NA,NA,NA,NA,NA,NA,NA,NA,NA,NA,NA,2022-07-21,0,1,standing_only,UFCI2201,NA
3,2022-07-21T00:00:00Z,1.12,NA,NA,NA,NA,NA,NA,NA,NA,NA,NA,NA,NA,NA,2022-07-21,0,1,standing_only,UFCI2201,NA
3,2022-07-21T00:00:00Z,1.5,NA,NA,NA,NA,NA,NA,NA,NA,NA,NA,NA,NA,NA,2022-07-21,0,1,standing_only,UFCI2201,NA
3,2022-07-21T00:00:00Z,1.54,NA,NA,NA,NA,NA,NA,NA,NA,NA,NA,NA,NA,NA,2022-07-21,0,1,standing_only,UFCI2201,NA
3,2022-07-21T00:00:00Z,1.36,NA,NA,NA,NA,NA,NA,NA,NA,NA,NA,NA,NA,NA,2022-07-21,0,1,standing_only,UFCI2201,NA
3,2022-07-21T00:00:00Z,2,NA,NA,NA,NA,NA,NA,NA,NA,NA,NA,NA,NA,NA,2022-07-21,0,1,standing_only,UFCI2201,NA
3,2022-07-21T00:00:00Z,0.74,NA,NA,NA,NA,NA,NA,NA,NA,NA,NA,NA,NA,NA,2022-07-21,0,1,standing_only,UFCI2201,NA
3,2022-07-21T00:00:00Z,0.51,NA,NA,NA,NA,NA,NA,NA,NA,NA,NA,NA,NA,NA,2022-07-21,0,1,standing_only,UFCI2201,NA
3,2022-07-21T00:00:00Z,0.41,NA,NA,NA,NA,NA,NA,NA,NA,NA,NA,NA,NA,NA,2022-07-21,0,1,standing_only,UFCI2201,NA
3,2022-07-21T00:00:00Z,0.57,NA,NA,NA,NA,NA,NA,NA,NA,NA,NA,NA,NA,NA,2022-07-21,0,1,standing_only,UFCI2201,NA
3,2022-07-21T00:00:00Z,0.57,NA,NA,NA,NA,NA,NA,NA,NA,NA,NA,NA,NA,NA,2022-07-21,0,1,standing_only,UFCI2201,NA
3,2022-07-21T00:00:00Z,0.79,NA,NA,NA,NA,NA,NA,NA,NA,NA,NA,NA,NA,NA,2022-07-21,0,1,standing_only,UFCI2201,NA
3,2022-07-21T00:00:00Z,0.81,NA,NA,NA,NA,NA,NA,NA,NA,NA,NA,NA,NA,NA,2022-07-21,0,1,standing_only,UFCI2201,NA
3,2022-07-21T00:00:00Z,0.56,NA,NA,NA,NA,NA,NA,NA,NA,NA,NA,NA,NA,NA,2022-07-21,0,1,standing_only,UFCI2201,NA
3,2022-07-21T00:00:00Z,0.6,NA,NA,NA,NA,NA,NA,NA,NA,NA,NA,NA,NA,NA,2022-07-21,0,1,standing_only,UFCI2201,NA
3,2022-07-21T00:00:00Z,0.63,NA,NA,NA,NA,NA,NA,NA,NA,NA,NA,NA,NA,NA,2022-07-21,0,1,standing_only,UFCI2201,NA
3,2022-07-21T00:00:00Z,0.5,NA,NA,NA,NA,NA,NA,NA,NA,NA,NA,NA,NA,NA,2022-07-21,0,1,standing_only,UFCI2201,NA
3,2022-07-21T00:00:00Z,0.5,NA,NA,NA,NA,NA,NA,NA,NA,NA,NA,NA,NA,NA,2022-07-21,0,1,standing_only,UFCI2201,NA
3,2022-07-21T00:00:00Z,0.3,NA,NA,NA,NA,NA,NA,NA,NA,NA,NA,NA,NA,NA,2022-07-21,0,1,standing_only,UFCI2201,NA
3,2022-07-21T00:00:00Z,0.27,NA,NA,NA,NA,NA,NA,NA,NA,NA,NA,NA,NA,NA,2022-07-21,0,1,standing_only,UFCI2201,NA
3,2022-07-21T00:00:00Z,0.4,NA,NA,NA,NA,NA,NA,NA,NA,NA,NA,NA,NA,NA,2022-07-21,0,1,standing_only,UFCI2201,NA
3,2022-07-21T00:00:00Z,0.48,NA,NA,NA,NA,NA,NA,NA,NA,NA,NA,NA,NA,NA,2022-07-21,0,1,standing_only,UFCI2201,NA
3,2022-07-21T00:00:00Z,0.27,NA,NA,NA,NA,NA,NA,NA,NA,NA,NA,NA,NA,NA,2022-07-21,0,1,standing_only,UFCI2201,NA
3,2022-07-21T00:00:00Z,0.67,NA,NA,NA,NA,NA,NA,NA,NA,NA,NA,NA,NA,NA,2022-07-21,0,1,standing_only,UFCI2201,NA
3,2022-07-21T00:00:00Z,0.42,NA,NA,NA,NA,NA,NA,NA,NA,NA,NA,NA,NA,NA,2022-07-21,0,1,standing_only,UFCI2201,NA
3,2022-07-21T00:00:00Z,0.47,NA,NA,NA,NA,NA,NA,NA,NA,NA,NA,NA,NA,NA,2022-07-21,0,1,standing_only,UFCI2201,NA
3,2022-07-21T00:00:00Z,0.3,NA,NA,NA,NA,NA,NA,NA,NA,NA,NA,NA,NA,NA,2022-07-21,0,1,standing_only,UFCI2201,NA
3,2022-07-21T00:00:00Z,NA,NA,235.4,205.3,NA,440.7,NA,NA,NA,NA,NA,NA,NA,NA,2022-07-21,3,0,harvest_only,UFCI2201,NA
3,2022-07-21T00:00:00Z,NA,NA,404.7,215.8,NA,620.5,NA,NA,NA,NA,NA,NA,NA,NA,2022-07-21,3,0,harvest_only,UFCI2201,NA
3,2022-07-21T00:00:00Z,NA,NA,83.2,119.2,NA,202.4,NA,NA,NA,NA,NA,NA,NA,NA,2022-07-21,3,0,harvest_only,UFCI2201,NA
3,2022-07-21T00:00:00Z,NA,NA,202.4,123.2,NA,325.6,NA,NA,NA,NA,NA,NA,NA,NA,2022-07-21,3,0,harvest_only,UFCI2201,NA
3,2022-07-28T00:00:00Z,0.49,NA,NA,NA,NA,NA,NA,NA,NA,NA,NA,NA,NA,NA,2022-07-28,0,1,standing_only,UFCI2201,NA
3,2022-08-04T00:00:00Z,1.51,NA,NA,NA,NA,NA,NA,NA,NA,NA,NA,NA,NA,NA,2022-08-04,0,1,standing_only,UFCI2201,NA
3,2022-08-04T00:00:00Z,0.99,NA,NA,NA,NA,NA,NA,NA,NA,NA,NA,NA,NA,NA,2022-08-04,0,1,standing_only,UFCI2201,NA
3,2022-08-04T00:00:00Z,0.88,NA,NA,NA,NA,NA,NA,NA,NA,NA,NA,NA,NA,NA,2022-08-04,0,1,standing_only,UFCI2201,NA
3,2022-08-04T00:00:00Z,0.86,NA,NA,NA,NA,NA,NA,NA,NA,NA,NA,NA,NA,NA,2022-08-04,0,1,standing_only,UFCI2201,NA
3,2022-08-04T00:00:00Z,0.85,NA,NA,NA,NA,NA,NA,NA,NA,NA,NA,NA,NA,NA,2022-08-04,0,1,standing_only,UFCI2201,NA
3,2022-08-04T00:00:00Z,0.84,NA,NA,NA,NA,NA,NA,NA,NA,NA,NA,NA,NA,NA,2022-08-04,0,1,standing_only,UFCI2201,NA
3,2022-08-04T00:00:00Z,0.8,NA,NA,NA,NA,NA,NA,NA,NA,NA,NA,NA,NA,NA,2022-08-04,0,1,standing_only,UFCI2201,NA
3,2022-08-04T00:00:00Z,0.8,NA,NA,NA,NA,NA,NA,NA,NA,NA,NA,NA,NA,NA,2022-08-04,0,1,standing_only,UFCI2201,NA
3,2022-08-04T00:00:00Z,0.77,NA,NA,NA,NA,NA,NA,NA,NA,NA,NA,NA,NA,NA,2022-08-04,0,1,standing_only,UFCI2201,NA
3,2022-08-04T00:00:00Z,0.73,NA,NA,NA,NA,NA,NA,NA,NA,NA,NA,NA,NA,NA,2022-08-04,0,1,standing_only,UFCI2201,NA
3,2022-08-04T00:00:00Z,0.7,NA,NA,NA,NA,NA,NA,NA,NA,NA,NA,NA,NA,NA,2022-08-04,0,1,standing_only,UFCI2201,NA
3,2022-08-04T00:00:00Z,0.68,NA,NA,NA,NA,NA,NA,NA,NA,NA,NA,NA,NA,NA,2022-08-04,0,1,standing_only,UFCI2201,NA
3,2022-08-04T00:00:00Z,0.67,NA,NA,NA,NA,NA,NA,NA,NA,NA,NA,NA,NA,NA,2022-08-04,0,1,standing_only,UFCI2201,NA
3,2022-08-04T00:00:00Z,0.65,NA,NA,NA,NA,NA,NA,NA,NA,NA,NA,NA,NA,NA,2022-08-04,0,1,standing_only,UFCI2201,NA
3,2022-08-04T00:00:00Z,0.6,NA,NA,NA,NA,NA,NA,NA,NA,NA,NA,NA,NA,NA,2022-08-04,0,1,standing_only,UFCI2201,NA
3,2022-08-04T00:00:00Z,0.59,NA,NA,NA,NA,NA,NA,NA,NA,NA,NA,NA,NA,NA,2022-08-04,0,1,standing_only,UFCI2201,NA
3,2022-08-04T00:00:00Z,0.58,NA,NA,NA,NA,NA,NA,NA,NA,NA,NA,NA,NA,NA,2022-08-04,0,1,standing_only,UFCI2201,NA
3,2022-08-04T00:00:00Z,0.57,NA,NA,NA,NA,NA,NA,NA,NA,NA,NA,NA,NA,NA,2022-08-04,0,1,standing_only,UFCI2201,NA
3,2022-08-04T00:00:00Z,0.57,NA,NA,NA,NA,NA,NA,NA,NA,NA,NA,NA,NA,NA,2022-08-04,0,1,standing_only,UFCI2201,NA
3,2022-08-04T00:00:00Z,0.56,NA,NA,NA,NA,NA,NA,NA,NA,NA,NA,NA,NA,NA,2022-08-04,0,1,standing_only,UFCI2201,NA
3,2022-08-04T00:00:00Z,0.56,NA,NA,NA,NA,NA,NA,NA,NA,NA,NA,NA,NA,NA,2022-08-04,0,1,standing_only,UFCI2201,NA
3,2022-08-04T00:00:00Z,0.54,NA,NA,NA,NA,NA,NA,NA,NA,NA,NA,NA,NA,NA,2022-08-04,0,1,standing_only,UFCI2201,NA
3,2022-08-04T00:00:00Z,0.52,NA,NA,NA,NA,NA,NA,NA,NA,NA,NA,NA,NA,NA,2022-08-04,0,1,standing_only,UFCI2201,NA
3,2022-08-04T00:00:00Z,0.5,NA,NA,NA,NA,NA,NA,NA,NA,NA,NA,NA,NA,NA,2022-08-04,0,1,standing_only,UFCI2201,NA
3,2022-08-04T00:00:00Z,0.48,NA,NA,NA,NA,NA,NA,NA,NA,NA,NA,NA,NA,NA,2022-08-04,0,1,standing_only,UFCI2201,NA
3,2022-08-04T00:00:00Z,0.48,NA,NA,NA,NA,NA,NA,NA,NA,NA,NA,NA,NA,NA,2022-08-04,0,1,standing_only,UFCI2201,NA
3,2022-08-04T00:00:00Z,0.48,NA,NA,NA,NA,NA,NA,NA,NA,NA,NA,NA,NA,NA,2022-08-04,0,1,standing_only,UFCI2201,NA
3,2022-08-04T00:00:00Z,0.47,NA,NA,NA,NA,NA,NA,NA,NA,NA,NA,NA,NA,NA,2022-08-04,0,1,standing_only,UFCI2201,NA
3,2022-08-04T00:00:00Z,0.45,NA,NA,NA,NA,NA,NA,NA,NA,NA,NA,NA,NA,NA,2022-08-04,0,1,standing_only,UFCI2201,NA
3,2022-08-04T00:00:00Z,0.43,NA,NA,NA,NA,NA,NA,NA,NA,NA,NA,NA,NA,NA,2022-08-04,0,1,standing_only,UFCI2201,NA
3,2022-08-04T00:00:00Z,0.42,NA,NA,NA,NA,NA,NA,NA,NA,NA,NA,NA,NA,NA,2022-08-04,0,1,standing_only,UFCI2201,NA
3,2022-08-04T00:00:00Z,0.42,NA,NA,NA,NA,NA,NA,NA,NA,NA,NA,NA,NA,NA,2022-08-04,0,1,standing_only,UFCI2201,NA
3,2022-08-04T00:00:00Z,0.4,NA,NA,NA,NA,NA,NA,NA,NA,NA,NA,NA,NA,NA,2022-08-04,0,1,standing_only,UFCI2201,NA
3,2022-08-04T00:00:00Z,0.37,NA,NA,NA,NA,NA,NA,NA,NA,NA,NA,NA,NA,NA,2022-08-04,0,1,standing_only,UFCI2201,NA
3,2022-08-04T00:00:00Z,0.37,NA,NA,NA,NA,NA,NA,NA,NA,NA,NA,NA,NA,NA,2022-08-04,0,1,standing_only,UFCI2201,NA
3,2022-08-04T00:00:00Z,0.35,NA,NA,NA,NA,NA,NA,NA,NA,NA,NA,NA,NA,NA,2022-08-04,0,1,standing_only,UFCI2201,NA
3,2022-08-04T00:00:00Z,0.33,NA,NA,NA,NA,NA,NA,NA,NA,NA,NA,NA,NA,NA,2022-08-04,0,1,standing_only,UFCI2201,NA
3,2022-08-04T00:00:00Z,0.32,NA,NA,NA,NA,NA,NA,NA,NA,NA,NA,NA,NA,NA,2022-08-04,0,1,standing_only,UFCI2201,NA
3,2022-08-04T00:00:00Z,0.3,NA,NA,NA,NA,NA,NA,NA,NA,NA,NA,NA,NA,NA,2022-08-04,0,1,standing_only,UFCI2201,NA
3,2022-08-04T00:00:00Z,0.3,NA,NA,NA,NA,NA,NA,NA,NA,NA,NA,NA,NA,NA,2022-08-04,0,1,standing_only,UFCI2201,NA
3,2022-08-08T00:00:00Z,NA,NA,69.7,15.1,40.9,125.7,NA,NA,NA,NA,NA,NA,2.73,NA,2022-08-08,5,0,harvest_only,UFCI2201,NA
3,2022-08-08T00:00:00Z,NA,NA,94.3,62.4,122.9,289.6,NA,NA,NA,NA,NA,NA,13.6,NA,2022-08-08,5,0,harvest_only,UFCI2201,NA
3,2022-08-08T00:00:00Z,NA,NA,142.2,30,90.6,262.8,NA,NA,NA,NA,NA,NA,2.732,NA,2022-08-08,5,0,harvest_only,UFCI2201,NA
4,2022-05-24T00:00:00Z,0.04,NA,NA,NA,NA,NA,NA,NA,NA,NA,NA,NA,NA,NA,2022-05-24,0,1,standing_only,UFCI2201,NA
4,2022-05-24T00:00:00Z,0.02,NA,NA,NA,NA,NA,NA,NA,NA,NA,NA,NA,NA,NA,2022-05-24,0,1,standing_only,UFCI2201,NA
4,2022-05-24T00:00:00Z,0.04,NA,NA,NA,NA,NA,NA,NA,NA,NA,NA,NA,NA,NA,2022-05-24,0,1,standing_only,UFCI2201,NA
4,2022-05-24T00:00:00Z,0.06,NA,NA,NA,NA,NA,NA,NA,NA,NA,NA,NA,NA,NA,2022-05-24,0,1,standing_only,UFCI2201,NA
4,2022-05-24T00:00:00Z,0.09,NA,NA,NA,NA,NA,NA,NA,NA,NA,NA,NA,NA,NA,2022-05-24,0,1,standing_only,UFCI2201,NA
4,2022-05-24T00:00:00Z,0.08,NA,NA,NA,NA,NA,NA,NA,NA,NA,NA,NA,NA,NA,2022-05-24,0,1,standing_only,UFCI2201,NA
4,2022-05-24T00:00:00Z,0.05,NA,NA,NA,NA,NA,NA,NA,NA,NA,NA,NA,NA,NA,2022-05-24,0,1,standing_only,UFCI2201,NA
4,2022-05-24T00:00:00Z,0.04,NA,NA,NA,NA,NA,NA,NA,NA,NA,NA,NA,NA,NA,2022-05-24,0,1,standing_only,UFCI2201,NA
4,2022-05-24T00:00:00Z,0.05,NA,NA,NA,NA,NA,NA,NA,NA,NA,NA,NA,NA,NA,2022-05-24,0,1,standing_only,UFCI2201,NA
4,2022-05-24T00:00:00Z,0.06,NA,NA,NA,NA,NA,NA,NA,NA,NA,NA,NA,NA,NA,2022-05-24,0,1,standing_only,UFCI2201,NA
4,2022-05-24T00:00:00Z,0.04,NA,NA,NA,NA,NA,NA,NA,NA,NA,NA,NA,NA,NA,2022-05-24,0,1,standing_only,UFCI2201,NA
4,2022-05-24T00:00:00Z,0.06,NA,NA,NA,NA,NA,NA,NA,NA,NA,NA,NA,NA,NA,2022-05-24,0,1,standing_only,UFCI2201,NA
4,2022-05-24T00:00:00Z,0.04,NA,NA,NA,NA,NA,NA,NA,NA,NA,NA,NA,NA,NA,2022-05-24,0,1,standing_only,UFCI2201,NA
4,2022-05-24T00:00:00Z,0.04,NA,NA,NA,NA,NA,NA,NA,NA,NA,NA,NA,NA,NA,2022-05-24,0,1,standing_only,UFCI2201,NA
4,2022-05-24T00:00:00Z,0.03,NA,NA,NA,NA,NA,NA,NA,NA,NA,NA,NA,NA,NA,2022-05-24,0,1,standing_only,UFCI2201,NA
4,2022-05-24T00:00:00Z,0.04,NA,NA,NA,NA,NA,NA,NA,NA,NA,NA,NA,NA,NA,2022-05-24,0,1,standing_only,UFCI2201,NA
4,2022-05-24T00:00:00Z,0.03,NA,NA,NA,NA,NA,NA,NA,NA,NA,NA,NA,NA,NA,2022-05-24,0,1,standing_only,UFCI2201,NA
4,2022-05-24T00:00:00Z,0.03,NA,NA,NA,NA,NA,NA,NA,NA,NA,NA,NA,NA,NA,2022-05-24,0,1,standing_only,UFCI2201,NA
4,2022-05-24T00:00:00Z,0.03,NA,NA,NA,NA,NA,NA,NA,NA,NA,NA,NA,NA,NA,2022-05-24,0,1,standing_only,UFCI2201,NA
4,2022-05-24T00:00:00Z,0.03,NA,NA,NA,NA,NA,NA,NA,NA,NA,NA,NA,NA,NA,2022-05-24,0,1,standing_only,UFCI2201,NA
4,2022-05-24T00:00:00Z,0.03,NA,NA,NA,NA,NA,NA,NA,NA,NA,NA,NA,NA,NA,2022-05-24,0,1,standing_only,UFCI2201,NA
4,2022-05-24T00:00:00Z,0.05,NA,NA,NA,NA,NA,NA,NA,NA,NA,NA,NA,NA,NA,2022-05-24,0,1,standing_only,UFCI2201,NA
4,2022-05-24T00:00:00Z,0.04,NA,NA,NA,NA,NA,NA,NA,NA,NA,NA,NA,NA,NA,2022-05-24,0,1,standing_only,UFCI2201,NA
4,2022-05-24T00:00:00Z,0.05,NA,NA,NA,NA,NA,NA,NA,NA,NA,NA,NA,NA,NA,2022-05-24,0,1,standing_only,UFCI2201,NA
4,2022-05-24T00:00:00Z,0.03,NA,NA,NA,NA,NA,NA,NA,NA,NA,NA,NA,NA,NA,2022-05-24,0,1,standing_only,UFCI2201,NA
4,2022-05-24T00:00:00Z,0.03,NA,NA,NA,NA,NA,NA,NA,NA,NA,NA,NA,NA,NA,2022-05-24,0,1,standing_only,UFCI2201,NA
4,2022-05-24T00:00:00Z,0.05,NA,NA,NA,NA,NA,NA,NA,NA,NA,NA,NA,NA,NA,2022-05-24,0,1,standing_only,UFCI2201,NA
4,2022-05-24T00:00:00Z,0.03,NA,NA,NA,NA,NA,NA,NA,NA,NA,NA,NA,NA,NA,2022-05-24,0,1,standing_only,UFCI2201,NA
4,2022-05-24T00:00:00Z,0.02,NA,NA,NA,NA,NA,NA,NA,NA,NA,NA,NA,NA,NA,2022-05-24,0,1,standing_only,UFCI2201,NA
4,2022-05-24T00:00:00Z,0.03,NA,NA,NA,NA,NA,NA,NA,NA,NA,NA,NA,NA,NA,2022-05-24,0,1,standing_only,UFCI2201,NA
4,2022-05-24T00:00:00Z,0.07,NA,NA,NA,NA,NA,NA,NA,NA,NA,NA,NA,NA,NA,2022-05-24,0,1,standing_only,UFCI2201,NA
4,2022-05-24T00:00:00Z,0.08,NA,NA,NA,NA,NA,NA,NA,NA,NA,NA,NA,NA,NA,2022-05-24,0,1,standing_only,UFCI2201,NA
4,2022-05-24T00:00:00Z,0.06,NA,NA,NA,NA,NA,NA,NA,NA,NA,NA,NA,NA,NA,2022-05-24,0,1,standing_only,UFCI2201,NA
4,2022-05-24T00:00:00Z,0.08,NA,NA,NA,NA,NA,NA,NA,NA,NA,NA,NA,NA,NA,2022-05-24,0,1,standing_only,UFCI2201,NA
4,2022-05-24T00:00:00Z,0.07,NA,NA,NA,NA,NA,NA,NA,NA,NA,NA,NA,NA,NA,2022-05-24,0,1,standing_only,UFCI2201,NA
4,2022-05-24T00:00:00Z,0.06,NA,NA,NA,NA,NA,NA,NA,NA,NA,NA,NA,NA,NA,2022-05-24,0,1,standing_only,UFCI2201,NA
4,2022-05-24T00:00:00Z,0.05,NA,NA,NA,NA,NA,NA,NA,NA,NA,NA,NA,NA,NA,2022-05-24,0,1,standing_only,UFCI2201,NA
4,2022-05-24T00:00:00Z,0.04,NA,NA,NA,NA,NA,NA,NA,NA,NA,NA,NA,NA,NA,2022-05-24,0,1,standing_only,UFCI2201,NA
4,2022-05-24T00:00:00Z,0.04,NA,NA,NA,NA,NA,NA,NA,NA,NA,NA,NA,NA,NA,2022-05-24,0,1,standing_only,UFCI2201,NA
4,2022-05-24T00:00:00Z,0.06,NA,NA,NA,NA,NA,NA,NA,NA,NA,NA,NA,NA,NA,2022-05-24,0,1,standing_only,UFCI2201,NA
4,2022-05-24T00:00:00Z,0.04,NA,NA,NA,NA,NA,NA,NA,NA,NA,NA,NA,NA,NA,2022-05-24,0,1,standing_only,UFCI2201,NA
4,2022-05-24T00:00:00Z,0.04,NA,NA,NA,NA,NA,NA,NA,NA,NA,NA,NA,NA,NA,2022-05-24,0,1,standing_only,UFCI2201,NA
4,2022-05-24T00:00:00Z,0.02,NA,NA,NA,NA,NA,NA,NA,NA,NA,NA,NA,NA,NA,2022-05-24,0,1,standing_only,UFCI2201,NA
4,2022-05-24T00:00:00Z,0.05,NA,NA,NA,NA,NA,NA,NA,NA,NA,NA,NA,NA,NA,2022-05-24,0,1,standing_only,UFCI2201,NA
4,2022-05-24T00:00:00Z,0.03,NA,NA,NA,NA,NA,NA,NA,NA,NA,NA,NA,NA,NA,2022-05-24,0,1,standing_only,UFCI2201,NA
4,2022-05-24T00:00:00Z,0.03,NA,NA,NA,NA,NA,NA,NA,NA,NA,NA,NA,NA,NA,2022-05-24,0,1,standing_only,UFCI2201,NA
4,2022-05-24T00:00:00Z,0.04,NA,NA,NA,NA,NA,NA,NA,NA,NA,NA,NA,NA,NA,2022-05-24,0,1,standing_only,UFCI2201,NA
4,2022-05-24T00:00:00Z,0.03,NA,NA,NA,NA,NA,NA,NA,NA,NA,NA,NA,NA,NA,2022-05-24,0,1,standing_only,UFCI2201,NA
4,2022-05-24T00:00:00Z,0.05,NA,NA,NA,NA,NA,NA,NA,NA,NA,NA,NA,NA,NA,2022-05-24,0,1,standing_only,UFCI2201,NA
4,2022-05-24T00:00:00Z,0.03,NA,NA,NA,NA,NA,NA,NA,NA,NA,NA,NA,NA,NA,2022-05-24,0,1,standing_only,UFCI2201,NA
4,2022-06-07T00:00:00Z,0.57,NA,NA,NA,NA,NA,NA,NA,NA,NA,NA,NA,NA,NA,2022-06-07,0,1,standing_only,UFCI2201,NA
4,2022-06-07T00:00:00Z,0.55,NA,NA,NA,NA,NA,NA,NA,NA,NA,NA,NA,NA,NA,2022-06-07,0,1,standing_only,UFCI2201,NA
4,2022-06-07T00:00:00Z,0.53,NA,NA,NA,NA,NA,NA,NA,NA,NA,NA,NA,NA,NA,2022-06-07,0,1,standing_only,UFCI2201,NA
4,2022-06-07T00:00:00Z,0.32,NA,NA,NA,NA,NA,NA,NA,NA,NA,NA,NA,NA,NA,2022-06-07,0,1,standing_only,UFCI2201,NA
4,2022-06-07T00:00:00Z,0.39,NA,NA,NA,NA,NA,NA,NA,NA,NA,NA,NA,NA,NA,2022-06-07,0,1,standing_only,UFCI2201,NA
4,2022-06-07T00:00:00Z,0.4,NA,NA,NA,NA,NA,NA,NA,NA,NA,NA,NA,NA,NA,2022-06-07,0,1,standing_only,UFCI2201,NA
4,2022-06-07T00:00:00Z,0.5,NA,NA,NA,NA,NA,NA,NA,NA,NA,NA,NA,NA,NA,2022-06-07,0,1,standing_only,UFCI2201,NA
4,2022-06-07T00:00:00Z,0.36,NA,NA,NA,NA,NA,NA,NA,NA,NA,NA,NA,NA,NA,2022-06-07,0,1,standing_only,UFCI2201,NA
4,2022-06-07T00:00:00Z,0.42,NA,NA,NA,NA,NA,NA,NA,NA,NA,NA,NA,NA,NA,2022-06-07,0,1,standing_only,UFCI2201,NA
4,2022-06-07T00:00:00Z,0.37,NA,NA,NA,NA,NA,NA,NA,NA,NA,NA,NA,NA,NA,2022-06-07,0,1,standing_only,UFCI2201,NA
4,2022-06-07T00:00:00Z,0.48,NA,NA,NA,NA,NA,NA,NA,NA,NA,NA,NA,NA,NA,2022-06-07,0,1,standing_only,UFCI2201,NA
4,2022-06-07T00:00:00Z,0.47,NA,NA,NA,NA,NA,NA,NA,NA,NA,NA,NA,NA,NA,2022-06-07,0,1,standing_only,UFCI2201,NA
4,2022-06-07T00:00:00Z,0.27,NA,NA,NA,NA,NA,NA,NA,NA,NA,NA,NA,NA,NA,2022-06-07,0,1,standing_only,UFCI2201,NA
4,2022-06-07T00:00:00Z,0.2,NA,NA,NA,NA,NA,NA,NA,NA,NA,NA,NA,NA,NA,2022-06-07,0,1,standing_only,UFCI2201,NA
4,2022-06-07T00:00:00Z,0.3,NA,NA,NA,NA,NA,NA,NA,NA,NA,NA,NA,NA,NA,2022-06-07,0,1,standing_only,UFCI2201,NA
4,2022-06-07T00:00:00Z,0.35,NA,NA,NA,NA,NA,NA,NA,NA,NA,NA,NA,NA,NA,2022-06-07,0,1,standing_only,UFCI2201,NA
4,2022-06-07T00:00:00Z,0.28,NA,NA,NA,NA,NA,NA,NA,NA,NA,NA,NA,NA,NA,2022-06-07,0,1,standing_only,UFCI2201,NA
4,2022-06-07T00:00:00Z,0.28,NA,NA,NA,NA,NA,NA,NA,NA,NA,NA,NA,NA,NA,2022-06-07,0,1,standing_only,UFCI2201,NA
4,2022-06-07T00:00:00Z,0.41,NA,NA,NA,NA,NA,NA,NA,NA,NA,NA,NA,NA,NA,2022-06-07,0,1,standing_only,UFCI2201,NA
4,2022-06-07T00:00:00Z,0.43,NA,NA,NA,NA,NA,NA,NA,NA,NA,NA,NA,NA,NA,2022-06-07,0,1,standing_only,UFCI2201,NA
4,2022-06-07T00:00:00Z,0.53,NA,NA,NA,NA,NA,NA,NA,NA,NA,NA,NA,NA,NA,2022-06-07,0,1,standing_only,UFCI2201,NA
4,2022-06-07T00:00:00Z,0.5,NA,NA,NA,NA,NA,NA,NA,NA,NA,NA,NA,NA,NA,2022-06-07,0,1,standing_only,UFCI2201,NA
4,2022-06-07T00:00:00Z,0.14,NA,NA,NA,NA,NA,NA,NA,NA,NA,NA,NA,NA,NA,2022-06-07,0,1,standing_only,UFCI2201,NA
4,2022-06-07T00:00:00Z,0.17,NA,NA,NA,NA,NA,NA,NA,NA,NA,NA,NA,NA,NA,2022-06-07,0,1,standing_only,UFCI2201,NA
4,2022-06-07T00:00:00Z,0.3,NA,NA,NA,NA,NA,NA,NA,NA,NA,NA,NA,NA,NA,2022-06-07,0,1,standing_only,UFCI2201,NA
4,2022-06-07T00:00:00Z,0.27,NA,NA,NA,NA,NA,NA,NA,NA,NA,NA,NA,NA,NA,2022-06-07,0,1,standing_only,UFCI2201,NA
4,2022-06-07T00:00:00Z,0.31,NA,NA,NA,NA,NA,NA,NA,NA,NA,NA,NA,NA,NA,2022-06-07,0,1,standing_only,UFCI2201,NA
4,2022-06-07T00:00:00Z,0.46,NA,NA,NA,NA,NA,NA,NA,NA,NA,NA,NA,NA,NA,2022-06-07,0,1,standing_only,UFCI2201,NA
4,2022-06-07T00:00:00Z,0.29,NA,NA,NA,NA,NA,NA,NA,NA,NA,NA,NA,NA,NA,2022-06-07,0,1,standing_only,UFCI2201,NA
4,2022-06-07T00:00:00Z,0.3,NA,NA,NA,NA,NA,NA,NA,NA,NA,NA,NA,NA,NA,2022-06-07,0,1,standing_only,UFCI2201,NA
4,2022-06-07T00:00:00Z,0.74,NA,NA,NA,NA,NA,NA,NA,NA,NA,NA,NA,NA,NA,2022-06-07,0,1,standing_only,UFCI2201,NA
4,2022-06-07T00:00:00Z,0.58,NA,NA,NA,NA,NA,NA,NA,NA,NA,NA,NA,NA,NA,2022-06-07,0,1,standing_only,UFCI2201,NA
4,2022-06-07T00:00:00Z,0.15,NA,NA,NA,NA,NA,NA,NA,NA,NA,NA,NA,NA,NA,2022-06-07,0,1,standing_only,UFCI2201,NA
4,2022-06-07T00:00:00Z,0.2,NA,NA,NA,NA,NA,NA,NA,NA,NA,NA,NA,NA,NA,2022-06-07,0,1,standing_only,UFCI2201,NA
4,2022-06-07T00:00:00Z,0.31,NA,NA,NA,NA,NA,NA,NA,NA,NA,NA,NA,NA,NA,2022-06-07,0,1,standing_only,UFCI2201,NA
4,2022-06-07T00:00:00Z,0.36,NA,NA,NA,NA,NA,NA,NA,NA,NA,NA,NA,NA,NA,2022-06-07,0,1,standing_only,UFCI2201,NA
4,2022-06-07T00:00:00Z,0.5,NA,NA,NA,NA,NA,NA,NA,NA,NA,NA,NA,NA,NA,2022-06-07,0,1,standing_only,UFCI2201,NA
4,2022-06-07T00:00:00Z,0.32,NA,NA,NA,NA,NA,NA,NA,NA,NA,NA,NA,NA,NA,2022-06-07,0,1,standing_only,UFCI2201,NA
4,2022-06-07T00:00:00Z,0.53,NA,NA,NA,NA,NA,NA,NA,NA,NA,NA,NA,NA,NA,2022-06-07,0,1,standing_only,UFCI2201,NA
4,2022-06-07T00:00:00Z,0.38,NA,NA,NA,NA,NA,NA,NA,NA,NA,NA,NA,NA,NA,2022-06-07,0,1,standing_only,UFCI2201,NA
4,2022-06-07T00:00:00Z,0.36,NA,NA,NA,NA,NA,NA,NA,NA,NA,NA,NA,NA,NA,2022-06-07,0,1,standing_only,UFCI2201,NA
4,2022-06-07T00:00:00Z,0.4,NA,NA,NA,NA,NA,NA,NA,NA,NA,NA,NA,NA,NA,2022-06-07,0,1,standing_only,UFCI2201,NA
4,2022-06-07T00:00:00Z,0.16,NA,NA,NA,NA,NA,NA,NA,NA,NA,NA,NA,NA,NA,2022-06-07,0,1,standing_only,UFCI2201,NA
4,2022-06-07T00:00:00Z,0.18,NA,NA,NA,NA,NA,NA,NA,NA,NA,NA,NA,NA,NA,2022-06-07,0,1,standing_only,UFCI2201,NA
4,2022-06-07T00:00:00Z,0.34,NA,NA,NA,NA,NA,NA,NA,NA,NA,NA,NA,NA,NA,2022-06-07,0,1,standing_only,UFCI2201,NA
4,2022-06-07T00:00:00Z,0.2,NA,NA,NA,NA,NA,NA,NA,NA,NA,NA,NA,NA,NA,2022-06-07,0,1,standing_only,UFCI2201,NA
4,2022-06-07T00:00:00Z,0.2,NA,NA,NA,NA,NA,NA,NA,NA,NA,NA,NA,NA,NA,2022-06-07,0,1,standing_only,UFCI2201,NA
4,2022-06-07T00:00:00Z,0.27,NA,NA,NA,NA,NA,NA,NA,NA,NA,NA,NA,NA,NA,2022-06-07,0,1,standing_only,UFCI2201,NA
4,2022-06-07T00:00:00Z,0.35,NA,NA,NA,NA,NA,NA,NA,NA,NA,NA,NA,NA,NA,2022-06-07,0,1,standing_only,UFCI2201,NA
4,2022-06-07T00:00:00Z,0.23,NA,NA,NA,NA,NA,NA,NA,NA,NA,NA,NA,NA,NA,2022-06-07,0,1,standing_only,UFCI2201,NA
4,2022-06-08T00:00:00Z,NA,0.15,90.3,167.3,NA,257.6,7,NA,NA,NA,NA,NA,NA,NA,2022-06-08,3,2,mixed_harvest,UFCI2201,NA
4,2022-06-08T00:00:00Z,NA,0.13,139.7,191.3,NA,331,8,NA,NA,NA,NA,NA,NA,NA,2022-06-08,3,2,mixed_harvest,UFCI2201,NA
4,2022-06-08T00:00:00Z,NA,0.27,344.6,341.4,NA,686,9,NA,NA,NA,NA,NA,NA,NA,2022-06-08,3,2,mixed_harvest,UFCI2201,NA
4,2022-06-08T00:00:00Z,NA,0.24,346,170.6,NA,516,8,NA,NA,NA,NA,NA,NA,NA,2022-06-08,3,2,mixed_harvest,UFCI2201,NA
4,2022-06-08T00:00:00Z,NA,0.29,277.3,218,NA,579.3,10,NA,NA,NA,NA,NA,NA,NA,2022-06-08,3,2,mixed_harvest,UFCI2201,NA
4,2022-06-08T00:00:00Z,NA,0.33,295.7,334.3,NA,630,8,NA,NA,NA,NA,NA,NA,NA,2022-06-08,3,2,mixed_harvest,UFCI2201,NA
4,2022-06-08T00:00:00Z,0.91,0.17,392.6,580.6,NA,1028,10,NA,NA,NA,NA,NA,NA,NA,2022-06-08,3,3,mixed_harvest,UFCI2201,NA
4,2022-06-21T00:00:00Z,1.21,NA,NA,NA,NA,NA,NA,NA,NA,NA,NA,NA,NA,NA,2022-06-21,0,1,standing_only,UFCI2201,NA
4,2022-06-21T00:00:00Z,1.14,NA,NA,NA,NA,NA,NA,NA,NA,NA,NA,NA,NA,NA,2022-06-21,0,1,standing_only,UFCI2201,NA
4,2022-06-21T00:00:00Z,0.24,NA,NA,NA,NA,NA,NA,NA,NA,NA,NA,NA,NA,NA,2022-06-21,0,1,standing_only,UFCI2201,NA
4,2022-06-21T00:00:00Z,0.26,NA,NA,NA,NA,NA,NA,NA,NA,NA,NA,NA,NA,NA,2022-06-21,0,1,standing_only,UFCI2201,NA
4,2022-06-21T00:00:00Z,0.87,NA,NA,NA,NA,NA,NA,NA,NA,NA,NA,NA,NA,NA,2022-06-21,0,1,standing_only,UFCI2201,NA
4,2022-06-21T00:00:00Z,0.85,NA,NA,NA,NA,NA,NA,NA,NA,NA,NA,NA,NA,NA,2022-06-21,0,1,standing_only,UFCI2201,NA
4,2022-06-21T00:00:00Z,0.54,NA,NA,NA,NA,NA,NA,NA,NA,NA,NA,NA,NA,NA,2022-06-21,0,1,standing_only,UFCI2201,NA
4,2022-06-21T00:00:00Z,0.65,NA,NA,NA,NA,NA,NA,NA,NA,NA,NA,NA,NA,NA,2022-06-21,0,1,standing_only,UFCI2201,NA
4,2022-06-21T00:00:00Z,0.75,NA,NA,NA,NA,NA,NA,NA,NA,NA,NA,NA,NA,NA,2022-06-21,0,1,standing_only,UFCI2201,NA
4,2022-06-21T00:00:00Z,0.51,NA,NA,NA,NA,NA,NA,NA,NA,NA,NA,NA,NA,NA,2022-06-21,0,1,standing_only,UFCI2201,NA
4,2022-06-21T00:00:00Z,0.5,NA,NA,NA,NA,NA,NA,NA,NA,NA,NA,NA,NA,NA,2022-06-21,0,1,standing_only,UFCI2201,NA
4,2022-06-21T00:00:00Z,0.72,NA,NA,NA,NA,NA,NA,NA,NA,NA,NA,NA,NA,NA,2022-06-21,0,1,standing_only,UFCI2201,NA
4,2022-06-21T00:00:00Z,1.1,NA,NA,NA,NA,NA,NA,NA,NA,NA,NA,NA,NA,NA,2022-06-21,0,1,standing_only,UFCI2201,NA
4,2022-06-21T00:00:00Z,1.05,NA,NA,NA,NA,NA,NA,NA,NA,NA,NA,NA,NA,NA,2022-06-21,0,1,standing_only,UFCI2201,NA
4,2022-06-21T00:00:00Z,0.93,NA,NA,NA,NA,NA,NA,NA,NA,NA,NA,NA,NA,NA,2022-06-21,0,1,standing_only,UFCI2201,NA
4,2022-06-21T00:00:00Z,0.7,NA,NA,NA,NA,NA,NA,NA,NA,NA,NA,NA,NA,NA,2022-06-21,0,1,standing_only,UFCI2201,NA
4,2022-06-21T00:00:00Z,1.15,NA,NA,NA,NA,NA,NA,NA,NA,NA,NA,NA,NA,NA,2022-06-21,0,1,standing_only,UFCI2201,NA
4,2022-06-21T00:00:00Z,1.23,NA,NA,NA,NA,NA,NA,NA,NA,NA,NA,NA,NA,NA,2022-06-21,0,1,standing_only,UFCI2201,NA
4,2022-06-21T00:00:00Z,0.44,NA,NA,NA,NA,NA,NA,NA,NA,NA,NA,NA,NA,NA,2022-06-21,0,1,standing_only,UFCI2201,NA
4,2022-06-21T00:00:00Z,0.9,NA,NA,NA,NA,NA,NA,NA,NA,NA,NA,NA,NA,NA,2022-06-21,0,1,standing_only,UFCI2201,NA
4,2022-06-21T00:00:00Z,0.62,NA,NA,NA,NA,NA,NA,NA,NA,NA,NA,NA,NA,NA,2022-06-21,0,1,standing_only,UFCI2201,NA
4,2022-06-21T00:00:00Z,1,NA,NA,NA,NA,NA,NA,NA,NA,NA,NA,NA,NA,NA,2022-06-21,0,1,standing_only,UFCI2201,NA
4,2022-06-21T00:00:00Z,1.01,NA,NA,NA,NA,NA,NA,NA,NA,NA,NA,NA,NA,NA,2022-06-21,0,1,standing_only,UFCI2201,NA
4,2022-06-21T00:00:00Z,0.93,NA,NA,NA,NA,NA,NA,NA,NA,NA,NA,NA,NA,NA,2022-06-21,0,1,standing_only,UFCI2201,NA
4,2022-06-21T00:00:00Z,0.86,NA,NA,NA,NA,NA,NA,NA,NA,NA,NA,NA,NA,NA,2022-06-21,0,1,standing_only,UFCI2201,NA
4,2022-06-21T00:00:00Z,0.49,NA,NA,NA,NA,NA,NA,NA,NA,NA,NA,NA,NA,NA,2022-06-21,0,1,standing_only,UFCI2201,NA
4,2022-06-21T00:00:00Z,0.54,NA,NA,NA,NA,NA,NA,NA,NA,NA,NA,NA,NA,NA,2022-06-21,0,1,standing_only,UFCI2201,NA
4,2022-06-21T00:00:00Z,0.78,NA,NA,NA,NA,NA,NA,NA,NA,NA,NA,NA,NA,NA,2022-06-21,0,1,standing_only,UFCI2201,NA
4,2022-06-21T00:00:00Z,0.58,NA,NA,NA,NA,NA,NA,NA,NA,NA,NA,NA,NA,NA,2022-06-21,0,1,standing_only,UFCI2201,NA
4,2022-06-21T00:00:00Z,0.65,NA,NA,NA,NA,NA,NA,NA,NA,NA,NA,NA,NA,NA,2022-06-21,0,1,standing_only,UFCI2201,NA
4,2022-06-21T00:00:00Z,0.67,NA,NA,NA,NA,NA,NA,NA,NA,NA,NA,NA,NA,NA,2022-06-21,0,1,standing_only,UFCI2201,NA
4,2022-06-21T00:00:00Z,0.9,NA,NA,NA,NA,NA,NA,NA,NA,NA,NA,NA,NA,NA,2022-06-21,0,1,standing_only,UFCI2201,NA
4,2022-06-21T00:00:00Z,1.22,NA,NA,NA,NA,NA,NA,NA,NA,NA,NA,NA,NA,NA,2022-06-21,0,1,standing_only,UFCI2201,NA
4,2022-06-21T00:00:00Z,0.41,NA,NA,NA,NA,NA,NA,NA,NA,NA,NA,NA,NA,NA,2022-06-21,0,1,standing_only,UFCI2201,NA
4,2022-06-21T00:00:00Z,0.45,NA,NA,NA,NA,NA,NA,NA,NA,NA,NA,NA,NA,NA,2022-06-21,0,1,standing_only,UFCI2201,NA
4,2022-06-21T00:00:00Z,0.74,NA,NA,NA,NA,NA,NA,NA,NA,NA,NA,NA,NA,NA,2022-06-21,0,1,standing_only,UFCI2201,NA
4,2022-06-21T00:00:00Z,0.84,NA,NA,NA,NA,NA,NA,NA,NA,NA,NA,NA,NA,NA,2022-06-21,0,1,standing_only,UFCI2201,NA
4,2022-06-21T00:00:00Z,0.62,NA,NA,NA,NA,NA,NA,NA,NA,NA,NA,NA,NA,NA,2022-06-21,0,1,standing_only,UFCI2201,NA
4,2022-06-21T00:00:00Z,0.83,NA,NA,NA,NA,NA,NA,NA,NA,NA,NA,NA,NA,NA,2022-06-21,0,1,standing_only,UFCI2201,NA
4,2022-06-21T00:00:00Z,0.71,NA,NA,NA,NA,NA,NA,NA,NA,NA,NA,NA,NA,NA,2022-06-21,0,1,standing_only,UFCI2201,NA
4,2022-06-21T00:00:00Z,0.87,NA,NA,NA,NA,NA,NA,NA,NA,NA,NA,NA,NA,NA,2022-06-21,0,1,standing_only,UFCI2201,NA
4,2022-06-21T00:00:00Z,0.76,NA,NA,NA,NA,NA,NA,NA,NA,NA,NA,NA,NA,NA,2022-06-21,0,1,standing_only,UFCI2201,NA
4,2022-06-21T00:00:00Z,1.07,NA,NA,NA,NA,NA,NA,NA,NA,NA,NA,NA,NA,NA,2022-06-21,0,1,standing_only,UFCI2201,NA
4,2022-06-21T00:00:00Z,0.75,NA,NA,NA,NA,NA,NA,NA,NA,NA,NA,NA,NA,NA,2022-06-21,0,1,standing_only,UFCI2201,NA
4,2022-06-21T00:00:00Z,0.97,NA,NA,NA,NA,NA,NA,NA,NA,NA,NA,NA,NA,NA,2022-06-21,0,1,standing_only,UFCI2201,NA
4,2022-06-21T00:00:00Z,0.65,NA,NA,NA,NA,NA,NA,NA,NA,NA,NA,NA,NA,NA,2022-06-21,0,1,standing_only,UFCI2201,NA
4,2022-06-21T00:00:00Z,0.59,NA,NA,NA,NA,NA,NA,NA,NA,NA,NA,NA,NA,NA,2022-06-21,0,1,standing_only,UFCI2201,NA
4,2022-06-21T00:00:00Z,0.49,NA,NA,NA,NA,NA,NA,NA,NA,NA,NA,NA,NA,NA,2022-06-21,0,1,standing_only,UFCI2201,NA
4,2022-06-21T00:00:00Z,0.39,NA,NA,NA,NA,NA,NA,NA,NA,NA,NA,NA,NA,NA,2022-06-21,0,1,standing_only,UFCI2201,NA
4,2022-06-21T00:00:00Z,0.53,NA,NA,NA,NA,NA,NA,NA,NA,NA,NA,NA,NA,NA,2022-06-21,0,1,standing_only,UFCI2201,NA
4,2022-06-21T00:00:00Z,NA,NA,NA,NA,NA,1028,NA,NA,NA,NA,NA,NA,NA,NA,2022-06-21,1,0,harvest_only,UFCI2201,NA
4,2022-06-21T00:00:00Z,NA,NA,NA,NA,NA,1192,NA,NA,NA,NA,NA,NA,NA,NA,2022-06-21,1,0,harvest_only,UFCI2201,NA
4,2022-06-21T00:00:00Z,NA,NA,NA,NA,NA,972.9,NA,NA,NA,NA,NA,NA,NA,NA,2022-06-21,1,0,harvest_only,UFCI2201,NA
4,2022-06-21T00:00:00Z,NA,NA,NA,NA,NA,1215,NA,NA,NA,NA,NA,NA,NA,NA,2022-06-21,1,0,harvest_only,UFCI2201,NA
4,2022-06-21T00:00:00Z,NA,NA,NA,NA,NA,1170,NA,NA,NA,NA,NA,NA,NA,NA,2022-06-21,1,0,harvest_only,UFCI2201,NA
4,2022-06-21T00:00:00Z,0.6,0.23,286,284,15.8,585.8,14,NA,NA,NA,NA,NA,NA,NA,2022-06-21,4,3,mixed_harvest,UFCI2201,NA
4,2022-06-21T00:00:00Z,0.665,0.189,294,314,3.8,611.8,16,NA,NA,NA,NA,NA,NA,NA,2022-06-21,4,3,mixed_harvest,UFCI2201,NA
4,2022-06-21T00:00:00Z,0.66,0.21,340,420,11.6,771.6,15,NA,NA,NA,NA,NA,NA,NA,2022-06-21,4,3,mixed_harvest,UFCI2201,NA
4,2022-06-21T00:00:00Z,0.84,0.27,688,742,43.8,1473,NA,NA,NA,NA,NA,NA,NA,NA,2022-06-21,4,2,mixed_harvest,UFCI2201,NA
4,2022-06-21T00:00:00Z,0.85,0.249,754,602,82.8,1438,NA,NA,NA,NA,NA,NA,NA,NA,2022-06-21,4,2,mixed_harvest,UFCI2201,NA
4,2022-07-05T00:00:00Z,1.12,NA,NA,NA,NA,NA,NA,NA,NA,NA,NA,NA,NA,NA,2022-07-05,0,1,standing_only,UFCI2201,NA
4,2022-07-05T00:00:00Z,0.52,NA,NA,NA,NA,NA,NA,NA,NA,NA,NA,NA,NA,NA,2022-07-05,0,1,standing_only,UFCI2201,NA
4,2022-07-05T00:00:00Z,0.95,NA,NA,NA,NA,NA,NA,NA,NA,NA,NA,NA,NA,NA,2022-07-05,0,1,standing_only,UFCI2201,NA
4,2022-07-05T00:00:00Z,0.77,NA,NA,NA,NA,NA,NA,NA,NA,NA,NA,NA,NA,NA,2022-07-05,0,1,standing_only,UFCI2201,NA
4,2022-07-05T00:00:00Z,1.21,NA,NA,NA,NA,NA,NA,NA,NA,NA,NA,NA,NA,NA,2022-07-05,0,1,standing_only,UFCI2201,NA
4,2022-07-05T00:00:00Z,1.26,NA,NA,NA,NA,NA,NA,NA,NA,NA,NA,NA,NA,NA,2022-07-05,0,1,standing_only,UFCI2201,NA
4,2022-07-05T00:00:00Z,0.73,NA,NA,NA,NA,NA,NA,NA,NA,NA,NA,NA,NA,NA,2022-07-05,0,1,standing_only,UFCI2201,NA
4,2022-07-05T00:00:00Z,1.15,NA,NA,NA,NA,NA,NA,NA,NA,NA,NA,NA,NA,NA,2022-07-05,0,1,standing_only,UFCI2201,NA
4,2022-07-05T00:00:00Z,1.33,NA,NA,NA,NA,NA,NA,NA,NA,NA,NA,NA,NA,NA,2022-07-05,0,1,standing_only,UFCI2201,NA
4,2022-07-05T00:00:00Z,0.99,NA,NA,NA,NA,NA,NA,NA,NA,NA,NA,NA,NA,NA,2022-07-05,0,1,standing_only,UFCI2201,NA
4,2022-07-05T00:00:00Z,1.49,NA,NA,NA,NA,NA,NA,NA,NA,NA,NA,NA,NA,NA,2022-07-05,0,1,standing_only,UFCI2201,NA
4,2022-07-05T00:00:00Z,0.8,NA,NA,NA,NA,NA,NA,NA,NA,NA,NA,NA,NA,NA,2022-07-05,0,1,standing_only,UFCI2201,NA
4,2022-07-05T00:00:00Z,0.8,NA,NA,NA,NA,NA,NA,NA,NA,NA,NA,NA,NA,NA,2022-07-05,0,1,standing_only,UFCI2201,NA
4,2022-07-05T00:00:00Z,0.92,NA,NA,NA,NA,NA,NA,NA,NA,NA,NA,NA,NA,NA,2022-07-05,0,1,standing_only,UFCI2201,NA
4,2022-07-05T00:00:00Z,0.87,NA,NA,NA,NA,NA,NA,NA,NA,NA,NA,NA,NA,NA,2022-07-05,0,1,standing_only,UFCI2201,NA
4,2022-07-05T00:00:00Z,1.14,NA,NA,NA,NA,NA,NA,NA,NA,NA,NA,NA,NA,NA,2022-07-05,0,1,standing_only,UFCI2201,NA
4,2022-07-05T00:00:00Z,1.3,NA,NA,NA,NA,NA,NA,NA,NA,NA,NA,NA,NA,NA,2022-07-05,0,1,standing_only,UFCI2201,NA
4,2022-07-05T00:00:00Z,1.28,NA,NA,NA,NA,NA,NA,NA,NA,NA,NA,NA,NA,NA,2022-07-05,0,1,standing_only,UFCI2201,NA
4,2022-07-05T00:00:00Z,0.87,NA,NA,NA,NA,NA,NA,NA,NA,NA,NA,NA,NA,NA,2022-07-05,0,1,standing_only,UFCI2201,NA
4,2022-07-05T00:00:00Z,0.59,NA,NA,NA,NA,NA,NA,NA,NA,NA,NA,NA,NA,NA,2022-07-05,0,1,standing_only,UFCI2201,NA
4,2022-07-05T00:00:00Z,0.82,NA,NA,NA,NA,NA,NA,NA,NA,NA,NA,NA,NA,NA,2022-07-05,0,1,standing_only,UFCI2201,NA
4,2022-07-05T00:00:00Z,0.6,NA,NA,NA,NA,NA,NA,NA,NA,NA,NA,NA,NA,NA,2022-07-05,0,1,standing_only,UFCI2201,NA
4,2022-07-05T00:00:00Z,0.62,NA,NA,NA,NA,NA,NA,NA,NA,NA,NA,NA,NA,NA,2022-07-05,0,1,standing_only,UFCI2201,NA
4,2022-07-05T00:00:00Z,0.81,NA,NA,NA,NA,NA,NA,NA,NA,NA,NA,NA,NA,NA,2022-07-05,0,1,standing_only,UFCI2201,NA
4,2022-07-05T00:00:00Z,1.02,NA,NA,NA,NA,NA,NA,NA,NA,NA,NA,NA,NA,NA,2022-07-05,0,1,standing_only,UFCI2201,NA
4,2022-07-05T00:00:00Z,0.67,NA,NA,NA,NA,NA,NA,NA,NA,NA,NA,NA,NA,NA,2022-07-05,0,1,standing_only,UFCI2201,NA
4,2022-07-05T00:00:00Z,0.51,NA,NA,NA,NA,NA,NA,NA,NA,NA,NA,NA,NA,NA,2022-07-05,0,1,standing_only,UFCI2201,NA
4,2022-07-05T00:00:00Z,1.24,NA,NA,NA,NA,NA,NA,NA,NA,NA,NA,NA,NA,NA,2022-07-05,0,1,standing_only,UFCI2201,NA
4,2022-07-05T00:00:00Z,1.04,NA,NA,NA,NA,NA,NA,NA,NA,NA,NA,NA,NA,NA,2022-07-05,0,1,standing_only,UFCI2201,NA
4,2022-07-05T00:00:00Z,0.42,NA,NA,NA,NA,NA,NA,NA,NA,NA,NA,NA,NA,NA,2022-07-05,0,1,standing_only,UFCI2201,NA
4,2022-07-05T00:00:00Z,0.54,NA,NA,NA,NA,NA,NA,NA,NA,NA,NA,NA,NA,NA,2022-07-05,0,1,standing_only,UFCI2201,NA
4,2022-07-05T00:00:00Z,0.85,NA,NA,NA,NA,NA,NA,NA,NA,NA,NA,NA,NA,NA,2022-07-05,0,1,standing_only,UFCI2201,NA
4,2022-07-05T00:00:00Z,0.92,NA,NA,NA,NA,NA,NA,NA,NA,NA,NA,NA,NA,NA,2022-07-05,0,1,standing_only,UFCI2201,NA
4,2022-07-05T00:00:00Z,0.72,NA,NA,NA,NA,NA,NA,NA,NA,NA,NA,NA,NA,NA,2022-07-05,0,1,standing_only,UFCI2201,NA
4,2022-07-05T00:00:00Z,0.61,NA,NA,NA,NA,NA,NA,NA,NA,NA,NA,NA,NA,NA,2022-07-05,0,1,standing_only,UFCI2201,NA
4,2022-07-05T00:00:00Z,1.08,NA,NA,NA,NA,NA,NA,NA,NA,NA,NA,NA,NA,NA,2022-07-05,0,1,standing_only,UFCI2201,NA
4,2022-07-05T00:00:00Z,0.67,NA,NA,NA,NA,NA,NA,NA,NA,NA,NA,NA,NA,NA,2022-07-05,0,1,standing_only,UFCI2201,NA
4,2022-07-05T00:00:00Z,1.26,NA,NA,NA,NA,NA,NA,NA,NA,NA,NA,NA,NA,NA,2022-07-05,0,1,standing_only,UFCI2201,NA
4,2022-07-05T00:00:00Z,0.41,NA,NA,NA,NA,NA,NA,NA,NA,NA,NA,NA,NA,NA,2022-07-05,0,1,standing_only,UFCI2201,NA
4,2022-07-05T00:00:00Z,1.29,NA,NA,NA,NA,NA,NA,NA,NA,NA,NA,NA,NA,NA,2022-07-05,0,1,standing_only,UFCI2201,NA
4,2022-07-05T00:00:00Z,1.48,NA,NA,NA,NA,NA,NA,NA,NA,NA,NA,NA,NA,NA,2022-07-05,0,1,standing_only,UFCI2201,NA
4,2022-07-05T00:00:00Z,1.15,NA,NA,NA,NA,NA,NA,NA,NA,NA,NA,NA,NA,NA,2022-07-05,0,1,standing_only,UFCI2201,NA
4,2022-07-05T00:00:00Z,0.87,NA,NA,NA,NA,NA,NA,NA,NA,NA,NA,NA,NA,NA,2022-07-05,0,1,standing_only,UFCI2201,NA
4,2022-07-05T00:00:00Z,0.8,NA,NA,NA,NA,NA,NA,NA,NA,NA,NA,NA,NA,NA,2022-07-05,0,1,standing_only,UFCI2201,NA
4,2022-07-05T00:00:00Z,0.8,NA,NA,NA,NA,NA,NA,NA,NA,NA,NA,NA,NA,NA,2022-07-05,0,1,standing_only,UFCI2201,NA
4,2022-07-05T00:00:00Z,0.75,NA,NA,NA,NA,NA,NA,NA,NA,NA,NA,NA,NA,NA,2022-07-05,0,1,standing_only,UFCI2201,NA
4,2022-07-05T00:00:00Z,0.76,NA,NA,NA,NA,NA,NA,NA,NA,NA,NA,NA,NA,NA,2022-07-05,0,1,standing_only,UFCI2201,NA
4,2022-07-05T00:00:00Z,1.2,NA,NA,NA,NA,NA,NA,NA,NA,NA,NA,NA,NA,NA,2022-07-05,0,1,standing_only,UFCI2201,NA
4,2022-07-05T00:00:00Z,0.7,NA,NA,NA,NA,NA,NA,NA,NA,NA,NA,NA,NA,NA,2022-07-05,0,1,standing_only,UFCI2201,NA
4,2022-07-05T00:00:00Z,0.73,NA,NA,NA,NA,NA,NA,NA,NA,NA,NA,NA,NA,NA,2022-07-05,0,1,standing_only,UFCI2201,NA
4,2022-07-08T00:00:00Z,1.2,0.32,782.3,927,NA,1709,10,NA,NA,NA,NA,NA,408,NA,2022-07-08,4,3,mixed_harvest,UFCI2201,NA
4,2022-07-08T00:00:00Z,1.1,0.17,570,1437,NA,2007,13,NA,NA,NA,NA,NA,560,NA,2022-07-08,4,3,mixed_harvest,UFCI2201,NA
4,2022-07-08T00:00:00Z,1.22,0.28,1010,850.3,462.4,2322,14,NA,NA,NA,NA,NA,846,NA,2022-07-08,5,3,mixed_harvest,UFCI2201,NA
4,2022-07-08T00:00:00Z,1.29,0.31,963.8,1160,NA,2124,14,NA,NA,NA,NA,NA,398,NA,2022-07-08,4,3,mixed_harvest,UFCI2201,NA
4,2022-07-08T00:00:00Z,NA,NA,NA,NA,NA,1632,NA,NA,NA,NA,NA,NA,NA,NA,2022-07-08,1,0,harvest_only,UFCI2201,NA
4,2022-07-08T00:00:00Z,NA,NA,NA,NA,NA,2463,NA,NA,NA,NA,NA,NA,NA,NA,2022-07-08,1,0,harvest_only,UFCI2201,NA
4,2022-07-08T00:00:00Z,NA,NA,NA,NA,NA,2165,NA,NA,NA,NA,NA,NA,NA,NA,2022-07-08,1,0,harvest_only,UFCI2201,NA
4,2022-07-08T00:00:00Z,NA,NA,NA,NA,NA,1396,NA,NA,NA,NA,NA,NA,NA,NA,2022-07-08,1,0,harvest_only,UFCI2201,NA
4,2022-07-08T00:00:00Z,NA,NA,NA,NA,NA,1774,NA,NA,NA,NA,NA,NA,NA,NA,2022-07-08,1,0,harvest_only,UFCI2201,NA
4,2022-07-21T00:00:00Z,1.35,NA,NA,NA,NA,NA,NA,NA,NA,NA,NA,NA,NA,NA,2022-07-21,0,1,standing_only,UFCI2201,NA
4,2022-07-21T00:00:00Z,0.77,NA,NA,NA,NA,NA,NA,NA,NA,NA,NA,NA,NA,NA,2022-07-21,0,1,standing_only,UFCI2201,NA
4,2022-07-21T00:00:00Z,1.13,NA,NA,NA,NA,NA,NA,NA,NA,NA,NA,NA,NA,NA,2022-07-21,0,1,standing_only,UFCI2201,NA
4,2022-07-21T00:00:00Z,1.33,NA,NA,NA,NA,NA,NA,NA,NA,NA,NA,NA,NA,NA,2022-07-21,0,1,standing_only,UFCI2201,NA
4,2022-07-21T00:00:00Z,1.72,NA,NA,NA,NA,NA,NA,NA,NA,NA,NA,NA,NA,NA,2022-07-21,0,1,standing_only,UFCI2201,NA
4,2022-07-21T00:00:00Z,0.93,NA,NA,NA,NA,NA,NA,NA,NA,NA,NA,NA,NA,NA,2022-07-21,0,1,standing_only,UFCI2201,NA
4,2022-07-21T00:00:00Z,1.1,NA,NA,NA,NA,NA,NA,NA,NA,NA,NA,NA,NA,NA,2022-07-21,0,1,standing_only,UFCI2201,NA
4,2022-07-21T00:00:00Z,0.77,NA,NA,NA,NA,NA,NA,NA,NA,NA,NA,NA,NA,NA,2022-07-21,0,1,standing_only,UFCI2201,NA
4,2022-07-21T00:00:00Z,0.96,NA,NA,NA,NA,NA,NA,NA,NA,NA,NA,NA,NA,NA,2022-07-21,0,1,standing_only,UFCI2201,NA
4,2022-07-21T00:00:00Z,0.93,NA,NA,NA,NA,NA,NA,NA,NA,NA,NA,NA,NA,NA,2022-07-21,0,1,standing_only,UFCI2201,NA
4,2022-07-21T00:00:00Z,0.7,NA,NA,NA,NA,NA,NA,NA,NA,NA,NA,NA,NA,NA,2022-07-21,0,1,standing_only,UFCI2201,NA
4,2022-07-21T00:00:00Z,1.15,NA,NA,NA,NA,NA,NA,NA,NA,NA,NA,NA,NA,NA,2022-07-21,0,1,standing_only,UFCI2201,NA
4,2022-07-21T00:00:00Z,0.97,NA,NA,NA,NA,NA,NA,NA,NA,NA,NA,NA,NA,NA,2022-07-21,0,1,standing_only,UFCI2201,NA
4,2022-07-21T00:00:00Z,1,NA,NA,NA,NA,NA,NA,NA,NA,NA,NA,NA,NA,NA,2022-07-21,0,1,standing_only,UFCI2201,NA
4,2022-07-21T00:00:00Z,0.89,NA,NA,NA,NA,NA,NA,NA,NA,NA,NA,NA,NA,NA,2022-07-21,0,1,standing_only,UFCI2201,NA
4,2022-07-21T00:00:00Z,0.59,NA,NA,NA,NA,NA,NA,NA,NA,NA,NA,NA,NA,NA,2022-07-21,0,1,standing_only,UFCI2201,NA
4,2022-07-21T00:00:00Z,0.6,NA,NA,NA,NA,NA,NA,NA,NA,NA,NA,NA,NA,NA,2022-07-21,0,1,standing_only,UFCI2201,NA
4,2022-07-21T00:00:00Z,0.65,NA,NA,NA,NA,NA,NA,NA,NA,NA,NA,NA,NA,NA,2022-07-21,0,1,standing_only,UFCI2201,NA
4,2022-07-21T00:00:00Z,0.75,NA,NA,NA,NA,NA,NA,NA,NA,NA,NA,NA,NA,NA,2022-07-21,0,1,standing_only,UFCI2201,NA
4,2022-07-21T00:00:00Z,0.75,NA,NA,NA,NA,NA,NA,NA,NA,NA,NA,NA,NA,NA,2022-07-21,0,1,standing_only,UFCI2201,NA
4,2022-07-21T00:00:00Z,0.97,NA,NA,NA,NA,NA,NA,NA,NA,NA,NA,NA,NA,NA,2022-07-21,0,1,standing_only,UFCI2201,NA
4,2022-07-21T00:00:00Z,0.57,NA,NA,NA,NA,NA,NA,NA,NA,NA,NA,NA,NA,NA,2022-07-21,0,1,standing_only,UFCI2201,NA
4,2022-07-21T00:00:00Z,0.79,NA,NA,NA,NA,NA,NA,NA,NA,NA,NA,NA,NA,NA,2022-07-21,0,1,standing_only,UFCI2201,NA
4,2022-07-21T00:00:00Z,0.68,NA,NA,NA,NA,NA,NA,NA,NA,NA,NA,NA,NA,NA,2022-07-21,0,1,standing_only,UFCI2201,NA
4,2022-07-21T00:00:00Z,1.15,NA,NA,NA,NA,NA,NA,NA,NA,NA,NA,NA,NA,NA,2022-07-21,0,1,standing_only,UFCI2201,NA
4,2022-07-21T00:00:00Z,0.93,NA,NA,NA,NA,NA,NA,NA,NA,NA,NA,NA,NA,NA,2022-07-21,0,1,standing_only,UFCI2201,NA
4,2022-07-21T00:00:00Z,0.57,NA,NA,NA,NA,NA,NA,NA,NA,NA,NA,NA,NA,NA,2022-07-21,0,1,standing_only,UFCI2201,NA
4,2022-07-21T00:00:00Z,0.83,NA,NA,NA,NA,NA,NA,NA,NA,NA,NA,NA,NA,NA,2022-07-21,0,1,standing_only,UFCI2201,NA
4,2022-07-21T00:00:00Z,0.88,NA,NA,NA,NA,NA,NA,NA,NA,NA,NA,NA,NA,NA,2022-07-21,0,1,standing_only,UFCI2201,NA
4,2022-07-21T00:00:00Z,1.25,NA,NA,NA,NA,NA,NA,NA,NA,NA,NA,NA,NA,NA,2022-07-21,0,1,standing_only,UFCI2201,NA
4,2022-07-21T00:00:00Z,1.29,NA,NA,NA,NA,NA,NA,NA,NA,NA,NA,NA,NA,NA,2022-07-21,0,1,standing_only,UFCI2201,NA
4,2022-07-21T00:00:00Z,0.8,NA,NA,NA,NA,NA,NA,NA,NA,NA,NA,NA,NA,NA,2022-07-21,0,1,standing_only,UFCI2201,NA
4,2022-07-21T00:00:00Z,0.59,NA,NA,NA,NA,NA,NA,NA,NA,NA,NA,NA,NA,NA,2022-07-21,0,1,standing_only,UFCI2201,NA
4,2022-07-21T00:00:00Z,0.69,NA,NA,NA,NA,NA,NA,NA,NA,NA,NA,NA,NA,NA,2022-07-21,0,1,standing_only,UFCI2201,NA
4,2022-07-21T00:00:00Z,1.3,NA,NA,NA,NA,NA,NA,NA,NA,NA,NA,NA,NA,NA,2022-07-21,0,1,standing_only,UFCI2201,NA
4,2022-07-21T00:00:00Z,0.6,NA,NA,NA,NA,NA,NA,NA,NA,NA,NA,NA,NA,NA,2022-07-21,0,1,standing_only,UFCI2201,NA
4,2022-07-21T00:00:00Z,0.7,NA,NA,NA,NA,NA,NA,NA,NA,NA,NA,NA,NA,NA,2022-07-21,0,1,standing_only,UFCI2201,NA
4,2022-07-21T00:00:00Z,1.1,NA,NA,NA,NA,NA,NA,NA,NA,NA,NA,NA,NA,NA,2022-07-21,0,1,standing_only,UFCI2201,NA
4,2022-07-21T00:00:00Z,0.96,NA,NA,NA,NA,NA,NA,NA,NA,NA,NA,NA,NA,NA,2022-07-21,0,1,standing_only,UFCI2201,NA
4,2022-07-21T00:00:00Z,0.84,NA,NA,NA,NA,NA,NA,NA,NA,NA,NA,NA,NA,NA,2022-07-21,0,1,standing_only,UFCI2201,NA
4,2022-07-21T00:00:00Z,0.93,NA,NA,NA,NA,NA,NA,NA,NA,NA,NA,NA,NA,NA,2022-07-21,0,1,standing_only,UFCI2201,NA
4,2022-07-21T00:00:00Z,1.42,NA,NA,NA,NA,NA,NA,NA,NA,NA,NA,NA,NA,NA,2022-07-21,0,1,standing_only,UFCI2201,NA
4,2022-07-21T00:00:00Z,0.98,NA,NA,NA,NA,NA,NA,NA,NA,NA,NA,NA,NA,NA,2022-07-21,0,1,standing_only,UFCI2201,NA
4,2022-07-21T00:00:00Z,0.7,NA,NA,NA,NA,NA,NA,NA,NA,NA,NA,NA,NA,NA,2022-07-21,0,1,standing_only,UFCI2201,NA
4,2022-07-21T00:00:00Z,0.84,NA,NA,NA,NA,NA,NA,NA,NA,NA,NA,NA,NA,NA,2022-07-21,0,1,standing_only,UFCI2201,NA
4,2022-07-21T00:00:00Z,0.82,NA,NA,NA,NA,NA,NA,NA,NA,NA,NA,NA,NA,NA,2022-07-21,0,1,standing_only,UFCI2201,NA
4,2022-07-21T00:00:00Z,0.7,NA,NA,NA,NA,NA,NA,NA,NA,NA,NA,NA,NA,NA,2022-07-21,0,1,standing_only,UFCI2201,NA
4,2022-07-21T00:00:00Z,1.36,NA,NA,NA,NA,NA,NA,NA,NA,NA,NA,NA,NA,NA,2022-07-21,0,1,standing_only,UFCI2201,NA
4,2022-07-21T00:00:00Z,0.81,NA,NA,NA,NA,NA,NA,NA,NA,NA,NA,NA,NA,NA,2022-07-21,0,1,standing_only,UFCI2201,NA
4,2022-07-21T00:00:00Z,0.54,NA,NA,NA,NA,NA,NA,NA,NA,NA,NA,NA,NA,NA,2022-07-21,0,1,standing_only,UFCI2201,NA
4,2022-07-21T00:00:00Z,NA,NA,NA,NA,NA,3122,NA,NA,NA,NA,NA,NA,NA,NA,2022-07-21,1,0,harvest_only,UFCI2201,NA
4,2022-07-21T00:00:00Z,NA,NA,NA,NA,NA,3163,NA,NA,NA,NA,NA,NA,NA,NA,2022-07-21,1,0,harvest_only,UFCI2201,NA
4,2022-07-21T00:00:00Z,NA,NA,NA,NA,NA,2134,NA,NA,NA,NA,NA,NA,NA,NA,2022-07-21,1,0,harvest_only,UFCI2201,NA
4,2022-07-21T00:00:00Z,NA,NA,NA,NA,NA,2431,NA,NA,NA,NA,NA,NA,NA,NA,2022-07-21,1,0,harvest_only,UFCI2201,NA
4,2022-07-21T00:00:00Z,NA,NA,NA,NA,NA,3477,NA,NA,NA,NA,NA,NA,NA,NA,2022-07-21,1,0,harvest_only,UFCI2201,NA
4,2022-08-04T00:00:00Z,1.52,NA,NA,NA,NA,NA,NA,NA,NA,NA,NA,NA,NA,NA,2022-08-04,0,1,standing_only,UFCI2201,NA
4,2022-08-04T00:00:00Z,1.5,NA,NA,NA,NA,NA,NA,NA,NA,NA,NA,NA,NA,NA,2022-08-04,0,1,standing_only,UFCI2201,NA
4,2022-08-04T00:00:00Z,1.43,NA,NA,NA,NA,NA,NA,NA,NA,NA,NA,NA,NA,NA,2022-08-04,0,1,standing_only,UFCI2201,NA
4,2022-08-04T00:00:00Z,1.43,NA,NA,NA,NA,NA,NA,NA,NA,NA,NA,NA,NA,NA,2022-08-04,0,1,standing_only,UFCI2201,NA
4,2022-08-04T00:00:00Z,1.4,NA,NA,NA,NA,NA,NA,NA,NA,NA,NA,NA,NA,NA,2022-08-04,0,1,standing_only,UFCI2201,NA
4,2022-08-04T00:00:00Z,1.4,NA,NA,NA,NA,NA,NA,NA,NA,NA,NA,NA,NA,NA,2022-08-04,0,1,standing_only,UFCI2201,NA
4,2022-08-04T00:00:00Z,1.4,NA,NA,NA,NA,NA,NA,NA,NA,NA,NA,NA,NA,NA,2022-08-04,0,1,standing_only,UFCI2201,NA
4,2022-08-04T00:00:00Z,1.4,NA,NA,NA,NA,NA,NA,NA,NA,NA,NA,NA,NA,NA,2022-08-04,0,1,standing_only,UFCI2201,NA
4,2022-08-04T00:00:00Z,1.34,NA,NA,NA,NA,NA,NA,NA,NA,NA,NA,NA,NA,NA,2022-08-04,0,1,standing_only,UFCI2201,NA
4,2022-08-04T00:00:00Z,1.34,NA,NA,NA,NA,NA,NA,NA,NA,NA,NA,NA,NA,NA,2022-08-04,0,1,standing_only,UFCI2201,NA
4,2022-08-04T00:00:00Z,1.32,NA,NA,NA,NA,NA,NA,NA,NA,NA,NA,NA,NA,NA,2022-08-04,0,1,standing_only,UFCI2201,NA
4,2022-08-04T00:00:00Z,1.31,NA,NA,NA,NA,NA,NA,NA,NA,NA,NA,NA,NA,NA,2022-08-04,0,1,standing_only,UFCI2201,NA
4,2022-08-04T00:00:00Z,1.3,NA,NA,NA,NA,NA,NA,NA,NA,NA,NA,NA,NA,NA,2022-08-04,0,1,standing_only,UFCI2201,NA
4,2022-08-04T00:00:00Z,1.22,NA,NA,NA,NA,NA,NA,NA,NA,NA,NA,NA,NA,NA,2022-08-04,0,1,standing_only,UFCI2201,NA
4,2022-08-04T00:00:00Z,1.2,NA,NA,NA,NA,NA,NA,NA,NA,NA,NA,NA,NA,NA,2022-08-04,0,1,standing_only,UFCI2201,NA
4,2022-08-04T00:00:00Z,1.17,NA,NA,NA,NA,NA,NA,NA,NA,NA,NA,NA,NA,NA,2022-08-04,0,1,standing_only,UFCI2201,NA
4,2022-08-04T00:00:00Z,1.17,NA,NA,NA,NA,NA,NA,NA,NA,NA,NA,NA,NA,NA,2022-08-04,0,1,standing_only,UFCI2201,NA
4,2022-08-04T00:00:00Z,1.13,NA,NA,NA,NA,NA,NA,NA,NA,NA,NA,NA,NA,NA,2022-08-04,0,1,standing_only,UFCI2201,NA
4,2022-08-04T00:00:00Z,1.13,NA,NA,NA,NA,NA,NA,NA,NA,NA,NA,NA,NA,NA,2022-08-04,0,1,standing_only,UFCI2201,NA
4,2022-08-04T00:00:00Z,1.04,NA,NA,NA,NA,NA,NA,NA,NA,NA,NA,NA,NA,NA,2022-08-04,0,1,standing_only,UFCI2201,NA
4,2022-08-04T00:00:00Z,1.03,NA,NA,NA,NA,NA,NA,NA,NA,NA,NA,NA,NA,NA,2022-08-04,0,1,standing_only,UFCI2201,NA
4,2022-08-04T00:00:00Z,1.02,NA,NA,NA,NA,NA,NA,NA,NA,NA,NA,NA,NA,NA,2022-08-04,0,1,standing_only,UFCI2201,NA
4,2022-08-04T00:00:00Z,1.02,NA,NA,NA,NA,NA,NA,NA,NA,NA,NA,NA,NA,NA,2022-08-04,0,1,standing_only,UFCI2201,NA
4,2022-08-04T00:00:00Z,1,NA,NA,NA,NA,NA,NA,NA,NA,NA,NA,NA,NA,NA,2022-08-04,0,1,standing_only,UFCI2201,NA
4,2022-08-04T00:00:00Z,0.99,NA,NA,NA,NA,NA,NA,NA,NA,NA,NA,NA,NA,NA,2022-08-04,0,1,standing_only,UFCI2201,NA
4,2022-08-04T00:00:00Z,0.98,NA,NA,NA,NA,NA,NA,NA,NA,NA,NA,NA,NA,NA,2022-08-04,0,1,standing_only,UFCI2201,NA
4,2022-08-04T00:00:00Z,0.97,NA,NA,NA,NA,NA,NA,NA,NA,NA,NA,NA,NA,NA,2022-08-04,0,1,standing_only,UFCI2201,NA
4,2022-08-04T00:00:00Z,0.93,NA,NA,NA,NA,NA,NA,NA,NA,NA,NA,NA,NA,NA,2022-08-04,0,1,standing_only,UFCI2201,NA
4,2022-08-04T00:00:00Z,0.91,NA,NA,NA,NA,NA,NA,NA,NA,NA,NA,NA,NA,NA,2022-08-04,0,1,standing_only,UFCI2201,NA
4,2022-08-04T00:00:00Z,0.9,NA,NA,NA,NA,NA,NA,NA,NA,NA,NA,NA,NA,NA,2022-08-04,0,1,standing_only,UFCI2201,NA
4,2022-08-04T00:00:00Z,0.9,NA,NA,NA,NA,NA,NA,NA,NA,NA,NA,NA,NA,NA,2022-08-04,0,1,standing_only,UFCI2201,NA
4,2022-08-04T00:00:00Z,0.87,NA,NA,NA,NA,NA,NA,NA,NA,NA,NA,NA,NA,NA,2022-08-04,0,1,standing_only,UFCI2201,NA
4,2022-08-04T00:00:00Z,0.83,NA,NA,NA,NA,NA,NA,NA,NA,NA,NA,NA,NA,NA,2022-08-04,0,1,standing_only,UFCI2201,NA
4,2022-08-04T00:00:00Z,0.82,NA,NA,NA,NA,NA,NA,NA,NA,NA,NA,NA,NA,NA,2022-08-04,0,1,standing_only,UFCI2201,NA
4,2022-08-04T00:00:00Z,0.81,NA,NA,NA,NA,NA,NA,NA,NA,NA,NA,NA,NA,NA,2022-08-04,0,1,standing_only,UFCI2201,NA
4,2022-08-04T00:00:00Z,0.8,NA,NA,NA,NA,NA,NA,NA,NA,NA,NA,NA,NA,NA,2022-08-04,0,1,standing_only,UFCI2201,NA
4,2022-08-04T00:00:00Z,0.79,NA,NA,NA,NA,NA,NA,NA,NA,NA,NA,NA,NA,NA,2022-08-04,0,1,standing_only,UFCI2201,NA
4,2022-08-04T00:00:00Z,0.78,NA,NA,NA,NA,NA,NA,NA,NA,NA,NA,NA,NA,NA,2022-08-04,0,1,standing_only,UFCI2201,NA
4,2022-08-04T00:00:00Z,0.77,NA,NA,NA,NA,NA,NA,NA,NA,NA,NA,NA,NA,NA,2022-08-04,0,1,standing_only,UFCI2201,NA
4,2022-08-04T00:00:00Z,0.76,NA,NA,NA,NA,NA,NA,NA,NA,NA,NA,NA,NA,NA,2022-08-04,0,1,standing_only,UFCI2201,NA
4,2022-08-04T00:00:00Z,0.74,NA,NA,NA,NA,NA,NA,NA,NA,NA,NA,NA,NA,NA,2022-08-04,0,1,standing_only,UFCI2201,NA
4,2022-08-04T00:00:00Z,0.73,NA,NA,NA,NA,NA,NA,NA,NA,NA,NA,NA,NA,NA,2022-08-04,0,1,standing_only,UFCI2201,NA
4,2022-08-04T00:00:00Z,0.7,NA,NA,NA,NA,NA,NA,NA,NA,NA,NA,NA,NA,NA,2022-08-04,0,1,standing_only,UFCI2201,NA
4,2022-08-04T00:00:00Z,0.7,NA,NA,NA,NA,NA,NA,NA,NA,NA,NA,NA,NA,NA,2022-08-04,0,1,standing_only,UFCI2201,NA
4,2022-08-04T00:00:00Z,0.7,NA,NA,NA,NA,NA,NA,NA,NA,NA,NA,NA,NA,NA,2022-08-04,0,1,standing_only,UFCI2201,NA
4,2022-08-04T00:00:00Z,0.65,NA,NA,NA,NA,NA,NA,NA,NA,NA,NA,NA,NA,NA,2022-08-04,0,1,standing_only,UFCI2201,NA
4,2022-08-04T00:00:00Z,0.64,NA,NA,NA,NA,NA,NA,NA,NA,NA,NA,NA,NA,NA,2022-08-04,0,1,standing_only,UFCI2201,NA
4,2022-08-04T00:00:00Z,0.62,NA,NA,NA,NA,NA,NA,NA,NA,NA,NA,NA,NA,NA,2022-08-04,0,1,standing_only,UFCI2201,NA
4,2022-08-04T00:00:00Z,0.59,NA,NA,NA,NA,NA,NA,NA,NA,NA,NA,NA,NA,NA,2022-08-04,0,1,standing_only,UFCI2201,NA
4,2022-08-04T00:00:00Z,0.58,NA,NA,NA,NA,NA,NA,NA,NA,NA,NA,NA,NA,NA,2022-08-04,0,1,standing_only,UFCI2201,NA
4,2022-08-08T00:00:00Z,NA,NA,NA,NA,898.9,2516,NA,NA,NA,NA,NA,NA,142,NA,2022-08-08,3,0,harvest_only,UFCI2201,NA
4,2022-08-08T00:00:00Z,NA,NA,NA,NA,1248,3827,NA,NA,NA,NA,NA,NA,248.6,NA,2022-08-08,3,0,harvest_only,UFCI2201,NA
4,2022-08-08T00:00:00Z,NA,NA,NA,NA,931.6,3786,NA,NA,NA,NA,NA,NA,183,NA,2022-08-08,3,0,harvest_only,UFCI2201,NA
4,2022-08-08T00:00:00Z,NA,NA,NA,NA,538.2,1997,NA,NA,NA,NA,NA,NA,136.6,NA,2022-08-08,3,0,harvest_only,UFCI2201,NA
4,2022-08-08T00:00:00Z,NA,NA,NA,NA,532.7,1642,NA,NA,NA,NA,NA,NA,128.4,NA,2022-08-08,3,0,harvest_only,UFCI2201,NA
1,2021-06-29T00:00:00Z,0.335,NA,NA,NA,NA,NA,NA,NA,NA,NA,NA,NA,NA,NA,2021-06-29,0,1,standing_only,UFJA2101,NA
1,2021-06-29T00:00:00Z,0.218,NA,NA,NA,NA,NA,NA,NA,NA,NA,NA,NA,NA,NA,2021-06-29,0,1,standing_only,UFJA2101,NA
1,2021-06-29T00:00:00Z,0.296,NA,NA,NA,NA,NA,NA,NA,NA,NA,NA,NA,NA,NA,2021-06-29,0,1,standing_only,UFJA2101,NA
1,2021-06-29T00:00:00Z,0.334,NA,NA,NA,NA,NA,NA,NA,NA,NA,NA,NA,NA,NA,2021-06-29,0,1,standing_only,UFJA2101,NA
1,2021-07-02T00:00:00Z,0.394,NA,170.2,150.1,NA,320.4,6,NA,NA,NA,NA,NA,NA,NA,2021-07-02,3,2,mixed_harvest,UFJA2101,NA
1,2021-07-02T00:00:00Z,0.391,NA,138.6,179.8,NA,318.4,6,NA,NA,NA,NA,NA,61.05,NA,2021-07-02,4,2,mixed_harvest,UFJA2101,NA
1,2021-07-02T00:00:00Z,0.381,NA,132.6,148.5,NA,281.1,6,NA,NA,NA,NA,NA,NA,NA,2021-07-02,3,2,mixed_harvest,UFJA2101,NA
1,2021-07-02T00:00:00Z,0.457,NA,122.7,120.4,NA,243.2,6,NA,NA,NA,NA,NA,47.85,NA,2021-07-02,4,2,mixed_harvest,UFJA2101,NA
1,2021-07-07T00:00:00Z,0.635,NA,265.3,231,NA,496.3,7,NA,NA,NA,NA,NA,47.85,NA,2021-07-07,4,2,mixed_harvest,UFJA2101,NA
1,2021-07-07T00:00:00Z,NA,NA,217.8,227.7,NA,445.5,8,NA,NA,NA,NA,NA,51.15,NA,2021-07-07,4,1,mixed_harvest,UFJA2101,NA
1,2021-07-07T00:00:00Z,0.457,NA,211.8,278.8,NA,490.7,8,NA,NA,NA,NA,NA,95.7,NA,2021-07-07,4,2,mixed_harvest,UFJA2101,NA
1,2021-07-14T00:00:00Z,0.559,NA,NA,NA,NA,NA,11,NA,NA,NA,NA,NA,NA,NA,2021-07-14,0,2,standing_only,UFJA2101,NA
1,2021-07-14T00:00:00Z,0.383,NA,NA,NA,NA,NA,11,NA,NA,NA,NA,NA,NA,NA,2021-07-14,0,2,standing_only,UFJA2101,NA
1,2021-07-14T00:00:00Z,0.433,NA,NA,NA,NA,NA,11,NA,NA,NA,NA,NA,NA,NA,2021-07-14,0,2,standing_only,UFJA2101,NA
1,2021-07-14T00:00:00Z,0.508,NA,NA,NA,NA,NA,11,NA,NA,NA,NA,NA,NA,NA,2021-07-14,0,2,standing_only,UFJA2101,NA
1,2021-07-14T00:00:00Z,NA,NA,NA,NA,NA,NA,11,NA,NA,NA,NA,NA,NA,NA,2021-07-14,0,2,standing_only,UFJA2101,1.49
1,2021-07-14T00:00:00Z,NA,NA,NA,NA,NA,NA,NA,NA,NA,NA,NA,NA,NA,NA,2021-07-14,0,1,standing_only,UFJA2101,3.171
1,2021-07-14T00:00:00Z,NA,NA,NA,NA,NA,NA,NA,NA,NA,NA,NA,NA,NA,NA,2021-07-14,0,1,standing_only,UFJA2101,2.086
1,2021-07-14T00:00:00Z,NA,NA,NA,NA,NA,NA,NA,NA,NA,NA,NA,NA,NA,NA,2021-07-14,0,1,standing_only,UFJA2101,0.477
1,2021-07-25T00:00:00Z,NA,NA,867.6,830.2,NA,1697,NA,NA,NA,NA,NA,NA,NA,NA,2021-07-25,3,0,harvest_only,UFJA2101,NA
1,2021-07-25T00:00:00Z,1.067,NA,370,433.6,NA,803.6,NA,NA,NA,NA,NA,NA,NA,NA,2021-07-25,3,1,mixed_harvest,UFJA2101,NA
1,2021-07-25T00:00:00Z,NA,NA,319.1,320.7,NA,639.8,NA,NA,NA,NA,NA,NA,NA,NA,2021-07-25,3,0,harvest_only,UFJA2101,NA
1,2021-07-25T00:00:00Z,1.583,NA,485.7,433.6,NA,919.3,NA,NA,NA,NA,NA,NA,NA,NA,2021-07-25,3,1,mixed_harvest,UFJA2101,NA
1,2021-08-02T00:00:00Z,1.6,0.177,NA,NA,NA,NA,13,NA,NA,NA,NA,NA,NA,NA,2021-08-02,0,3,standing_only,UFJA2101,NA
1,2021-08-02T00:00:00Z,1.702,0.279,NA,NA,NA,NA,15,NA,NA,NA,NA,NA,NA,NA,2021-08-02,0,3,standing_only,UFJA2101,NA
1,2021-08-02T00:00:00Z,1.499,0.33,NA,NA,NA,NA,14,NA,NA,NA,NA,NA,NA,NA,2021-08-02,0,3,standing_only,UFJA2101,NA
1,2021-08-02T00:00:00Z,1.676,0.342,NA,NA,NA,NA,15,NA,NA,NA,NA,NA,NA,NA,2021-08-02,0,3,standing_only,UFJA2101,NA
1,2021-08-02T00:00:00Z,1.626,0.203,NA,NA,NA,NA,15,NA,NA,NA,NA,NA,NA,NA,2021-08-02,0,3,standing_only,UFJA2101,NA
1,2021-08-14T00:00:00Z,1.575,NA,NA,NA,NA,NA,NA,NA,NA,NA,NA,NA,NA,NA,2021-08-14,0,1,standing_only,UFJA2101,NA
1,2021-08-14T00:00:00Z,1.778,NA,1334,1055,NA,2390,NA,NA,NA,NA,NA,NA,NA,NA,2021-08-14,3,1,mixed_harvest,UFJA2101,NA
1,2021-08-14T00:00:00Z,1.511,NA,925.3,487.1,NA,1412,16,NA,NA,NA,NA,NA,NA,NA,2021-08-14,3,2,mixed_harvest,UFJA2101,NA
1,2021-08-14T00:00:00Z,1.727,NA,2034,886.8,NA,2921,17,NA,NA,NA,NA,NA,162,NA,2021-08-14,4,2,mixed_harvest,UFJA2101,NA
1,2021-08-14T00:00:00Z,1.651,NA,NA,NA,NA,NA,NA,NA,NA,NA,NA,NA,NA,NA,2021-08-14,0,1,standing_only,UFJA2101,NA
1,2021-09-25T00:00:00Z,NA,NA,NA,NA,265,NA,NA,NA,NA,NA,NA,NA,NA,NA,2021-09-25,1,0,harvest_only,UFJA2101,NA
1,2021-09-25T00:00:00Z,NA,NA,NA,NA,162.5,NA,NA,NA,NA,NA,NA,NA,NA,NA,2021-09-25,1,0,harvest_only,UFJA2101,NA
1,2021-09-25T00:00:00Z,NA,NA,NA,NA,NA,NA,NA,NA,NA,NA,NA,NA,NA,NA,2021-09-25,0,0,empty,UFJA2101,NA
1,2021-09-25T00:00:00Z,NA,NA,NA,NA,224.4,NA,NA,NA,NA,NA,NA,NA,NA,NA,2021-09-25,1,0,harvest_only,UFJA2101,NA
2,2021-06-29T00:00:00Z,NA,NA,285.3,452.8,NA,738.2,NA,NA,NA,NA,NA,NA,NA,NA,2021-06-29,3,0,harvest_only,UFJA2101,NA
2,2021-06-29T00:00:00Z,0.617,NA,NA,NA,NA,NA,NA,NA,NA,NA,NA,NA,NA,NA,2021-06-29,0,1,standing_only,UFJA2101,NA
2,2021-06-29T00:00:00Z,0.295,NA,NA,NA,NA,NA,NA,NA,NA,NA,NA,NA,NA,NA,2021-06-29,0,1,standing_only,UFJA2101,NA
2,2021-06-29T00:00:00Z,0.761,NA,NA,NA,NA,NA,NA,NA,NA,NA,NA,NA,NA,NA,2021-06-29,0,1,standing_only,UFJA2101,NA
2,2021-06-29T00:00:00Z,0.34,NA,NA,NA,NA,NA,NA,NA,NA,NA,NA,NA,NA,NA,2021-06-29,0,1,standing_only,UFJA2101,NA
2,2021-07-02T00:00:00Z,0.889,0.254,633.6,402.6,NA,1036,NA,NA,NA,NA,NA,NA,123.7,NA,2021-07-02,4,2,mixed_harvest,UFJA2101,NA
2,2021-07-02T00:00:00Z,0.787,0.279,520.7,427.3,NA,948,NA,NA,NA,NA,NA,NA,100.6,NA,2021-07-02,4,2,mixed_harvest,UFJA2101,NA
2,2021-07-02T00:00:00Z,NA,NA,378.1,387.7,NA,765.9,NA,NA,NA,NA,NA,NA,79.2,NA,2021-07-02,4,0,harvest_only,UFJA2101,NA
2,2021-07-02T00:00:00Z,NA,NA,NA,NA,NA,NA,NA,NA,NA,NA,NA,NA,NA,NA,2021-07-02,0,0,empty,UFJA2101,NA
2,2021-07-07T00:00:00Z,NA,NA,743.2,579,NA,1322,NA,NA,NA,NA,NA,NA,NA,NA,2021-07-07,3,0,harvest_only,UFJA2101,NA
2,2021-07-07T00:00:00Z,0.635,0.444,540.5,468.6,NA,1009,7,NA,NA,NA,NA,NA,237.6,NA,2021-07-07,4,3,mixed_harvest,UFJA2101,NA
2,2021-07-07T00:00:00Z,0.584,0.241,392,481.8,NA,873.8,7,NA,NA,NA,NA,NA,224.4,NA,2021-07-07,4,3,mixed_harvest,UFJA2101,NA
2,2021-07-14T00:00:00Z,NA,NA,1625,1415,NA,3040,NA,NA,NA,NA,NA,NA,NA,NA,2021-07-14,3,0,harvest_only,UFJA2101,NA
2,2021-07-14T00:00:00Z,NA,NA,1542,1274,NA,2817,NA,NA,NA,NA,NA,NA,NA,NA,2021-07-14,3,0,harvest_only,UFJA2101,NA
2,2021-07-14T00:00:00Z,1.27,NA,NA,NA,NA,NA,NA,NA,NA,NA,NA,NA,NA,NA,2021-07-14,0,1,standing_only,UFJA2101,NA
2,2021-07-14T00:00:00Z,0.837,NA,NA,NA,NA,NA,NA,NA,NA,NA,NA,NA,NA,NA,2021-07-14,0,1,standing_only,UFJA2101,NA
2,2021-07-14T00:00:00Z,1.099,NA,NA,NA,NA,NA,NA,NA,NA,NA,NA,NA,NA,NA,2021-07-14,0,1,standing_only,UFJA2101,NA
2,2021-07-14T00:00:00Z,0.53,NA,NA,NA,NA,NA,NA,NA,NA,NA,NA,NA,NA,NA,2021-07-14,0,1,standing_only,UFJA2101,NA
2,2021-07-14T00:00:00Z,NA,NA,NA,NA,NA,NA,NA,NA,NA,NA,NA,NA,NA,NA,2021-07-14,0,1,standing_only,UFJA2101,2.848
2,2021-07-14T00:00:00Z,NA,NA,NA,NA,NA,NA,NA,NA,NA,NA,NA,NA,NA,NA,2021-07-14,0,1,standing_only,UFJA2101,1.525
2,2021-07-14T00:00:00Z,NA,NA,NA,NA,NA,NA,NA,NA,NA,NA,NA,NA,NA,NA,2021-07-14,0,1,standing_only,UFJA2101,2.949
2,2021-07-14T00:00:00Z,NA,NA,NA,NA,NA,NA,NA,NA,NA,NA,NA,NA,NA,NA,2021-07-14,0,1,standing_only,UFJA2101,2.14
2,2021-07-14T00:00:00Z,NA,NA,696.2,943.3,NA,1639,NA,NA,NA,NA,NA,NA,NA,NA,2021-07-14,3,0,harvest_only,UFJA2101,NA
2,2021-07-25T00:00:00Z,NA,NA,2455,1160,NA,3615,NA,NA,NA,NA,NA,NA,NA,NA,2021-07-25,3,0,harvest_only,UFJA2101,NA
2,2021-07-25T00:00:00Z,NA,NA,1486,1422,NA,2908,NA,NA,NA,NA,NA,NA,NA,NA,2021-07-25,3,0,harvest_only,UFJA2101,NA
2,2021-07-25T00:00:00Z,NA,NA,4334,3055,NA,7390,NA,NA,NA,NA,NA,NA,NA,NA,2021-07-25,3,0,harvest_only,UFJA2101,NA
2,2021-07-25T00:00:00Z,NA,NA,1082,1733,NA,2815,NA,NA,NA,NA,NA,NA,NA,NA,2021-07-25,3,0,harvest_only,UFJA2101,NA
2,2021-08-01T00:00:00Z,1.845,0.584,NA,NA,NA,NA,18,NA,NA,NA,NA,NA,NA,NA,2021-08-01,0,3,standing_only,UFJA2101,NA
2,2021-08-01T00:00:00Z,1.972,0.609,NA,NA,NA,NA,18,NA,NA,NA,NA,NA,NA,NA,2021-08-01,0,3,standing_only,UFJA2101,NA
2,2021-08-01T00:00:00Z,1.743,0.457,NA,NA,NA,NA,NA,NA,NA,NA,NA,NA,NA,NA,2021-08-01,0,2,standing_only,UFJA2101,NA
2,2021-08-01T00:00:00Z,1.997,0.609,NA,NA,NA,NA,NA,NA,NA,NA,NA,NA,NA,NA,2021-08-01,0,2,standing_only,UFJA2101,NA
2,2021-08-14T00:00:00Z,NA,NA,7155,2306,NA,9461,NA,NA,NA,NA,NA,NA,NA,NA,2021-08-14,3,0,harvest_only,UFJA2101,NA
2,2021-08-14T00:00:00Z,2.261,0.711,NA,NA,NA,NA,19,NA,NA,NA,NA,NA,NA,NA,2021-08-14,0,3,standing_only,UFJA2101,NA
2,2021-08-14T00:00:00Z,2.311,0.711,NA,NA,NA,NA,20,NA,NA,NA,NA,NA,NA,NA,2021-08-14,0,3,standing_only,UFJA2101,NA
2,2021-08-14T00:00:00Z,2.388,0.787,NA,NA,NA,NA,20,NA,NA,NA,NA,NA,NA,NA,2021-08-14,0,3,standing_only,UFJA2101,NA
2,2021-08-14T00:00:00Z,2.337,0.698,NA,NA,NA,NA,20,NA,NA,NA,NA,NA,NA,NA,2021-08-14,0,3,standing_only,UFJA2101,NA
2,2021-08-14T00:00:00Z,2.21,0.558,NA,NA,NA,NA,NA,NA,NA,NA,NA,NA,NA,NA,2021-08-14,0,2,standing_only,UFJA2101,NA
2,2021-08-14T00:00:00Z,2.134,0.533,NA,NA,NA,NA,NA,NA,NA,NA,NA,NA,NA,NA,2021-08-14,0,2,standing_only,UFJA2101,NA
2,2021-08-14T00:00:00Z,2.083,0.508,NA,NA,NA,NA,NA,NA,NA,NA,NA,NA,NA,NA,2021-08-14,0,2,standing_only,UFJA2101,NA
2,2021-08-14T00:00:00Z,1.829,0.457,NA,NA,NA,NA,NA,NA,NA,NA,NA,NA,NA,NA,2021-08-14,0,2,standing_only,UFJA2101,NA
2,2021-08-14T00:00:00Z,NA,NA,5334,3055,NA,8390,NA,NA,NA,NA,NA,NA,NA,NA,2021-08-14,3,0,harvest_only,UFJA2101,NA
2,2021-08-14T00:00:00Z,NA,NA,4225,2129,NA,6354,NA,NA,NA,NA,NA,NA,NA,NA,2021-08-14,3,0,harvest_only,UFJA2101,NA
2,2021-08-14T00:00:00Z,NA,NA,3025,1687,NA,4712,NA,NA,NA,NA,NA,NA,NA,NA,2021-08-14,3,0,harvest_only,UFJA2101,NA
2,2021-09-25T00:00:00Z,NA,NA,NA,NA,2448,NA,NA,NA,NA,NA,NA,NA,NA,NA,2021-09-25,1,0,harvest_only,UFJA2101,NA
2,2021-09-25T00:00:00Z,NA,NA,NA,NA,555.9,NA,NA,NA,NA,NA,NA,NA,NA,NA,2021-09-25,1,0,harvest_only,UFJA2101,NA
2,2021-09-25T00:00:00Z,NA,NA,NA,NA,208,NA,NA,NA,NA,NA,NA,NA,NA,NA,2021-09-25,1,0,harvest_only,UFJA2101,NA
2,2021-09-25T00:00:00Z,NA,NA,NA,NA,34.5,NA,NA,NA,NA,NA,NA,NA,NA,NA,2021-09-25,1,0,harvest_only,UFJA2101,NA
3,2021-06-29T00:00:00Z,0.347,NA,NA,NA,NA,NA,NA,NA,NA,NA,NA,NA,NA,NA,2021-06-29,0,1,standing_only,UFJA2101,NA
3,2021-06-29T00:00:00Z,0.451,NA,NA,NA,NA,NA,NA,NA,NA,NA,NA,NA,NA,NA,2021-06-29,0,1,standing_only,UFJA2101,NA
3,2021-06-29T00:00:00Z,0.237,NA,NA,NA,NA,NA,NA,NA,NA,NA,NA,NA,NA,NA,2021-06-29,0,1,standing_only,UFJA2101,NA
3,2021-06-29T00:00:00Z,0.37,NA,NA,NA,NA,NA,NA,NA,NA,NA,NA,NA,NA,NA,2021-06-29,0,1,standing_only,UFJA2101,NA
3,2021-07-14T00:00:00Z,0.794,NA,280.5,201.3,NA,528.5,NA,NA,NA,NA,NA,NA,39.54,NA,2021-07-14,4,1,mixed_harvest,UFJA2101,NA
3,2021-07-14T00:00:00Z,0.614,NA,391.2,321.5,NA,721.3,NA,NA,NA,NA,NA,NA,84.25,NA,2021-07-14,4,1,mixed_harvest,UFJA2101,NA
3,2021-07-14T00:00:00Z,0.631,NA,NA,NA,NA,NA,NA,NA,NA,NA,NA,NA,NA,NA,2021-07-14,0,1,standing_only,UFJA2101,NA
3,2021-07-14T00:00:00Z,NA,NA,NA,NA,NA,NA,NA,NA,NA,NA,NA,NA,NA,NA,2021-07-14,0,1,standing_only,UFJA2101,3.959
3,2021-07-14T00:00:00Z,NA,NA,NA,NA,NA,NA,NA,NA,NA,NA,NA,NA,NA,NA,2021-07-14,0,1,standing_only,UFJA2101,1.643
3,2021-07-14T00:00:00Z,NA,NA,NA,NA,NA,NA,NA,NA,NA,NA,NA,NA,NA,NA,2021-07-14,0,1,standing_only,UFJA2101,2.349
3,2021-07-14T00:00:00Z,NA,NA,NA,NA,NA,NA,NA,NA,NA,NA,NA,NA,NA,NA,2021-07-14,0,1,standing_only,UFJA2101,2.104
3,2021-07-25T00:00:00Z,NA,NA,563.7,318.3,NA,882,NA,NA,NA,NA,NA,NA,NA,NA,2021-07-25,3,0,harvest_only,UFJA2101,NA
3,2021-07-25T00:00:00Z,NA,NA,649.8,370.6,NA,1020,NA,NA,NA,NA,NA,NA,NA,NA,2021-07-25,3,0,harvest_only,UFJA2101,NA
3,2021-07-25T00:00:00Z,NA,NA,206.2,204.7,NA,410.9,NA,NA,NA,NA,NA,NA,NA,NA,2021-07-25,3,0,harvest_only,UFJA2101,NA
3,2021-07-25T00:00:00Z,NA,NA,457.9,507.9,NA,965.8,NA,NA,NA,NA,NA,NA,NA,NA,2021-07-25,3,0,harvest_only,UFJA2101,NA
3,2021-07-29T00:00:00Z,NA,NA,NA,NA,NA,NA,NA,NA,NA,NA,NA,NA,NA,NA,2021-07-29,0,0,empty,UFJA2101,NA
3,2021-07-29T00:00:00Z,NA,NA,NA,NA,NA,NA,NA,NA,NA,NA,NA,NA,NA,NA,2021-07-29,0,0,empty,UFJA2101,NA
3,2021-07-29T00:00:00Z,NA,NA,NA,NA,NA,NA,NA,NA,NA,NA,NA,NA,NA,NA,2021-07-29,0,0,empty,UFJA2101,NA
3,2021-07-29T00:00:00Z,NA,NA,NA,NA,NA,NA,NA,NA,NA,NA,NA,NA,NA,NA,2021-07-29,0,0,empty,UFJA2101,NA
3,2021-08-14T00:00:00Z,NA,NA,581.2,365.8,NA,987.2,NA,NA,NA,NA,NA,NA,165.2,NA,2021-08-14,4,0,harvest_only,UFJA2101,NA
3,2021-08-14T00:00:00Z,NA,NA,511.3,384.2,NA,1152,NA,NA,NA,NA,NA,NA,120.6,NA,2021-08-14,4,0,harvest_only,UFJA2101,NA
3,2021-08-26T00:00:00Z,NA,NA,NA,NA,111.8,NA,15,NA,NA,NA,NA,NA,NA,NA,2021-08-26,1,1,mixed_harvest,UFJA2101,NA
3,2021-08-26T00:00:00Z,NA,NA,NA,NA,36.2,NA,18,NA,NA,NA,NA,NA,NA,NA,2021-08-26,1,1,mixed_harvest,UFJA2101,NA
3,2021-08-26T00:00:00Z,NA,NA,NA,NA,26.4,NA,14,NA,NA,NA,NA,NA,NA,NA,2021-08-26,1,1,mixed_harvest,UFJA2101,NA
3,2021-08-26T00:00:00Z,NA,NA,NA,NA,97.3,NA,13,NA,NA,NA,NA,NA,NA,NA,2021-08-26,1,1,mixed_harvest,UFJA2101,NA
4,2021-06-29T00:00:00Z,0.472,NA,NA,NA,NA,NA,NA,NA,NA,NA,NA,NA,NA,NA,2021-06-29,0,1,standing_only,UFJA2101,NA
4,2021-06-29T00:00:00Z,0.478,NA,NA,NA,NA,NA,NA,NA,NA,NA,NA,NA,NA,NA,2021-06-29,0,1,standing_only,UFJA2101,NA
4,2021-06-29T00:00:00Z,0.413,NA,NA,NA,NA,NA,NA,NA,NA,NA,NA,NA,NA,NA,2021-06-29,0,1,standing_only,UFJA2101,NA
4,2021-06-29T00:00:00Z,0.288,NA,NA,NA,NA,NA,NA,NA,NA,NA,NA,NA,NA,NA,2021-06-29,0,1,standing_only,UFJA2101,NA
4,2021-07-14T00:00:00Z,1.127,0.203,535.8,703.2,NA,1239,NA,NA,NA,NA,NA,NA,460.8,NA,2021-07-14,4,2,mixed_harvest,UFJA2101,NA
4,2021-07-14T00:00:00Z,0.948,0.203,795.3,782.7,NA,1578,NA,NA,NA,NA,NA,NA,318.2,NA,2021-07-14,4,2,mixed_harvest,UFJA2101,NA
4,2021-07-14T00:00:00Z,0.965,NA,NA,NA,NA,NA,NA,NA,NA,NA,NA,NA,NA,NA,2021-07-14,0,1,standing_only,UFJA2101,NA
4,2021-07-14T00:00:00Z,0.751,NA,NA,NA,NA,NA,NA,NA,NA,NA,NA,NA,NA,NA,2021-07-14,0,1,standing_only,UFJA2101,NA
4,2021-07-14T00:00:00Z,NA,NA,NA,NA,NA,NA,NA,NA,NA,NA,NA,NA,NA,NA,2021-07-14,0,1,standing_only,UFJA2101,0.876
4,2021-07-14T00:00:00Z,NA,NA,NA,NA,NA,NA,NA,NA,NA,NA,NA,NA,NA,NA,2021-07-14,0,1,standing_only,UFJA2101,2.872
4,2021-07-14T00:00:00Z,NA,NA,NA,NA,NA,NA,NA,NA,NA,NA,NA,NA,NA,NA,2021-07-14,0,1,standing_only,UFJA2101,0.712
4,2021-07-14T00:00:00Z,NA,NA,NA,NA,NA,NA,NA,NA,NA,NA,NA,NA,NA,NA,2021-07-14,0,1,standing_only,UFJA2101,1.146
4,2021-07-25T00:00:00Z,NA,NA,1196,936.2,NA,2132,NA,NA,NA,NA,NA,NA,NA,NA,2021-07-25,3,0,harvest_only,UFJA2101,NA
4,2021-07-25T00:00:00Z,NA,NA,1116,848,NA,1964,NA,NA,NA,NA,NA,NA,NA,NA,2021-07-25,3,0,harvest_only,UFJA2101,NA
4,2021-07-25T00:00:00Z,NA,NA,1480,1221,NA,2701,NA,NA,NA,NA,NA,NA,NA,NA,2021-07-25,3,0,harvest_only,UFJA2101,NA
4,2021-07-25T00:00:00Z,NA,NA,1089,892,NA,1882,NA,NA,NA,NA,NA,NA,NA,NA,2021-07-25,3,0,harvest_only,UFJA2101,NA
4,2021-07-29T00:00:00Z,NA,NA,NA,NA,169.1,NA,NA,NA,NA,NA,NA,NA,NA,NA,2021-07-29,1,0,harvest_only,UFJA2101,NA
4,2021-07-29T00:00:00Z,NA,NA,NA,NA,139.9,NA,NA,NA,NA,NA,NA,NA,NA,NA,2021-07-29,1,0,harvest_only,UFJA2101,NA
4,2021-07-29T00:00:00Z,NA,NA,NA,NA,NA,NA,NA,NA,NA,NA,NA,NA,NA,NA,2021-07-29,0,0,empty,UFJA2101,NA
4,2021-07-29T00:00:00Z,NA,NA,NA,NA,NA,NA,NA,NA,NA,NA,NA,NA,NA,NA,2021-07-29,0,0,empty,UFJA2101,NA
4,2021-08-02T00:00:00Z,1.244,NA,NA,NA,NA,NA,NA,NA,NA,NA,NA,NA,NA,NA,2021-08-02,0,1,standing_only,UFJA2101,NA
4,2021-08-02T00:00:00Z,1.327,NA,NA,NA,NA,NA,NA,NA,NA,NA,NA,NA,NA,NA,2021-08-02,0,1,standing_only,UFJA2101,NA
4,2021-08-14T00:00:00Z,NA,NA,2035,663,330,3029,NA,NA,NA,NA,NA,NA,534.5,NA,2021-08-14,5,0,harvest_only,UFJA2101,NA
4,2021-08-14T00:00:00Z,1.371,0.254,1634,786,379.5,2800,NA,NA,NA,NA,NA,NA,331,NA,2021-08-14,5,2,mixed_harvest,UFJA2101,NA
4,2021-08-26T00:00:00Z,NA,NA,NA,NA,139.9,NA,16,NA,NA,NA,NA,NA,NA,NA,2021-08-26,1,1,mixed_harvest,UFJA2101,NA
4,2021-08-26T00:00:00Z,NA,NA,NA,NA,192.8,NA,15,NA,NA,NA,NA,NA,NA,NA,2021-08-26,1,1,mixed_harvest,UFJA2101,NA
4,2021-08-26T00:00:00Z,NA,NA,NA,NA,906.8,NA,16,NA,NA,NA,NA,NA,NA,NA,2021-08-26,1,1,mixed_harvest,UFJA2101,NA
4,2021-08-26T00:00:00Z,NA,NA,NA,NA,91.6,NA,16,NA,NA,NA,NA,NA,NA,NA,2021-08-26,1,1,mixed_harvest,UFJA2101,NA
1,2022-05-28T00:00:00Z,0.045,NA,NA,NA,NA,NA,NA,NA,NA,NA,NA,NA,NA,NA,2022-05-28,0,1,standing_only,UFJA2201,NA
1,2022-05-28T00:00:00Z,0.046,NA,NA,NA,NA,NA,NA,NA,NA,NA,NA,NA,NA,NA,2022-05-28,0,1,standing_only,UFJA2201,NA
1,2022-05-28T00:00:00Z,0.06,NA,NA,NA,NA,NA,NA,NA,NA,NA,NA,NA,NA,NA,2022-05-28,0,1,standing_only,UFJA2201,NA
1,2022-05-28T00:00:00Z,0.061,NA,NA,NA,NA,NA,NA,NA,NA,NA,NA,NA,NA,NA,2022-05-28,0,1,standing_only,UFJA2201,NA
1,2022-06-14T00:00:00Z,0.236,NA,NA,NA,NA,NA,NA,NA,NA,NA,NA,NA,NA,NA,2022-06-14,0,1,standing_only,UFJA2201,NA
1,2022-06-14T00:00:00Z,0.247,NA,NA,NA,NA,NA,NA,NA,NA,NA,NA,NA,NA,NA,2022-06-14,0,1,standing_only,UFJA2201,NA
1,2022-06-14T00:00:00Z,0.224,NA,NA,NA,NA,NA,NA,NA,NA,NA,NA,NA,NA,NA,2022-06-14,0,1,standing_only,UFJA2201,NA
1,2022-06-14T00:00:00Z,0.274,NA,NA,NA,NA,NA,NA,NA,NA,NA,NA,NA,NA,NA,2022-06-14,0,1,standing_only,UFJA2201,NA
1,2022-07-08T00:00:00Z,1.138,NA,NA,NA,NA,NA,NA,NA,NA,NA,NA,NA,NA,NA,2022-07-08,0,1,standing_only,UFJA2201,NA
1,2022-07-08T00:00:00Z,1.087,NA,NA,NA,NA,NA,NA,NA,NA,NA,NA,NA,NA,NA,2022-07-08,0,1,standing_only,UFJA2201,NA
1,2022-07-08T00:00:00Z,1.199,NA,NA,NA,NA,NA,NA,NA,NA,NA,NA,NA,NA,NA,2022-07-08,0,1,standing_only,UFJA2201,NA
1,2022-07-08T00:00:00Z,1.143,NA,NA,NA,NA,NA,NA,NA,NA,NA,NA,NA,NA,NA,2022-07-08,0,1,standing_only,UFJA2201,NA
1,2022-07-08T00:00:00Z,NA,NA,1738,1349,NA,3087,NA,NA,NA,NA,NA,NA,302.1,NA,2022-07-08,4,0,harvest_only,UFJA2201,NA
1,2022-07-08T00:00:00Z,1.26,0.22,1040,883,NA,1923,12,NA,NA,NA,NA,NA,230.6,NA,2022-07-08,4,3,mixed_harvest,UFJA2201,NA
1,2022-07-08T00:00:00Z,1.16,0.24,1365,904.7,NA,2270,14,NA,NA,NA,NA,NA,179.3,NA,2022-07-08,4,3,mixed_harvest,UFJA2201,NA
1,2022-07-08T00:00:00Z,1.14,0.23,1179,1077,NA,2257,15,NA,NA,NA,NA,NA,341,NA,2022-07-08,4,3,mixed_harvest,UFJA2201,NA
1,2022-07-08T00:00:00Z,1.18,0.265,1475,1258,NA,2733,13,NA,NA,NA,NA,NA,214.8,NA,2022-07-08,4,3,mixed_harvest,UFJA2201,NA
1,2022-07-08T00:00:00Z,1.19,0.255,1495,865,NA,2861,15,NA,NA,NA,NA,NA,262.1,NA,2022-07-08,4,3,mixed_harvest,UFJA2201,NA
1,2022-07-08T00:00:00Z,1.09,0.32,1616,1323,NA,2940,15,NA,NA,NA,NA,NA,390.2,NA,2022-07-08,4,3,mixed_harvest,UFJA2201,NA
1,2022-07-08T00:00:00Z,1.47,0.38,1085,1172,NA,2258,13,NA,NA,NA,NA,NA,603.1,NA,2022-07-08,4,3,mixed_harvest,UFJA2201,NA
1,2022-07-08T00:00:00Z,1.24,0.2,1046,536.6,NA,1583,14,NA,NA,NA,NA,NA,116.2,NA,2022-07-08,4,3,mixed_harvest,UFJA2201,NA
1,2022-07-08T00:00:00Z,1.25,0.265,1401,949,NA,2350,14,NA,NA,NA,NA,NA,453.3,NA,2022-07-08,4,3,mixed_harvest,UFJA2201,NA
1,2022-07-08T00:00:00Z,1.23,0.3,1069,638,NA,1708,15,NA,NA,NA,NA,NA,230.6,NA,2022-07-08,4,3,mixed_harvest,UFJA2201,NA
1,2022-07-20T00:00:00Z,NA,NA,1828,1091,NA,2920,NA,NA,NA,NA,NA,NA,NA,NA,2022-07-20,3,0,harvest_only,UFJA2201,NA
1,2022-07-20T00:00:00Z,NA,NA,1909,1525,NA,3435,NA,NA,NA,NA,NA,NA,NA,NA,2022-07-20,3,0,harvest_only,UFJA2201,NA
1,2022-07-20T00:00:00Z,1.39,NA,2621,1417,NA,4038,NA,NA,NA,NA,NA,NA,NA,NA,2022-07-20,3,1,mixed_harvest,UFJA2201,NA
1,2022-07-20T00:00:00Z,1.4,NA,2065,1659,NA,3724,NA,NA,NA,NA,NA,NA,NA,NA,2022-07-20,3,1,mixed_harvest,UFJA2201,NA
1,2022-07-20T00:00:00Z,1.44,0.19,1995,1195,NA,3190,NA,NA,NA,NA,NA,NA,330.4,NA,2022-07-20,4,2,mixed_harvest,UFJA2201,NA
1,2022-07-29T00:00:00Z,1.492,NA,NA,NA,NA,NA,24,NA,NA,NA,NA,NA,NA,NA,2022-07-29,0,2,standing_only,UFJA2201,NA
1,2022-07-29T00:00:00Z,1.736,NA,NA,NA,NA,NA,21,NA,NA,NA,NA,NA,NA,NA,2022-07-29,0,2,standing_only,UFJA2201,NA
1,2022-07-29T00:00:00Z,1.9,NA,NA,NA,NA,NA,19,NA,NA,NA,NA,NA,NA,NA,2022-07-29,0,2,standing_only,UFJA2201,NA
1,2022-07-29T00:00:00Z,1.66,NA,NA,NA,NA,NA,21,NA,NA,NA,NA,NA,NA,NA,2022-07-29,0,2,standing_only,UFJA2201,NA
1,2022-08-08T00:00:00Z,1.58,NA,2964,1667,NA,4632,NA,NA,NA,NA,NA,NA,NA,NA,2022-08-08,3,1,mixed_harvest,UFJA2201,NA
1,2022-08-08T00:00:00Z,1.45,NA,2672,1332,NA,4005,NA,NA,NA,NA,NA,NA,NA,NA,2022-08-08,3,1,mixed_harvest,UFJA2201,NA
1,2022-08-29T00:00:00Z,NA,NA,3324,1601,NA,4926,26,NA,NA,NA,NA,NA,327.1,NA,2022-08-29,4,1,mixed_harvest,UFJA2201,NA
1,2022-08-29T00:00:00Z,1.56,0.21,3050,2038,NA,5088,24,NA,NA,NA,NA,NA,291.8,NA,2022-08-29,4,3,mixed_harvest,UFJA2201,NA
1,2022-08-29T00:00:00Z,1.69,0.24,3414,1299,NA,4714,22,NA,NA,NA,NA,NA,221.1,NA,2022-08-29,4,3,mixed_harvest,UFJA2201,NA
1,2022-08-29T00:00:00Z,1.53,0.2,2971,1441,NA,4412,25,NA,NA,NA,NA,NA,498.3,NA,2022-08-29,4,3,mixed_harvest,UFJA2201,NA
1,2022-08-29T00:00:00Z,1.8,0.22,3592,1434,NA,5027,25,NA,NA,NA,NA,NA,363.8,NA,2022-08-29,4,3,mixed_harvest,UFJA2201,NA
2,2022-05-28T00:00:00Z,0.065,NA,NA,NA,NA,NA,NA,NA,NA,NA,NA,NA,NA,NA,2022-05-28,0,1,standing_only,UFJA2201,NA
2,2022-05-28T00:00:00Z,0.06,NA,NA,NA,NA,NA,NA,NA,NA,NA,NA,NA,NA,NA,2022-05-28,0,1,standing_only,UFJA2201,NA
2,2022-05-28T00:00:00Z,0.065,NA,NA,NA,NA,NA,NA,NA,NA,NA,NA,NA,NA,NA,2022-05-28,0,1,standing_only,UFJA2201,NA
2,2022-05-28T00:00:00Z,0.055,NA,NA,NA,NA,NA,NA,NA,NA,NA,NA,NA,NA,NA,2022-05-28,0,1,standing_only,UFJA2201,NA
2,2022-06-14T00:00:00Z,0.352,NA,NA,NA,NA,NA,NA,NA,NA,NA,NA,NA,NA,NA,2022-06-14,0,1,standing_only,UFJA2201,NA
2,2022-06-14T00:00:00Z,0.273,NA,NA,NA,NA,NA,NA,NA,NA,NA,NA,NA,NA,NA,2022-06-14,0,1,standing_only,UFJA2201,NA
2,2022-06-14T00:00:00Z,0.307,NA,NA,NA,NA,NA,NA,NA,NA,NA,NA,NA,NA,NA,2022-06-14,0,1,standing_only,UFJA2201,NA
2,2022-06-14T00:00:00Z,0.335,NA,NA,NA,NA,NA,NA,NA,NA,NA,NA,NA,NA,NA,2022-06-14,0,1,standing_only,UFJA2201,NA
2,2022-07-08T00:00:00Z,1.433,NA,NA,NA,NA,NA,NA,NA,NA,NA,NA,NA,NA,NA,2022-07-08,0,1,standing_only,UFJA2201,NA
2,2022-07-08T00:00:00Z,1.417,NA,NA,NA,NA,NA,NA,NA,NA,NA,NA,NA,NA,NA,2022-07-08,0,1,standing_only,UFJA2201,NA
2,2022-07-08T00:00:00Z,1.402,NA,NA,NA,NA,NA,NA,NA,NA,NA,NA,NA,NA,NA,2022-07-08,0,1,standing_only,UFJA2201,NA
2,2022-07-08T00:00:00Z,1.595,NA,NA,NA,NA,NA,NA,NA,NA,NA,NA,NA,NA,NA,2022-07-08,0,1,standing_only,UFJA2201,NA
2,2022-07-08T00:00:00Z,1.75,0.41,2237,1096,NA,3334,15,NA,NA,NA,NA,NA,842.6,NA,2022-07-08,4,3,mixed_harvest,UFJA2201,NA
2,2022-07-08T00:00:00Z,1.8,0.445,NA,NA,NA,NA,18,NA,NA,NA,NA,NA,1978,NA,2022-07-08,1,3,mixed_harvest,UFJA2201,NA
2,2022-07-08T00:00:00Z,1.88,0.425,3166,2040,NA,5107,16,NA,NA,NA,NA,NA,2403,NA,2022-07-08,4,3,mixed_harvest,UFJA2201,NA
2,2022-07-08T00:00:00Z,1.78,0.32,2978,1541,NA,4520,15,NA,NA,NA,NA,NA,523.3,NA,2022-07-08,4,3,mixed_harvest,UFJA2201,NA
2,2022-07-20T00:00:00Z,1.98,NA,3781,2081,NA,6142,NA,NA,NA,NA,NA,NA,1389,NA,2022-07-20,4,1,mixed_harvest,UFJA2201,NA
2,2022-07-20T00:00:00Z,1.81,0.43,5908,3411,NA,8127,NA,NA,NA,NA,NA,NA,1201,NA,2022-07-20,4,2,mixed_harvest,UFJA2201,NA
2,2022-07-20T00:00:00Z,NA,NA,NA,NA,NA,3707,NA,NA,NA,NA,NA,NA,NA,NA,2022-07-20,1,0,harvest_only,UFJA2201,NA
2,2022-07-20T00:00:00Z,1.75,NA,3161,2091,NA,5253,NA,NA,NA,NA,NA,NA,NA,NA,2022-07-20,3,1,mixed_harvest,UFJA2201,NA
2,2022-07-29T00:00:00Z,2.388,NA,NA,NA,NA,NA,24,NA,NA,NA,NA,NA,NA,NA,2022-07-29,0,2,standing_only,UFJA2201,NA
2,2022-07-29T00:00:00Z,2.504,NA,NA,NA,NA,NA,30,NA,NA,NA,NA,NA,NA,NA,2022-07-29,0,2,standing_only,UFJA2201,NA
2,2022-07-29T00:00:00Z,2.256,NA,NA,NA,NA,NA,25,NA,NA,NA,NA,NA,NA,NA,2022-07-29,0,2,standing_only,UFJA2201,NA
2,2022-08-08T00:00:00Z,2.356,NA,5590,4002,NA,9593,20,NA,NA,NA,NA,NA,NA,NA,2022-08-08,3,2,mixed_harvest,UFJA2201,NA
2,2022-08-08T00:00:00Z,2.394,NA,4792,2353,NA,7145,19,NA,NA,NA,NA,NA,NA,NA,2022-08-08,3,2,mixed_harvest,UFJA2201,NA
2,2022-08-29T00:00:00Z,2.81,0.52,8719,2235,NA,10955,24,NA,NA,NA,NA,NA,2306,NA,2022-08-29,4,3,mixed_harvest,UFJA2201,NA
2,2022-08-29T00:00:00Z,3.05,0.515,8930,2426,NA,11357,29,NA,NA,NA,NA,NA,1419,NA,2022-08-29,4,3,mixed_harvest,UFJA2201,NA
2,2022-08-29T00:00:00Z,2.68,0.61,7120,2736,NA,9857,21,NA,NA,NA,NA,NA,991.2,NA,2022-08-29,4,3,mixed_harvest,UFJA2201,NA
2,2022-08-29T00:00:00Z,2.71,0.41,5842,2169,NA,8011,24,NA,NA,NA,NA,NA,312.6,NA,2022-08-29,4,3,mixed_harvest,UFJA2201,NA
3,2022-05-28T00:00:00Z,0.043,NA,NA,NA,NA,NA,NA,NA,NA,NA,NA,NA,NA,NA,2022-05-28,0,1,standing_only,UFJA2201,NA
3,2022-05-28T00:00:00Z,0.026,NA,NA,NA,NA,NA,NA,NA,NA,NA,NA,NA,NA,NA,2022-05-28,0,1,standing_only,UFJA2201,NA
3,2022-05-28T00:00:00Z,0.04,NA,NA,NA,NA,NA,NA,NA,NA,NA,NA,NA,NA,NA,2022-05-28,0,1,standing_only,UFJA2201,NA
3,2022-05-28T00:00:00Z,0.029,NA,NA,NA,NA,NA,NA,NA,NA,NA,NA,NA,NA,NA,2022-05-28,0,1,standing_only,UFJA2201,NA
3,2022-06-14T00:00:00Z,0.211,NA,NA,NA,NA,NA,NA,NA,NA,NA,NA,NA,NA,NA,2022-06-14,0,1,standing_only,UFJA2201,NA
3,2022-06-14T00:00:00Z,0.151,NA,NA,NA,NA,NA,NA,NA,NA,NA,NA,NA,NA,NA,2022-06-14,0,1,standing_only,UFJA2201,NA
3,2022-06-14T00:00:00Z,0.25,NA,NA,NA,NA,NA,NA,NA,NA,NA,NA,NA,NA,NA,2022-06-14,0,1,standing_only,UFJA2201,NA
3,2022-06-14T00:00:00Z,0.146,NA,NA,NA,NA,NA,NA,NA,NA,NA,NA,NA,NA,NA,2022-06-14,0,1,standing_only,UFJA2201,NA
3,2022-07-08T00:00:00Z,NA,NA,472.1,699.2,NA,1171,NA,NA,NA,NA,NA,NA,NA,NA,2022-07-08,3,0,harvest_only,UFJA2201,NA
3,2022-07-08T00:00:00Z,NA,NA,392.5,612.6,NA,1005,NA,NA,NA,NA,NA,NA,NA,NA,2022-07-08,3,0,harvest_only,UFJA2201,NA
3,2022-07-08T00:00:00Z,NA,NA,592.6,996.5,NA,1589,NA,NA,NA,NA,NA,NA,NA,NA,2022-07-08,3,0,harvest_only,UFJA2201,NA
3,2022-07-08T00:00:00Z,0.747,NA,NA,NA,NA,NA,NA,NA,NA,NA,NA,NA,NA,NA,2022-07-08,0,1,standing_only,UFJA2201,NA
3,2022-07-08T00:00:00Z,0.655,NA,NA,NA,NA,NA,NA,NA,NA,NA,NA,NA,NA,NA,2022-07-08,0,1,standing_only,UFJA2201,NA
3,2022-07-08T00:00:00Z,0.889,NA,NA,NA,NA,NA,NA,NA,NA,NA,NA,NA,NA,NA,2022-07-08,0,1,standing_only,UFJA2201,NA
3,2022-07-08T00:00:00Z,0.569,NA,NA,NA,NA,NA,NA,NA,NA,NA,NA,NA,NA,NA,2022-07-08,0,1,standing_only,UFJA2201,NA
3,2022-07-20T00:00:00Z,NA,NA,654.4,1001,NA,1655,NA,NA,NA,NA,NA,NA,NA,NA,2022-07-20,3,0,harvest_only,UFJA2201,NA
3,2022-07-20T00:00:00Z,NA,NA,499.9,791.2,NA,1291,NA,NA,NA,NA,NA,NA,NA,NA,2022-07-20,3,0,harvest_only,UFJA2201,NA
3,2022-07-20T00:00:00Z,NA,NA,766.9,1402,NA,2169,NA,NA,NA,NA,NA,NA,NA,NA,2022-07-20,3,0,harvest_only,UFJA2201,NA
3,2022-07-29T00:00:00Z,0.772,NA,NA,NA,NA,NA,12,NA,NA,NA,NA,NA,NA,NA,2022-07-29,0,2,standing_only,UFJA2201,NA
3,2022-07-29T00:00:00Z,1.046,NA,NA,NA,NA,NA,17,NA,NA,NA,NA,NA,NA,NA,2022-07-29,0,2,standing_only,UFJA2201,NA
3,2022-07-29T00:00:00Z,1.158,NA,NA,NA,NA,NA,13,NA,NA,NA,NA,NA,NA,NA,2022-07-29,0,2,standing_only,UFJA2201,NA
3,2022-07-29T00:00:00Z,0.742,NA,NA,NA,NA,NA,12,NA,NA,NA,NA,NA,NA,NA,2022-07-29,0,2,standing_only,UFJA2201,NA
4,2022-05-28T00:00:00Z,0.026,NA,NA,NA,NA,NA,NA,NA,NA,NA,NA,NA,NA,NA,2022-05-28,0,1,standing_only,UFJA2201,NA
4,2022-05-28T00:00:00Z,0.023,NA,NA,NA,NA,NA,NA,NA,NA,NA,NA,NA,NA,NA,2022-05-28,0,1,standing_only,UFJA2201,NA
4,2022-05-28T00:00:00Z,0.024,NA,NA,NA,NA,NA,NA,NA,NA,NA,NA,NA,NA,NA,2022-05-28,0,1,standing_only,UFJA2201,NA
4,2022-05-28T00:00:00Z,0.03,NA,NA,NA,NA,NA,NA,NA,NA,NA,NA,NA,NA,NA,2022-05-28,0,1,standing_only,UFJA2201,NA
4,2022-06-14T00:00:00Z,0.165,NA,NA,NA,NA,NA,NA,NA,NA,NA,NA,NA,NA,NA,2022-06-14,0,1,standing_only,UFJA2201,NA
4,2022-06-14T00:00:00Z,0.149,NA,NA,NA,NA,NA,NA,NA,NA,NA,NA,NA,NA,NA,2022-06-14,0,1,standing_only,UFJA2201,NA
4,2022-06-14T00:00:00Z,0.155,NA,NA,NA,NA,NA,NA,NA,NA,NA,NA,NA,NA,NA,2022-06-14,0,1,standing_only,UFJA2201,NA
4,2022-06-14T00:00:00Z,0.208,NA,NA,NA,NA,NA,NA,NA,NA,NA,NA,NA,NA,NA,2022-06-14,0,1,standing_only,UFJA2201,NA
4,2022-07-08T00:00:00Z,NA,NA,1984,1652,NA,3536,NA,NA,NA,NA,NA,NA,NA,NA,2022-07-08,3,0,harvest_only,UFJA2201,NA
4,2022-07-08T00:00:00Z,NA,NA,1525,1701,NA,2226,NA,NA,NA,NA,NA,NA,NA,NA,2022-07-08,3,0,harvest_only,UFJA2201,NA
4,2022-07-08T00:00:00Z,NA,NA,1023,1295,NA,2318,NA,NA,NA,NA,NA,NA,NA,NA,2022-07-08,3,0,harvest_only,UFJA2201,NA
4,2022-07-08T00:00:00Z,NA,NA,1698,2322,NA,4017,NA,NA,NA,NA,NA,NA,NA,NA,2022-07-08,3,0,harvest_only,UFJA2201,NA
4,2022-07-08T00:00:00Z,0.95,NA,NA,NA,NA,NA,NA,NA,NA,NA,NA,NA,NA,NA,2022-07-08,0,1,standing_only,UFJA2201,NA
4,2022-07-08T00:00:00Z,0.853,NA,NA,NA,NA,NA,NA,NA,NA,NA,NA,NA,NA,NA,2022-07-08,0,1,standing_only,UFJA2201,NA
4,2022-07-08T00:00:00Z,0.889,NA,NA,NA,NA,NA,NA,NA,NA,NA,NA,NA,NA,NA,2022-07-08,0,1,standing_only,UFJA2201,NA
4,2022-07-08T00:00:00Z,1.057,NA,NA,NA,NA,NA,NA,NA,NA,NA,NA,NA,NA,NA,2022-07-08,0,1,standing_only,UFJA2201,NA
4,2022-07-20T00:00:00Z,NA,NA,1940,2511,NA,4451,NA,NA,NA,NA,NA,NA,NA,NA,2022-07-20,3,0,harvest_only,UFJA2201,NA
4,2022-07-20T00:00:00Z,NA,NA,1140,1764,NA,2905,NA,NA,NA,NA,NA,NA,NA,NA,2022-07-20,3,0,harvest_only,UFJA2201,NA
4,2022-07-20T00:00:00Z,NA,NA,2867,2173,NA,5041,NA,NA,NA,NA,NA,NA,NA,NA,2022-07-20,3,0,harvest_only,UFJA2201,NA
4,2022-07-20T00:00:00Z,NA,NA,3110,2151,NA,5462,NA,NA,NA,NA,NA,NA,NA,NA,2022-07-20,3,0,harvest_only,UFJA2201,NA
4,2022-07-29T00:00:00Z,1.458,NA,NA,NA,NA,NA,16,NA,NA,NA,NA,NA,NA,NA,2022-07-29,0,2,standing_only,UFJA2201,NA
4,2022-07-29T00:00:00Z,1.302,NA,NA,NA,NA,NA,18,NA,NA,NA,NA,NA,NA,NA,2022-07-29,0,2,standing_only,UFJA2201,NA
4,2022-07-29T00:00:00Z,1.27,NA,NA,NA,NA,NA,14,NA,NA,NA,NA,NA,NA,NA,2022-07-29,0,2,standing_only,UFJA2201,NA
4,2022-07-29T00:00:00Z,1.496,NA,NA,NA,NA,NA,15,NA,NA,NA,NA,NA,NA,NA,2022-07-29,0,2,standing_only,UFJA2201,NA
