Date,L#SD_sim,GSTD_sim,SWAD_sim,GWAD_sim,RWAD_sim,CWAD_sim,PWAD_sim,CHTD_sim,CWID_sim,RDPD_sim,L#SD_obs,GSTD_obs,SWAD_obs,GWAD_obs,RWAD_obs,CWAD_obs,PWAD_obs,CHTD_obs,CWID_obs,RDPD_obs,situation,simulation_no,experiment,trno,site,year,cultivar,nitrogen_kg_ha,density_plants_m2
2021-05-05,0,0,0,0,0,0,0,0,0,0,NA,NA,NA,NA,NA,NA,NA,NA,NA,NA,UFCI2101_1,1,UFCI2101,1,PSREU,2021,IH Williams,280,53.8
2021-05-06,0,0,0,0,0,0,0,0,0,0,NA,NA,NA,NA,NA,NA,NA,NA,NA,NA,UFCI2101_1,1,UFCI2101,1,PSREU,2021,IH Williams,280,53.8
2021-05-07,0,0,0,0,0,0,0,0,0,0,NA,NA,NA,NA,NA,NA,NA,NA,NA,NA,UFCI2101_1,1,UFCI2101,1,PSREU,2021,IH Williams,280,53.8
2021-05-08,0,0,0,0,0,0,0,0,0,0,NA,NA,NA,NA,NA,NA,NA,NA,NA,NA,UFCI2101_1,1,UFCI2101,1,PSREU,2021,IH Williams,280,53.8
2021-05-09,0,0,1,0,3,4,0,0.02,0.03,0.27,NA,NA,NA,NA,NA,NA,NA,NA,NA,NA,UFCI2101_1,1,UFCI2101,1,PSREU,2021,IH Williams,280,53.8
2021-05-10,0.3,0,1,0,3,5,0,0.02,0.03,0.29,NA,NA,NA,NA,NA,NA,NA,NA,NA,NA,UFCI2101_1,1,UFCI2101,1,PSREU,2021,IH Williams,280,53.8
2021-05-11,0.6,0,1,0,3,5,0,0.02,0.04,0.32,NA,NA,NA,NA,NA,NA,NA,NA,NA,NA,UFCI2101_1,1,UFCI2101,1,PSREU,2021,IH Williams,280,53.8
2021-05-12,0.9,0,2,0,3,7,0,0.03,0.05,0.34,NA,NA,NA,NA,NA,NA,NA,NA,NA,NA,UFCI2101_1,1,UFCI2101,1,PSREU,2021,IH Williams,280,53.8
2021-05-13,1.2,0,2,0,3,7,0,0.04,0.06,0.36,NA,NA,NA,NA,NA,NA,NA,NA,NA,NA,UFCI2101_1,1,UFCI2101,1,PSREU,2021,IH Williams,280,53.8
2021-05-14,1.4,0,2,0,3,9,0,0.05,0.07,0.38,NA,NA,NA,NA,NA,NA,NA,NA,NA,NA,UFCI2101_1,1,UFCI2101,1,PSREU,2021,IH Williams,280,53.8
2021-05-15,1.6,0,2,0,3,11,0,0.05,0.07,0.4,NA,NA,NA,NA,NA,NA,NA,NA,NA,NA,UFCI2101_1,1,UFCI2101,1,PSREU,2021,IH Williams,280,53.8
2021-05-16,1.8,0,2,0,4,13,0,0.06,0.08,0.42,NA,NA,NA,NA,NA,NA,NA,NA,NA,NA,UFCI2101_1,1,UFCI2101,1,PSREU,2021,IH Williams,280,53.8
2021-05-17,2.1,0,3,0,4,17,0,0.06,0.08,0.44,NA,NA,NA,NA,NA,NA,NA,NA,NA,NA,UFCI2101_1,1,UFCI2101,1,PSREU,2021,IH Williams,280,53.8
2021-05-18,2.3,0,3,0,5,20,0,0.07,0.09,0.46,NA,NA,33,NA,10.2,56.1,NA,NA,NA,NA,UFCI2101_1,1,UFCI2101,1,PSREU,2021,IH Williams,280,53.8
2021-05-19,2.6,0,3,0,5,25,0,0.08,0.1,0.49,NA,NA,NA,NA,NA,NA,NA,NA,NA,NA,UFCI2101_1,1,UFCI2101,1,PSREU,2021,IH Williams,280,53.8
2021-05-20,2.8,0,4,0,8,30,0,0.09,0.11,0.51,NA,NA,NA,NA,NA,NA,NA,NA,NA,NA,UFCI2101_1,1,UFCI2101,1,PSREU,2021,IH Williams,280,53.8
2021-05-21,3,0,6,0,10,36,0,0.1,0.11,0.53,NA,NA,NA,NA,NA,NA,NA,NA,NA,NA,UFCI2101_1,1,UFCI2101,1,PSREU,2021,IH Williams,280,53.8
2021-05-22,3.2,0,9,0,13,43,0,0.12,0.12,0.55,NA,NA,NA,NA,NA,NA,NA,NA,NA,NA,UFCI2101_1,1,UFCI2101,1,PSREU,2021,IH Williams,280,53.8
2021-05-23,3.5,0,12,0,16,52,0,0.13,0.13,0.57,NA,NA,NA,NA,NA,NA,NA,NA,NA,NA,UFCI2101_1,1,UFCI2101,1,PSREU,2021,IH Williams,280,53.8
2021-05-24,3.7,0,16,0,19,62,0,0.14,0.14,0.59,3,NA,17.16,NA,14.5,45.62,NA,0.203,NA,NA,UFCI2101_1,1,UFCI2101,1,PSREU,2021,IH Williams,280,53.8
2021-05-25,3.9,0,21,0,23,74,0,0.16,0.15,0.61,NA,NA,NA,NA,NA,NA,NA,NA,NA,NA,UFCI2101_1,1,UFCI2101,1,PSREU,2021,IH Williams,280,53.8
2021-05-26,4.1,0,26,0,27,88,0,0.17,0.16,0.63,4,NA,55.44,NA,28.5,113.2,NA,0.317,0.22,NA,UFCI2101_1,1,UFCI2101,1,PSREU,2021,IH Williams,280,53.8
2021-05-27,4.4,0,33,0,33,104,0,0.19,0.17,0.65,NA,NA,NA,NA,NA,NA,NA,NA,NA,NA,UFCI2101_1,1,UFCI2101,1,PSREU,2021,IH Williams,280,53.8
2021-05-28,4.6,0,40,0,38,122,0,0.21,0.18,0.67,NA,NA,NA,NA,NA,NA,NA,NA,NA,NA,UFCI2101_1,1,UFCI2101,1,PSREU,2021,IH Williams,280,53.8
2021-05-29,4.9,0,49,0,45,143,0,0.23,0.19,0.7,NA,NA,NA,NA,NA,NA,NA,NA,NA,NA,UFCI2101_1,1,UFCI2101,1,PSREU,2021,IH Williams,280,53.8
2021-05-30,5.1,0,59,0,53,167,0,0.26,0.2,0.72,NA,NA,NA,NA,NA,NA,NA,NA,NA,NA,UFCI2101_1,1,UFCI2101,1,PSREU,2021,IH Williams,280,53.8
2021-05-31,5.4,0,71,0,62,195,0,0.28,0.2,0.74,NA,NA,NA,NA,NA,NA,NA,NA,NA,NA,UFCI2101_1,1,UFCI2101,1,PSREU,2021,IH Williams,280,53.8
2021-06-01,5.6,0,85,0,72,228,0,0.31,0.2,0.76,NA,NA,NA,NA,NA,NA,NA,NA,NA,NA,UFCI2101_1,1,UFCI2101,1,PSREU,2021,IH Williams,280,53.8
2021-06-02,5.9,0,99,0,83,262,0,0.33,0.2,0.78,NA,NA,NA,NA,NA,NA,NA,NA,NA,NA,UFCI2101_1,1,UFCI2101,1,PSREU,2021,IH Williams,280,53.8
2021-06-03,6.1,0,113,0,92,293,0,0.36,0.2,0.81,NA,NA,NA,NA,NA,NA,NA,NA,NA,NA,UFCI2101_1,1,UFCI2101,1,PSREU,2021,IH Williams,280,53.8
2021-06-04,6.4,0,127,0,103,327,0,0.4,0.2,0.83,7.75,NA,NA,NA,NA,NA,NA,0.3875,0.15,NA,UFCI2101_1,1,UFCI2101,1,PSREU,2021,IH Williams,280,53.8
2021-06-05,6.6,1,145,0,115,366,0,0.43,0.2,0.85,NA,NA,NA,NA,NA,NA,NA,NA,NA,NA,UFCI2101_1,1,UFCI2101,1,PSREU,2021,IH Williams,280,53.8
2021-06-06,6.9,1,168,0,130,418,0,0.47,0.2,0.87,NA,NA,NA,NA,NA,NA,NA,NA,NA,NA,UFCI2101_1,1,UFCI2101,1,PSREU,2021,IH Williams,280,53.8
2021-06-07,7.1,1,186,0,142,458,0,0.5,0.2,0.9,NA,NA,NA,NA,NA,NA,NA,NA,NA,NA,UFCI2101_1,1,UFCI2101,1,PSREU,2021,IH Williams,280,53.8
2021-06-08,7.4,1,217,0,161,524,0,0.54,0.2,0.92,NA,NA,NA,NA,NA,NA,NA,NA,NA,NA,UFCI2101_1,1,UFCI2101,1,PSREU,2021,IH Williams,280,53.8
2021-06-09,7.6,1,250,0,181,593,0,0.57,0.2,0.94,NA,NA,NA,NA,NA,NA,NA,NA,NA,NA,UFCI2101_1,1,UFCI2101,1,PSREU,2021,IH Williams,280,53.8
2021-06-10,7.9,1,283,0,201,662,0,0.61,0.2,0.96,NA,NA,NA,NA,NA,NA,NA,NA,NA,NA,UFCI2101_1,1,UFCI2101,1,PSREU,2021,IH Williams,280,53.8
2021-06-11,8.1,1,325,0,225,748,0,0.65,0.2,0.98,NA,NA,NA,NA,NA,NA,NA,NA,NA,NA,UFCI2101_1,1,UFCI2101,1,PSREU,2021,IH Williams,280,53.8
2021-06-12,8.4,1,359,0,242,814,0,0.68,0.2,1.01,NA,NA,NA,NA,NA,NA,NA,NA,NA,NA,UFCI2101_1,1,UFCI2101,1,PSREU,2021,IH Williams,280,53.8
2021-06-13,8.6,1,388,0,257,871,0,0.72,0.2,1.03,NA,NA,NA,NA,NA,NA,NA,NA,NA,NA,UFCI2101_1,1,UFCI2101,1,PSREU,2021,IH Williams,280,53.8
2021-06-14,8.9,3,425,0,276,942,0,0.76,0.2,1.06,NA,NA,NA,NA,NA,NA,NA,NA,NA,NA,UFCI2101_1,1,UFCI2101,1,PSREU,2021,IH Williams,280,53.8
2021-06-15,9.1,3,467,0,296,1023,0,0.8,0.2,1.08,NA,NA,NA,NA,NA,NA,NA,NA,NA,NA,UFCI2101_1,1,UFCI2101,1,PSREU,2021,IH Williams,280,53.8
2021-06-16,9.4,3,515,0,319,1113,0,0.84,0.2,1.1,NA,NA,NA,NA,NA,NA,NA,NA,NA,NA,UFCI2101_1,1,UFCI2101,1,PSREU,2021,IH Williams,280,53.8
2021-06-17,9.7,3,564,0,340,1203,1,0.87,0.2,1.12,NA,NA,NA,NA,NA,NA,NA,NA,NA,NA,UFCI2101_1,1,UFCI2101,1,PSREU,2021,IH Williams,280,53.8
2021-06-18,9.9,3,611,0,361,1290,2,0.91,0.2,1.15,10.75,NA,959.35,NA,101.16666666666667,1849.5,NA,0.755625,0.18,NA,UFCI2101_1,1,UFCI2101,1,PSREU,2021,IH Williams,280,53.8
2021-06-19,10.2,3,662,0,382,1382,4,0.96,0.2,1.17,NA,NA,NA,NA,NA,NA,NA,NA,NA,NA,UFCI2101_1,1,UFCI2101,1,PSREU,2021,IH Williams,280,53.8
2021-06-20,10.5,5,692,0,393,1436,6,1.01,0.2,1.2,NA,NA,NA,NA,NA,NA,NA,NA,NA,NA,UFCI2101_1,1,UFCI2101,1,PSREU,2021,IH Williams,280,53.8
2021-06-21,10.7,5,720,0,402,1487,9,1.06,0.2,1.22,NA,NA,NA,NA,NA,NA,NA,NA,NA,NA,UFCI2101_1,1,UFCI2101,1,PSREU,2021,IH Williams,280,53.8
2021-06-22,11,5,766,0,419,1567,12,1.11,0.2,1.24,NA,NA,NA,NA,NA,NA,NA,NA,NA,NA,UFCI2101_1,1,UFCI2101,1,PSREU,2021,IH Williams,280,53.8
2021-06-23,11.3,5,826,0,440,1674,16,1.15,0.2,1.27,NA,NA,NA,NA,NA,NA,NA,NA,NA,NA,UFCI2101_1,1,UFCI2101,1,PSREU,2021,IH Williams,280,53.8
2021-06-24,11.5,5,876,1,457,1762,20,1.2,0.2,1.29,NA,NA,NA,NA,NA,NA,NA,NA,NA,NA,UFCI2101_1,1,UFCI2101,1,PSREU,2021,IH Williams,280,53.8
2021-06-25,11.8,5,914,2,469,1826,24,1.25,0.2,1.31,NA,NA,1158.3,NA,NA,2117.875,NA,0.857,NA,NA,UFCI2101_1,1,UFCI2101,1,PSREU,2021,IH Williams,280,53.8
2021-06-26,12.1,5,960,3,483,1905,29,1.3,0.2,1.34,NA,NA,NA,NA,NA,NA,NA,NA,NA,NA,UFCI2101_1,1,UFCI2101,1,PSREU,2021,IH Williams,280,53.8
2021-06-27,12.3,5,1046,5,511,2053,35,1.34,0.2,1.36,NA,NA,NA,NA,NA,NA,NA,NA,NA,NA,UFCI2101_1,1,UFCI2101,1,PSREU,2021,IH Williams,280,53.8
2021-06-28,12.6,5,1128,8,537,2193,42,1.39,0.2,1.39,NA,NA,NA,NA,NA,NA,NA,NA,NA,NA,UFCI2101_1,1,UFCI2101,1,PSREU,2021,IH Williams,280,53.8
2021-06-29,12.9,5,1174,11,549,2269,49,1.44,0.2,1.41,NA,NA,NA,NA,NA,NA,NA,NA,NA,NA,UFCI2101_1,1,UFCI2101,1,PSREU,2021,IH Williams,280,53.8
2021-06-30,13.1,5,1203,15,555,2319,58,1.51,0.2,1.43,NA,NA,NA,NA,NA,NA,NA,NA,NA,NA,UFCI2101_1,1,UFCI2101,1,PSREU,2021,IH Williams,280,53.8
2021-07-01,13.4,5,1248,19,566,2396,67,1.56,0.2,1.46,NA,NA,NA,NA,NA,NA,NA,NA,NA,NA,UFCI2101_1,1,UFCI2101,1,PSREU,2021,IH Williams,280,53.8
2021-07-02,13.7,5,1324,25,586,2524,76,1.6,0.2,1.48,11.666666666666666,NA,2066.4,NA,426.3333333333333,3076,NA,1.2649285714285714,0.196,NA,UFCI2101_1,1,UFCI2101,1,PSREU,2021,IH Williams,280,53.8
2021-07-03,13.9,5,1345,31,588,2560,86,1.66,0.2,1.5,NA,NA,NA,NA,NA,NA,NA,NA,NA,NA,UFCI2101_1,1,UFCI2101,1,PSREU,2021,IH Williams,280,53.8
2021-07-04,14.2,5,1398,37,601,2652,96,1.71,0.2,1.5,NA,NA,NA,NA,NA,NA,NA,NA,NA,NA,UFCI2101_1,1,UFCI2101,1,PSREU,2021,IH Williams,280,53.8
2021-07-05,14.5,5,1457,45,613,2751,107,1.74,0.2,1.5,NA,NA,NA,NA,NA,NA,NA,NA,NA,NA,UFCI2101_1,1,UFCI2101,1,PSREU,2021,IH Williams,280,53.8
2021-07-06,14.7,5,1511,54,625,2844,120,1.78,0.2,1.5,NA,NA,NA,NA,NA,NA,NA,NA,NA,NA,UFCI2101_1,1,UFCI2101,1,PSREU,2021,IH Williams,280,53.8
2021-07-07,15,5,1511,64,622,2850,130,1.85,0.2,1.5,NA,NA,NA,NA,NA,NA,NA,NA,NA,NA,UFCI2101_1,1,UFCI2101,1,PSREU,2021,IH Williams,280,53.8
2021-07-08,15.2,5,1619,73,651,3009,143,1.88,0.2,1.5,NA,NA,NA,NA,NA,NA,NA,NA,NA,NA,UFCI2101_1,1,UFCI2101,1,PSREU,2021,IH Williams,280,53.8
2021-07-09,15.4,5,1691,83,669,3121,157,1.9,0.2,1.5,13.5,NA,NA,NA,NA,NA,NA,1.5025,0.22675,NA,UFCI2101_1,1,UFCI2101,1,PSREU,2021,IH Williams,280,53.8
2021-07-10,15.7,5,1800,94,699,3280,171,1.92,0.2,1.5,NA,NA,NA,NA,NA,NA,NA,NA,NA,NA,UFCI2101_1,1,UFCI2101,1,PSREU,2021,IH Williams,280,53.8
2021-07-11,15.9,5,1907,105,728,3436,186,1.94,0.2,1.5,NA,NA,NA,NA,NA,NA,NA,NA,NA,NA,UFCI2101_1,1,UFCI2101,1,PSREU,2021,IH Williams,280,53.8
2021-07-12,16.1,5,2002,118,755,3574,201,1.95,0.2,1.5,NA,NA,NA,NA,NA,NA,NA,NA,NA,NA,UFCI2101_1,1,UFCI2101,1,PSREU,2021,IH Williams,280,53.8
2021-07-13,16.4,5,2116,131,786,3740,219,1.97,0.2,1.5,NA,NA,NA,NA,NA,NA,NA,NA,NA,NA,UFCI2101_1,1,UFCI2101,1,PSREU,2021,IH Williams,280,53.8
2021-07-14,16.6,5,2227,144,817,3902,236,1.98,0.2,1.5,NA,NA,NA,NA,NA,NA,NA,NA,NA,NA,UFCI2101_1,1,UFCI2101,1,PSREU,2021,IH Williams,280,53.8
2021-07-15,16.8,5,2358,157,853,4096,252,1.99,0.2,1.5,NA,NA,NA,NA,NA,NA,NA,NA,NA,NA,UFCI2101_1,1,UFCI2101,1,PSREU,2021,IH Williams,280,53.8
2021-07-16,17.1,5,2486,171,889,4285,269,2.01,0.2,1.5,16.5,NA,2521.3333333333335,NA,467.25,3977.6666666666665,NA,1.8885714285714286,0.29875,NA,UFCI2101_1,1,UFCI2101,1,PSREU,2021,IH Williams,280,53.8
2021-07-17,17.3,5,2609,185,927,4469,287,2.02,0.2,1.5,NA,NA,NA,NA,NA,NA,NA,NA,NA,NA,UFCI2101_1,1,UFCI2101,1,PSREU,2021,IH Williams,280,53.8
2021-07-18,17.5,5,2710,199,955,4619,304,2.03,0.2,1.5,NA,NA,NA,NA,NA,NA,NA,NA,NA,NA,UFCI2101_1,1,UFCI2101,1,PSREU,2021,IH Williams,280,53.8
2021-07-19,17.8,5,2780,213,974,4721,321,2.04,0.2,1.5,NA,NA,NA,NA,NA,NA,NA,NA,NA,NA,UFCI2101_1,1,UFCI2101,1,PSREU,2021,IH Williams,280,53.8
2021-07-20,18,5,2893,228,1006,4893,340,2.05,0.2,1.5,NA,NA,NA,NA,NA,NA,NA,NA,NA,NA,UFCI2101_1,1,UFCI2101,1,PSREU,2021,IH Williams,280,53.8
2021-07-21,18.2,5,2985,242,1032,5033,359,2.06,0.2,1.5,NA,NA,NA,NA,NA,NA,NA,NA,NA,NA,UFCI2101_1,1,UFCI2101,1,PSREU,2021,IH Williams,280,53.8
2021-07-22,18.4,5,3085,256,1060,5187,378,2.07,0.2,1.5,NA,NA,NA,NA,NA,NA,NA,NA,NA,NA,UFCI2101_1,1,UFCI2101,1,PSREU,2021,IH Williams,280,53.8
2021-07-23,18.7,5,3159,270,1082,5302,398,2.08,0.2,1.5,NA,NA,NA,NA,NA,NA,NA,NA,NA,NA,UFCI2101_1,1,UFCI2101,1,PSREU,2021,IH Williams,280,53.8
2021-07-24,18.9,5,3265,283,1112,5465,419,2.09,0.2,1.5,NA,NA,NA,NA,NA,NA,NA,NA,NA,NA,UFCI2101_1,1,UFCI2101,1,PSREU,2021,IH Williams,280,53.8
2021-07-25,19.1,5,3362,296,1139,5618,440,2.1,0.2,1.5,19.75,NA,3837,NA,560.2,5659.75,NA,1.8675,0.3175,NA,UFCI2101_1,1,UFCI2101,1,PSREU,2021,IH Williams,280,53.8
2021-07-26,19.4,5,3439,308,1160,5739,460,2.1,0.2,1.5,NA,NA,NA,NA,NA,NA,NA,NA,NA,NA,UFCI2101_1,1,UFCI2101,1,PSREU,2021,IH Williams,280,53.8
2021-07-27,19.6,5,3491,322,1177,5825,482,2.11,0.2,1.5,NA,NA,NA,NA,NA,NA,NA,NA,NA,NA,UFCI2101_1,1,UFCI2101,1,PSREU,2021,IH Williams,280,53.8
2021-07-28,19.8,5,3546,335,1194,5914,502,2.12,0.2,1.5,NA,NA,NA,NA,NA,NA,NA,NA,NA,NA,UFCI2101_1,1,UFCI2101,1,PSREU,2021,IH Williams,280,53.8
2021-07-29,20.1,5,3592,349,1209,5989,522,2.13,0.2,1.5,NA,NA,NA,NA,NA,NA,NA,NA,NA,NA,UFCI2101_1,1,UFCI2101,1,PSREU,2021,IH Williams,280,53.8
2021-07-30,20.3,5,3678,363,1235,6126,542,2.14,0.2,1.5,NA,NA,NA,NA,NA,NA,NA,NA,NA,NA,UFCI2101_1,1,UFCI2101,1,PSREU,2021,IH Williams,280,53.8
2021-07-31,20.3,5,3767,378,1258,6267,562,2.14,0.2,1.5,NA,NA,NA,NA,NA,NA,NA,NA,NA,NA,UFCI2101_1,1,UFCI2101,1,PSREU,2021,IH Williams,280,53.8
2021-08-01,20.3,5,3811,396,1272,6344,585,2.15,0.2,1.5,18.75,NA,4997,NA,NA,7192,NA,2.0675,0.33,NA,UFCI2101_1,1,UFCI2101,1,PSREU,2021,IH Williams,280,53.8
2021-08-02,20.3,5,3833,415,1280,6391,609,2.16,0.2,1.5,NA,NA,NA,NA,NA,NA,NA,NA,NA,NA,UFCI2101_1,1,UFCI2101,1,PSREU,2021,IH Williams,280,53.8
2021-08-03,20.3,5,3852,436,1286,6441,635,2.17,0.2,1.5,NA,NA,NA,NA,NA,NA,NA,NA,NA,NA,UFCI2101_1,1,UFCI2101,1,PSREU,2021,IH Williams,280,53.8
2021-08-04,20.3,5,3870,457,1292,6484,661,2.17,0.2,1.5,NA,NA,NA,NA,NA,NA,NA,NA,NA,NA,UFCI2101_1,1,UFCI2101,1,PSREU,2021,IH Williams,280,53.8
2021-08-05,20.3,5,3865,478,1291,6503,686,2.17,0.2,1.5,NA,NA,NA,NA,NA,NA,NA,NA,NA,NA,UFCI2101_1,1,UFCI2101,1,PSREU,2021,IH Williams,280,53.8
2021-08-06,20.3,5,3922,499,1309,6601,709,2.17,0.2,1.5,NA,NA,NA,NA,NA,NA,NA,NA,NA,NA,UFCI2101_1,1,UFCI2101,1,PSREU,2021,IH Williams,280,53.8
2021-08-07,20.3,5,3985,520,1328,6708,732,2.17,0.2,1.5,NA,NA,NA,NA,NA,NA,NA,NA,NA,NA,UFCI2101_1,1,UFCI2101,1,PSREU,2021,IH Williams,280,53.8
2021-08-08,20.3,5,4018,541,1339,6770,755,2.17,0.2,1.5,NA,NA,NA,NA,NA,NA,NA,NA,NA,NA,UFCI2101_1,1,UFCI2101,1,PSREU,2021,IH Williams,280,53.8
2021-08-09,20.3,5,4079,562,1357,6876,778,2.17,0.2,1.5,NA,NA,NA,NA,NA,NA,NA,NA,NA,NA,UFCI2101_1,1,UFCI2101,1,PSREU,2021,IH Williams,280,53.8
2021-08-10,20.3,5,4138,582,1375,6978,800,2.17,0.2,1.5,NA,NA,NA,NA,NA,NA,NA,NA,NA,NA,UFCI2101_1,1,UFCI2101,1,PSREU,2021,IH Williams,280,53.8
2021-08-11,20.3,5,4198,603,1393,7083,822,2.17,0.2,1.5,NA,NA,NA,NA,NA,NA,NA,NA,NA,NA,UFCI2101_1,1,UFCI2101,1,PSREU,2021,IH Williams,280,53.8
2021-08-12,20.3,5,4237,625,1405,7157,844,2.17,0.2,1.5,NA,NA,NA,NA,NA,NA,NA,NA,NA,NA,UFCI2101_1,1,UFCI2101,1,PSREU,2021,IH Williams,280,53.8
2021-08-13,20.3,5,4275,646,1416,7229,865,2.17,0.2,1.5,NA,NA,NA,NA,NA,NA,NA,NA,NA,NA,UFCI2101_1,1,UFCI2101,1,PSREU,2021,IH Williams,280,53.8
2021-08-14,20.3,7,4261,667,1413,7230,887,2.17,0.2,1.5,NA,NA,NA,NA,NA,NA,NA,NA,NA,NA,UFCI2101_1,1,UFCI2101,1,PSREU,2021,IH Williams,280,53.8
2021-08-15,20.3,7,4266,687,1416,7185,907,2.17,0.2,1.5,NA,NA,4895.4,137.325,788.6666666666666,7044.2,NA,2.041,0.338,NA,UFCI2101_1,1,UFCI2101,1,PSREU,2021,IH Williams,280,53.8
2021-08-16,20.3,7,4244,706,1411,7101,925,2.17,0.2,1.5,NA,NA,NA,NA,NA,NA,NA,NA,NA,NA,UFCI2101_1,1,UFCI2101,1,PSREU,2021,IH Williams,280,53.8
2021-08-17,20.3,7,4266,723,1419,7085,942,2.17,0.2,1.5,NA,NA,NA,NA,NA,NA,NA,NA,NA,NA,UFCI2101_1,1,UFCI2101,1,PSREU,2021,IH Williams,280,53.8
2021-08-18,20.3,7,4291,739,1427,7073,957,2.17,0.2,1.5,NA,NA,NA,NA,NA,NA,NA,NA,NA,NA,UFCI2101_1,1,UFCI2101,1,PSREU,2021,IH Williams,280,53.8
2021-08-19,20.3,7,4315,753,1432,7060,970,2.17,0.2,1.5,NA,NA,NA,NA,NA,NA,NA,NA,NA,NA,UFCI2101_1,1,UFCI2101,1,PSREU,2021,IH Williams,280,53.8
2021-08-20,20.3,7,4331,766,1437,7038,983,2.17,0.2,1.5,NA,NA,NA,NA,NA,NA,NA,NA,NA,NA,UFCI2101_1,1,UFCI2101,1,PSREU,2021,IH Williams,280,53.8
2021-08-21,20.3,7,4352,779,1439,7022,995,2.17,0.2,1.5,NA,NA,NA,NA,NA,NA,NA,NA,NA,NA,UFCI2101_1,1,UFCI2101,1,PSREU,2021,IH Williams,280,53.8
2021-08-22,20.3,7,4351,790,1438,6977,1006,2.17,0.2,1.5,NA,NA,NA,NA,NA,NA,NA,NA,NA,NA,UFCI2101_1,1,UFCI2101,1,PSREU,2021,IH Williams,280,53.8
2021-08-23,20.3,7,4351,800,1436,6935,1016,2.17,0.2,1.5,NA,NA,NA,NA,NA,NA,NA,NA,NA,NA,UFCI2101_1,1,UFCI2101,1,PSREU,2021,IH Williams,280,53.8
2021-08-24,20.3,7,4348,810,1435,6889,1025,2.17,0.2,1.5,NA,NA,NA,NA,NA,NA,NA,NA,NA,NA,UFCI2101_1,1,UFCI2101,1,PSREU,2021,IH Williams,280,53.8
2021-08-25,20.3,7,4342,819,1432,6842,1034,2.17,0.2,1.5,18.5,NA,NA,446.73333333333335,NA,NA,NA,2.0475,0.405,NA,UFCI2101_1,1,UFCI2101,1,PSREU,2021,IH Williams,280,53.8
2021-08-26,20.3,7,4325,827,1425,6782,1042,2.17,0.2,1.5,NA,NA,NA,NA,NA,NA,NA,NA,NA,NA,UFCI2101_1,1,UFCI2101,1,PSREU,2021,IH Williams,280,53.8
2021-08-27,20.3,7,4314,834,1420,6729,1049,2.17,0.2,1.5,NA,NA,NA,NA,NA,NA,NA,NA,NA,NA,UFCI2101_1,1,UFCI2101,1,PSREU,2021,IH Williams,280,53.8
2021-08-28,20.3,7,4300,840,1414,6672,1055,2.17,0.2,1.5,NA,NA,NA,NA,NA,NA,NA,NA,NA,NA,UFCI2101_1,1,UFCI2101,1,PSREU,2021,IH Williams,280,53.8
2021-08-29,20.3,7,4294,845,1410,6627,1060,2.17,0.2,1.5,NA,NA,NA,NA,NA,NA,NA,NA,NA,NA,UFCI2101_1,1,UFCI2101,1,PSREU,2021,IH Williams,280,53.8
2021-08-30,20.3,7,4294,849,1408,6593,1064,2.17,0.2,1.5,NA,NA,NA,NA,NA,NA,NA,NA,NA,NA,UFCI2101_1,1,UFCI2101,1,PSREU,2021,IH Williams,280,53.8
2021-08-31,20.3,7,4291,853,1404,6553,1067,2.17,0.2,1.5,NA,NA,NA,NA,NA,NA,NA,NA,NA,NA,UFCI2101_1,1,UFCI2101,1,PSREU,2021,IH Williams,280,53.8
2021-09-01,20.3,7,4259,855,1391,6475,1069,2.17,0.2,1.5,20.333333333333332,NA,4743.333333333333,NA,NA,5873.333333333333,NA,2.0549999999999997,0.33999999999999997,NA,UFCI2101_1,1,UFCI2101,1,PSREU,2021,IH Williams,280,53.8
2021-09-02,20.3,7,4253,857,1385,6435,1071,2.17,0.2,1.5,NA,NA,NA,NA,NA,NA,NA,NA,NA,NA,UFCI2101_1,1,UFCI2101,1,PSREU,2021,IH Williams,280,53.8
2021-09-03,20.3,7,4254,859,1381,6405,1073,2.17,0.2,1.5,NA,NA,NA,NA,NA,NA,NA,NA,NA,NA,UFCI2101_1,1,UFCI2101,1,PSREU,2021,IH Williams,280,53.8
2021-09-04,20.3,7,4260,860,1379,6382,1074,2.17,0.2,1.5,NA,NA,NA,NA,NA,NA,NA,NA,NA,NA,UFCI2101_1,1,UFCI2101,1,PSREU,2021,IH Williams,280,53.8
2021-09-05,20.3,7,4262,861,1376,6355,1075,2.17,0.2,1.5,NA,NA,NA,NA,NA,NA,NA,NA,NA,NA,UFCI2101_1,1,UFCI2101,1,PSREU,2021,IH Williams,280,53.8
2021-09-06,20.3,7,4261,861,1371,6323,1075,2.17,0.2,1.5,NA,NA,NA,NA,NA,NA,NA,NA,NA,NA,UFCI2101_1,1,UFCI2101,1,PSREU,2021,IH Williams,280,53.8
2021-09-07,20.3,7,4254,862,1364,6284,1075,2.17,0.2,1.5,NA,NA,NA,NA,NA,NA,NA,NA,NA,NA,UFCI2101_1,1,UFCI2101,1,PSREU,2021,IH Williams,280,53.8
2021-09-08,20.3,8,4247,862,1357,6245,1075,2.17,0.2,1.5,NA,NA,NA,NA,NA,NA,NA,NA,NA,NA,UFCI2101_1,1,UFCI2101,1,PSREU,2021,IH Williams,280,53.8
2021-09-09,20.3,8,4232,862,1348,6197,1075,2.17,0.2,1.5,NA,NA,NA,NA,NA,NA,NA,NA,NA,NA,UFCI2101_1,1,UFCI2101,1,PSREU,2021,IH Williams,280,53.8
2021-09-10,20.3,8,4224,862,1340,6161,1075,2.17,0.2,1.5,NA,NA,3749.5,784.95,NA,5359.75,NA,1.8575,0.4925,NA,UFCI2101_1,1,UFCI2101,1,PSREU,2021,IH Williams,280,53.8
2021-09-11,20.3,8,4211,862,1330,6117,1075,2.17,0.2,1.5,NA,NA,NA,NA,NA,NA,NA,NA,NA,NA,UFCI2101_1,1,UFCI2101,1,PSREU,2021,IH Williams,280,53.8
2021-09-12,20.3,8,4206,862,1323,6087,1075,2.17,0.2,1.5,NA,NA,NA,NA,NA,NA,NA,NA,NA,NA,UFCI2101_1,1,UFCI2101,1,PSREU,2021,IH Williams,280,53.8
2021-09-13,20.3,8,4207,862,1318,6066,1075,2.17,0.2,1.5,NA,NA,NA,NA,NA,NA,NA,NA,NA,NA,UFCI2101_1,1,UFCI2101,1,PSREU,2021,IH Williams,280,53.8
2021-09-14,20.3,8,4202,862,1310,6036,1075,2.17,0.2,1.5,NA,NA,NA,NA,NA,NA,NA,NA,NA,NA,UFCI2101_1,1,UFCI2101,1,PSREU,2021,IH Williams,280,53.8
2021-09-15,20.3,8,4200,862,1304,6012,1075,2.17,0.2,1.5,NA,NA,NA,NA,NA,NA,NA,NA,NA,NA,UFCI2101_1,1,UFCI2101,1,PSREU,2021,IH Williams,280,53.8
2021-09-16,20.3,8,4192,862,1295,5980,1075,2.17,0.2,1.5,NA,NA,NA,NA,NA,NA,NA,NA,NA,NA,UFCI2101_1,1,UFCI2101,1,PSREU,2021,IH Williams,280,53.8
2021-09-17,20.3,8,4183,862,1286,5947,1075,2.17,0.2,1.5,NA,NA,NA,NA,NA,NA,NA,NA,NA,NA,UFCI2101_1,1,UFCI2101,1,PSREU,2021,IH Williams,280,53.8
2021-09-18,20.3,8,4179,862,1278,5923,1075,2.17,0.2,1.5,NA,NA,NA,NA,NA,NA,NA,NA,NA,NA,UFCI2101_1,1,UFCI2101,1,PSREU,2021,IH Williams,280,53.8
2021-09-19,20.3,8,4176,862,1271,5899,1075,2.17,0.2,1.5,NA,NA,NA,NA,NA,NA,NA,NA,NA,NA,UFCI2101_1,1,UFCI2101,1,PSREU,2021,IH Williams,280,53.8
2021-09-20,20.3,8,4171,862,1262,5875,1075,2.17,0.2,1.5,NA,NA,NA,NA,NA,NA,NA,NA,NA,NA,UFCI2101_1,1,UFCI2101,1,PSREU,2021,IH Williams,280,53.8
2021-09-21,20.3,8,4173,862,1256,5861,1075,2.17,0.2,1.5,NA,NA,NA,NA,NA,NA,NA,NA,NA,NA,UFCI2101_1,1,UFCI2101,1,PSREU,2021,IH Williams,280,53.8
2021-09-22,20.3,8,4173,862,1248,5844,1075,2.17,0.2,1.5,NA,NA,NA,NA,NA,NA,NA,NA,NA,NA,UFCI2101_1,1,UFCI2101,1,PSREU,2021,IH Williams,280,53.8
2021-09-23,20.3,8,4180,862,1243,5838,1075,2.17,0.2,1.5,NA,NA,NA,NA,NA,NA,NA,NA,NA,NA,UFCI2101_1,1,UFCI2101,1,PSREU,2021,IH Williams,280,53.8
2021-09-24,20.3,8,4193,862,1241,5840,1075,2.17,0.2,1.5,NA,NA,NA,NA,NA,NA,NA,NA,NA,NA,UFCI2101_1,1,UFCI2101,1,PSREU,2021,IH Williams,280,53.8
2021-09-25,20.3,8,4202,862,1235,5837,1075,2.17,0.2,1.5,NA,NA,NA,NA,NA,NA,NA,NA,NA,NA,UFCI2101_1,1,UFCI2101,1,PSREU,2021,IH Williams,280,53.8
2021-09-26,20.3,8,4215,862,1231,5839,1075,2.17,0.2,1.5,NA,NA,NA,NA,NA,NA,NA,NA,NA,NA,UFCI2101_1,1,UFCI2101,1,PSREU,2021,IH Williams,280,53.8
2021-09-27,20.3,8,4230,862,1228,5844,1075,2.17,0.2,1.5,NA,NA,NA,NA,NA,NA,NA,NA,NA,NA,UFCI2101_1,1,UFCI2101,1,PSREU,2021,IH Williams,280,53.8
2021-09-28,20.3,8,4242,862,1224,5846,1075,2.17,0.2,1.5,NA,NA,NA,NA,NA,NA,NA,NA,NA,NA,UFCI2101_1,1,UFCI2101,1,PSREU,2021,IH Williams,280,53.8
2021-09-29,20.3,8,4252,862,1220,5845,1075,2.17,0.2,1.5,NA,NA,NA,NA,NA,NA,NA,NA,NA,NA,UFCI2101_1,1,UFCI2101,1,PSREU,2021,IH Williams,280,53.8
2021-09-30,20.3,8,4254,862,1214,5834,1075,2.17,0.2,1.5,21.4,NA,NA,871.32,573,5007.4,NA,2.061,0.408,NA,UFCI2101_1,1,UFCI2101,1,PSREU,2021,IH Williams,280,53.8
2021-05-05,0,0,0,0,0,0,0,0,0,0,NA,NA,NA,NA,NA,NA,NA,NA,NA,NA,UFCI2101_2,2,UFCI2101,2,PSREU,2021,NWG 2730,0,64
2021-05-06,0,0,0,0,0,0,0,0,0,0,NA,NA,NA,NA,NA,NA,NA,NA,NA,NA,UFCI2101_2,2,UFCI2101,2,PSREU,2021,NWG 2730,0,64
2021-05-07,0,0,0,0,0,0,0,0,0,0,NA,NA,NA,NA,NA,NA,NA,NA,NA,NA,UFCI2101_2,2,UFCI2101,2,PSREU,2021,NWG 2730,0,64
2021-05-08,0,0,0,0,0,0,0,0,0,0,NA,NA,NA,NA,NA,NA,NA,NA,NA,NA,UFCI2101_2,2,UFCI2101,2,PSREU,2021,NWG 2730,0,64
2021-05-09,0,0,2,0,3,5,0,0.02,0.03,0.27,NA,NA,NA,NA,NA,NA,NA,NA,NA,NA,UFCI2101_2,2,UFCI2101,2,PSREU,2021,NWG 2730,0,64
2021-05-10,0.3,0,2,0,3,5,0,0.02,0.03,0.29,NA,NA,NA,NA,NA,NA,NA,NA,NA,NA,UFCI2101_2,2,UFCI2101,2,PSREU,2021,NWG 2730,0,64
2021-05-11,0.6,0,2,0,3,6,0,0.02,0.04,0.32,NA,NA,NA,NA,NA,NA,NA,NA,NA,NA,UFCI2101_2,2,UFCI2101,2,PSREU,2021,NWG 2730,0,64
2021-05-12,0.9,0,2,0,3,8,0,0.03,0.05,0.34,NA,NA,NA,NA,NA,NA,NA,NA,NA,NA,UFCI2101_2,2,UFCI2101,2,PSREU,2021,NWG 2730,0,64
2021-05-13,1.2,0,2,0,3,9,0,0.03,0.06,0.36,NA,NA,NA,NA,NA,NA,NA,NA,NA,NA,UFCI2101_2,2,UFCI2101,2,PSREU,2021,NWG 2730,0,64
2021-05-14,1.4,0,2,0,4,11,0,0.04,0.07,0.38,NA,NA,NA,NA,NA,NA,NA,NA,NA,NA,UFCI2101_2,2,UFCI2101,2,PSREU,2021,NWG 2730,0,64
2021-05-15,1.7,0,3,0,4,14,0,0.04,0.07,0.4,NA,NA,NA,NA,NA,NA,NA,NA,NA,NA,UFCI2101_2,2,UFCI2101,2,PSREU,2021,NWG 2730,0,64
2021-05-16,1.9,0,3,0,5,16,0,0.04,0.08,0.42,NA,NA,NA,NA,NA,NA,NA,NA,NA,NA,UFCI2101_2,2,UFCI2101,2,PSREU,2021,NWG 2730,0,64
2021-05-17,2.2,0,3,0,6,18,0,0.05,0.08,0.44,NA,NA,NA,NA,NA,NA,NA,NA,NA,NA,UFCI2101_2,2,UFCI2101,2,PSREU,2021,NWG 2730,0,64
2021-05-18,2.5,0,4,0,7,22,0,0.05,0.09,0.46,3.6666666666666665,NA,NA,NA,NA,NA,NA,0.06066666666666667,0.06466666666666666,NA,UFCI2101_2,2,UFCI2101,2,PSREU,2021,NWG 2730,0,64
2021-05-19,2.8,0,4,0,8,25,0,0.06,0.1,0.49,NA,NA,NA,NA,NA,NA,NA,NA,NA,NA,UFCI2101_2,2,UFCI2101,2,PSREU,2021,NWG 2730,0,64
2021-05-20,3,0,5,0,9,29,0,0.07,0.11,0.51,NA,NA,NA,NA,NA,NA,NA,NA,NA,NA,UFCI2101_2,2,UFCI2101,2,PSREU,2021,NWG 2730,0,64
2021-05-21,3.3,0,7,0,11,33,0,0.08,0.12,0.53,NA,NA,NA,NA,NA,NA,NA,NA,NA,NA,UFCI2101_2,2,UFCI2101,2,PSREU,2021,NWG 2730,0,64
2021-05-22,3.6,0,8,0,12,37,0,0.09,0.12,0.55,NA,NA,NA,NA,NA,NA,NA,NA,NA,NA,UFCI2101_2,2,UFCI2101,2,PSREU,2021,NWG 2730,0,64
2021-05-23,3.8,0,10,0,13,42,0,0.1,0.13,0.57,NA,NA,NA,NA,NA,NA,NA,NA,NA,NA,UFCI2101_2,2,UFCI2101,2,PSREU,2021,NWG 2730,0,64
2021-05-24,4.1,0,13,0,15,47,0,0.11,0.14,0.59,NA,NA,NA,NA,NA,NA,NA,NA,NA,NA,UFCI2101_2,2,UFCI2101,2,PSREU,2021,NWG 2730,0,64
2021-05-25,4.3,0,15,0,17,53,0,0.12,0.15,0.61,NA,NA,19.45,NA,3.404,68.08333333333333,NA,0.0692,NA,NA,UFCI2101_2,2,UFCI2101,2,PSREU,2021,NWG 2730,0,64
2021-05-26,4.6,0,18,0,19,59,0,0.13,0.16,0.63,NA,NA,NA,NA,NA,NA,NA,NA,NA,NA,UFCI2101_2,2,UFCI2101,2,PSREU,2021,NWG 2730,0,64
2021-05-27,4.8,0,21,0,21,67,0,0.15,0.17,0.65,NA,NA,NA,NA,NA,NA,NA,NA,NA,NA,UFCI2101_2,2,UFCI2101,2,PSREU,2021,NWG 2730,0,64
2021-05-28,5.1,0,24,0,24,75,0,0.16,0.18,0.67,NA,NA,NA,NA,NA,NA,NA,NA,NA,NA,UFCI2101_2,2,UFCI2101,2,PSREU,2021,NWG 2730,0,64
2021-05-29,5.4,1,28,0,27,84,0,0.18,0.2,0.7,NA,NA,NA,NA,NA,NA,NA,NA,NA,NA,UFCI2101_2,2,UFCI2101,2,PSREU,2021,NWG 2730,0,64
2021-05-30,5.6,1,33,0,30,94,0,0.2,0.2,0.72,NA,NA,NA,NA,NA,NA,NA,NA,NA,NA,UFCI2101_2,2,UFCI2101,2,PSREU,2021,NWG 2730,0,64
2021-05-31,5.9,1,39,0,34,106,0,0.22,0.2,0.74,NA,NA,NA,NA,NA,NA,NA,NA,NA,NA,UFCI2101_2,2,UFCI2101,2,PSREU,2021,NWG 2730,0,64
2021-06-01,6.2,1,45,0,38,119,0,0.24,0.2,0.76,NA,NA,NA,NA,NA,NA,NA,NA,NA,NA,UFCI2101_2,2,UFCI2101,2,PSREU,2021,NWG 2730,0,64
2021-06-02,6.5,1,51,0,42,132,0,0.26,0.2,0.78,NA,NA,NA,NA,NA,NA,NA,NA,NA,NA,UFCI2101_2,2,UFCI2101,2,PSREU,2021,NWG 2730,0,64
2021-06-03,6.8,1,57,0,46,144,0,0.29,0.2,0.81,NA,NA,NA,NA,NA,NA,NA,NA,NA,NA,UFCI2101_2,2,UFCI2101,2,PSREU,2021,NWG 2730,0,64
2021-06-04,7,3,64,0,49,157,0,0.31,0.2,0.83,NA,NA,NA,NA,NA,NA,NA,NA,NA,NA,UFCI2101_2,2,UFCI2101,2,PSREU,2021,NWG 2730,0,64
2021-06-05,7.3,3,71,0,53,171,0,0.34,0.2,0.85,NA,NA,NA,NA,NA,NA,NA,NA,NA,NA,UFCI2101_2,2,UFCI2101,2,PSREU,2021,NWG 2730,0,64
2021-06-06,7.6,3,82,0,59,192,0,0.37,0.2,0.87,NA,NA,NA,NA,NA,NA,NA,NA,NA,NA,UFCI2101_2,2,UFCI2101,2,PSREU,2021,NWG 2730,0,64
2021-06-07,7.9,3,89,0,62,206,1,0.39,0.2,0.9,NA,NA,NA,NA,NA,NA,NA,NA,NA,NA,UFCI2101_2,2,UFCI2101,2,PSREU,2021,NWG 2730,0,64
2021-06-08,8.1,5,104,0,67,234,2,0.42,0.2,0.92,NA,NA,NA,NA,NA,NA,NA,NA,NA,NA,UFCI2101_2,2,UFCI2101,2,PSREU,2021,NWG 2730,0,64
2021-06-09,8.4,5,119,0,72,261,3,0.45,0.2,0.94,NA,NA,NA,NA,NA,NA,NA,0.4313,NA,NA,UFCI2101_2,2,UFCI2101,2,PSREU,2021,NWG 2730,0,64
2021-06-10,8.7,5,133,0,78,287,5,0.48,0.2,0.96,NA,NA,NA,NA,NA,NA,NA,NA,NA,NA,UFCI2101_2,2,UFCI2101,2,PSREU,2021,NWG 2730,0,64
2021-06-11,9,5,151,0,83,319,7,0.5,0.2,0.98,NA,NA,NA,NA,NA,NA,NA,NA,NA,NA,UFCI2101_2,2,UFCI2101,2,PSREU,2021,NWG 2730,0,64
2021-06-12,9.2,5,162,1,88,342,9,0.53,0.2,1.01,NA,NA,NA,NA,NA,NA,NA,NA,NA,NA,UFCI2101_2,2,UFCI2101,2,PSREU,2021,NWG 2730,0,64
2021-06-13,9.5,5,172,1,92,360,12,0.56,0.2,1.03,NA,NA,NA,NA,NA,NA,NA,NA,NA,NA,UFCI2101_2,2,UFCI2101,2,PSREU,2021,NWG 2730,0,64
2021-06-14,9.8,5,184,3,96,384,15,0.59,0.2,1.06,NA,NA,NA,NA,NA,NA,NA,NA,NA,NA,UFCI2101_2,2,UFCI2101,2,PSREU,2021,NWG 2730,0,64
2021-06-15,10.1,5,204,4,101,415,19,0.61,0.2,1.08,NA,NA,NA,NA,NA,NA,NA,NA,NA,NA,UFCI2101_2,2,UFCI2101,2,PSREU,2021,NWG 2730,0,64
2021-06-16,10.4,5,222,6,108,445,22,0.64,0.2,1.1,NA,NA,NA,NA,NA,NA,NA,NA,NA,NA,UFCI2101_2,2,UFCI2101,2,PSREU,2021,NWG 2730,0,64
2021-06-17,10.7,5,239,8,116,473,27,0.66,0.2,1.12,NA,NA,NA,NA,NA,NA,NA,NA,NA,NA,UFCI2101_2,2,UFCI2101,2,PSREU,2021,NWG 2730,0,64
2021-06-18,10.9,5,254,11,122,498,32,0.69,0.2,1.15,NA,NA,NA,NA,NA,NA,NA,NA,NA,NA,UFCI2101_2,2,UFCI2101,2,PSREU,2021,NWG 2730,0,64
2021-06-19,11.2,5,269,14,128,525,37,0.71,0.2,1.17,NA,NA,NA,NA,NA,NA,NA,NA,NA,NA,UFCI2101_2,2,UFCI2101,2,PSREU,2021,NWG 2730,0,64
2021-06-20,11.5,5,275,17,130,539,43,0.73,0.2,1.2,NA,NA,NA,NA,NA,NA,NA,NA,NA,NA,UFCI2101_2,2,UFCI2101,2,PSREU,2021,NWG 2730,0,64
2021-06-21,11.8,5,280,21,132,552,49,0.76,0.2,1.22,NA,NA,NA,NA,NA,NA,NA,NA,NA,NA,UFCI2101_2,2,UFCI2101,2,PSREU,2021,NWG 2730,0,64
2021-06-22,12,5,293,25,134,574,55,0.79,0.2,1.24,NA,NA,NA,NA,NA,NA,NA,NA,NA,NA,UFCI2101_2,2,UFCI2101,2,PSREU,2021,NWG 2730,0,64
2021-06-23,12.3,5,308,30,138,601,61,0.81,0.2,1.27,NA,NA,NA,NA,NA,NA,NA,0.5799,NA,NA,UFCI2101_2,2,UFCI2101,2,PSREU,2021,NWG 2730,0,64
2021-06-24,12.6,5,325,35,139,627,68,0.84,0.2,1.29,NA,NA,NA,NA,NA,NA,NA,NA,NA,NA,UFCI2101_2,2,UFCI2101,2,PSREU,2021,NWG 2730,0,64
2021-06-25,12.8,5,331,41,139,640,75,0.86,0.2,1.31,NA,NA,NA,NA,NA,NA,NA,NA,NA,NA,UFCI2101_2,2,UFCI2101,2,PSREU,2021,NWG 2730,0,64
2021-06-26,13,5,339,47,140,656,82,0.88,0.2,1.34,NA,NA,NA,NA,NA,NA,NA,NA,NA,NA,UFCI2101_2,2,UFCI2101,2,PSREU,2021,NWG 2730,0,64
2021-06-27,13.2,5,361,53,140,688,90,0.89,0.2,1.36,NA,NA,NA,NA,NA,NA,NA,NA,NA,NA,UFCI2101_2,2,UFCI2101,2,PSREU,2021,NWG 2730,0,64
2021-06-28,13.4,5,374,59,139,710,97,0.9,0.2,1.39,NA,NA,NA,NA,NA,NA,NA,NA,NA,NA,UFCI2101_2,2,UFCI2101,2,PSREU,2021,NWG 2730,0,64
2021-06-29,13.6,5,372,66,142,714,105,0.91,0.2,1.41,NA,NA,NA,NA,NA,NA,NA,NA,NA,NA,UFCI2101_2,2,UFCI2101,2,PSREU,2021,NWG 2730,0,64
2021-06-30,13.8,5,370,73,141,719,113,0.93,0.2,1.43,NA,NA,NA,NA,NA,NA,NA,NA,NA,NA,UFCI2101_2,2,UFCI2101,2,PSREU,2021,NWG 2730,0,64
2021-07-01,14,5,377,79,140,732,119,0.94,0.2,1.43,NA,NA,395.90000000000003,22.083333333333332,53.916666666666664,752,NA,NA,NA,NA,UFCI2101_2,2,UFCI2101,2,PSREU,2021,NWG 2730,0,64
2021-07-02,14.1,5,378,86,141,740,127,0.95,0.2,1.46,NA,NA,NA,NA,NA,NA,NA,NA,NA,NA,UFCI2101_2,2,UFCI2101,2,PSREU,2021,NWG 2730,0,64
2021-07-03,14.3,5,373,93,140,739,134,0.96,0.2,1.48,NA,NA,NA,NA,NA,NA,NA,NA,NA,NA,UFCI2101_2,2,UFCI2101,2,PSREU,2021,NWG 2730,0,64
2021-07-04,14.3,5,378,99,139,750,140,0.97,0.2,1.48,NA,NA,NA,NA,NA,NA,NA,NA,NA,NA,UFCI2101_2,2,UFCI2101,2,PSREU,2021,NWG 2730,0,64
2021-07-05,14.3,5,374,106,139,751,147,0.98,0.2,1.5,NA,NA,NA,NA,NA,NA,NA,NA,NA,NA,UFCI2101_2,2,UFCI2101,2,PSREU,2021,NWG 2730,0,64
2021-07-06,14.3,5,374,112,138,755,153,0.99,0.2,1.5,NA,NA,NA,NA,NA,NA,NA,NA,NA,NA,UFCI2101_2,2,UFCI2101,2,PSREU,2021,NWG 2730,0,64
2021-07-07,14.3,5,367,117,136,750,158,1.01,0.2,1.5,NA,NA,NA,NA,NA,NA,NA,NA,NA,NA,UFCI2101_2,2,UFCI2101,2,PSREU,2021,NWG 2730,0,64
2021-07-08,14.3,7,370,122,135,757,162,1.02,0.2,1.5,NA,NA,NA,NA,NA,NA,NA,0.6925,NA,NA,UFCI2101_2,2,UFCI2101,2,PSREU,2021,NWG 2730,0,64
2021-07-09,14.3,7,368,126,134,750,166,1.03,0.2,1.5,NA,NA,NA,NA,NA,NA,NA,NA,NA,NA,UFCI2101_2,2,UFCI2101,2,PSREU,2021,NWG 2730,0,64
2021-07-10,14.3,7,367,131,132,743,170,1.04,0.2,1.5,NA,NA,NA,NA,NA,NA,NA,NA,NA,NA,UFCI2101_2,2,UFCI2101,2,PSREU,2021,NWG 2730,0,64
2021-07-11,14.3,7,360,135,132,731,175,1.04,0.2,1.5,NA,NA,NA,NA,NA,NA,NA,NA,NA,NA,UFCI2101_2,2,UFCI2101,2,PSREU,2021,NWG 2730,0,64
2021-07-12,14.3,7,355,139,132,721,179,1.04,0.2,1.5,NA,NA,NA,NA,NA,NA,NA,NA,NA,NA,UFCI2101_2,2,UFCI2101,2,PSREU,2021,NWG 2730,0,64
2021-07-13,14.3,7,350,142,132,712,182,1.04,0.2,1.5,NA,NA,NA,NA,NA,NA,NA,NA,NA,NA,UFCI2101_2,2,UFCI2101,2,PSREU,2021,NWG 2730,0,64
2021-07-14,14.3,7,345,146,131,703,185,1.04,0.2,1.5,NA,NA,NA,NA,NA,NA,NA,NA,NA,NA,UFCI2101_2,2,UFCI2101,2,PSREU,2021,NWG 2730,0,64
2021-07-15,14.3,7,341,148,130,694,188,1.04,0.2,1.5,NA,NA,NA,NA,NA,NA,NA,NA,NA,NA,UFCI2101_2,2,UFCI2101,2,PSREU,2021,NWG 2730,0,64
2021-07-16,14.3,7,337,151,130,686,190,1.04,0.2,1.5,NA,NA,NA,NA,NA,NA,NA,NA,NA,NA,UFCI2101_2,2,UFCI2101,2,PSREU,2021,NWG 2730,0,64
2021-07-17,14.3,7,333,153,130,678,192,1.04,0.2,1.5,NA,NA,NA,NA,NA,NA,NA,NA,NA,NA,UFCI2101_2,2,UFCI2101,2,PSREU,2021,NWG 2730,0,64
2021-07-18,14.3,7,329,155,129,670,194,1.04,0.2,1.5,NA,NA,NA,NA,NA,NA,NA,NA,NA,NA,UFCI2101_2,2,UFCI2101,2,PSREU,2021,NWG 2730,0,64
2021-07-19,14.3,7,325,156,129,662,195,1.04,0.2,1.5,15,NA,NA,NA,NA,NA,NA,NA,NA,NA,UFCI2101_2,2,UFCI2101,2,PSREU,2021,NWG 2730,0,64
2021-07-20,14.3,7,323,157,128,655,196,1.04,0.2,1.5,NA,NA,NA,NA,NA,NA,NA,NA,NA,NA,UFCI2101_2,2,UFCI2101,2,PSREU,2021,NWG 2730,0,64
2021-07-21,14.3,7,321,157,128,648,196,1.04,0.2,1.5,NA,NA,NA,NA,NA,NA,NA,NA,NA,NA,UFCI2101_2,2,UFCI2101,2,PSREU,2021,NWG 2730,0,64
2021-07-22,14.3,7,319,157,128,643,196,1.04,0.2,1.5,NA,NA,NA,NA,NA,NA,NA,0.5564,NA,NA,UFCI2101_2,2,UFCI2101,2,PSREU,2021,NWG 2730,0,64
2021-07-23,14.3,7,318,157,128,638,196,1.04,0.2,1.5,NA,NA,NA,NA,NA,NA,NA,NA,NA,NA,UFCI2101_2,2,UFCI2101,2,PSREU,2021,NWG 2730,0,64
2021-07-24,14.3,7,318,157,128,635,196,1.04,0.2,1.5,NA,NA,NA,NA,NA,NA,NA,NA,NA,NA,UFCI2101_2,2,UFCI2101,2,PSREU,2021,NWG 2730,0,64
2021-07-25,14.3,7,319,157,129,633,196,1.04,0.2,1.5,NA,NA,NA,NA,NA,NA,NA,NA,NA,NA,UFCI2101_2,2,UFCI2101,2,PSREU,2021,NWG 2730,0,64
2021-07-26,14.3,7,318,157,129,630,196,1.04,0.2,1.5,NA,NA,NA,NA,NA,NA,NA,NA,NA,NA,UFCI2101_2,2,UFCI2101,2,PSREU,2021,NWG 2730,0,64
2021-07-27,14.3,7,318,157,129,627,196,1.04,0.2,1.5,NA,NA,NA,NA,NA,NA,NA,NA,NA,NA,UFCI2101_2,2,UFCI2101,2,PSREU,2021,NWG 2730,0,64
2021-07-28,14.3,8,319,157,129,625,196,1.04,0.2,1.5,NA,NA,NA,NA,NA,NA,NA,NA,NA,NA,UFCI2101_2,2,UFCI2101,2,PSREU,2021,NWG 2730,0,64
2021-07-29,14.3,8,318,157,129,622,196,1.04,0.2,1.5,NA,NA,NA,NA,NA,NA,NA,NA,NA,NA,UFCI2101_2,2,UFCI2101,2,PSREU,2021,NWG 2730,0,64
2021-07-30,14.3,8,321,157,130,622,196,1.04,0.2,1.5,NA,NA,NA,NA,NA,NA,NA,NA,NA,NA,UFCI2101_2,2,UFCI2101,2,PSREU,2021,NWG 2730,0,64
2021-07-31,14.3,8,322,157,130,622,196,1.04,0.2,1.5,NA,NA,NA,NA,NA,NA,NA,NA,NA,NA,UFCI2101_2,2,UFCI2101,2,PSREU,2021,NWG 2730,0,64
2021-08-01,14.3,8,324,157,131,622,196,1.04,0.2,1.5,NA,NA,NA,NA,NA,NA,NA,NA,NA,NA,UFCI2101_2,2,UFCI2101,2,PSREU,2021,NWG 2730,0,64
2021-08-02,14.3,8,323,157,131,619,196,1.04,0.2,1.5,NA,NA,NA,NA,NA,NA,NA,NA,NA,NA,UFCI2101_2,2,UFCI2101,2,PSREU,2021,NWG 2730,0,64
2021-08-03,14.3,8,324,157,131,618,196,1.04,0.2,1.5,NA,NA,NA,NA,NA,NA,NA,NA,NA,NA,UFCI2101_2,2,UFCI2101,2,PSREU,2021,NWG 2730,0,64
2021-08-04,14.3,8,325,157,131,617,196,1.04,0.2,1.5,NA,NA,550,207,88.5,900,NA,0.7576,NA,NA,UFCI2101_2,2,UFCI2101,2,PSREU,2021,NWG 2730,0,64
2021-05-05,0,0,0,0,0,0,0,0,0,0,NA,NA,NA,NA,NA,NA,NA,NA,NA,NA,UFCI2101_3,3,UFCI2101,3,PSREU,2021,NWG 2730,280,60.5
2021-05-06,0,0,0,0,0,0,0,0,0,0,NA,NA,NA,NA,NA,NA,NA,NA,NA,NA,UFCI2101_3,3,UFCI2101,3,PSREU,2021,NWG 2730,280,60.5
2021-05-07,0,0,0,0,0,0,0,0,0,0,NA,NA,NA,NA,NA,NA,NA,NA,NA,NA,UFCI2101_3,3,UFCI2101,3,PSREU,2021,NWG 2730,280,60.5
2021-05-08,0,0,0,0,0,0,0,0,0,0,NA,NA,NA,NA,NA,NA,NA,NA,NA,NA,UFCI2101_3,3,UFCI2101,3,PSREU,2021,NWG 2730,280,60.5
2021-05-09,0,0,1,0,3,4,0,0.02,0.03,0.27,NA,NA,NA,NA,NA,NA,NA,NA,NA,NA,UFCI2101_3,3,UFCI2101,3,PSREU,2021,NWG 2730,280,60.5
2021-05-10,0.3,0,2,0,3,5,0,0.02,0.03,0.29,NA,NA,NA,NA,NA,NA,NA,NA,NA,NA,UFCI2101_3,3,UFCI2101,3,PSREU,2021,NWG 2730,280,60.5
2021-05-11,0.6,0,2,0,3,6,0,0.02,0.04,0.32,NA,NA,NA,NA,NA,NA,NA,NA,NA,NA,UFCI2101_3,3,UFCI2101,3,PSREU,2021,NWG 2730,280,60.5
2021-05-12,0.9,0,2,0,3,7,0,0.03,0.05,0.34,NA,NA,NA,NA,NA,NA,NA,NA,NA,NA,UFCI2101_3,3,UFCI2101,3,PSREU,2021,NWG 2730,280,60.5
2021-05-13,1.2,0,2,0,3,8,0,0.03,0.06,0.36,NA,NA,NA,NA,NA,NA,NA,NA,NA,NA,UFCI2101_3,3,UFCI2101,3,PSREU,2021,NWG 2730,280,60.5
2021-05-14,1.4,0,2,0,3,10,0,0.04,0.07,0.38,NA,NA,NA,NA,NA,NA,NA,NA,NA,NA,UFCI2101_3,3,UFCI2101,3,PSREU,2021,NWG 2730,280,60.5
2021-05-15,1.7,0,2,0,4,12,0,0.04,0.07,0.4,NA,NA,NA,NA,NA,NA,NA,NA,NA,NA,UFCI2101_3,3,UFCI2101,3,PSREU,2021,NWG 2730,280,60.5
2021-05-16,1.9,0,2,0,4,15,0,0.05,0.08,0.42,NA,NA,NA,NA,NA,NA,NA,NA,NA,NA,UFCI2101_3,3,UFCI2101,3,PSREU,2021,NWG 2730,280,60.5
2021-05-17,2.2,0,3,0,4,18,0,0.05,0.09,0.44,NA,NA,NA,NA,NA,NA,NA,NA,NA,NA,UFCI2101_3,3,UFCI2101,3,PSREU,2021,NWG 2730,280,60.5
2021-05-18,2.5,0,3,0,5,23,0,0.06,0.1,0.46,4.333333333333333,NA,NA,NA,NA,NA,NA,0.119,0.11633333333333333,NA,UFCI2101_3,3,UFCI2101,3,PSREU,2021,NWG 2730,280,60.5
2021-05-19,2.8,0,4,0,6,28,0,0.07,0.11,0.49,NA,NA,NA,NA,NA,NA,NA,NA,NA,NA,UFCI2101_3,3,UFCI2101,3,PSREU,2021,NWG 2730,280,60.5
2021-05-20,3,0,4,0,8,33,0,0.07,0.11,0.51,NA,NA,NA,NA,NA,NA,NA,NA,NA,NA,UFCI2101_3,3,UFCI2101,3,PSREU,2021,NWG 2730,280,60.5
2021-05-21,3.2,0,7,0,11,40,0,0.08,0.12,0.53,NA,NA,NA,NA,NA,NA,NA,NA,NA,NA,UFCI2101_3,3,UFCI2101,3,PSREU,2021,NWG 2730,280,60.5
2021-05-22,3.5,0,10,0,13,47,0,0.09,0.13,0.55,NA,NA,NA,NA,NA,NA,NA,NA,NA,NA,UFCI2101_3,3,UFCI2101,3,PSREU,2021,NWG 2730,280,60.5
2021-05-23,3.8,0,14,0,17,57,0,0.1,0.14,0.57,NA,NA,NA,NA,NA,NA,NA,NA,NA,NA,UFCI2101_3,3,UFCI2101,3,PSREU,2021,NWG 2730,280,60.5
2021-05-24,4,0,18,0,20,68,0,0.11,0.15,0.59,NA,NA,NA,NA,NA,NA,NA,NA,NA,NA,UFCI2101_3,3,UFCI2101,3,PSREU,2021,NWG 2730,280,60.5
2021-05-25,4.3,0,23,0,24,81,0,0.13,0.16,0.61,NA,NA,77.78,NA,13.616666666666667,272.3333333333333,NA,0.1196,NA,NA,UFCI2101_3,3,UFCI2101,3,PSREU,2021,NWG 2730,280,60.5
2021-05-26,4.5,0,29,0,29,95,0,0.14,0.17,0.63,NA,NA,NA,NA,NA,NA,NA,NA,NA,NA,UFCI2101_3,3,UFCI2101,3,PSREU,2021,NWG 2730,280,60.5
2021-05-27,4.8,0,36,0,34,112,0,0.15,0.18,0.65,NA,NA,NA,NA,NA,NA,NA,NA,NA,NA,UFCI2101_3,3,UFCI2101,3,PSREU,2021,NWG 2730,280,60.5
2021-05-28,5,0,44,0,40,131,0,0.17,0.19,0.67,NA,NA,NA,NA,NA,NA,NA,NA,NA,NA,UFCI2101_3,3,UFCI2101,3,PSREU,2021,NWG 2730,280,60.5
2021-05-29,5.3,1,53,0,47,154,0,0.19,0.2,0.7,NA,NA,NA,NA,NA,NA,NA,NA,NA,NA,UFCI2101_3,3,UFCI2101,3,PSREU,2021,NWG 2730,280,60.5
2021-05-30,5.6,1,64,0,55,179,0,0.21,0.2,0.72,NA,NA,NA,NA,NA,NA,NA,NA,NA,NA,UFCI2101_3,3,UFCI2101,3,PSREU,2021,NWG 2730,280,60.5
2021-05-31,5.9,1,77,0,64,208,0,0.23,0.2,0.74,NA,NA,NA,NA,NA,NA,NA,NA,NA,NA,UFCI2101_3,3,UFCI2101,3,PSREU,2021,NWG 2730,280,60.5
2021-06-01,6.1,1,92,0,74,242,0,0.25,0.2,0.76,NA,NA,NA,NA,NA,NA,NA,NA,NA,NA,UFCI2101_3,3,UFCI2101,3,PSREU,2021,NWG 2730,280,60.5
2021-06-02,6.4,1,108,0,83,276,0,0.27,0.2,0.78,NA,NA,NA,NA,NA,NA,NA,NA,NA,NA,UFCI2101_3,3,UFCI2101,3,PSREU,2021,NWG 2730,280,60.5
2021-06-03,6.7,1,122,0,91,308,0,0.29,0.2,0.81,NA,NA,NA,NA,NA,NA,NA,NA,NA,NA,UFCI2101_3,3,UFCI2101,3,PSREU,2021,NWG 2730,280,60.5
2021-06-04,7,3,138,0,100,340,0,0.32,0.2,0.83,NA,NA,NA,NA,NA,NA,NA,NA,NA,NA,UFCI2101_3,3,UFCI2101,3,PSREU,2021,NWG 2730,280,60.5
2021-06-05,7.2,3,156,0,109,377,0,0.35,0.2,0.85,NA,NA,NA,NA,NA,NA,NA,NA,NA,NA,UFCI2101_3,3,UFCI2101,3,PSREU,2021,NWG 2730,280,60.5
2021-06-06,7.5,3,179,0,121,425,1,0.37,0.2,0.87,NA,NA,NA,NA,NA,NA,NA,NA,NA,NA,UFCI2101_3,3,UFCI2101,3,PSREU,2021,NWG 2730,280,60.5
2021-06-07,7.8,3,196,0,129,458,2,0.4,0.2,0.9,NA,NA,NA,NA,NA,NA,NA,NA,NA,NA,UFCI2101_3,3,UFCI2101,3,PSREU,2021,NWG 2730,280,60.5
2021-06-08,8.1,5,225,0,143,517,4,0.43,0.2,0.92,NA,NA,NA,NA,NA,NA,NA,NA,NA,NA,UFCI2101_3,3,UFCI2101,3,PSREU,2021,NWG 2730,280,60.5
2021-06-09,8.3,5,253,0,156,575,8,0.45,0.2,0.94,NA,NA,NA,NA,NA,NA,NA,0.8283,NA,NA,UFCI2101_3,3,UFCI2101,3,PSREU,2021,NWG 2730,280,60.5
2021-06-10,8.6,5,282,0,168,631,12,0.48,0.2,0.96,NA,NA,NA,NA,NA,NA,NA,NA,NA,NA,UFCI2101_3,3,UFCI2101,3,PSREU,2021,NWG 2730,280,60.5
2021-06-11,8.9,5,317,0,183,701,17,0.51,0.2,0.98,NA,NA,NA,NA,NA,NA,NA,NA,NA,NA,UFCI2101_3,3,UFCI2101,3,PSREU,2021,NWG 2730,280,60.5
2021-06-12,9.2,5,343,2,193,753,23,0.54,0.2,1.01,NA,NA,NA,NA,NA,NA,NA,NA,NA,NA,UFCI2101_3,3,UFCI2101,3,PSREU,2021,NWG 2730,280,60.5
2021-06-13,9.5,5,364,4,201,796,30,0.57,0.2,1.03,NA,NA,NA,NA,NA,NA,NA,NA,NA,NA,UFCI2101_3,3,UFCI2101,3,PSREU,2021,NWG 2730,280,60.5
2021-06-14,9.7,5,391,7,211,851,39,0.59,0.2,1.06,NA,NA,NA,NA,NA,NA,NA,NA,NA,NA,UFCI2101_3,3,UFCI2101,3,PSREU,2021,NWG 2730,280,60.5
2021-06-15,10,5,422,10,221,914,48,0.62,0.2,1.08,NA,NA,NA,NA,NA,NA,NA,NA,NA,NA,UFCI2101_3,3,UFCI2101,3,PSREU,2021,NWG 2730,280,60.5
2021-06-16,10.3,5,457,15,233,984,60,0.65,0.2,1.1,NA,NA,NA,NA,NA,NA,NA,NA,NA,NA,UFCI2101_3,3,UFCI2101,3,PSREU,2021,NWG 2730,280,60.5
2021-06-17,10.6,5,491,21,244,1053,73,0.68,0.2,1.12,NA,NA,NA,NA,NA,NA,NA,NA,NA,NA,UFCI2101_3,3,UFCI2101,3,PSREU,2021,NWG 2730,280,60.5
2021-06-18,10.9,5,524,27,254,1121,88,0.71,0.2,1.15,NA,NA,NA,NA,NA,NA,NA,NA,NA,NA,UFCI2101_3,3,UFCI2101,3,PSREU,2021,NWG 2730,280,60.5
2021-06-19,11.1,5,557,35,264,1190,104,0.74,0.2,1.17,NA,NA,NA,NA,NA,NA,NA,NA,NA,NA,UFCI2101_3,3,UFCI2101,3,PSREU,2021,NWG 2730,280,60.5
2021-06-20,11.4,5,573,44,268,1232,123,0.77,0.2,1.2,NA,NA,NA,NA,NA,NA,NA,NA,NA,NA,UFCI2101_3,3,UFCI2101,3,PSREU,2021,NWG 2730,280,60.5
2021-06-21,11.7,5,586,54,271,1270,143,0.81,0.2,1.22,NA,NA,NA,NA,NA,NA,NA,NA,NA,NA,UFCI2101_3,3,UFCI2101,3,PSREU,2021,NWG 2730,280,60.5
2021-06-22,12,5,611,66,277,1329,163,0.84,0.2,1.24,NA,NA,NA,NA,NA,NA,NA,NA,NA,NA,UFCI2101_3,3,UFCI2101,3,PSREU,2021,NWG 2730,280,60.5
2021-06-23,12.2,5,646,81,286,1405,186,0.87,0.2,1.27,NA,NA,NA,NA,NA,NA,NA,1.2936,NA,NA,UFCI2101_3,3,UFCI2101,3,PSREU,2021,NWG 2730,280,60.5
2021-06-24,12.5,5,673,96,292,1470,210,0.9,0.2,1.29,NA,NA,NA,NA,NA,NA,NA,NA,NA,NA,UFCI2101_3,3,UFCI2101,3,PSREU,2021,NWG 2730,280,60.5
2021-06-25,12.7,5,686,114,295,1516,237,0.93,0.2,1.31,NA,NA,NA,NA,NA,NA,NA,NA,NA,NA,UFCI2101_3,3,UFCI2101,3,PSREU,2021,NWG 2730,280,60.5
2021-06-26,13,5,705,133,299,1571,265,0.96,0.2,1.34,NA,NA,NA,NA,NA,NA,NA,NA,NA,NA,UFCI2101_3,3,UFCI2101,3,PSREU,2021,NWG 2730,280,60.5
2021-06-27,13.2,5,751,153,311,1671,294,0.99,0.2,1.36,NA,NA,NA,NA,NA,NA,NA,NA,NA,NA,UFCI2101_3,3,UFCI2101,3,PSREU,2021,NWG 2730,280,60.5
2021-06-28,13.5,5,795,174,323,1767,325,1.01,0.2,1.39,NA,NA,NA,NA,NA,NA,NA,NA,NA,NA,UFCI2101_3,3,UFCI2101,3,PSREU,2021,NWG 2730,280,60.5
2021-06-29,13.7,5,809,198,326,1818,357,1.04,0.2,1.41,NA,NA,NA,NA,NA,NA,NA,NA,NA,NA,UFCI2101_3,3,UFCI2101,3,PSREU,2021,NWG 2730,280,60.5
2021-06-30,13.9,5,809,225,325,1849,392,1.06,0.2,1.43,NA,NA,NA,NA,NA,NA,NA,NA,NA,NA,UFCI2101_3,3,UFCI2101,3,PSREU,2021,NWG 2730,280,60.5
2021-07-01,14.2,5,817,252,327,1894,428,1.09,0.2,1.46,NA,NA,916.7333333333333,88.33333333333333,215.66666666666666,1675.6666666666667,NA,NA,NA,NA,UFCI2101_3,3,UFCI2101,3,PSREU,2021,NWG 2730,280,60.5
2021-07-02,14.4,5,846,280,335,1972,464,1.1,0.2,1.48,NA,NA,NA,NA,NA,NA,NA,NA,NA,NA,UFCI2101_3,3,UFCI2101,3,PSREU,2021,NWG 2730,280,60.5
2021-07-03,14.6,5,843,310,334,1992,493,1.13,0.2,1.5,NA,NA,NA,NA,NA,NA,NA,NA,NA,NA,UFCI2101_3,3,UFCI2101,3,PSREU,2021,NWG 2730,280,60.5
2021-07-04,14.6,5,852,342,336,2039,532,1.14,0.2,1.5,NA,NA,NA,NA,NA,NA,NA,NA,NA,NA,UFCI2101_3,3,UFCI2101,3,PSREU,2021,NWG 2730,280,60.5
2021-07-05,14.6,5,864,374,339,2091,570,1.16,0.2,1.5,NA,NA,NA,NA,NA,NA,NA,NA,NA,NA,UFCI2101_3,3,UFCI2101,3,PSREU,2021,NWG 2730,280,60.5
2021-07-06,14.6,5,873,406,341,2140,609,1.18,0.2,1.5,NA,NA,NA,NA,NA,NA,NA,NA,NA,NA,UFCI2101_3,3,UFCI2101,3,PSREU,2021,NWG 2730,280,60.5
2021-07-07,14.6,5,871,422,337,2144,622,1.22,0.2,1.5,NA,NA,NA,NA,NA,NA,NA,NA,NA,NA,UFCI2101_3,3,UFCI2101,3,PSREU,2021,NWG 2730,280,60.5
2021-07-08,14.6,7,900,454,345,2220,657,1.24,0.2,1.5,NA,NA,NA,NA,NA,NA,NA,1.2739,NA,NA,UFCI2101_3,3,UFCI2101,3,PSREU,2021,NWG 2730,280,60.5
2021-07-09,14.6,7,919,485,351,2256,689,1.24,0.2,1.5,NA,NA,NA,NA,NA,NA,NA,NA,NA,NA,UFCI2101_3,3,UFCI2101,3,PSREU,2021,NWG 2730,280,60.5
2021-07-10,14.6,7,952,516,361,2314,721,1.24,0.2,1.5,NA,NA,NA,NA,NA,NA,NA,NA,NA,NA,UFCI2101_3,3,UFCI2101,3,PSREU,2021,NWG 2730,280,60.5
2021-07-11,14.6,7,984,547,370,2371,751,1.24,0.2,1.5,NA,NA,NA,NA,NA,NA,NA,NA,NA,NA,UFCI2101_3,3,UFCI2101,3,PSREU,2021,NWG 2730,280,60.5
2021-07-12,14.6,7,1012,576,378,2417,779,1.24,0.2,1.5,NA,NA,NA,NA,NA,NA,NA,NA,NA,NA,UFCI2101_3,3,UFCI2101,3,PSREU,2021,NWG 2730,280,60.5
2021-07-13,14.6,7,1047,604,389,2473,805,1.24,0.2,1.5,NA,NA,NA,NA,NA,NA,NA,NA,NA,NA,UFCI2101_3,3,UFCI2101,3,PSREU,2021,NWG 2730,280,60.5
2021-07-14,14.6,7,1083,630,399,2529,829,1.24,0.2,1.5,NA,NA,NA,NA,NA,NA,NA,NA,NA,NA,UFCI2101_3,3,UFCI2101,3,PSREU,2021,NWG 2730,280,60.5
2021-07-15,14.6,7,1124,653,411,2589,851,1.24,0.2,1.5,NA,NA,NA,NA,NA,NA,NA,NA,NA,NA,UFCI2101_3,3,UFCI2101,3,PSREU,2021,NWG 2730,280,60.5
2021-07-16,14.6,7,1159,675,422,2641,872,1.24,0.2,1.5,NA,NA,NA,NA,NA,NA,NA,NA,NA,NA,UFCI2101_3,3,UFCI2101,3,PSREU,2021,NWG 2730,280,60.5
2021-07-17,14.6,7,1196,696,433,2693,891,1.24,0.2,1.5,NA,NA,NA,NA,NA,NA,NA,NA,NA,NA,UFCI2101_3,3,UFCI2101,3,PSREU,2021,NWG 2730,280,60.5
2021-07-18,14.6,7,1221,715,440,2726,909,1.24,0.2,1.5,NA,NA,NA,NA,NA,NA,NA,NA,NA,NA,UFCI2101_3,3,UFCI2101,3,PSREU,2021,NWG 2730,280,60.5
2021-07-19,14.6,7,1233,732,443,2742,926,1.24,0.2,1.5,15,NA,NA,NA,NA,NA,NA,NA,NA,NA,UFCI2101_3,3,UFCI2101,3,PSREU,2021,NWG 2730,280,60.5
2021-07-20,14.6,7,1264,746,453,2781,938,1.24,0.2,1.5,NA,NA,NA,NA,NA,NA,NA,NA,NA,NA,UFCI2101_3,3,UFCI2101,3,PSREU,2021,NWG 2730,280,60.5
2021-07-21,14.6,7,1290,756,460,2810,948,1.24,0.2,1.5,NA,NA,NA,NA,NA,NA,NA,NA,NA,NA,UFCI2101_3,3,UFCI2101,3,PSREU,2021,NWG 2730,280,60.5
2021-07-22,14.6,7,1320,762,469,2841,952,1.24,0.2,1.5,NA,NA,NA,NA,NA,NA,NA,1.3445,NA,NA,UFCI2101_3,3,UFCI2101,3,PSREU,2021,NWG 2730,280,60.5
2021-07-23,14.6,7,1342,764,476,2860,955,1.24,0.2,1.5,NA,NA,NA,NA,NA,NA,NA,NA,NA,NA,UFCI2101_3,3,UFCI2101,3,PSREU,2021,NWG 2730,280,60.5
2021-07-24,14.6,7,1374,767,485,2893,957,1.24,0.2,1.5,NA,NA,NA,NA,NA,NA,NA,NA,NA,NA,UFCI2101_3,3,UFCI2101,3,PSREU,2021,NWG 2730,280,60.5
2021-07-25,14.6,7,1405,768,493,2922,958,1.24,0.2,1.5,NA,NA,NA,NA,NA,NA,NA,NA,NA,NA,UFCI2101_3,3,UFCI2101,3,PSREU,2021,NWG 2730,280,60.5
2021-07-26,14.6,7,1429,768,500,2941,958,1.24,0.2,1.5,NA,NA,NA,NA,NA,NA,NA,NA,NA,NA,UFCI2101_3,3,UFCI2101,3,PSREU,2021,NWG 2730,280,60.5
2021-07-27,14.6,7,1448,768,506,2954,958,1.24,0.2,1.5,NA,NA,NA,NA,NA,NA,NA,NA,NA,NA,UFCI2101_3,3,UFCI2101,3,PSREU,2021,NWG 2730,280,60.5
2021-07-28,14.6,8,1463,768,510,2961,958,1.24,0.2,1.5,NA,NA,NA,NA,NA,NA,NA,NA,NA,NA,UFCI2101_3,3,UFCI2101,3,PSREU,2021,NWG 2730,280,60.5
2021-07-29,14.6,8,1481,768,515,2973,958,1.24,0.2,1.5,NA,NA,NA,NA,NA,NA,NA,NA,NA,NA,UFCI2101_3,3,UFCI2101,3,PSREU,2021,NWG 2730,280,60.5
2021-07-30,14.6,8,1510,768,523,3000,958,1.24,0.2,1.5,NA,NA,NA,NA,NA,NA,NA,NA,NA,NA,UFCI2101_3,3,UFCI2101,3,PSREU,2021,NWG 2730,280,60.5
2021-07-31,14.6,8,1538,768,531,3026,958,1.24,0.2,1.5,NA,NA,NA,NA,NA,NA,NA,NA,NA,NA,UFCI2101_3,3,UFCI2101,3,PSREU,2021,NWG 2730,280,60.5
2021-08-01,14.6,8,1552,768,534,3032,958,1.24,0.2,1.5,NA,NA,NA,NA,NA,NA,NA,NA,NA,NA,UFCI2101_3,3,UFCI2101,3,PSREU,2021,NWG 2730,280,60.5
2021-08-02,14.6,8,1559,768,536,3030,958,1.24,0.2,1.5,NA,NA,NA,NA,NA,NA,NA,NA,NA,NA,UFCI2101_3,3,UFCI2101,3,PSREU,2021,NWG 2730,280,60.5
2021-08-03,14.6,8,1569,768,538,3031,958,1.24,0.2,1.5,NA,NA,NA,NA,NA,NA,NA,NA,NA,NA,UFCI2101_3,3,UFCI2101,3,PSREU,2021,NWG 2730,280,60.5
2021-08-04,14.6,8,1576,768,539,3030,958,1.24,0.2,1.5,NA,NA,1545.5,906,429,3264,NA,1.3738,NA,NA,UFCI2101_3,3,UFCI2101,3,PSREU,2021,NWG 2730,280,60.5
2022-05-04,NA,0,0,0,NA,0,NA,0,0,NA,NA,NA,NA,NA,NA,NA,NA,NA,NA,NA,UFCI2201_1,4,UFCI2201,1,PSREU,2022,IH Williams,0,50.7
2022-05-05,NA,0,0,0,NA,0,NA,0,0,NA,NA,NA,NA,NA,NA,NA,NA,NA,NA,NA,UFCI2201_1,4,UFCI2201,1,PSREU,2022,IH Williams,0,50.7
2022-05-06,NA,0,0,0,NA,0,NA,0,0,NA,NA,NA,NA,NA,NA,NA,NA,NA,NA,NA,UFCI2201_1,4,UFCI2201,1,PSREU,2022,IH Williams,0,50.7
2022-05-07,NA,0,0,0,NA,0,NA,0,0,NA,NA,NA,NA,NA,NA,NA,NA,NA,NA,NA,UFCI2201_1,4,UFCI2201,1,PSREU,2022,IH Williams,0,50.7
2022-05-08,NA,0,1,0,NA,4,NA,0.02,0.03,NA,NA,NA,NA,NA,NA,NA,NA,NA,NA,NA,UFCI2201_1,4,UFCI2201,1,PSREU,2022,IH Williams,0,50.7
2022-05-09,NA,0,1,0,NA,5,NA,0.02,0.03,NA,NA,NA,NA,NA,NA,NA,NA,NA,NA,NA,UFCI2201_1,4,UFCI2201,1,PSREU,2022,IH Williams,0,50.7
2022-05-10,NA,0,1,0,NA,6,NA,0.02,0.04,NA,NA,NA,NA,NA,NA,NA,NA,NA,NA,NA,UFCI2201_1,4,UFCI2201,1,PSREU,2022,IH Williams,0,50.7
2022-05-11,NA,0,2,0,NA,7,NA,0.03,0.04,NA,NA,NA,NA,NA,NA,NA,NA,NA,NA,NA,UFCI2201_1,4,UFCI2201,1,PSREU,2022,IH Williams,0,50.7
2022-05-12,NA,0,2,0,NA,8,NA,0.03,0.05,NA,NA,NA,NA,NA,NA,NA,NA,NA,NA,NA,UFCI2201_1,4,UFCI2201,1,PSREU,2022,IH Williams,0,50.7
2022-05-13,NA,0,2,0,NA,10,NA,0.04,0.06,NA,NA,NA,NA,NA,NA,NA,NA,NA,NA,NA,UFCI2201_1,4,UFCI2201,1,PSREU,2022,IH Williams,0,50.7
2022-05-14,NA,0,2,0,NA,12,NA,0.04,0.06,NA,NA,NA,NA,NA,NA,NA,NA,NA,NA,NA,UFCI2201_1,4,UFCI2201,1,PSREU,2022,IH Williams,0,50.7
2022-05-15,NA,0,2,0,NA,14,NA,0.05,0.07,NA,NA,NA,NA,NA,NA,NA,NA,NA,NA,NA,UFCI2201_1,4,UFCI2201,1,PSREU,2022,IH Williams,0,50.7
2022-05-16,NA,0,3,0,NA,16,NA,0.06,0.08,NA,NA,NA,NA,NA,NA,NA,NA,NA,NA,NA,UFCI2201_1,4,UFCI2201,1,PSREU,2022,IH Williams,0,50.7
2022-05-17,NA,0,3,0,NA,19,NA,0.07,0.08,NA,NA,NA,NA,NA,NA,NA,NA,0.051666666666666666,NA,NA,UFCI2201_1,4,UFCI2201,1,PSREU,2022,IH Williams,0,50.7
2022-05-18,NA,0,3,0,NA,22,NA,0.08,0.09,NA,NA,NA,NA,NA,NA,NA,NA,NA,NA,NA,UFCI2201_1,4,UFCI2201,1,PSREU,2022,IH Williams,0,50.7
2022-05-19,NA,0,4,0,NA,26,NA,0.09,0.1,NA,NA,NA,NA,NA,NA,NA,NA,NA,NA,NA,UFCI2201_1,4,UFCI2201,1,PSREU,2022,IH Williams,0,50.7
2022-05-20,NA,0,5,0,NA,29,NA,0.1,0.11,NA,NA,NA,NA,NA,NA,NA,NA,NA,NA,NA,UFCI2201_1,4,UFCI2201,1,PSREU,2022,IH Williams,0,50.7
2022-05-21,NA,0,6,0,NA,32,NA,0.11,0.12,NA,NA,NA,NA,NA,NA,NA,NA,NA,NA,NA,UFCI2201_1,4,UFCI2201,1,PSREU,2022,IH Williams,0,50.7
2022-05-22,NA,0,8,0,NA,36,NA,0.13,0.13,NA,NA,NA,NA,NA,NA,NA,NA,NA,NA,NA,UFCI2201_1,4,UFCI2201,1,PSREU,2022,IH Williams,0,50.7
2022-05-23,NA,0,9,0,NA,41,NA,0.14,0.14,NA,NA,NA,NA,NA,NA,NA,NA,NA,NA,NA,UFCI2201_1,4,UFCI2201,1,PSREU,2022,IH Williams,0,50.7
2022-05-24,NA,0,11,0,NA,46,NA,0.16,0.15,NA,NA,NA,NA,NA,NA,NA,NA,0.0485,NA,NA,UFCI2201_1,4,UFCI2201,1,PSREU,2022,IH Williams,0,50.7
2022-05-25,NA,0,13,0,NA,52,NA,0.18,0.16,NA,NA,NA,NA,NA,NA,NA,NA,NA,NA,NA,UFCI2201_1,4,UFCI2201,1,PSREU,2022,IH Williams,0,50.7
2022-05-26,NA,0,15,0,NA,58,NA,0.2,0.17,NA,NA,NA,NA,NA,NA,NA,NA,NA,NA,NA,UFCI2201_1,4,UFCI2201,1,PSREU,2022,IH Williams,0,50.7
2022-05-27,NA,0,17,0,NA,62,NA,0.22,0.18,NA,NA,NA,NA,NA,NA,NA,NA,NA,NA,NA,UFCI2201_1,4,UFCI2201,1,PSREU,2022,IH Williams,0,50.7
2022-05-28,NA,0,20,0,NA,70,NA,0.25,0.19,NA,NA,NA,NA,NA,NA,NA,NA,NA,NA,NA,UFCI2201_1,4,UFCI2201,1,PSREU,2022,IH Williams,0,50.7
2022-05-29,NA,0,23,0,NA,78,NA,0.27,0.2,NA,NA,NA,NA,NA,NA,NA,NA,NA,NA,NA,UFCI2201_1,4,UFCI2201,1,PSREU,2022,IH Williams,0,50.7
2022-05-30,NA,0,26,0,NA,87,NA,0.29,0.2,NA,NA,NA,NA,NA,NA,NA,NA,NA,NA,NA,UFCI2201_1,4,UFCI2201,1,PSREU,2022,IH Williams,0,50.7
2022-05-31,NA,0,30,0,NA,95,NA,0.32,0.2,NA,NA,NA,NA,NA,NA,NA,NA,NA,NA,NA,UFCI2201_1,4,UFCI2201,1,PSREU,2022,IH Williams,0,50.7
2022-06-01,NA,0,34,0,NA,105,NA,0.35,0.2,NA,NA,NA,NA,NA,NA,NA,NA,NA,NA,NA,UFCI2201_1,4,UFCI2201,1,PSREU,2022,IH Williams,0,50.7
2022-06-02,NA,1,40,0,NA,116,NA,0.38,0.2,NA,NA,NA,14,NA,NA,38.857142857142854,NA,0.1457142857142857,0.12071428571428572,NA,UFCI2201_1,4,UFCI2201,1,PSREU,2022,IH Williams,0,50.7
2022-06-03,NA,1,46,0,NA,129,NA,0.41,0.2,NA,NA,NA,NA,NA,NA,NA,NA,NA,NA,NA,UFCI2201_1,4,UFCI2201,1,PSREU,2022,IH Williams,0,50.7
2022-06-04,NA,1,52,0,NA,141,NA,0.44,0.2,NA,NA,NA,NA,NA,NA,NA,NA,NA,NA,NA,UFCI2201_1,4,UFCI2201,1,PSREU,2022,IH Williams,0,50.7
2022-06-05,NA,1,59,0,NA,155,NA,0.48,0.2,NA,NA,NA,NA,NA,NA,NA,NA,NA,NA,NA,UFCI2201_1,4,UFCI2201,1,PSREU,2022,IH Williams,0,50.7
2022-06-06,NA,1,67,0,NA,170,NA,0.51,0.2,NA,NA,NA,NA,NA,NA,NA,NA,NA,NA,NA,UFCI2201_1,4,UFCI2201,1,PSREU,2022,IH Williams,0,50.7
2022-06-07,NA,1,76,0,NA,187,NA,0.55,0.2,NA,NA,NA,NA,NA,NA,NA,NA,0.20700000000000002,NA,NA,UFCI2201_1,4,UFCI2201,1,PSREU,2022,IH Williams,0,50.7
2022-06-08,NA,1,86,0,NA,207,NA,0.58,0.2,NA,NA,NA,NA,NA,NA,NA,NA,NA,NA,NA,UFCI2201_1,4,UFCI2201,1,PSREU,2022,IH Williams,0,50.7
2022-06-09,NA,1,97,0,NA,226,NA,0.62,0.2,NA,NA,NA,NA,NA,NA,NA,NA,NA,NA,NA,UFCI2201_1,4,UFCI2201,1,PSREU,2022,IH Williams,0,50.7
2022-06-10,NA,1,106,0,NA,244,NA,0.65,0.2,NA,NA,NA,NA,NA,NA,NA,NA,NA,NA,NA,UFCI2201_1,4,UFCI2201,1,PSREU,2022,IH Williams,0,50.7
2022-06-11,NA,3,116,0,NA,264,NA,0.69,0.2,NA,NA,NA,NA,NA,NA,NA,NA,NA,NA,NA,UFCI2201_1,4,UFCI2201,1,PSREU,2022,IH Williams,0,50.7
2022-06-12,NA,3,128,0,NA,286,NA,0.73,0.2,NA,NA,NA,NA,NA,NA,NA,NA,NA,NA,NA,UFCI2201_1,4,UFCI2201,1,PSREU,2022,IH Williams,0,50.7
2022-06-13,NA,3,142,0,NA,312,NA,0.77,0.2,NA,NA,NA,NA,NA,NA,NA,NA,NA,NA,NA,UFCI2201_1,4,UFCI2201,1,PSREU,2022,IH Williams,0,50.7
2022-06-14,NA,3,157,0,NA,339,NA,0.81,0.2,NA,NA,NA,NA,NA,NA,NA,NA,NA,NA,NA,UFCI2201_1,4,UFCI2201,1,PSREU,2022,IH Williams,0,50.7
2022-06-15,NA,3,177,0,NA,372,NA,0.85,0.2,NA,NA,NA,NA,NA,NA,NA,NA,NA,NA,NA,UFCI2201_1,4,UFCI2201,1,PSREU,2022,IH Williams,0,50.7
2022-06-16,NA,3,197,0,NA,405,NA,0.88,0.2,NA,NA,NA,NA,NA,NA,NA,NA,NA,NA,NA,UFCI2201_1,4,UFCI2201,1,PSREU,2022,IH Williams,0,50.7
2022-06-17,NA,3,217,0,NA,439,NA,0.91,0.2,NA,NA,NA,NA,NA,NA,NA,NA,NA,NA,NA,UFCI2201_1,4,UFCI2201,1,PSREU,2022,IH Williams,0,50.7
2022-06-18,NA,5,237,0,NA,470,NA,0.94,0.2,NA,NA,NA,NA,NA,NA,NA,NA,NA,NA,NA,UFCI2201_1,4,UFCI2201,1,PSREU,2022,IH Williams,0,50.7
2022-06-19,NA,5,252,0,NA,498,NA,0.98,0.2,NA,NA,NA,NA,NA,NA,NA,NA,NA,NA,NA,UFCI2201_1,4,UFCI2201,1,PSREU,2022,IH Williams,0,50.7
2022-06-20,NA,5,276,0,NA,538,NA,1.01,0.2,NA,NA,NA,NA,NA,NA,NA,NA,NA,NA,NA,UFCI2201_1,4,UFCI2201,1,PSREU,2022,IH Williams,0,50.7
2022-06-21,NA,5,305,0,NA,581,NA,1.05,0.2,NA,NA,NA,93,NA,NA,325.05,NA,0.4984782608695652,0.1525,NA,UFCI2201_1,4,UFCI2201,1,PSREU,2022,IH Williams,0,50.7
2022-06-22,NA,5,329,0,NA,618,NA,1.08,0.2,NA,NA,NA,NA,NA,NA,NA,NA,NA,NA,NA,UFCI2201_1,4,UFCI2201,1,PSREU,2022,IH Williams,0,50.7
2022-06-23,NA,5,347,1,NA,648,NA,1.11,0.2,NA,NA,NA,NA,NA,NA,NA,NA,NA,NA,NA,UFCI2201_1,4,UFCI2201,1,PSREU,2022,IH Williams,0,50.7
2022-06-24,NA,5,364,1,NA,677,NA,1.14,0.2,NA,NA,NA,NA,NA,NA,NA,NA,NA,NA,NA,UFCI2201_1,4,UFCI2201,1,PSREU,2022,IH Williams,0,50.7
2022-06-25,NA,5,390,1,NA,716,NA,1.17,0.2,NA,NA,NA,NA,NA,NA,NA,NA,NA,NA,NA,UFCI2201_1,4,UFCI2201,1,PSREU,2022,IH Williams,0,50.7
2022-06-26,NA,5,419,2,NA,760,NA,1.21,0.2,NA,NA,NA,NA,NA,NA,NA,NA,NA,NA,NA,UFCI2201_1,4,UFCI2201,1,PSREU,2022,IH Williams,0,50.7
2022-06-27,NA,5,442,3,NA,795,NA,1.24,0.2,NA,NA,NA,NA,NA,NA,NA,NA,NA,NA,NA,UFCI2201_1,4,UFCI2201,1,PSREU,2022,IH Williams,0,50.7
2022-06-28,NA,5,473,4,NA,838,NA,1.27,0.2,NA,NA,NA,NA,NA,NA,NA,NA,NA,NA,NA,UFCI2201_1,4,UFCI2201,1,PSREU,2022,IH Williams,0,50.7
2022-06-29,NA,5,494,5,NA,872,NA,1.3,0.2,NA,NA,NA,NA,NA,NA,NA,NA,NA,NA,NA,UFCI2201_1,4,UFCI2201,1,PSREU,2022,IH Williams,0,50.7
2022-06-30,NA,5,516,6,NA,908,NA,1.32,0.2,NA,NA,NA,NA,NA,NA,NA,NA,NA,NA,NA,UFCI2201_1,4,UFCI2201,1,PSREU,2022,IH Williams,0,50.7
2022-07-01,NA,5,539,7,NA,945,NA,1.35,0.2,NA,NA,NA,NA,NA,NA,NA,NA,NA,NA,NA,UFCI2201_1,4,UFCI2201,1,PSREU,2022,IH Williams,0,50.7
2022-07-02,NA,5,555,9,NA,972,NA,1.38,0.2,NA,NA,NA,NA,NA,NA,NA,NA,NA,NA,NA,UFCI2201_1,4,UFCI2201,1,PSREU,2022,IH Williams,0,50.7
2022-07-03,NA,5,591,10,NA,1020,NA,1.41,0.2,NA,NA,NA,NA,NA,NA,NA,NA,NA,NA,NA,UFCI2201_1,4,UFCI2201,1,PSREU,2022,IH Williams,0,50.7
2022-07-04,NA,5,621,12,NA,1060,NA,1.43,0.2,NA,NA,NA,NA,NA,NA,NA,NA,NA,NA,NA,UFCI2201_1,4,UFCI2201,1,PSREU,2022,IH Williams,0,50.7
2022-07-05,NA,5,632,14,NA,1079,NA,1.45,0.2,NA,NA,NA,NA,NA,NA,NA,NA,0.76225,NA,NA,UFCI2201_1,4,UFCI2201,1,PSREU,2022,IH Williams,0,50.7
2022-07-06,NA,5,673,17,NA,1134,NA,1.47,0.2,NA,NA,NA,NA,NA,NA,NA,NA,NA,NA,NA,UFCI2201_1,4,UFCI2201,1,PSREU,2022,IH Williams,0,50.7
2022-07-07,NA,5,686,19,NA,1155,NA,1.48,0.2,NA,NA,NA,NA,NA,NA,NA,NA,NA,NA,NA,UFCI2201_1,4,UFCI2201,1,PSREU,2022,IH Williams,0,50.7
2022-07-08,NA,5,715,22,NA,1194,NA,1.49,0.2,NA,NA,NA,NA,NA,NA,1092.225,NA,NA,NA,NA,UFCI2201_1,4,UFCI2201,1,PSREU,2022,IH Williams,0,50.7
2022-07-09,NA,5,741,25,NA,1229,NA,1.5,0.2,NA,NA,NA,NA,NA,NA,NA,NA,NA,NA,NA,UFCI2201_1,4,UFCI2201,1,PSREU,2022,IH Williams,0,50.7
2022-07-10,NA,5,748,28,NA,1245,NA,1.51,0.2,NA,NA,NA,NA,NA,NA,NA,NA,NA,NA,NA,UFCI2201_1,4,UFCI2201,1,PSREU,2022,IH Williams,0,50.7
2022-07-11,NA,5,766,31,NA,1278,NA,1.52,0.2,NA,NA,NA,NA,NA,NA,NA,NA,NA,NA,NA,UFCI2201_1,4,UFCI2201,1,PSREU,2022,IH Williams,0,50.7
2022-07-12,NA,5,805,34,NA,1329,NA,1.53,0.2,NA,NA,NA,809.42,NA,NA,1480.6,NA,0.8079999999999999,0.18,NA,UFCI2201_1,4,UFCI2201,1,PSREU,2022,IH Williams,0,50.7
2022-07-13,NA,5,826,37,NA,1359,NA,1.54,0.2,NA,NA,NA,NA,NA,NA,NA,NA,NA,NA,NA,UFCI2201_1,4,UFCI2201,1,PSREU,2022,IH Williams,0,50.7
2022-07-14,NA,5,835,41,NA,1376,NA,1.55,0.2,NA,NA,NA,NA,NA,NA,NA,NA,NA,NA,NA,UFCI2201_1,4,UFCI2201,1,PSREU,2022,IH Williams,0,50.7
2022-07-15,NA,5,871,44,NA,1425,NA,1.56,0.2,NA,NA,NA,NA,NA,NA,NA,NA,NA,NA,NA,UFCI2201_1,4,UFCI2201,1,PSREU,2022,IH Williams,0,50.7
2022-07-16,NA,5,872,48,NA,1429,NA,1.56,0.2,NA,NA,NA,NA,NA,NA,NA,NA,NA,NA,NA,UFCI2201_1,4,UFCI2201,1,PSREU,2022,IH Williams,0,50.7
2022-07-17,NA,5,880,52,NA,1447,NA,1.57,0.2,NA,NA,NA,NA,NA,NA,NA,NA,NA,NA,NA,UFCI2201_1,4,UFCI2201,1,PSREU,2022,IH Williams,0,50.7
2022-07-18,NA,5,892,55,NA,1468,NA,1.58,0.2,NA,NA,NA,NA,NA,NA,NA,NA,NA,NA,NA,UFCI2201_1,4,UFCI2201,1,PSREU,2022,IH Williams,0,50.7
2022-07-19,NA,5,905,59,NA,1489,NA,1.59,0.2,NA,NA,NA,NA,NA,NA,NA,NA,NA,NA,NA,UFCI2201_1,4,UFCI2201,1,PSREU,2022,IH Williams,0,50.7
2022-07-20,NA,5,910,63,NA,1503,NA,1.59,0.2,NA,NA,NA,NA,NA,NA,NA,NA,NA,NA,NA,UFCI2201_1,4,UFCI2201,1,PSREU,2022,IH Williams,0,50.7
2022-07-21,NA,5,939,66,NA,1543,NA,1.6,0.2,NA,NA,NA,882.8,NA,NA,1593.0785714285714,NA,1.0058,0.231,NA,UFCI2201_1,4,UFCI2201,1,PSREU,2022,IH Williams,0,50.7
2022-07-22,NA,5,940,70,NA,1550,NA,1.61,0.2,NA,NA,NA,NA,NA,NA,NA,NA,NA,NA,NA,UFCI2201_1,4,UFCI2201,1,PSREU,2022,IH Williams,0,50.7
2022-07-23,NA,5,960,74,NA,1578,NA,1.61,0.2,NA,NA,NA,NA,NA,NA,NA,NA,NA,NA,NA,UFCI2201_1,4,UFCI2201,1,PSREU,2022,IH Williams,0,50.7
2022-07-24,NA,5,973,77,NA,1598,NA,1.62,0.2,NA,NA,NA,NA,NA,NA,NA,NA,NA,NA,NA,UFCI2201_1,4,UFCI2201,1,PSREU,2022,IH Williams,0,50.7
2022-07-25,NA,5,974,80,NA,1605,NA,1.62,0.2,NA,NA,NA,NA,NA,NA,NA,NA,NA,NA,NA,UFCI2201_1,4,UFCI2201,1,PSREU,2022,IH Williams,0,50.7
2022-07-26,NA,5,980,84,NA,1621,NA,1.62,0.2,NA,NA,NA,NA,NA,NA,NA,NA,NA,NA,NA,UFCI2201_1,4,UFCI2201,1,PSREU,2022,IH Williams,0,50.7
2022-07-27,NA,5,1003,87,NA,1653,NA,1.63,0.2,NA,NA,NA,NA,NA,NA,NA,NA,NA,NA,NA,UFCI2201_1,4,UFCI2201,1,PSREU,2022,IH Williams,0,50.7
2022-07-28,NA,5,1012,90,NA,1667,NA,1.63,0.2,NA,NA,NA,NA,NA,NA,NA,NA,NA,NA,NA,UFCI2201_1,4,UFCI2201,1,PSREU,2022,IH Williams,0,50.7
2022-07-29,NA,5,1015,93,NA,1677,NA,1.64,0.2,NA,NA,NA,NA,NA,NA,NA,NA,NA,NA,NA,UFCI2201_1,4,UFCI2201,1,PSREU,2022,IH Williams,0,50.7
2022-07-30,NA,5,1035,96,NA,1705,NA,1.64,0.2,NA,NA,NA,NA,NA,NA,NA,NA,NA,NA,NA,UFCI2201_1,4,UFCI2201,1,PSREU,2022,IH Williams,0,50.7
2022-07-31,NA,5,1043,99,NA,1718,NA,1.64,0.2,NA,NA,NA,NA,NA,NA,NA,NA,NA,NA,NA,UFCI2201_1,4,UFCI2201,1,PSREU,2022,IH Williams,0,50.7
2022-08-01,NA,5,1046,101,NA,1725,NA,1.65,0.2,NA,NA,NA,NA,NA,NA,NA,NA,NA,NA,NA,UFCI2201_1,4,UFCI2201,1,PSREU,2022,IH Williams,0,50.7
2022-08-02,NA,5,1044,104,NA,1730,NA,1.65,0.2,NA,NA,NA,NA,NA,NA,NA,NA,NA,NA,NA,UFCI2201_1,4,UFCI2201,1,PSREU,2022,IH Williams,0,50.7
2022-08-03,NA,5,1062,106,NA,1756,NA,1.65,0.2,NA,NA,NA,NA,NA,NA,NA,NA,NA,NA,NA,UFCI2201_1,4,UFCI2201,1,PSREU,2022,IH Williams,0,50.7
2022-08-04,NA,5,1066,109,NA,1765,NA,1.66,0.2,NA,NA,NA,NA,NA,NA,NA,NA,1.1294871794871795,NA,NA,UFCI2201_1,4,UFCI2201,1,PSREU,2022,IH Williams,0,50.7
2022-08-05,NA,5,1076,111,NA,1779,NA,1.66,0.2,NA,NA,NA,NA,NA,NA,NA,NA,NA,NA,NA,UFCI2201_1,4,UFCI2201,1,PSREU,2022,IH Williams,0,50.7
2022-08-06,NA,5,1076,114,NA,1782,NA,1.66,0.2,NA,NA,NA,NA,NA,NA,NA,NA,NA,NA,NA,UFCI2201_1,4,UFCI2201,1,PSREU,2022,IH Williams,0,50.7
2022-08-07,NA,5,1073,116,NA,1783,NA,1.66,0.2,NA,NA,NA,NA,NA,NA,NA,NA,NA,NA,NA,UFCI2201_1,4,UFCI2201,1,PSREU,2022,IH Williams,0,50.7
2022-08-08,NA,5,1081,118,NA,1795,NA,1.66,0.2,NA,NA,NA,NA,NA,NA,NA,NA,NA,NA,NA,UFCI2201_1,4,UFCI2201,1,PSREU,2022,IH Williams,0,50.7
2022-08-09,NA,5,1075,121,NA,1792,NA,1.66,0.2,NA,NA,NA,NA,NA,NA,NA,NA,NA,NA,NA,UFCI2201_1,4,UFCI2201,1,PSREU,2022,IH Williams,0,50.7
2022-08-10,NA,5,1073,123,NA,1796,NA,1.66,0.2,NA,NA,NA,NA,NA,NA,NA,NA,NA,NA,NA,UFCI2201_1,4,UFCI2201,1,PSREU,2022,IH Williams,0,50.7
2022-08-11,NA,5,1076,125,NA,1802,NA,1.66,0.2,NA,NA,NA,NA,NA,NA,NA,NA,NA,NA,NA,UFCI2201_1,4,UFCI2201,1,PSREU,2022,IH Williams,0,50.7
2022-08-12,NA,5,1071,127,NA,1799,NA,1.66,0.2,NA,NA,NA,NA,NA,NA,NA,NA,NA,NA,NA,UFCI2201_1,4,UFCI2201,1,PSREU,2022,IH Williams,0,50.7
2022-08-13,NA,5,1070,129,NA,1798,NA,1.66,0.2,NA,NA,NA,NA,NA,NA,NA,NA,NA,NA,NA,UFCI2201_1,4,UFCI2201,1,PSREU,2022,IH Williams,0,50.7
2022-08-14,NA,7,1062,131,NA,1791,NA,1.66,0.2,NA,NA,NA,NA,NA,NA,NA,NA,NA,NA,NA,UFCI2201_1,4,UFCI2201,1,PSREU,2022,IH Williams,0,50.7
2022-08-15,NA,7,1062,132,NA,1776,NA,1.66,0.2,NA,NA,NA,NA,NA,NA,NA,NA,NA,NA,NA,UFCI2201_1,4,UFCI2201,1,PSREU,2022,IH Williams,0,50.7
2022-08-16,NA,7,1055,134,NA,1753,NA,1.66,0.2,NA,NA,NA,NA,NA,NA,NA,NA,1.123,NA,NA,UFCI2201_1,4,UFCI2201,1,PSREU,2022,IH Williams,0,50.7
2022-08-17,NA,7,1059,135,NA,1738,NA,1.66,0.2,NA,NA,NA,NA,NA,NA,NA,NA,NA,NA,NA,UFCI2201_1,4,UFCI2201,1,PSREU,2022,IH Williams,0,50.7
2022-08-18,NA,7,1045,136,NA,1705,NA,1.66,0.2,NA,NA,NA,NA,NA,NA,NA,NA,NA,NA,NA,UFCI2201_1,4,UFCI2201,1,PSREU,2022,IH Williams,0,50.7
2022-08-19,NA,7,1041,138,NA,1687,NA,1.66,0.2,NA,NA,NA,NA,NA,NA,NA,NA,NA,NA,NA,UFCI2201_1,4,UFCI2201,1,PSREU,2022,IH Williams,0,50.7
2022-08-20,NA,7,1043,139,NA,1674,NA,1.66,0.2,NA,NA,NA,NA,NA,NA,NA,NA,NA,NA,NA,UFCI2201_1,4,UFCI2201,1,PSREU,2022,IH Williams,0,50.7
2022-08-21,NA,7,1039,140,NA,1653,NA,1.66,0.2,NA,NA,NA,NA,NA,NA,NA,NA,NA,NA,NA,UFCI2201_1,4,UFCI2201,1,PSREU,2022,IH Williams,0,50.7
2022-08-22,NA,7,1025,141,NA,1621,NA,1.66,0.2,NA,NA,NA,NA,NA,NA,NA,NA,NA,NA,NA,UFCI2201_1,4,UFCI2201,1,PSREU,2022,IH Williams,0,50.7
2022-08-23,NA,7,1019,142,NA,1604,NA,1.66,0.2,NA,NA,NA,NA,NA,NA,NA,NA,NA,NA,NA,UFCI2201_1,4,UFCI2201,1,PSREU,2022,IH Williams,0,50.7
2022-08-24,NA,7,1017,143,NA,1588,NA,1.66,0.2,NA,NA,NA,NA,NA,NA,NA,NA,NA,NA,NA,UFCI2201_1,4,UFCI2201,1,PSREU,2022,IH Williams,0,50.7
2022-08-25,NA,7,1011,143,NA,1567,NA,1.66,0.2,NA,NA,NA,NA,NA,NA,NA,NA,NA,NA,NA,UFCI2201_1,4,UFCI2201,1,PSREU,2022,IH Williams,0,50.7
2022-08-26,NA,7,1004,144,NA,1547,NA,1.66,0.2,NA,NA,NA,NA,NA,NA,NA,NA,NA,NA,NA,UFCI2201_1,4,UFCI2201,1,PSREU,2022,IH Williams,0,50.7
2022-08-27,NA,7,993,144,NA,1522,NA,1.66,0.2,NA,NA,NA,NA,NA,NA,NA,NA,NA,NA,NA,UFCI2201_1,4,UFCI2201,1,PSREU,2022,IH Williams,0,50.7
2022-08-28,NA,7,984,145,NA,1503,NA,1.66,0.2,NA,NA,NA,NA,NA,NA,NA,NA,NA,NA,NA,UFCI2201_1,4,UFCI2201,1,PSREU,2022,IH Williams,0,50.7
2022-08-29,NA,7,981,145,NA,1489,NA,1.66,0.2,NA,NA,NA,NA,NA,NA,NA,NA,NA,NA,NA,UFCI2201_1,4,UFCI2201,1,PSREU,2022,IH Williams,0,50.7
2022-08-30,NA,7,973,146,NA,1470,NA,1.66,0.2,NA,NA,NA,NA,NA,NA,NA,NA,NA,NA,NA,UFCI2201_1,4,UFCI2201,1,PSREU,2022,IH Williams,0,50.7
2022-08-31,NA,7,972,146,NA,1458,NA,1.66,0.2,NA,NA,NA,NA,NA,NA,NA,NA,NA,NA,NA,UFCI2201_1,4,UFCI2201,1,PSREU,2022,IH Williams,0,50.7
2022-09-01,NA,7,965,146,NA,1439,NA,1.66,0.2,NA,NA,NA,NA,NA,NA,NA,NA,NA,NA,NA,UFCI2201_1,4,UFCI2201,1,PSREU,2022,IH Williams,0,50.7
2022-09-02,NA,7,957,146,NA,1421,NA,1.66,0.2,NA,NA,NA,NA,NA,NA,NA,NA,NA,NA,NA,UFCI2201_1,4,UFCI2201,1,PSREU,2022,IH Williams,0,50.7
2022-09-03,NA,7,951,146,NA,1406,NA,1.66,0.2,NA,NA,NA,NA,NA,NA,NA,NA,NA,NA,NA,UFCI2201_1,4,UFCI2201,1,PSREU,2022,IH Williams,0,50.7
2022-09-04,NA,7,942,146,NA,1387,NA,1.66,0.2,NA,NA,NA,NA,NA,NA,NA,NA,NA,NA,NA,UFCI2201_1,4,UFCI2201,1,PSREU,2022,IH Williams,0,50.7
2022-09-05,NA,7,939,146,NA,1375,NA,1.66,0.2,NA,NA,NA,NA,NA,NA,NA,NA,NA,NA,NA,UFCI2201_1,4,UFCI2201,1,PSREU,2022,IH Williams,0,50.7
2022-09-06,NA,7,934,146,NA,1361,NA,1.66,0.2,NA,NA,NA,NA,NA,NA,NA,NA,1.1365,NA,NA,UFCI2201_1,4,UFCI2201,1,PSREU,2022,IH Williams,0,50.7
2022-09-07,NA,7,928,147,NA,1346,NA,1.66,0.2,NA,NA,NA,NA,NA,NA,NA,NA,NA,NA,NA,UFCI2201_1,4,UFCI2201,1,PSREU,2022,IH Williams,0,50.7
2022-09-08,NA,8,918,147,NA,1327,NA,1.66,0.2,NA,NA,NA,NA,NA,NA,NA,NA,NA,NA,NA,UFCI2201_1,4,UFCI2201,1,PSREU,2022,IH Williams,0,50.7
2022-09-09,NA,8,913,147,NA,1315,NA,1.66,0.2,NA,NA,NA,NA,NA,NA,NA,NA,NA,NA,NA,UFCI2201_1,4,UFCI2201,1,PSREU,2022,IH Williams,0,50.7
2022-09-10,NA,8,906,147,NA,1300,NA,1.66,0.2,NA,NA,NA,NA,NA,NA,NA,NA,NA,NA,NA,UFCI2201_1,4,UFCI2201,1,PSREU,2022,IH Williams,0,50.7
2022-09-11,NA,8,899,147,NA,1285,NA,1.66,0.2,NA,NA,NA,NA,NA,NA,NA,NA,NA,NA,NA,UFCI2201_1,4,UFCI2201,1,PSREU,2022,IH Williams,0,50.7
2022-09-12,NA,8,894,147,NA,1272,NA,1.66,0.2,NA,NA,NA,NA,NA,NA,NA,NA,NA,NA,NA,UFCI2201_1,4,UFCI2201,1,PSREU,2022,IH Williams,0,50.7
2022-09-13,NA,8,887,147,NA,1258,NA,1.66,0.2,NA,NA,NA,NA,NA,NA,NA,NA,NA,NA,NA,UFCI2201_1,4,UFCI2201,1,PSREU,2022,IH Williams,0,50.7
2022-09-14,NA,8,880,147,NA,1244,NA,1.66,0.2,NA,NA,NA,NA,NA,NA,NA,NA,NA,NA,NA,UFCI2201_1,4,UFCI2201,1,PSREU,2022,IH Williams,0,50.7
2022-09-15,NA,8,874,147,NA,1232,NA,1.66,0.2,NA,NA,NA,1532,414.85,NA,1709.4857142857143,NA,1.0904651162790697,0.45666666666666667,NA,UFCI2201_1,4,UFCI2201,1,PSREU,2022,IH Williams,0,50.7
2022-05-04,NA,0,0,0,NA,0,NA,0,0,NA,NA,NA,NA,NA,NA,NA,NA,NA,NA,NA,UFCI2201_2,5,UFCI2201,2,PSREU,2022,IH Williams,280,40.8
2022-05-05,NA,0,0,0,NA,0,NA,0,0,NA,NA,NA,NA,NA,NA,NA,NA,NA,NA,NA,UFCI2201_2,5,UFCI2201,2,PSREU,2022,IH Williams,280,40.8
2022-05-06,NA,0,0,0,NA,0,NA,0,0,NA,NA,NA,NA,NA,NA,NA,NA,NA,NA,NA,UFCI2201_2,5,UFCI2201,2,PSREU,2022,IH Williams,280,40.8
2022-05-07,NA,0,0,0,NA,0,NA,0,0,NA,NA,NA,NA,NA,NA,NA,NA,NA,NA,NA,UFCI2201_2,5,UFCI2201,2,PSREU,2022,IH Williams,280,40.8
2022-05-08,NA,0,1,0,NA,3,NA,0.02,0.03,NA,NA,NA,NA,NA,NA,NA,NA,NA,NA,NA,UFCI2201_2,5,UFCI2201,2,PSREU,2022,IH Williams,280,40.8
2022-05-09,NA,0,1,0,NA,4,NA,0.02,0.03,NA,NA,NA,NA,NA,NA,NA,NA,NA,NA,NA,UFCI2201_2,5,UFCI2201,2,PSREU,2022,IH Williams,280,40.8
2022-05-10,NA,0,1,0,NA,4,NA,0.02,0.04,NA,NA,NA,NA,NA,NA,NA,NA,NA,NA,NA,UFCI2201_2,5,UFCI2201,2,PSREU,2022,IH Williams,280,40.8
2022-05-11,NA,0,1,0,NA,5,NA,0.03,0.04,NA,NA,NA,NA,NA,NA,NA,NA,NA,NA,NA,UFCI2201_2,5,UFCI2201,2,PSREU,2022,IH Williams,280,40.8
2022-05-12,NA,0,1,0,NA,6,NA,0.03,0.05,NA,NA,NA,NA,NA,NA,NA,NA,NA,NA,NA,UFCI2201_2,5,UFCI2201,2,PSREU,2022,IH Williams,280,40.8
2022-05-13,NA,0,1,0,NA,7,NA,0.04,0.06,NA,NA,NA,NA,NA,NA,NA,NA,NA,NA,NA,UFCI2201_2,5,UFCI2201,2,PSREU,2022,IH Williams,280,40.8
2022-05-14,NA,0,2,0,NA,9,NA,0.05,0.06,NA,NA,NA,NA,NA,NA,NA,NA,NA,NA,NA,UFCI2201_2,5,UFCI2201,2,PSREU,2022,IH Williams,280,40.8
2022-05-15,NA,0,2,0,NA,11,NA,0.05,0.07,NA,NA,NA,NA,NA,NA,NA,NA,NA,NA,NA,UFCI2201_2,5,UFCI2201,2,PSREU,2022,IH Williams,280,40.8
2022-05-16,NA,0,2,0,NA,14,NA,0.06,0.08,NA,NA,NA,NA,NA,NA,NA,NA,NA,NA,NA,UFCI2201_2,5,UFCI2201,2,PSREU,2022,IH Williams,280,40.8
2022-05-17,NA,0,2,0,NA,18,NA,0.07,0.09,NA,NA,NA,NA,NA,NA,NA,NA,0.06333333333333334,NA,NA,UFCI2201_2,5,UFCI2201,2,PSREU,2022,IH Williams,280,40.8
2022-05-18,NA,0,3,0,NA,21,NA,0.08,0.1,NA,NA,NA,NA,NA,NA,NA,NA,NA,NA,NA,UFCI2201_2,5,UFCI2201,2,PSREU,2022,IH Williams,280,40.8
2022-05-19,NA,0,3,0,NA,27,NA,0.09,0.1,NA,NA,NA,NA,NA,NA,NA,NA,NA,NA,NA,UFCI2201_2,5,UFCI2201,2,PSREU,2022,IH Williams,280,40.8
2022-05-20,NA,0,5,0,NA,31,NA,0.1,0.11,NA,NA,NA,NA,NA,NA,NA,NA,NA,NA,NA,UFCI2201_2,5,UFCI2201,2,PSREU,2022,IH Williams,280,40.8
2022-05-21,NA,0,7,0,NA,36,NA,0.12,0.12,NA,NA,NA,NA,NA,NA,NA,NA,NA,NA,NA,UFCI2201_2,5,UFCI2201,2,PSREU,2022,IH Williams,280,40.8
2022-05-22,NA,0,10,0,NA,43,NA,0.14,0.13,NA,NA,NA,NA,NA,NA,NA,NA,NA,NA,NA,UFCI2201_2,5,UFCI2201,2,PSREU,2022,IH Williams,280,40.8
2022-05-23,NA,0,13,0,NA,52,NA,0.15,0.15,NA,NA,NA,NA,NA,NA,NA,NA,NA,NA,NA,UFCI2201_2,5,UFCI2201,2,PSREU,2022,IH Williams,280,40.8
2022-05-24,NA,0,17,0,NA,62,NA,0.17,0.16,NA,NA,NA,NA,NA,NA,NA,NA,0.08075,NA,NA,UFCI2201_2,5,UFCI2201,2,PSREU,2022,IH Williams,280,40.8
2022-05-25,NA,0,22,0,NA,73,NA,0.19,0.17,NA,NA,NA,NA,NA,NA,NA,NA,NA,NA,NA,UFCI2201_2,5,UFCI2201,2,PSREU,2022,IH Williams,280,40.8
2022-05-26,NA,0,27,0,NA,86,NA,0.22,0.18,NA,NA,NA,NA,NA,NA,NA,NA,NA,NA,NA,UFCI2201_2,5,UFCI2201,2,PSREU,2022,IH Williams,280,40.8
2022-05-27,NA,0,31,0,NA,96,NA,0.24,0.19,NA,NA,NA,NA,NA,NA,NA,NA,NA,NA,NA,UFCI2201_2,5,UFCI2201,2,PSREU,2022,IH Williams,280,40.8
2022-05-28,NA,0,38,0,NA,114,NA,0.27,0.2,NA,NA,NA,NA,NA,NA,NA,NA,NA,NA,NA,UFCI2201_2,5,UFCI2201,2,PSREU,2022,IH Williams,280,40.8
2022-05-29,NA,0,47,0,NA,135,NA,0.29,0.2,NA,NA,NA,NA,NA,NA,NA,NA,NA,NA,NA,UFCI2201_2,5,UFCI2201,2,PSREU,2022,IH Williams,280,40.8
2022-05-30,NA,0,57,0,NA,158,NA,0.32,0.2,NA,NA,NA,NA,NA,NA,NA,NA,NA,NA,NA,UFCI2201_2,5,UFCI2201,2,PSREU,2022,IH Williams,280,40.8
2022-05-31,NA,0,68,0,NA,183,NA,0.34,0.2,NA,NA,NA,NA,NA,NA,NA,NA,NA,NA,NA,UFCI2201_2,5,UFCI2201,2,PSREU,2022,IH Williams,280,40.8
2022-06-01,NA,0,80,0,NA,212,NA,0.37,0.2,NA,NA,NA,NA,NA,NA,NA,NA,NA,NA,NA,UFCI2201_2,5,UFCI2201,2,PSREU,2022,IH Williams,280,40.8
2022-06-02,NA,1,95,0,NA,247,NA,0.4,0.2,NA,NA,NA,NA,NA,NA,NA,NA,NA,NA,NA,UFCI2201_2,5,UFCI2201,2,PSREU,2022,IH Williams,280,40.8
2022-06-03,NA,1,113,0,NA,286,NA,0.43,0.2,NA,NA,NA,NA,NA,NA,NA,NA,NA,NA,NA,UFCI2201_2,5,UFCI2201,2,PSREU,2022,IH Williams,280,40.8
2022-06-04,NA,1,133,0,NA,331,NA,0.46,0.2,NA,NA,NA,NA,NA,NA,NA,NA,NA,NA,NA,UFCI2201_2,5,UFCI2201,2,PSREU,2022,IH Williams,280,40.8
2022-06-05,NA,1,155,0,NA,379,NA,0.5,0.2,NA,NA,NA,NA,NA,NA,NA,NA,NA,NA,NA,UFCI2201_2,5,UFCI2201,2,PSREU,2022,IH Williams,280,40.8
2022-06-06,NA,1,179,0,NA,430,NA,0.54,0.2,NA,NA,NA,NA,NA,NA,NA,NA,NA,NA,NA,UFCI2201_2,5,UFCI2201,2,PSREU,2022,IH Williams,280,40.8
2022-06-07,NA,1,208,0,NA,491,NA,0.57,0.2,NA,NA,NA,NA,NA,NA,NA,NA,0.53325,NA,NA,UFCI2201_2,5,UFCI2201,2,PSREU,2022,IH Williams,280,40.8
2022-06-08,NA,1,240,0,NA,558,NA,0.61,0.2,NA,NA,NA,NA,NA,NA,NA,NA,NA,NA,NA,UFCI2201_2,5,UFCI2201,2,PSREU,2022,IH Williams,280,40.8
2022-06-09,NA,1,275,0,NA,629,NA,0.64,0.2,NA,NA,NA,NA,NA,NA,NA,NA,NA,NA,NA,UFCI2201_2,5,UFCI2201,2,PSREU,2022,IH Williams,280,40.8
2022-06-10,NA,1,309,0,NA,696,NA,0.68,0.2,NA,NA,NA,NA,NA,NA,NA,NA,NA,NA,NA,UFCI2201_2,5,UFCI2201,2,PSREU,2022,IH Williams,280,40.8
2022-06-11,NA,3,346,0,NA,769,NA,0.72,0.2,NA,NA,NA,NA,NA,NA,NA,NA,NA,NA,NA,UFCI2201_2,5,UFCI2201,2,PSREU,2022,IH Williams,280,40.8
2022-06-12,NA,3,387,0,NA,847,NA,0.76,0.2,NA,NA,NA,NA,NA,NA,NA,NA,NA,NA,NA,UFCI2201_2,5,UFCI2201,2,PSREU,2022,IH Williams,280,40.8
2022-06-13,NA,3,434,0,NA,937,NA,0.8,0.2,NA,NA,NA,NA,NA,NA,NA,NA,NA,NA,NA,UFCI2201_2,5,UFCI2201,2,PSREU,2022,IH Williams,280,40.8
2022-06-14,NA,3,482,0,NA,1028,NA,0.84,0.2,NA,NA,NA,NA,NA,NA,NA,NA,NA,NA,NA,UFCI2201_2,5,UFCI2201,2,PSREU,2022,IH Williams,280,40.8
2022-06-15,NA,3,537,0,NA,1132,NA,0.87,0.2,NA,NA,NA,NA,NA,NA,NA,NA,NA,NA,NA,UFCI2201_2,5,UFCI2201,2,PSREU,2022,IH Williams,280,40.8
2022-06-16,NA,3,595,0,NA,1238,NA,0.91,0.2,NA,NA,NA,NA,NA,NA,NA,NA,NA,NA,NA,UFCI2201_2,5,UFCI2201,2,PSREU,2022,IH Williams,280,40.8
2022-06-17,NA,3,657,0,NA,1352,NA,0.94,0.2,NA,NA,NA,NA,NA,NA,NA,NA,NA,NA,NA,UFCI2201_2,5,UFCI2201,2,PSREU,2022,IH Williams,280,40.8
2022-06-18,NA,5,709,0,NA,1447,NA,0.98,0.2,NA,NA,NA,NA,NA,NA,2047.5,NA,NA,NA,NA,UFCI2201_2,5,UFCI2201,2,PSREU,2022,IH Williams,280,40.8
2022-06-19,NA,5,761,0,NA,1540,NA,1.02,0.2,NA,NA,NA,NA,NA,NA,NA,NA,NA,NA,NA,UFCI2201_2,5,UFCI2201,2,PSREU,2022,IH Williams,280,40.8
2022-06-20,NA,5,830,0,NA,1662,NA,1.05,0.2,NA,NA,NA,NA,NA,NA,NA,NA,NA,NA,NA,UFCI2201_2,5,UFCI2201,2,PSREU,2022,IH Williams,280,40.8
2022-06-21,NA,5,904,0,NA,1791,NA,1.09,0.2,NA,NA,NA,NA,NA,NA,NA,NA,1.25775,NA,NA,UFCI2201_2,5,UFCI2201,2,PSREU,2022,IH Williams,280,40.8
2022-06-22,NA,5,980,1,NA,1922,NA,1.13,0.2,NA,NA,NA,NA,NA,NA,NA,NA,NA,NA,NA,UFCI2201_2,5,UFCI2201,2,PSREU,2022,IH Williams,280,40.8
2022-06-23,NA,5,1041,2,NA,2027,NA,1.17,0.2,NA,NA,NA,NA,NA,NA,NA,NA,NA,NA,NA,UFCI2201_2,5,UFCI2201,2,PSREU,2022,IH Williams,280,40.8
2022-06-24,NA,5,1088,3,NA,2108,NA,1.21,0.2,NA,NA,NA,1357.7142857142858,NA,NA,2885.714285714286,NA,NA,0.25857142857142856,NA,UFCI2201_2,5,UFCI2201,2,PSREU,2022,IH Williams,280,40.8
2022-06-25,NA,5,1153,4,NA,2217,NA,1.25,0.2,NA,NA,NA,NA,NA,NA,NA,NA,NA,NA,NA,UFCI2201_2,5,UFCI2201,2,PSREU,2022,IH Williams,280,40.8
2022-06-26,NA,5,1241,6,NA,2366,NA,1.29,0.2,NA,NA,NA,NA,NA,NA,NA,NA,NA,NA,NA,UFCI2201_2,5,UFCI2201,2,PSREU,2022,IH Williams,280,40.8
2022-06-27,NA,5,1320,8,NA,2499,NA,1.33,0.2,NA,NA,NA,NA,NA,NA,NA,NA,NA,NA,NA,UFCI2201_2,5,UFCI2201,2,PSREU,2022,IH Williams,280,40.8
2022-06-28,NA,5,1397,11,NA,2627,NA,1.38,0.2,NA,NA,NA,NA,NA,NA,NA,NA,NA,NA,NA,UFCI2201_2,5,UFCI2201,2,PSREU,2022,IH Williams,280,40.8
2022-06-29,NA,5,1485,14,NA,2773,NA,1.42,0.2,NA,NA,NA,NA,NA,NA,NA,NA,NA,NA,NA,UFCI2201_2,5,UFCI2201,2,PSREU,2022,IH Williams,280,40.8
2022-06-30,NA,5,1574,18,NA,2919,NA,1.46,0.2,NA,NA,NA,NA,NA,NA,NA,NA,NA,NA,NA,UFCI2201_2,5,UFCI2201,2,PSREU,2022,IH Williams,280,40.8
2022-07-01,NA,5,1648,22,NA,3041,NA,1.5,0.2,NA,NA,NA,NA,NA,NA,NA,NA,NA,NA,NA,UFCI2201_2,5,UFCI2201,2,PSREU,2022,IH Williams,280,40.8
2022-07-02,NA,5,1697,27,NA,3120,NA,1.55,0.2,NA,NA,NA,NA,NA,NA,NA,NA,NA,NA,NA,UFCI2201_2,5,UFCI2201,2,PSREU,2022,IH Williams,280,40.8
2022-07-03,NA,5,1779,32,NA,3255,NA,1.59,0.2,NA,NA,NA,NA,NA,NA,NA,NA,NA,NA,NA,UFCI2201_2,5,UFCI2201,2,PSREU,2022,IH Williams,280,40.8
2022-07-04,NA,5,1880,38,NA,3418,NA,1.62,0.2,NA,NA,NA,NA,NA,NA,NA,NA,NA,NA,NA,UFCI2201_2,5,UFCI2201,2,PSREU,2022,IH Williams,280,40.8
2022-07-05,NA,5,1942,45,NA,3521,NA,1.66,0.2,NA,NA,NA,NA,NA,NA,NA,NA,1.747,NA,NA,UFCI2201_2,5,UFCI2201,2,PSREU,2022,IH Williams,280,40.8
2022-07-06,NA,5,2040,52,NA,3684,NA,1.69,0.2,NA,NA,NA,NA,NA,NA,NA,NA,NA,NA,NA,UFCI2201_2,5,UFCI2201,2,PSREU,2022,IH Williams,280,40.8
2022-07-07,NA,5,2130,60,NA,3832,NA,1.71,0.2,NA,NA,NA,NA,NA,NA,NA,NA,NA,NA,NA,UFCI2201_2,5,UFCI2201,2,PSREU,2022,IH Williams,280,40.8
2022-07-08,NA,5,2221,69,NA,3984,NA,1.74,0.2,NA,NA,NA,NA,NA,NA,4207.5,NA,NA,NA,NA,UFCI2201_2,5,UFCI2201,2,PSREU,2022,IH Williams,280,40.8
2022-07-09,NA,5,2306,79,NA,4126,NA,1.76,0.2,NA,NA,NA,NA,NA,NA,NA,NA,NA,NA,NA,UFCI2201_2,5,UFCI2201,2,PSREU,2022,IH Williams,280,40.8
2022-07-10,NA,5,2376,90,NA,4244,NA,1.78,0.2,NA,NA,NA,NA,NA,NA,NA,NA,NA,NA,NA,UFCI2201_2,5,UFCI2201,2,PSREU,2022,IH Williams,280,40.8
2022-07-11,NA,5,2469,102,NA,4403,NA,1.81,0.2,NA,NA,NA,NA,NA,NA,NA,NA,NA,NA,NA,UFCI2201_2,5,UFCI2201,2,PSREU,2022,IH Williams,280,40.8
2022-07-12,NA,5,2570,115,NA,4575,NA,1.82,0.2,NA,NA,NA,NA,NA,NA,NA,NA,NA,NA,NA,UFCI2201_2,5,UFCI2201,2,PSREU,2022,IH Williams,280,40.8
2022-07-13,NA,5,2673,128,NA,4750,NA,1.84,0.2,NA,NA,NA,NA,NA,NA,NA,NA,NA,NA,NA,UFCI2201_2,5,UFCI2201,2,PSREU,2022,IH Williams,280,40.8
2022-07-14,NA,5,2754,141,NA,4891,NA,1.85,0.2,NA,NA,NA,NA,NA,NA,NA,NA,NA,NA,NA,UFCI2201_2,5,UFCI2201,2,PSREU,2022,IH Williams,280,40.8
2022-07-15,NA,5,2861,155,NA,5076,NA,1.87,0.2,NA,NA,NA,NA,NA,NA,NA,NA,NA,NA,NA,UFCI2201_2,5,UFCI2201,2,PSREU,2022,IH Williams,280,40.8
2022-07-16,NA,5,2887,171,NA,5133,NA,1.89,0.2,NA,NA,NA,NA,NA,NA,NA,NA,NA,NA,NA,UFCI2201_2,5,UFCI2201,2,PSREU,2022,IH Williams,280,40.8
2022-07-17,NA,5,2964,187,NA,5275,NA,1.9,0.2,NA,NA,NA,NA,NA,NA,NA,NA,NA,NA,NA,UFCI2201_2,5,UFCI2201,2,PSREU,2022,IH Williams,280,40.8
2022-07-18,NA,5,3018,204,NA,5380,NA,1.92,0.2,NA,NA,NA,NA,NA,NA,NA,NA,NA,NA,NA,UFCI2201_2,5,UFCI2201,2,PSREU,2022,IH Williams,280,40.8
2022-07-19,NA,5,3087,221,NA,5511,NA,1.93,0.2,NA,NA,NA,NA,NA,NA,NA,NA,NA,NA,NA,UFCI2201_2,5,UFCI2201,2,PSREU,2022,IH Williams,280,40.8
2022-07-20,NA,5,3148,239,NA,5629,NA,1.95,0.2,NA,NA,NA,NA,NA,NA,NA,NA,NA,NA,NA,UFCI2201_2,5,UFCI2201,2,PSREU,2022,IH Williams,280,40.8
2022-07-21,NA,5,3252,257,NA,5814,NA,1.96,0.2,NA,NA,NA,3774.5833333333335,34.96,NA,6159.5,NA,1.9292307692307693,0.2775,NA,UFCI2201_2,5,UFCI2201,2,PSREU,2022,IH Williams,280,40.8
2022-07-22,NA,5,3328,274,NA,5954,NA,1.97,0.2,NA,NA,NA,NA,NA,NA,NA,NA,NA,NA,NA,UFCI2201_2,5,UFCI2201,2,PSREU,2022,IH Williams,280,40.8
2022-07-23,NA,5,3403,294,NA,6090,NA,1.98,0.2,NA,NA,NA,NA,NA,NA,NA,NA,NA,NA,NA,UFCI2201_2,5,UFCI2201,2,PSREU,2022,IH Williams,280,40.8
2022-07-24,NA,5,3485,314,NA,6232,NA,1.99,0.2,NA,NA,NA,NA,NA,NA,NA,NA,NA,NA,NA,UFCI2201_2,5,UFCI2201,2,PSREU,2022,IH Williams,280,40.8
2022-07-25,NA,5,3592,334,NA,6405,NA,1.99,0.2,NA,NA,NA,NA,NA,NA,NA,NA,NA,NA,NA,UFCI2201_2,5,UFCI2201,2,PSREU,2022,IH Williams,280,40.8
2022-07-26,NA,5,3686,354,NA,6556,NA,2,0.2,NA,NA,NA,NA,NA,NA,NA,NA,NA,NA,NA,UFCI2201_2,5,UFCI2201,2,PSREU,2022,IH Williams,280,40.8
2022-07-27,NA,5,3775,376,NA,6698,NA,2.01,0.2,NA,NA,NA,NA,NA,NA,NA,NA,NA,NA,NA,UFCI2201_2,5,UFCI2201,2,PSREU,2022,IH Williams,280,40.8
2022-07-28,NA,5,3878,397,NA,6851,NA,2.02,0.2,NA,NA,NA,4434.75,NA,NA,7051.25,NA,1.9575,0.2975,NA,UFCI2201_2,5,UFCI2201,2,PSREU,2022,IH Williams,280,40.8
2022-07-29,NA,5,3987,418,NA,7009,NA,2.03,0.2,NA,NA,NA,NA,NA,NA,NA,NA,NA,NA,NA,UFCI2201_2,5,UFCI2201,2,PSREU,2022,IH Williams,280,40.8
2022-07-30,NA,5,4104,439,NA,7171,NA,2.03,0.2,NA,NA,NA,NA,NA,NA,NA,NA,NA,NA,NA,UFCI2201_2,5,UFCI2201,2,PSREU,2022,IH Williams,280,40.8
2022-07-31,NA,5,4215,460,NA,7322,NA,2.04,0.2,NA,NA,NA,NA,NA,NA,NA,NA,NA,NA,NA,UFCI2201_2,5,UFCI2201,2,PSREU,2022,IH Williams,280,40.8
2022-08-01,NA,5,4327,481,NA,7474,NA,2.05,0.2,NA,NA,NA,NA,NA,NA,NA,NA,NA,NA,NA,UFCI2201_2,5,UFCI2201,2,PSREU,2022,IH Williams,280,40.8
2022-08-02,NA,5,4410,503,NA,7599,NA,2.05,0.2,NA,NA,NA,NA,NA,NA,NA,NA,NA,NA,NA,UFCI2201_2,5,UFCI2201,2,PSREU,2022,IH Williams,280,40.8
2022-08-03,NA,5,4511,526,NA,7748,NA,2.06,0.2,NA,NA,NA,NA,NA,NA,NA,NA,NA,NA,NA,UFCI2201_2,5,UFCI2201,2,PSREU,2022,IH Williams,280,40.8
2022-08-04,NA,5,4620,548,NA,7902,NA,2.07,0.2,NA,NA,NA,NA,NA,NA,NA,NA,2.068,NA,NA,UFCI2201_2,5,UFCI2201,2,PSREU,2022,IH Williams,280,40.8
2022-08-05,NA,5,4697,571,NA,8022,NA,2.07,0.2,NA,NA,NA,NA,NA,NA,NA,NA,NA,NA,NA,UFCI2201_2,5,UFCI2201,2,PSREU,2022,IH Williams,280,40.8
2022-08-06,NA,5,4748,594,NA,8110,NA,2.07,0.2,NA,NA,NA,NA,NA,NA,NA,NA,NA,NA,NA,UFCI2201_2,5,UFCI2201,2,PSREU,2022,IH Williams,280,40.8
2022-08-07,NA,5,4825,618,NA,8226,NA,2.07,0.2,NA,NA,NA,NA,NA,NA,NA,NA,NA,NA,NA,UFCI2201_2,5,UFCI2201,2,PSREU,2022,IH Williams,280,40.8
2022-08-08,NA,5,4869,641,NA,8302,NA,2.07,0.2,NA,NA,NA,NA,NA,NA,NA,NA,NA,NA,NA,UFCI2201_2,5,UFCI2201,2,PSREU,2022,IH Williams,280,40.8
2022-08-09,NA,5,4947,665,NA,8420,NA,2.07,0.2,NA,NA,NA,NA,NA,NA,NA,NA,NA,NA,NA,UFCI2201_2,5,UFCI2201,2,PSREU,2022,IH Williams,280,40.8
2022-08-10,NA,5,5014,688,NA,8523,NA,2.07,0.2,NA,NA,NA,NA,NA,NA,NA,NA,NA,NA,NA,UFCI2201_2,5,UFCI2201,2,PSREU,2022,IH Williams,280,40.8
2022-08-11,NA,5,5039,714,NA,8579,NA,2.07,0.2,NA,NA,NA,NA,NA,NA,NA,NA,NA,NA,NA,UFCI2201_2,5,UFCI2201,2,PSREU,2022,IH Williams,280,40.8
2022-08-12,NA,5,5076,737,NA,8646,NA,2.07,0.2,NA,NA,NA,NA,NA,NA,NA,NA,NA,NA,NA,UFCI2201_2,5,UFCI2201,2,PSREU,2022,IH Williams,280,40.8
2022-08-13,NA,5,5111,762,NA,8707,NA,2.07,0.2,NA,NA,NA,NA,NA,NA,NA,NA,NA,NA,NA,UFCI2201_2,5,UFCI2201,2,PSREU,2022,IH Williams,280,40.8
2022-08-14,NA,7,5189,786,NA,8814,NA,2.07,0.2,NA,NA,NA,NA,NA,NA,NA,NA,NA,NA,NA,UFCI2201_2,5,UFCI2201,2,PSREU,2022,IH Williams,280,40.8
2022-08-15,NA,7,5283,810,NA,8875,NA,2.07,0.2,NA,NA,NA,NA,NA,NA,NA,NA,NA,NA,NA,UFCI2201_2,5,UFCI2201,2,PSREU,2022,IH Williams,280,40.8
2022-08-16,NA,7,5344,832,NA,8894,NA,2.07,0.2,NA,NA,NA,4676.25,204.01666666666668,NA,7867.25,NA,2.044090909090909,NA,NA,UFCI2201_2,5,UFCI2201,2,PSREU,2022,IH Williams,280,40.8
2022-08-17,NA,7,5385,854,NA,8886,NA,2.07,0.2,NA,NA,NA,NA,NA,NA,NA,NA,NA,NA,NA,UFCI2201_2,5,UFCI2201,2,PSREU,2022,IH Williams,280,40.8
2022-08-18,NA,7,5401,876,NA,8847,NA,2.07,0.2,NA,NA,NA,NA,NA,NA,NA,NA,NA,NA,NA,UFCI2201_2,5,UFCI2201,2,PSREU,2022,IH Williams,280,40.8
2022-08-19,NA,7,5435,897,NA,8836,NA,2.07,0.2,NA,NA,NA,NA,NA,NA,NA,NA,NA,NA,NA,UFCI2201_2,5,UFCI2201,2,PSREU,2022,IH Williams,280,40.8
2022-08-20,NA,7,5494,915,NA,8862,NA,2.07,0.2,NA,NA,NA,NA,NA,NA,NA,NA,NA,NA,NA,UFCI2201_2,5,UFCI2201,2,PSREU,2022,IH Williams,280,40.8
2022-08-21,NA,7,5527,933,NA,8853,NA,2.07,0.2,NA,NA,NA,NA,NA,NA,NA,NA,NA,NA,NA,UFCI2201_2,5,UFCI2201,2,PSREU,2022,IH Williams,280,40.8
2022-08-22,NA,7,5519,951,NA,8791,NA,2.07,0.2,NA,NA,NA,4727.5,NA,NA,7169.5,NA,2.11,NA,NA,UFCI2201_2,5,UFCI2201,2,PSREU,2022,IH Williams,280,40.8
2022-08-23,NA,7,5557,967,NA,8794,NA,2.07,0.2,NA,NA,NA,NA,NA,NA,NA,NA,NA,NA,NA,UFCI2201_2,5,UFCI2201,2,PSREU,2022,IH Williams,280,40.8
2022-08-24,NA,7,5588,982,NA,8788,NA,2.07,0.2,NA,NA,NA,NA,NA,NA,NA,NA,NA,NA,NA,UFCI2201_2,5,UFCI2201,2,PSREU,2022,IH Williams,280,40.8
2022-08-25,NA,7,5613,996,NA,8777,NA,2.07,0.2,NA,NA,NA,NA,NA,NA,NA,NA,NA,NA,NA,UFCI2201_2,5,UFCI2201,2,PSREU,2022,IH Williams,280,40.8
2022-08-26,NA,7,5641,1010,NA,8771,NA,2.07,0.2,NA,NA,NA,NA,NA,NA,NA,NA,NA,NA,NA,UFCI2201_2,5,UFCI2201,2,PSREU,2022,IH Williams,280,40.8
2022-08-27,NA,7,5654,1022,NA,8744,NA,2.07,0.2,NA,NA,NA,NA,NA,NA,NA,NA,NA,NA,NA,UFCI2201_2,5,UFCI2201,2,PSREU,2022,IH Williams,280,40.8
2022-08-28,NA,7,5669,1034,NA,8723,NA,2.07,0.2,NA,NA,NA,NA,NA,NA,NA,NA,NA,NA,NA,UFCI2201_2,5,UFCI2201,2,PSREU,2022,IH Williams,280,40.8
2022-08-29,NA,7,5675,1044,NA,8690,NA,2.07,0.2,NA,NA,NA,NA,NA,NA,NA,NA,NA,NA,NA,UFCI2201_2,5,UFCI2201,2,PSREU,2022,IH Williams,280,40.8
2022-08-30,NA,7,5664,1053,NA,8633,NA,2.07,0.2,NA,NA,NA,4756.4,NA,NA,6728,NA,2.054,0.424,NA,UFCI2201_2,5,UFCI2201,2,PSREU,2022,IH Williams,280,40.8
2022-08-31,NA,7,5682,1060,NA,8617,NA,2.07,0.2,NA,NA,NA,NA,NA,NA,NA,NA,NA,NA,NA,UFCI2201_2,5,UFCI2201,2,PSREU,2022,IH Williams,280,40.8
2022-09-01,NA,7,5684,1066,NA,8578,NA,2.07,0.2,NA,NA,NA,NA,NA,NA,NA,NA,NA,NA,NA,UFCI2201_2,5,UFCI2201,2,PSREU,2022,IH Williams,280,40.8
2022-09-02,NA,7,5686,1071,NA,8541,NA,2.07,0.2,NA,NA,NA,NA,NA,NA,NA,NA,NA,NA,NA,UFCI2201_2,5,UFCI2201,2,PSREU,2022,IH Williams,280,40.8
2022-09-03,NA,7,5690,1074,NA,8506,NA,2.07,0.2,NA,NA,NA,NA,NA,NA,NA,NA,NA,NA,NA,UFCI2201_2,5,UFCI2201,2,PSREU,2022,IH Williams,280,40.8
2022-09-04,NA,7,5691,1076,NA,8468,NA,2.07,0.2,NA,NA,NA,NA,NA,NA,NA,NA,NA,NA,NA,UFCI2201_2,5,UFCI2201,2,PSREU,2022,IH Williams,280,40.8
2022-09-05,NA,7,5701,1078,NA,8443,NA,2.07,0.2,NA,NA,NA,NA,NA,NA,NA,NA,NA,NA,NA,UFCI2201_2,5,UFCI2201,2,PSREU,2022,IH Williams,280,40.8
2022-09-06,NA,7,5716,1079,NA,8425,NA,2.07,0.2,NA,NA,NA,NA,NA,NA,NA,NA,1.99725,NA,NA,UFCI2201_2,5,UFCI2201,2,PSREU,2022,IH Williams,280,40.8
2022-09-07,NA,7,5730,1079,NA,8406,NA,2.07,0.2,NA,NA,NA,NA,NA,NA,NA,NA,NA,NA,NA,UFCI2201_2,5,UFCI2201,2,PSREU,2022,IH Williams,280,40.8
2022-09-08,NA,8,5699,1079,NA,8326,NA,2.07,0.2,NA,NA,NA,NA,NA,NA,NA,NA,NA,NA,NA,UFCI2201_2,5,UFCI2201,2,PSREU,2022,IH Williams,280,40.8
2022-09-09,NA,8,5695,1079,NA,8286,NA,2.07,0.2,NA,NA,NA,NA,NA,NA,NA,NA,NA,NA,NA,UFCI2201_2,5,UFCI2201,2,PSREU,2022,IH Williams,280,40.8
2022-09-10,NA,8,5682,1079,NA,8233,NA,2.07,0.2,NA,NA,NA,NA,NA,NA,NA,NA,NA,NA,NA,UFCI2201_2,5,UFCI2201,2,PSREU,2022,IH Williams,280,40.8
2022-09-11,NA,8,5680,1079,NA,8198,NA,2.07,0.2,NA,NA,NA,NA,NA,NA,NA,NA,NA,NA,NA,UFCI2201_2,5,UFCI2201,2,PSREU,2022,IH Williams,280,40.8
2022-09-12,NA,8,5676,1079,NA,8161,NA,2.07,0.2,NA,NA,NA,NA,NA,NA,NA,NA,NA,NA,NA,UFCI2201_2,5,UFCI2201,2,PSREU,2022,IH Williams,280,40.8
2022-09-13,NA,8,5672,1079,NA,8125,NA,2.07,0.2,NA,NA,NA,NA,NA,NA,NA,NA,NA,NA,NA,UFCI2201_2,5,UFCI2201,2,PSREU,2022,IH Williams,280,40.8
2022-09-14,NA,8,5670,1079,NA,8092,NA,2.07,0.2,NA,NA,NA,NA,NA,NA,NA,NA,NA,NA,NA,UFCI2201_2,5,UFCI2201,2,PSREU,2022,IH Williams,280,40.8
2022-09-15,NA,8,5671,1079,NA,8065,NA,2.07,0.2,NA,NA,NA,NA,958,NA,6110.75,NA,2.01275,NA,NA,UFCI2201_2,5,UFCI2201,2,PSREU,2022,IH Williams,280,40.8
2022-05-04,NA,0,0,0,NA,0,NA,0,0,NA,NA,NA,NA,NA,NA,NA,NA,NA,NA,NA,UFCI2201_3,6,UFCI2201,3,PSREU,2022,NWG 2730,0,30.5
2022-05-05,NA,0,0,0,NA,0,NA,0,0,NA,NA,NA,NA,NA,NA,NA,NA,NA,NA,NA,UFCI2201_3,6,UFCI2201,3,PSREU,2022,NWG 2730,0,30.5
2022-05-06,NA,0,0,0,NA,0,NA,0,0,NA,NA,NA,NA,NA,NA,NA,NA,NA,NA,NA,UFCI2201_3,6,UFCI2201,3,PSREU,2022,NWG 2730,0,30.5
2022-05-07,NA,0,0,0,NA,0,NA,0,0,NA,NA,NA,NA,NA,NA,NA,NA,NA,NA,NA,UFCI2201_3,6,UFCI2201,3,PSREU,2022,NWG 2730,0,30.5
2022-05-08,NA,0,1,0,NA,2,NA,0.02,0.03,NA,NA,NA,NA,NA,NA,NA,NA,NA,NA,NA,UFCI2201_3,6,UFCI2201,3,PSREU,2022,NWG 2730,0,30.5
2022-05-09,NA,0,1,0,NA,3,NA,0.02,0.03,NA,NA,NA,NA,NA,NA,NA,NA,NA,NA,NA,UFCI2201_3,6,UFCI2201,3,PSREU,2022,NWG 2730,0,30.5
2022-05-10,NA,0,1,0,NA,3,NA,0.02,0.04,NA,NA,NA,NA,NA,NA,NA,NA,NA,NA,NA,UFCI2201_3,6,UFCI2201,3,PSREU,2022,NWG 2730,0,30.5
2022-05-11,NA,0,1,0,NA,4,NA,0.02,0.04,NA,NA,NA,NA,NA,NA,NA,NA,NA,NA,NA,UFCI2201_3,6,UFCI2201,3,PSREU,2022,NWG 2730,0,30.5
2022-05-12,NA,0,1,0,NA,5,NA,0.03,0.05,NA,NA,NA,NA,NA,NA,NA,NA,NA,NA,NA,UFCI2201_3,6,UFCI2201,3,PSREU,2022,NWG 2730,0,30.5
2022-05-13,NA,0,1,0,NA,6,NA,0.03,0.06,NA,NA,NA,NA,NA,NA,NA,NA,NA,NA,NA,UFCI2201_3,6,UFCI2201,3,PSREU,2022,NWG 2730,0,30.5
2022-05-14,NA,0,1,0,NA,7,NA,0.04,0.06,NA,NA,NA,NA,NA,NA,NA,NA,NA,NA,NA,UFCI2201_3,6,UFCI2201,3,PSREU,2022,NWG 2730,0,30.5
2022-05-15,NA,0,1,0,NA,8,NA,0.04,0.07,NA,NA,NA,NA,NA,NA,NA,NA,NA,NA,NA,UFCI2201_3,6,UFCI2201,3,PSREU,2022,NWG 2730,0,30.5
2022-05-16,NA,0,2,0,NA,10,NA,0.05,0.08,NA,NA,NA,NA,NA,NA,NA,NA,NA,NA,NA,UFCI2201_3,6,UFCI2201,3,PSREU,2022,NWG 2730,0,30.5
2022-05-17,NA,0,2,0,NA,11,NA,0.05,0.09,NA,NA,NA,NA,NA,NA,NA,NA,0.04033333333333333,NA,NA,UFCI2201_3,6,UFCI2201,3,PSREU,2022,NWG 2730,0,30.5
2022-05-18,NA,0,2,0,NA,13,NA,0.06,0.1,NA,NA,NA,NA,NA,NA,NA,NA,NA,NA,NA,UFCI2201_3,6,UFCI2201,3,PSREU,2022,NWG 2730,0,30.5
2022-05-19,NA,0,3,0,NA,15,NA,0.07,0.11,NA,NA,NA,NA,NA,NA,NA,NA,NA,NA,NA,UFCI2201_3,6,UFCI2201,3,PSREU,2022,NWG 2730,0,30.5
2022-05-20,NA,0,3,0,NA,17,NA,0.08,0.11,NA,NA,NA,NA,NA,NA,NA,NA,NA,NA,NA,UFCI2201_3,6,UFCI2201,3,PSREU,2022,NWG 2730,0,30.5
2022-05-21,NA,0,4,0,NA,19,NA,0.09,0.13,NA,NA,NA,NA,NA,NA,NA,NA,NA,NA,NA,UFCI2201_3,6,UFCI2201,3,PSREU,2022,NWG 2730,0,30.5
2022-05-22,NA,0,5,0,NA,21,NA,0.1,0.14,NA,NA,NA,NA,NA,NA,NA,NA,NA,NA,NA,UFCI2201_3,6,UFCI2201,3,PSREU,2022,NWG 2730,0,30.5
2022-05-23,NA,0,6,0,NA,24,NA,0.12,0.15,NA,NA,NA,NA,NA,NA,NA,NA,NA,NA,NA,UFCI2201_3,6,UFCI2201,3,PSREU,2022,NWG 2730,0,30.5
2022-05-24,NA,0,7,0,NA,27,NA,0.13,0.16,NA,NA,NA,NA,NA,NA,NA,NA,0.03425,NA,NA,UFCI2201_3,6,UFCI2201,3,PSREU,2022,NWG 2730,0,30.5
2022-05-25,NA,0,8,0,NA,31,NA,0.15,0.17,NA,NA,NA,NA,NA,NA,NA,NA,NA,NA,NA,UFCI2201_3,6,UFCI2201,3,PSREU,2022,NWG 2730,0,30.5
2022-05-26,NA,1,10,0,NA,34,NA,0.16,0.19,NA,NA,NA,NA,NA,NA,NA,NA,NA,NA,NA,UFCI2201_3,6,UFCI2201,3,PSREU,2022,NWG 2730,0,30.5
2022-05-27,NA,1,11,0,NA,37,NA,0.18,0.2,NA,NA,NA,NA,NA,NA,NA,NA,NA,NA,NA,UFCI2201_3,6,UFCI2201,3,PSREU,2022,NWG 2730,0,30.5
2022-05-28,NA,1,14,0,NA,41,NA,0.2,0.2,NA,NA,NA,NA,NA,NA,NA,NA,NA,NA,NA,UFCI2201_3,6,UFCI2201,3,PSREU,2022,NWG 2730,0,30.5
2022-05-29,NA,1,16,0,NA,46,NA,0.22,0.2,NA,NA,NA,NA,NA,NA,NA,NA,NA,NA,NA,UFCI2201_3,6,UFCI2201,3,PSREU,2022,NWG 2730,0,30.5
2022-05-30,NA,1,19,0,NA,51,NA,0.24,0.2,NA,NA,NA,NA,NA,NA,NA,NA,NA,NA,NA,UFCI2201_3,6,UFCI2201,3,PSREU,2022,NWG 2730,0,30.5
2022-05-31,NA,1,21,0,NA,56,NA,0.26,0.2,NA,NA,NA,NA,NA,NA,NA,NA,NA,NA,NA,UFCI2201_3,6,UFCI2201,3,PSREU,2022,NWG 2730,0,30.5
2022-06-01,NA,1,24,0,NA,62,NA,0.29,0.2,NA,NA,NA,NA,NA,NA,NA,NA,NA,NA,NA,UFCI2201_3,6,UFCI2201,3,PSREU,2022,NWG 2730,0,30.5
2022-06-02,NA,3,27,0,NA,69,NA,0.31,0.2,NA,NA,NA,44.36666666666667,NA,NA,104.23333333333333,NA,0.32333333333333336,0.14916666666666667,NA,UFCI2201_3,6,UFCI2201,3,PSREU,2022,NWG 2730,0,30.5
2022-06-03,NA,3,30,0,NA,75,NA,0.34,0.2,NA,NA,NA,NA,NA,NA,NA,NA,NA,NA,NA,UFCI2201_3,6,UFCI2201,3,PSREU,2022,NWG 2730,0,30.5
2022-06-04,NA,3,34,0,NA,83,NA,0.36,0.2,NA,NA,NA,NA,NA,NA,NA,NA,NA,NA,NA,UFCI2201_3,6,UFCI2201,3,PSREU,2022,NWG 2730,0,30.5
2022-06-05,NA,3,38,0,NA,91,NA,0.39,0.2,NA,NA,NA,NA,NA,NA,NA,NA,NA,NA,NA,UFCI2201_3,6,UFCI2201,3,PSREU,2022,NWG 2730,0,30.5
2022-06-06,NA,5,42,0,NA,99,NA,0.41,0.2,NA,NA,NA,NA,NA,NA,NA,NA,NA,NA,NA,UFCI2201_3,6,UFCI2201,3,PSREU,2022,NWG 2730,0,30.5
2022-06-07,NA,5,47,0,NA,109,NA,0.44,0.2,NA,NA,NA,NA,NA,NA,NA,NA,0.16025,NA,NA,UFCI2201_3,6,UFCI2201,3,PSREU,2022,NWG 2730,0,30.5
2022-06-08,NA,5,53,0,NA,119,NA,0.47,0.2,NA,NA,NA,NA,NA,NA,NA,NA,NA,NA,NA,UFCI2201_3,6,UFCI2201,3,PSREU,2022,NWG 2730,0,30.5
2022-06-09,NA,5,58,0,NA,130,NA,0.49,0.2,NA,NA,NA,NA,NA,NA,NA,NA,NA,NA,NA,UFCI2201_3,6,UFCI2201,3,PSREU,2022,NWG 2730,0,30.5
2022-06-10,NA,5,63,0,NA,140,NA,0.52,0.2,NA,NA,NA,NA,NA,NA,NA,NA,NA,NA,NA,UFCI2201_3,6,UFCI2201,3,PSREU,2022,NWG 2730,0,30.5
2022-06-11,NA,5,69,1,NA,151,NA,0.55,0.2,NA,NA,NA,NA,NA,NA,NA,NA,NA,NA,NA,UFCI2201_3,6,UFCI2201,3,PSREU,2022,NWG 2730,0,30.5
2022-06-12,NA,5,75,1,NA,162,NA,0.58,0.2,NA,NA,NA,NA,NA,NA,NA,NA,NA,NA,NA,UFCI2201_3,6,UFCI2201,3,PSREU,2022,NWG 2730,0,30.5
2022-06-13,NA,5,83,2,NA,176,NA,0.61,0.2,NA,NA,NA,NA,NA,NA,NA,NA,NA,NA,NA,UFCI2201_3,6,UFCI2201,3,PSREU,2022,NWG 2730,0,30.5
2022-06-14,NA,5,90,2,NA,190,NA,0.64,0.2,NA,NA,NA,NA,NA,NA,NA,NA,NA,NA,NA,UFCI2201_3,6,UFCI2201,3,PSREU,2022,NWG 2730,0,30.5
2022-06-15,NA,5,99,3,NA,207,NA,0.67,0.2,NA,NA,NA,NA,NA,NA,NA,NA,NA,NA,NA,UFCI2201_3,6,UFCI2201,3,PSREU,2022,NWG 2730,0,30.5
2022-06-16,NA,5,109,4,NA,224,NA,0.69,0.2,NA,NA,NA,NA,NA,NA,NA,NA,NA,NA,NA,UFCI2201_3,6,UFCI2201,3,PSREU,2022,NWG 2730,0,30.5
2022-06-17,NA,5,119,5,NA,243,NA,0.72,0.2,NA,NA,NA,NA,NA,NA,NA,NA,NA,NA,NA,UFCI2201_3,6,UFCI2201,3,PSREU,2022,NWG 2730,0,30.5
2022-06-18,NA,5,127,6,NA,257,NA,0.75,0.2,NA,NA,NA,NA,NA,NA,NA,NA,NA,NA,NA,UFCI2201_3,6,UFCI2201,3,PSREU,2022,NWG 2730,0,30.5
2022-06-19,NA,5,134,8,NA,271,NA,0.77,0.2,NA,NA,NA,NA,NA,NA,NA,NA,NA,NA,NA,UFCI2201_3,6,UFCI2201,3,PSREU,2022,NWG 2730,0,30.5
2022-06-20,NA,5,145,9,NA,290,NA,0.8,0.2,NA,NA,NA,NA,NA,NA,NA,NA,NA,NA,NA,UFCI2201_3,6,UFCI2201,3,PSREU,2022,NWG 2730,0,30.5
2022-06-21,NA,5,156,11,NA,309,NA,0.83,0.2,NA,NA,NA,NA,NA,NA,190.225,NA,0.3575,NA,NA,UFCI2201_3,6,UFCI2201,3,PSREU,2022,NWG 2730,0,30.5
2022-06-22,NA,5,168,13,NA,329,NA,0.86,0.2,NA,NA,NA,NA,NA,NA,NA,NA,NA,NA,NA,UFCI2201_3,6,UFCI2201,3,PSREU,2022,NWG 2730,0,30.5
2022-06-23,NA,5,176,15,NA,345,NA,0.89,0.2,NA,NA,NA,NA,NA,NA,NA,NA,NA,NA,NA,UFCI2201_3,6,UFCI2201,3,PSREU,2022,NWG 2730,0,30.5
2022-06-24,NA,5,182,17,NA,358,NA,0.92,0.2,NA,NA,NA,144.4,NA,NA,318,NA,NA,NA,NA,UFCI2201_3,6,UFCI2201,3,PSREU,2022,NWG 2730,0,30.5
2022-06-25,NA,5,191,19,NA,374,NA,0.94,0.2,NA,NA,NA,NA,NA,NA,NA,NA,NA,NA,NA,UFCI2201_3,6,UFCI2201,3,PSREU,2022,NWG 2730,0,30.5
2022-06-26,NA,5,203,22,NA,397,NA,0.97,0.2,NA,NA,NA,NA,NA,NA,NA,NA,NA,NA,NA,UFCI2201_3,6,UFCI2201,3,PSREU,2022,NWG 2730,0,30.5
2022-06-27,NA,5,214,25,NA,416,NA,1,0.2,NA,NA,NA,NA,NA,NA,NA,NA,NA,NA,NA,UFCI2201_3,6,UFCI2201,3,PSREU,2022,NWG 2730,0,30.5
2022-06-28,NA,5,224,28,NA,435,NA,1.03,0.2,NA,NA,NA,NA,NA,NA,NA,NA,NA,NA,NA,UFCI2201_3,6,UFCI2201,3,PSREU,2022,NWG 2730,0,30.5
2022-06-29,NA,5,235,31,NA,456,NA,1.05,0.2,NA,NA,NA,NA,NA,NA,NA,NA,NA,NA,NA,UFCI2201_3,6,UFCI2201,3,PSREU,2022,NWG 2730,0,30.5
2022-06-30,NA,5,247,34,NA,477,NA,1.07,0.2,NA,NA,NA,NA,NA,NA,NA,NA,NA,NA,NA,UFCI2201_3,6,UFCI2201,3,PSREU,2022,NWG 2730,0,30.5
2022-07-01,NA,5,256,38,NA,495,NA,1.09,0.2,NA,NA,NA,NA,NA,NA,NA,NA,NA,NA,NA,UFCI2201_3,6,UFCI2201,3,PSREU,2022,NWG 2730,0,30.5
2022-07-02,NA,5,260,42,NA,507,NA,1.11,0.2,NA,NA,NA,NA,NA,NA,NA,NA,NA,NA,NA,UFCI2201_3,6,UFCI2201,3,PSREU,2022,NWG 2730,0,30.5
2022-07-03,NA,5,271,46,NA,526,NA,1.13,0.2,NA,NA,NA,NA,NA,NA,NA,NA,NA,NA,NA,UFCI2201_3,6,UFCI2201,3,PSREU,2022,NWG 2730,0,30.5
2022-07-04,NA,5,283,50,NA,550,NA,1.15,0.2,NA,NA,NA,NA,NA,NA,NA,NA,NA,NA,NA,UFCI2201_3,6,UFCI2201,3,PSREU,2022,NWG 2730,0,30.5
2022-07-05,NA,5,289,54,NA,563,NA,1.16,0.2,NA,NA,NA,NA,NA,NA,NA,NA,0.4495,NA,NA,UFCI2201_3,6,UFCI2201,3,PSREU,2022,NWG 2730,0,30.5
2022-07-06,NA,5,301,58,NA,584,NA,1.18,0.2,NA,NA,NA,NA,NA,NA,NA,NA,NA,NA,NA,UFCI2201_3,6,UFCI2201,3,PSREU,2022,NWG 2730,0,30.5
2022-07-07,NA,5,311,62,NA,602,NA,1.2,0.2,NA,NA,NA,NA,NA,NA,NA,NA,NA,NA,NA,UFCI2201_3,6,UFCI2201,3,PSREU,2022,NWG 2730,0,30.5
2022-07-08,NA,7,320,67,NA,620,NA,1.2,0.2,NA,NA,NA,NA,NA,NA,NA,NA,NA,NA,NA,UFCI2201_3,6,UFCI2201,3,PSREU,2022,NWG 2730,0,30.5
2022-07-09,NA,7,328,71,NA,629,NA,1.2,0.2,NA,NA,NA,NA,NA,NA,NA,NA,NA,NA,NA,UFCI2201_3,6,UFCI2201,3,PSREU,2022,NWG 2730,0,30.5
2022-07-10,NA,7,331,76,NA,633,NA,1.2,0.2,NA,NA,NA,NA,NA,NA,NA,NA,NA,NA,NA,UFCI2201_3,6,UFCI2201,3,PSREU,2022,NWG 2730,0,30.5
2022-07-11,NA,7,338,81,NA,640,NA,1.2,0.2,NA,NA,NA,NA,NA,NA,NA,NA,NA,NA,NA,UFCI2201_3,6,UFCI2201,3,PSREU,2022,NWG 2730,0,30.5
2022-07-12,NA,7,345,85,NA,648,NA,1.2,0.2,NA,NA,NA,NA,NA,NA,NA,NA,NA,NA,NA,UFCI2201_3,6,UFCI2201,3,PSREU,2022,NWG 2730,0,30.5
2022-07-13,NA,7,353,89,NA,658,NA,1.2,0.2,NA,NA,NA,NA,NA,NA,NA,NA,NA,NA,NA,UFCI2201_3,6,UFCI2201,3,PSREU,2022,NWG 2730,0,30.5
2022-07-14,NA,7,357,94,NA,661,NA,1.2,0.2,NA,NA,NA,NA,NA,NA,NA,NA,NA,NA,NA,UFCI2201_3,6,UFCI2201,3,PSREU,2022,NWG 2730,0,30.5
2022-07-15,NA,7,365,98,NA,671,NA,1.2,0.2,NA,NA,NA,NA,NA,NA,NA,NA,NA,NA,NA,UFCI2201_3,6,UFCI2201,3,PSREU,2022,NWG 2730,0,30.5
2022-07-16,NA,7,363,101,NA,666,NA,1.2,0.2,NA,NA,NA,NA,NA,NA,NA,NA,NA,NA,NA,UFCI2201_3,6,UFCI2201,3,PSREU,2022,NWG 2730,0,30.5
2022-07-17,NA,7,365,105,NA,667,NA,1.2,0.2,NA,NA,NA,NA,NA,NA,NA,NA,NA,NA,NA,UFCI2201_3,6,UFCI2201,3,PSREU,2022,NWG 2730,0,30.5
2022-07-18,NA,7,365,109,NA,664,NA,1.2,0.2,NA,NA,NA,NA,NA,NA,NA,NA,NA,NA,NA,UFCI2201_3,6,UFCI2201,3,PSREU,2022,NWG 2730,0,30.5
2022-07-19,NA,7,365,112,NA,664,NA,1.2,0.2,NA,NA,NA,NA,NA,NA,NA,NA,NA,NA,NA,UFCI2201_3,6,UFCI2201,3,PSREU,2022,NWG 2730,0,30.5
2022-07-20,NA,7,366,115,NA,663,NA,1.2,0.2,NA,NA,NA,NA,NA,NA,NA,NA,NA,NA,NA,UFCI2201_3,6,UFCI2201,3,PSREU,2022,NWG 2730,0,30.5
2022-07-21,NA,7,370,117,NA,668,NA,1.2,0.2,NA,NA,NA,231.425,NA,NA,397.3,NA,0.692,NA,NA,UFCI2201_3,6,UFCI2201,3,PSREU,2022,NWG 2730,0,30.5
2022-07-22,NA,7,372,120,NA,667,NA,1.2,0.2,NA,NA,NA,NA,NA,NA,NA,NA,NA,NA,NA,UFCI2201_3,6,UFCI2201,3,PSREU,2022,NWG 2730,0,30.5
2022-07-23,NA,7,373,122,NA,667,NA,1.2,0.2,NA,NA,NA,NA,NA,NA,NA,NA,NA,NA,NA,UFCI2201_3,6,UFCI2201,3,PSREU,2022,NWG 2730,0,30.5
2022-07-24,NA,7,374,123,NA,666,NA,1.2,0.2,NA,NA,NA,NA,NA,NA,NA,NA,NA,NA,NA,UFCI2201_3,6,UFCI2201,3,PSREU,2022,NWG 2730,0,30.5
2022-07-25,NA,7,377,125,NA,667,NA,1.2,0.2,NA,NA,NA,NA,NA,NA,NA,NA,NA,NA,NA,UFCI2201_3,6,UFCI2201,3,PSREU,2022,NWG 2730,0,30.5
2022-07-26,NA,7,378,126,NA,666,NA,1.2,0.2,NA,NA,NA,NA,NA,NA,NA,NA,NA,NA,NA,UFCI2201_3,6,UFCI2201,3,PSREU,2022,NWG 2730,0,30.5
2022-07-27,NA,7,380,127,NA,666,NA,1.2,0.2,NA,NA,NA,NA,NA,NA,NA,NA,NA,NA,NA,UFCI2201_3,6,UFCI2201,3,PSREU,2022,NWG 2730,0,30.5
2022-07-28,NA,8,382,128,NA,666,NA,1.2,0.2,NA,NA,NA,NA,NA,NA,NA,NA,0.49,NA,NA,UFCI2201_3,6,UFCI2201,3,PSREU,2022,NWG 2730,0,30.5
2022-07-29,NA,8,385,128,NA,667,NA,1.2,0.2,NA,NA,NA,NA,NA,NA,NA,NA,NA,NA,NA,UFCI2201_3,6,UFCI2201,3,PSREU,2022,NWG 2730,0,30.5
2022-07-30,NA,8,387,128,NA,668,NA,1.2,0.2,NA,NA,NA,NA,NA,NA,NA,NA,NA,NA,NA,UFCI2201_3,6,UFCI2201,3,PSREU,2022,NWG 2730,0,30.5
2022-07-31,NA,8,392,128,NA,671,NA,1.2,0.2,NA,NA,NA,NA,NA,NA,NA,NA,NA,NA,NA,UFCI2201_3,6,UFCI2201,3,PSREU,2022,NWG 2730,0,30.5
2022-08-01,NA,8,395,128,NA,672,NA,1.2,0.2,NA,NA,NA,NA,NA,NA,NA,NA,NA,NA,NA,UFCI2201_3,6,UFCI2201,3,PSREU,2022,NWG 2730,0,30.5
2022-08-02,NA,8,396,128,NA,672,NA,1.2,0.2,NA,NA,NA,NA,NA,NA,NA,NA,NA,NA,NA,UFCI2201_3,6,UFCI2201,3,PSREU,2022,NWG 2730,0,30.5
2022-08-03,NA,8,399,128,NA,673,NA,1.2,0.2,NA,NA,NA,NA,NA,NA,NA,NA,NA,NA,NA,UFCI2201_3,6,UFCI2201,3,PSREU,2022,NWG 2730,0,30.5
2022-08-04,NA,8,404,128,NA,677,NA,1.2,0.2,NA,NA,NA,NA,NA,NA,NA,NA,0.5922499999999999,NA,NA,UFCI2201_3,6,UFCI2201,3,PSREU,2022,NWG 2730,0,30.5
2022-08-05,NA,8,407,128,NA,678,NA,1.2,0.2,NA,NA,NA,NA,NA,NA,NA,NA,NA,NA,NA,UFCI2201_3,6,UFCI2201,3,PSREU,2022,NWG 2730,0,30.5
2022-08-06,NA,8,408,128,NA,677,NA,1.2,0.2,NA,NA,NA,NA,NA,NA,NA,NA,NA,NA,NA,UFCI2201_3,6,UFCI2201,3,PSREU,2022,NWG 2730,0,30.5
2022-08-07,NA,8,411,128,NA,677,NA,1.2,0.2,NA,NA,NA,NA,NA,NA,NA,NA,NA,NA,NA,UFCI2201_3,6,UFCI2201,3,PSREU,2022,NWG 2730,0,30.5
2022-08-08,NA,8,411,128,NA,675,NA,1.2,0.2,NA,NA,NA,102.06666666666666,84.8,NA,226.03333333333336,NA,NA,NA,NA,UFCI2201_3,6,UFCI2201,3,PSREU,2022,NWG 2730,0,30.5
2022-05-04,NA,0,0,0,NA,0,NA,0,0,NA,NA,NA,NA,NA,NA,NA,NA,NA,NA,NA,UFCI2201_4,7,UFCI2201,4,PSREU,2022,NWG 2730,168,40.5
2022-05-05,NA,0,0,0,NA,0,NA,0,0,NA,NA,NA,NA,NA,NA,NA,NA,NA,NA,NA,UFCI2201_4,7,UFCI2201,4,PSREU,2022,NWG 2730,168,40.5
2022-05-06,NA,0,0,0,NA,0,NA,0,0,NA,NA,NA,NA,NA,NA,NA,NA,NA,NA,NA,UFCI2201_4,7,UFCI2201,4,PSREU,2022,NWG 2730,168,40.5
2022-05-07,NA,0,0,0,NA,0,NA,0,0,NA,NA,NA,NA,NA,NA,NA,NA,NA,NA,NA,UFCI2201_4,7,UFCI2201,4,PSREU,2022,NWG 2730,168,40.5
2022-05-08,NA,0,1,0,NA,2,NA,0.02,0.03,NA,NA,NA,NA,NA,NA,NA,NA,NA,NA,NA,UFCI2201_4,7,UFCI2201,4,PSREU,2022,NWG 2730,168,40.5
2022-05-09,NA,0,1,0,NA,3,NA,0.02,0.03,NA,NA,NA,NA,NA,NA,NA,NA,NA,NA,NA,UFCI2201_4,7,UFCI2201,4,PSREU,2022,NWG 2730,168,40.5
2022-05-10,NA,0,1,0,NA,3,NA,0.02,0.04,NA,NA,NA,NA,NA,NA,NA,NA,NA,NA,NA,UFCI2201_4,7,UFCI2201,4,PSREU,2022,NWG 2730,168,40.5
2022-05-11,NA,0,1,0,NA,4,NA,0.02,0.04,NA,NA,NA,NA,NA,NA,NA,NA,NA,NA,NA,UFCI2201_4,7,UFCI2201,4,PSREU,2022,NWG 2730,168,40.5
2022-05-12,NA,0,1,0,NA,5,NA,0.03,0.05,NA,NA,NA,NA,NA,NA,NA,NA,NA,NA,NA,UFCI2201_4,7,UFCI2201,4,PSREU,2022,NWG 2730,168,40.5
2022-05-13,NA,0,1,0,NA,6,NA,0.03,0.06,NA,NA,NA,NA,NA,NA,NA,NA,NA,NA,NA,UFCI2201_4,7,UFCI2201,4,PSREU,2022,NWG 2730,168,40.5
2022-05-14,NA,0,1,0,NA,7,NA,0.04,0.07,NA,NA,NA,NA,NA,NA,NA,NA,NA,NA,NA,UFCI2201_4,7,UFCI2201,4,PSREU,2022,NWG 2730,168,40.5
2022-05-15,NA,0,1,0,NA,8,NA,0.04,0.08,NA,NA,NA,NA,NA,NA,NA,NA,NA,NA,NA,UFCI2201_4,7,UFCI2201,4,PSREU,2022,NWG 2730,168,40.5
2022-05-16,NA,0,2,0,NA,10,NA,0.05,0.09,NA,NA,NA,NA,NA,NA,NA,NA,NA,NA,NA,UFCI2201_4,7,UFCI2201,4,PSREU,2022,NWG 2730,168,40.5
2022-05-17,NA,0,2,0,NA,13,NA,0.06,0.1,NA,NA,NA,NA,NA,NA,NA,NA,NA,NA,NA,UFCI2201_4,7,UFCI2201,4,PSREU,2022,NWG 2730,168,40.5
2022-05-18,NA,0,2,0,NA,15,NA,0.07,0.1,NA,NA,NA,NA,NA,NA,NA,NA,NA,NA,NA,UFCI2201_4,7,UFCI2201,4,PSREU,2022,NWG 2730,168,40.5
2022-05-19,NA,0,3,0,NA,19,NA,0.07,0.11,NA,NA,NA,NA,NA,NA,NA,NA,NA,NA,NA,UFCI2201_4,7,UFCI2201,4,PSREU,2022,NWG 2730,168,40.5
2022-05-20,NA,0,4,0,NA,23,NA,0.08,0.12,NA,NA,NA,NA,NA,NA,NA,NA,NA,NA,NA,UFCI2201_4,7,UFCI2201,4,PSREU,2022,NWG 2730,168,40.5
2022-05-21,NA,0,5,0,NA,26,NA,0.1,0.13,NA,NA,NA,NA,NA,NA,NA,NA,NA,NA,NA,UFCI2201_4,7,UFCI2201,4,PSREU,2022,NWG 2730,168,40.5
2022-05-22,NA,0,7,0,NA,31,NA,0.11,0.15,NA,NA,NA,NA,NA,NA,NA,NA,NA,NA,NA,UFCI2201_4,7,UFCI2201,4,PSREU,2022,NWG 2730,168,40.5
2022-05-23,NA,0,9,0,NA,37,NA,0.12,0.16,NA,NA,NA,NA,NA,NA,NA,NA,NA,NA,NA,UFCI2201_4,7,UFCI2201,4,PSREU,2022,NWG 2730,168,40.5
2022-05-24,NA,0,12,0,NA,44,NA,0.14,0.17,NA,NA,NA,NA,NA,NA,NA,NA,0.0446,NA,NA,UFCI2201_4,7,UFCI2201,4,PSREU,2022,NWG 2730,168,40.5
2022-05-25,NA,0,15,0,NA,52,NA,0.16,0.19,NA,NA,NA,NA,NA,NA,NA,NA,NA,NA,NA,UFCI2201_4,7,UFCI2201,4,PSREU,2022,NWG 2730,168,40.5
2022-05-26,NA,1,19,0,NA,60,NA,0.18,0.2,NA,NA,NA,NA,NA,NA,NA,NA,NA,NA,NA,UFCI2201_4,7,UFCI2201,4,PSREU,2022,NWG 2730,168,40.5
2022-05-27,NA,1,22,0,NA,68,NA,0.19,0.2,NA,NA,NA,NA,NA,NA,NA,NA,NA,NA,NA,UFCI2201_4,7,UFCI2201,4,PSREU,2022,NWG 2730,168,40.5
2022-05-28,NA,1,27,0,NA,80,NA,0.22,0.2,NA,NA,NA,NA,NA,NA,NA,NA,NA,NA,NA,UFCI2201_4,7,UFCI2201,4,PSREU,2022,NWG 2730,168,40.5
2022-05-29,NA,1,34,0,NA,95,NA,0.23,0.2,NA,NA,NA,NA,NA,NA,NA,NA,NA,NA,NA,UFCI2201_4,7,UFCI2201,4,PSREU,2022,NWG 2730,168,40.5
2022-05-30,NA,1,41,0,NA,111,NA,0.26,0.2,NA,NA,NA,NA,NA,NA,NA,NA,NA,NA,NA,UFCI2201_4,7,UFCI2201,4,PSREU,2022,NWG 2730,168,40.5
2022-05-31,NA,1,49,0,NA,128,NA,0.28,0.2,NA,NA,NA,NA,NA,NA,NA,NA,NA,NA,NA,UFCI2201_4,7,UFCI2201,4,PSREU,2022,NWG 2730,168,40.5
2022-06-01,NA,1,58,0,NA,148,NA,0.3,0.2,NA,NA,NA,NA,NA,NA,NA,NA,NA,NA,NA,UFCI2201_4,7,UFCI2201,4,PSREU,2022,NWG 2730,168,40.5
2022-06-02,NA,3,69,0,NA,171,NA,0.32,0.2,NA,NA,NA,NA,NA,NA,NA,NA,NA,NA,NA,UFCI2201_4,7,UFCI2201,4,PSREU,2022,NWG 2730,168,40.5
2022-06-03,NA,3,81,0,NA,196,NA,0.35,0.2,NA,NA,NA,NA,NA,NA,NA,NA,NA,NA,NA,UFCI2201_4,7,UFCI2201,4,PSREU,2022,NWG 2730,168,40.5
2022-06-04,NA,3,94,0,NA,224,NA,0.37,0.2,NA,NA,NA,NA,NA,NA,NA,NA,NA,NA,NA,UFCI2201_4,7,UFCI2201,4,PSREU,2022,NWG 2730,168,40.5
2022-06-05,NA,3,108,0,NA,253,NA,0.4,0.2,NA,NA,NA,NA,NA,NA,NA,NA,NA,NA,NA,UFCI2201_4,7,UFCI2201,4,PSREU,2022,NWG 2730,168,40.5
2022-06-06,NA,5,123,0,NA,283,NA,0.43,0.2,NA,NA,NA,NA,NA,NA,NA,NA,NA,NA,NA,UFCI2201_4,7,UFCI2201,4,PSREU,2022,NWG 2730,168,40.5
2022-06-07,NA,5,141,0,NA,318,NA,0.45,0.2,NA,NA,NA,NA,NA,NA,NA,NA,0.3582,NA,NA,UFCI2201_4,7,UFCI2201,4,PSREU,2022,NWG 2730,168,40.5
2022-06-08,NA,5,161,0,NA,357,NA,0.48,0.2,NA,NA,NA,269.45714285714286,NA,NA,575.4142857142857,NA,0.91,0.22571428571428573,NA,UFCI2201_4,7,UFCI2201,4,PSREU,2022,NWG 2730,168,40.5
2022-06-09,NA,5,181,1,NA,396,NA,0.51,0.2,NA,NA,NA,NA,NA,NA,NA,NA,NA,NA,NA,UFCI2201_4,7,UFCI2201,4,PSREU,2022,NWG 2730,168,40.5
2022-06-10,NA,5,199,1,NA,433,NA,0.53,0.2,NA,NA,NA,NA,NA,NA,NA,NA,NA,NA,NA,UFCI2201_4,7,UFCI2201,4,PSREU,2022,NWG 2730,168,40.5
2022-06-11,NA,5,219,2,NA,472,NA,0.56,0.2,NA,NA,NA,NA,NA,NA,NA,NA,NA,NA,NA,UFCI2201_4,7,UFCI2201,4,PSREU,2022,NWG 2730,168,40.5
2022-06-12,NA,5,241,4,NA,515,NA,0.59,0.2,NA,NA,NA,NA,NA,NA,NA,NA,NA,NA,NA,UFCI2201_4,7,UFCI2201,4,PSREU,2022,NWG 2730,168,40.5
2022-06-13,NA,5,266,6,NA,563,NA,0.62,0.2,NA,NA,NA,NA,NA,NA,NA,NA,NA,NA,NA,UFCI2201_4,7,UFCI2201,4,PSREU,2022,NWG 2730,168,40.5
2022-06-14,NA,5,291,8,NA,612,NA,0.65,0.2,NA,NA,NA,NA,NA,NA,NA,NA,NA,NA,NA,UFCI2201_4,7,UFCI2201,4,PSREU,2022,NWG 2730,168,40.5
2022-06-15,NA,5,320,11,NA,668,NA,0.68,0.2,NA,NA,NA,NA,NA,NA,NA,NA,NA,NA,NA,UFCI2201_4,7,UFCI2201,4,PSREU,2022,NWG 2730,168,40.5
2022-06-16,NA,5,350,14,NA,725,NA,0.71,0.2,NA,NA,NA,NA,NA,NA,NA,NA,NA,NA,NA,UFCI2201_4,7,UFCI2201,4,PSREU,2022,NWG 2730,168,40.5
2022-06-17,NA,5,383,18,NA,786,NA,0.73,0.2,NA,NA,NA,NA,NA,NA,NA,NA,NA,NA,NA,UFCI2201_4,7,UFCI2201,4,PSREU,2022,NWG 2730,168,40.5
2022-06-18,NA,5,408,23,NA,836,NA,0.76,0.2,NA,NA,NA,NA,NA,NA,NA,NA,NA,NA,NA,UFCI2201_4,7,UFCI2201,4,PSREU,2022,NWG 2730,168,40.5
2022-06-19,NA,5,433,28,NA,885,NA,0.79,0.2,NA,NA,NA,NA,NA,NA,NA,NA,NA,NA,NA,UFCI2201_4,7,UFCI2201,4,PSREU,2022,NWG 2730,168,40.5
2022-06-20,NA,5,467,35,NA,949,NA,0.82,0.2,NA,NA,NA,NA,NA,NA,NA,NA,NA,NA,NA,UFCI2201_4,7,UFCI2201,4,PSREU,2022,NWG 2730,168,40.5
2022-06-21,NA,5,503,43,NA,1017,NA,0.84,0.2,NA,NA,NA,472.4,31.56,NA,1045.81,NA,0.7504545454545455,0.2296,NA,UFCI2201_4,7,UFCI2201,4,PSREU,2022,NWG 2730,168,40.5
2022-06-22,NA,5,539,51,NA,1087,NA,0.87,0.2,NA,NA,NA,NA,NA,NA,NA,NA,NA,NA,NA,UFCI2201_4,7,UFCI2201,4,PSREU,2022,NWG 2730,168,40.5
2022-06-23,NA,5,566,59,NA,1143,NA,0.9,0.2,NA,NA,NA,NA,NA,NA,NA,NA,NA,NA,NA,UFCI2201_4,7,UFCI2201,4,PSREU,2022,NWG 2730,168,40.5
2022-06-24,NA,5,585,69,NA,1186,NA,0.93,0.2,NA,NA,NA,NA,NA,NA,NA,NA,NA,NA,NA,UFCI2201_4,7,UFCI2201,4,PSREU,2022,NWG 2730,168,40.5
2022-06-25,NA,5,609,80,NA,1242,NA,0.95,0.2,NA,NA,NA,NA,NA,NA,NA,NA,NA,NA,NA,UFCI2201_4,7,UFCI2201,4,PSREU,2022,NWG 2730,168,40.5
2022-06-26,NA,5,645,92,NA,1317,NA,0.98,0.2,NA,NA,NA,NA,NA,NA,NA,NA,NA,NA,NA,UFCI2201_4,7,UFCI2201,4,PSREU,2022,NWG 2730,168,40.5
2022-06-27,NA,5,676,106,NA,1384,NA,1.01,0.2,NA,NA,NA,NA,NA,NA,NA,NA,NA,NA,NA,UFCI2201_4,7,UFCI2201,4,PSREU,2022,NWG 2730,168,40.5
2022-06-28,NA,5,704,120,NA,1449,NA,1.04,0.2,NA,NA,NA,NA,NA,NA,NA,NA,NA,NA,NA,UFCI2201_4,7,UFCI2201,4,PSREU,2022,NWG 2730,168,40.5
2022-06-29,NA,5,737,136,NA,1523,NA,1.06,0.2,NA,NA,NA,NA,NA,NA,NA,NA,NA,NA,NA,UFCI2201_4,7,UFCI2201,4,PSREU,2022,NWG 2730,168,40.5
2022-06-30,NA,5,768,152,NA,1595,NA,1.08,0.2,NA,NA,NA,NA,NA,NA,NA,NA,NA,NA,NA,UFCI2201_4,7,UFCI2201,4,PSREU,2022,NWG 2730,168,40.5
2022-07-01,NA,5,790,170,NA,1655,NA,1.1,0.2,NA,NA,NA,NA,NA,NA,NA,NA,NA,NA,NA,UFCI2201_4,7,UFCI2201,4,PSREU,2022,NWG 2730,168,40.5
2022-07-02,NA,5,797,190,NA,1693,NA,1.12,0.2,NA,NA,NA,NA,NA,NA,NA,NA,NA,NA,NA,UFCI2201_4,7,UFCI2201,4,PSREU,2022,NWG 2730,168,40.5
2022-07-03,NA,5,819,211,NA,1754,NA,1.14,0.2,NA,NA,NA,NA,NA,NA,NA,NA,NA,NA,NA,UFCI2201_4,7,UFCI2201,4,PSREU,2022,NWG 2730,168,40.5
2022-07-04,NA,5,850,232,NA,1830,NA,1.16,0.2,NA,NA,NA,NA,NA,NA,NA,NA,NA,NA,NA,UFCI2201_4,7,UFCI2201,4,PSREU,2022,NWG 2730,168,40.5
2022-07-05,NA,5,861,255,NA,1876,NA,1.17,0.2,NA,NA,NA,NA,NA,NA,NA,NA,0.9086,NA,NA,UFCI2201_4,7,UFCI2201,4,PSREU,2022,NWG 2730,168,40.5
2022-07-06,NA,5,890,278,NA,1948,NA,1.19,0.2,NA,NA,NA,NA,NA,NA,NA,NA,NA,NA,NA,UFCI2201_4,7,UFCI2201,4,PSREU,2022,NWG 2730,168,40.5
2022-07-07,NA,5,915,302,NA,2013,NA,1.21,0.2,NA,NA,NA,NA,NA,NA,NA,NA,NA,NA,NA,UFCI2201_4,7,UFCI2201,4,PSREU,2022,NWG 2730,168,40.5
2022-07-08,NA,7,941,326,NA,2079,NA,1.21,0.2,NA,NA,NA,831.525,462.4,NA,1954.6666666666667,NA,1.2025000000000001,0.27,NA,UFCI2201_4,7,UFCI2201,4,PSREU,2022,NWG 2730,168,40.5
2022-07-09,NA,7,961,351,NA,2116,NA,1.21,0.2,NA,NA,NA,NA,NA,NA,NA,NA,NA,NA,NA,UFCI2201_4,7,UFCI2201,4,PSREU,2022,NWG 2730,168,40.5
2022-07-10,NA,7,974,377,NA,2141,NA,1.21,0.2,NA,NA,NA,NA,NA,NA,NA,NA,NA,NA,NA,UFCI2201_4,7,UFCI2201,4,PSREU,2022,NWG 2730,168,40.5
2022-07-11,NA,7,997,402,NA,2180,NA,1.21,0.2,NA,NA,NA,NA,NA,NA,NA,NA,NA,NA,NA,UFCI2201_4,7,UFCI2201,4,PSREU,2022,NWG 2730,168,40.5
2022-07-12,NA,7,1022,428,NA,2224,NA,1.21,0.2,NA,NA,NA,NA,NA,NA,NA,NA,NA,NA,NA,UFCI2201_4,7,UFCI2201,4,PSREU,2022,NWG 2730,168,40.5
2022-07-13,NA,7,1049,453,NA,2267,NA,1.21,0.2,NA,NA,NA,NA,NA,NA,NA,NA,NA,NA,NA,UFCI2201_4,7,UFCI2201,4,PSREU,2022,NWG 2730,168,40.5
2022-07-14,NA,7,1066,477,NA,2297,NA,1.21,0.2,NA,NA,NA,NA,NA,NA,NA,NA,NA,NA,NA,UFCI2201_4,7,UFCI2201,4,PSREU,2022,NWG 2730,168,40.5
2022-07-15,NA,7,1093,500,NA,2341,NA,1.21,0.2,NA,NA,NA,NA,NA,NA,NA,NA,NA,NA,NA,UFCI2201_4,7,UFCI2201,4,PSREU,2022,NWG 2730,168,40.5
2022-07-16,NA,7,1089,524,NA,2340,NA,1.21,0.2,NA,NA,NA,NA,NA,NA,NA,NA,NA,NA,NA,UFCI2201_4,7,UFCI2201,4,PSREU,2022,NWG 2730,168,40.5
2022-07-17,NA,7,1103,545,NA,2364,NA,1.21,0.2,NA,NA,NA,NA,NA,NA,NA,NA,NA,NA,NA,UFCI2201_4,7,UFCI2201,4,PSREU,2022,NWG 2730,168,40.5
2022-07-18,NA,7,1110,566,NA,2377,NA,1.21,0.2,NA,NA,NA,NA,NA,NA,NA,NA,NA,NA,NA,UFCI2201_4,7,UFCI2201,4,PSREU,2022,NWG 2730,168,40.5
2022-07-19,NA,7,1122,585,NA,2397,NA,1.21,0.2,NA,NA,NA,NA,NA,NA,NA,NA,NA,NA,NA,UFCI2201_4,7,UFCI2201,4,PSREU,2022,NWG 2730,168,40.5
2022-07-20,NA,7,1132,603,NA,2413,NA,1.21,0.2,NA,NA,NA,NA,NA,NA,NA,NA,NA,NA,NA,UFCI2201_4,7,UFCI2201,4,PSREU,2022,NWG 2730,168,40.5
2022-07-21,NA,7,1155,619,NA,2448,NA,1.21,0.2,NA,NA,NA,NA,NA,NA,2865.4,NA,0.9126,NA,NA,UFCI2201_4,7,UFCI2201,4,PSREU,2022,NWG 2730,168,40.5
2022-07-22,NA,7,1171,633,NA,2470,NA,1.21,0.2,NA,NA,NA,NA,NA,NA,NA,NA,NA,NA,NA,UFCI2201_4,7,UFCI2201,4,PSREU,2022,NWG 2730,168,40.5
2022-07-23,NA,7,1186,645,NA,2490,NA,1.21,0.2,NA,NA,NA,NA,NA,NA,NA,NA,NA,NA,NA,UFCI2201_4,7,UFCI2201,4,PSREU,2022,NWG 2730,168,40.5
2022-07-24,NA,7,1201,657,NA,2510,NA,1.21,0.2,NA,NA,NA,NA,NA,NA,NA,NA,NA,NA,NA,UFCI2201_4,7,UFCI2201,4,PSREU,2022,NWG 2730,168,40.5
2022-07-25,NA,7,1223,666,NA,2539,NA,1.21,0.2,NA,NA,NA,NA,NA,NA,NA,NA,NA,NA,NA,UFCI2201_4,7,UFCI2201,4,PSREU,2022,NWG 2730,168,40.5
2022-07-26,NA,7,1243,674,NA,2562,NA,1.21,0.2,NA,NA,NA,NA,NA,NA,NA,NA,NA,NA,NA,UFCI2201_4,7,UFCI2201,4,PSREU,2022,NWG 2730,168,40.5
2022-07-27,NA,7,1262,680,NA,2584,NA,1.21,0.2,NA,NA,NA,NA,NA,NA,NA,NA,NA,NA,NA,UFCI2201_4,7,UFCI2201,4,PSREU,2022,NWG 2730,168,40.5
2022-07-28,NA,8,1285,685,NA,2609,NA,1.21,0.2,NA,NA,NA,NA,NA,NA,NA,NA,NA,NA,NA,UFCI2201_4,7,UFCI2201,4,PSREU,2022,NWG 2730,168,40.5
2022-07-29,NA,8,1311,687,NA,2638,NA,1.21,0.2,NA,NA,NA,NA,NA,NA,NA,NA,NA,NA,NA,UFCI2201_4,7,UFCI2201,4,PSREU,2022,NWG 2730,168,40.5
2022-07-30,NA,8,1338,689,NA,2668,NA,1.21,0.2,NA,NA,NA,NA,NA,NA,NA,NA,NA,NA,NA,UFCI2201_4,7,UFCI2201,4,PSREU,2022,NWG 2730,168,40.5
2022-07-31,NA,8,1365,691,NA,2696,NA,1.21,0.2,NA,NA,NA,NA,NA,NA,NA,NA,NA,NA,NA,UFCI2201_4,7,UFCI2201,4,PSREU,2022,NWG 2730,168,40.5
2022-08-01,NA,8,1392,691,NA,2725,NA,1.21,0.2,NA,NA,NA,NA,NA,NA,NA,NA,NA,NA,NA,UFCI2201_4,7,UFCI2201,4,PSREU,2022,NWG 2730,168,40.5
2022-08-02,NA,8,1413,691,NA,2745,NA,1.21,0.2,NA,NA,NA,NA,NA,NA,NA,NA,NA,NA,NA,UFCI2201_4,7,UFCI2201,4,PSREU,2022,NWG 2730,168,40.5
2022-08-03,NA,8,1438,691,NA,2769,NA,1.21,0.2,NA,NA,NA,NA,NA,NA,NA,NA,NA,NA,NA,UFCI2201_4,7,UFCI2201,4,PSREU,2022,NWG 2730,168,40.5
2022-08-04,NA,8,1465,691,NA,2797,NA,1.21,0.2,NA,NA,NA,NA,NA,NA,NA,NA,1.0136,NA,NA,UFCI2201_4,7,UFCI2201,4,PSREU,2022,NWG 2730,168,40.5
2022-08-05,NA,8,1485,691,NA,2815,NA,1.21,0.2,NA,NA,NA,NA,NA,NA,NA,NA,NA,NA,NA,UFCI2201_4,7,UFCI2201,4,PSREU,2022,NWG 2730,168,40.5
2022-08-06,NA,8,1499,691,NA,2824,NA,1.21,0.2,NA,NA,NA,NA,NA,NA,NA,NA,NA,NA,NA,UFCI2201_4,7,UFCI2201,4,PSREU,2022,NWG 2730,168,40.5
2022-08-07,NA,8,1518,691,NA,2841,NA,1.21,0.2,NA,NA,NA,NA,NA,NA,NA,NA,NA,NA,NA,UFCI2201_4,7,UFCI2201,4,PSREU,2022,NWG 2730,168,40.5
2022-08-08,NA,8,1531,691,NA,2849,NA,1.21,0.2,NA,NA,NA,NA,829.88,NA,2753.6,NA,NA,NA,NA,UFCI2201_4,7,UFCI2201,4,PSREU,2022,NWG 2730,168,40.5
2021-05-26,0,NA,0,0,0,0,NA,0,0,NA,NA,NA,NA,NA,NA,NA,NA,NA,NA,NA,UFJA2101_1,8,UFJA2101,1,WFREC,2021,IH Williams,0,66.8
2021-05-27,0,NA,0,0,0,0,NA,0,0,NA,NA,NA,NA,NA,NA,NA,NA,NA,NA,NA,UFJA2101_1,8,UFJA2101,1,WFREC,2021,IH Williams,0,66.8
2021-05-28,0,NA,0,0,0,0,NA,0,0,NA,NA,NA,NA,NA,NA,NA,NA,NA,NA,NA,UFJA2101_1,8,UFJA2101,1,WFREC,2021,IH Williams,0,66.8
2021-05-29,0,NA,0,0,0,0,NA,0,0,NA,NA,NA,NA,NA,NA,NA,NA,NA,NA,NA,UFJA2101_1,8,UFJA2101,1,WFREC,2021,IH Williams,0,66.8
2021-05-30,0,NA,2,0,3,5,NA,0.02,0.03,NA,NA,NA,NA,NA,NA,NA,NA,NA,NA,NA,UFJA2101_1,8,UFJA2101,1,WFREC,2021,IH Williams,0,66.8
2021-05-31,0.3,NA,2,0,3,6,NA,0.02,0.03,NA,NA,NA,NA,NA,NA,NA,NA,NA,NA,NA,UFJA2101_1,8,UFJA2101,1,WFREC,2021,IH Williams,0,66.8
2021-06-01,0.6,NA,2,0,3,7,NA,0.02,0.04,NA,NA,NA,NA,NA,NA,NA,NA,NA,NA,NA,UFJA2101_1,8,UFJA2101,1,WFREC,2021,IH Williams,0,66.8
2021-06-02,0.9,NA,2,0,4,9,NA,0.03,0.05,NA,NA,NA,NA,NA,NA,NA,NA,NA,NA,NA,UFJA2101_1,8,UFJA2101,1,WFREC,2021,IH Williams,0,66.8
2021-06-03,1.2,NA,2,0,4,10,NA,0.04,0.06,NA,NA,NA,NA,NA,NA,NA,NA,NA,NA,NA,UFJA2101_1,8,UFJA2101,1,WFREC,2021,IH Williams,0,66.8
2021-06-04,1.5,NA,2,0,4,13,NA,0.05,0.07,NA,NA,NA,NA,NA,NA,NA,NA,NA,NA,NA,UFJA2101_1,8,UFJA2101,1,WFREC,2021,IH Williams,0,66.8
2021-06-05,1.7,NA,3,0,4,14,NA,0.05,0.07,NA,NA,NA,NA,NA,NA,NA,NA,NA,NA,NA,UFJA2101_1,8,UFJA2101,1,WFREC,2021,IH Williams,0,66.8
2021-06-06,2,NA,3,0,5,18,NA,0.06,0.08,NA,NA,NA,NA,NA,NA,NA,NA,NA,NA,NA,UFJA2101_1,8,UFJA2101,1,WFREC,2021,IH Williams,0,66.8
2021-06-07,2.3,NA,3,0,6,22,NA,0.07,0.09,NA,NA,NA,NA,NA,NA,NA,NA,NA,NA,NA,UFJA2101_1,8,UFJA2101,1,WFREC,2021,IH Williams,0,66.8
2021-06-08,2.5,NA,4,0,7,25,NA,0.08,0.1,NA,NA,NA,NA,NA,NA,NA,NA,NA,NA,NA,UFJA2101_1,8,UFJA2101,1,WFREC,2021,IH Williams,0,66.8
2021-06-09,2.8,NA,5,0,9,31,NA,0.09,0.11,NA,NA,NA,NA,NA,NA,NA,NA,NA,NA,NA,UFJA2101_1,8,UFJA2101,1,WFREC,2021,IH Williams,0,66.8
2021-06-10,3.1,NA,6,0,11,34,NA,0.11,0.12,NA,NA,NA,NA,NA,NA,NA,NA,NA,NA,NA,UFJA2101_1,8,UFJA2101,1,WFREC,2021,IH Williams,0,66.8
2021-06-11,3.3,NA,8,0,13,40,NA,0.12,0.13,NA,NA,NA,NA,NA,NA,NA,NA,NA,NA,NA,UFJA2101_1,8,UFJA2101,1,WFREC,2021,IH Williams,0,66.8
2021-06-12,3.6,NA,11,0,15,46,NA,0.14,0.14,NA,NA,NA,NA,NA,NA,NA,NA,NA,NA,NA,UFJA2101_1,8,UFJA2101,1,WFREC,2021,IH Williams,0,66.8
2021-06-13,3.9,NA,13,0,18,52,NA,0.15,0.15,NA,NA,NA,NA,NA,NA,NA,NA,NA,NA,NA,UFJA2101_1,8,UFJA2101,1,WFREC,2021,IH Williams,0,66.8
2021-06-14,4.1,NA,17,0,20,60,NA,0.17,0.16,NA,NA,NA,NA,NA,NA,NA,NA,NA,NA,NA,UFJA2101_1,8,UFJA2101,1,WFREC,2021,IH Williams,0,66.8
2021-06-15,4.3,NA,20,0,23,69,NA,0.19,0.17,NA,NA,NA,NA,NA,NA,NA,NA,NA,NA,NA,UFJA2101_1,8,UFJA2101,1,WFREC,2021,IH Williams,0,66.8
2021-06-16,4.6,NA,25,0,27,80,NA,0.21,0.18,NA,NA,NA,NA,NA,NA,NA,NA,NA,NA,NA,UFJA2101_1,8,UFJA2101,1,WFREC,2021,IH Williams,0,66.8
2021-06-17,4.8,NA,30,0,31,92,NA,0.23,0.19,NA,NA,NA,NA,NA,NA,NA,NA,NA,NA,NA,UFJA2101_1,8,UFJA2101,1,WFREC,2021,IH Williams,0,66.8
2021-06-18,5.1,NA,33,0,33,99,NA,0.26,0.2,NA,NA,NA,NA,NA,NA,NA,NA,NA,NA,NA,UFJA2101_1,8,UFJA2101,1,WFREC,2021,IH Williams,0,66.8
2021-06-19,5.4,NA,38,0,36,109,NA,0.28,0.2,NA,NA,NA,NA,NA,NA,NA,NA,NA,NA,NA,UFJA2101_1,8,UFJA2101,1,WFREC,2021,IH Williams,0,66.8
2021-06-20,5.6,NA,44,0,40,126,NA,0.31,0.2,NA,NA,NA,NA,NA,NA,NA,NA,NA,NA,NA,UFJA2101_1,8,UFJA2101,1,WFREC,2021,IH Williams,0,66.8
2021-06-21,5.9,NA,49,0,44,137,NA,0.34,0.2,NA,NA,NA,NA,NA,NA,NA,NA,NA,NA,NA,UFJA2101_1,8,UFJA2101,1,WFREC,2021,IH Williams,0,66.8
2021-06-22,6.2,NA,56,0,49,154,NA,0.37,0.2,NA,NA,NA,NA,NA,NA,NA,NA,NA,NA,NA,UFJA2101_1,8,UFJA2101,1,WFREC,2021,IH Williams,0,66.8
2021-06-23,6.4,NA,63,0,54,172,NA,0.4,0.2,NA,NA,NA,NA,NA,NA,NA,NA,NA,NA,NA,UFJA2101_1,8,UFJA2101,1,WFREC,2021,IH Williams,0,66.8
2021-06-24,6.7,NA,71,0,62,190,NA,0.43,0.2,NA,NA,NA,NA,NA,NA,NA,NA,NA,NA,NA,UFJA2101_1,8,UFJA2101,1,WFREC,2021,IH Williams,0,66.8
2021-06-25,7,NA,79,0,69,210,NA,0.46,0.2,NA,NA,NA,NA,NA,NA,NA,NA,NA,NA,NA,UFJA2101_1,8,UFJA2101,1,WFREC,2021,IH Williams,0,66.8
2021-06-26,7.2,NA,88,0,75,232,NA,0.49,0.2,NA,NA,NA,NA,NA,NA,NA,NA,NA,NA,NA,UFJA2101_1,8,UFJA2101,1,WFREC,2021,IH Williams,0,66.8
2021-06-27,7.5,NA,97,0,81,250,NA,0.53,0.2,NA,NA,NA,NA,NA,NA,NA,NA,NA,NA,NA,UFJA2101_1,8,UFJA2101,1,WFREC,2021,IH Williams,0,66.8
2021-06-28,7.8,NA,108,0,86,274,NA,0.56,0.2,NA,NA,NA,NA,NA,NA,NA,NA,NA,NA,NA,UFJA2101_1,8,UFJA2101,1,WFREC,2021,IH Williams,0,66.8
2021-06-29,8.1,NA,120,0,93,302,NA,0.6,0.2,NA,NA,NA,NA,NA,NA,NA,NA,0.29575,NA,NA,UFJA2101_1,8,UFJA2101,1,WFREC,2021,IH Williams,0,66.8
2021-06-30,8.3,NA,130,0,99,324,NA,0.63,0.2,NA,NA,NA,NA,NA,NA,NA,NA,NA,NA,NA,UFJA2101_1,8,UFJA2101,1,WFREC,2021,IH Williams,0,66.8
2021-07-01,8.6,NA,143,0,106,354,NA,0.67,0.2,NA,NA,NA,NA,NA,NA,NA,NA,NA,NA,NA,UFJA2101_1,8,UFJA2101,1,WFREC,2021,IH Williams,0,66.8
2021-07-02,8.9,NA,156,0,113,382,NA,0.71,0.2,NA,6,NA,141.025,NA,54.45,290.775,NA,0.40575,NA,NA,UFJA2101_1,8,UFJA2101,1,WFREC,2021,IH Williams,0,66.8
2021-07-03,9.1,NA,171,0,120,415,NA,0.75,0.2,NA,NA,NA,NA,NA,NA,NA,NA,NA,NA,NA,UFJA2101_1,8,UFJA2101,1,WFREC,2021,IH Williams,0,66.8
2021-07-04,9.4,NA,186,0,128,447,NA,0.78,0.2,NA,NA,NA,NA,NA,NA,NA,NA,NA,NA,NA,UFJA2101_1,8,UFJA2101,1,WFREC,2021,IH Williams,0,66.8
2021-07-05,9.7,NA,194,0,134,464,NA,0.82,0.2,NA,NA,NA,NA,NA,NA,NA,NA,NA,NA,NA,UFJA2101_1,8,UFJA2101,1,WFREC,2021,IH Williams,0,66.8
2021-07-06,10,NA,207,0,141,489,NA,0.86,0.2,NA,NA,NA,NA,NA,NA,NA,NA,NA,NA,NA,UFJA2101_1,8,UFJA2101,1,WFREC,2021,IH Williams,0,66.8
2021-07-07,10.2,NA,228,0,150,527,NA,0.91,0.2,NA,7.666666666666667,NA,231.63333333333335,NA,64.9,477.5,NA,0.546,NA,NA,UFJA2101_1,8,UFJA2101,1,WFREC,2021,IH Williams,0,66.8
2021-07-08,10.5,NA,252,0,161,568,NA,0.95,0.2,NA,NA,NA,NA,NA,NA,NA,NA,NA,NA,NA,UFJA2101_1,8,UFJA2101,1,WFREC,2021,IH Williams,0,66.8
2021-07-09,10.7,NA,266,0,171,594,NA,0.98,0.2,NA,NA,NA,NA,NA,NA,NA,NA,NA,NA,NA,UFJA2101_1,8,UFJA2101,1,WFREC,2021,IH Williams,0,66.8
2021-07-10,11,NA,285,0,179,628,NA,1.02,0.2,NA,NA,NA,NA,NA,NA,NA,NA,NA,NA,NA,UFJA2101_1,8,UFJA2101,1,WFREC,2021,IH Williams,0,66.8
2021-07-11,11.3,NA,311,0,188,668,NA,1.06,0.2,NA,NA,NA,NA,NA,NA,NA,NA,NA,NA,NA,UFJA2101_1,8,UFJA2101,1,WFREC,2021,IH Williams,0,66.8
2021-07-12,11.5,NA,344,0,202,715,NA,1.09,0.2,NA,NA,NA,NA,NA,NA,NA,NA,NA,NA,NA,UFJA2101_1,8,UFJA2101,1,WFREC,2021,IH Williams,0,66.8
2021-07-13,11.8,NA,370,0,222,751,NA,1.12,0.2,NA,NA,NA,NA,NA,NA,NA,NA,NA,NA,NA,UFJA2101_1,8,UFJA2101,1,WFREC,2021,IH Williams,0,66.8
2021-07-14,12.1,NA,392,0,247,784,NA,1.14,0.2,NA,11,NA,NA,NA,NA,NA,NA,0.47075,NA,NA,UFJA2101_1,8,UFJA2101,1,WFREC,2021,IH Williams,0,66.8
2021-07-15,12.3,NA,420,0,268,825,NA,1.16,0.2,NA,NA,NA,NA,NA,NA,NA,NA,NA,NA,NA,UFJA2101_1,8,UFJA2101,1,WFREC,2021,IH Williams,0,66.8
2021-07-16,12.6,NA,435,0,287,851,NA,1.19,0.2,NA,NA,NA,NA,NA,NA,NA,NA,NA,NA,NA,UFJA2101_1,8,UFJA2101,1,WFREC,2021,IH Williams,0,66.8
2021-07-17,12.8,NA,475,0,298,906,NA,1.21,0.2,NA,NA,NA,NA,NA,NA,NA,NA,NA,NA,NA,UFJA2101_1,8,UFJA2101,1,WFREC,2021,IH Williams,0,66.8
2021-07-18,13.1,NA,486,0,315,927,NA,1.24,0.2,NA,NA,NA,NA,NA,NA,NA,NA,NA,NA,NA,UFJA2101_1,8,UFJA2101,1,WFREC,2021,IH Williams,0,66.8
2021-07-19,13.4,NA,509,0,322,965,NA,1.26,0.2,NA,NA,NA,NA,NA,NA,NA,NA,NA,NA,NA,UFJA2101_1,8,UFJA2101,1,WFREC,2021,IH Williams,0,66.8
2021-07-20,13.7,NA,535,0,333,1006,NA,1.29,0.2,NA,NA,NA,NA,NA,NA,NA,NA,NA,NA,NA,UFJA2101_1,8,UFJA2101,1,WFREC,2021,IH Williams,0,66.8
2021-07-21,13.9,NA,575,0,346,1061,NA,1.31,0.2,NA,NA,NA,NA,NA,NA,NA,NA,NA,NA,NA,UFJA2101_1,8,UFJA2101,1,WFREC,2021,IH Williams,0,66.8
2021-07-22,14.2,NA,593,0,372,1090,NA,1.33,0.2,NA,NA,NA,NA,NA,NA,NA,NA,NA,NA,NA,UFJA2101_1,8,UFJA2101,1,WFREC,2021,IH Williams,0,66.8
2021-07-23,14.4,NA,624,0,390,1137,NA,1.35,0.2,NA,NA,NA,NA,NA,NA,NA,NA,NA,NA,NA,UFJA2101_1,8,UFJA2101,1,WFREC,2021,IH Williams,0,66.8
2021-07-24,14.7,NA,653,0,408,1182,NA,1.37,0.2,NA,NA,NA,NA,NA,NA,NA,NA,NA,NA,NA,UFJA2101_1,8,UFJA2101,1,WFREC,2021,IH Williams,0,66.8
2021-07-25,14.9,NA,694,1,421,1238,NA,1.38,0.2,NA,NA,NA,510.6,NA,NA,1014.925,NA,1.325,NA,NA,UFJA2101_1,8,UFJA2101,1,WFREC,2021,IH Williams,0,66.8
2021-07-26,15.1,NA,711,1,441,1269,NA,1.4,0.2,NA,NA,NA,NA,NA,NA,NA,NA,NA,NA,NA,UFJA2101_1,8,UFJA2101,1,WFREC,2021,IH Williams,0,66.8
2021-07-27,15.4,NA,743,2,449,1323,NA,1.41,0.2,NA,NA,NA,NA,NA,NA,NA,NA,NA,NA,NA,UFJA2101_1,8,UFJA2101,1,WFREC,2021,IH Williams,0,66.8
2021-07-28,15.6,NA,789,3,458,1385,NA,1.42,0.2,NA,NA,NA,NA,NA,NA,NA,NA,NA,NA,NA,UFJA2101_1,8,UFJA2101,1,WFREC,2021,IH Williams,0,66.8
2021-07-29,15.8,NA,809,5,479,1420,NA,1.43,0.2,NA,NA,NA,NA,NA,NA,NA,NA,NA,NA,NA,UFJA2101_1,8,UFJA2101,1,WFREC,2021,IH Williams,0,66.8
2021-07-30,16.1,NA,852,6,489,1483,NA,1.44,0.2,NA,NA,NA,NA,NA,NA,NA,NA,NA,NA,NA,UFJA2101_1,8,UFJA2101,1,WFREC,2021,IH Williams,0,66.8
2021-07-31,16.3,NA,877,8,508,1524,NA,1.45,0.2,NA,NA,NA,NA,NA,NA,NA,NA,NA,NA,NA,UFJA2101_1,8,UFJA2101,1,WFREC,2021,IH Williams,0,66.8
2021-08-01,16.5,NA,938,10,515,1602,NA,1.46,0.2,NA,NA,NA,NA,NA,NA,NA,NA,NA,NA,NA,UFJA2101_1,8,UFJA2101,1,WFREC,2021,IH Williams,0,66.8
2021-08-02,16.8,NA,946,13,532,1618,NA,1.47,0.2,NA,14.4,NA,NA,NA,NA,NA,NA,1.6206,0.2662,NA,UFJA2101_1,8,UFJA2101,1,WFREC,2021,IH Williams,0,66.8
2021-08-03,17.1,NA,992,15,539,1681,NA,1.48,0.2,NA,NA,NA,NA,NA,NA,NA,NA,NA,NA,NA,UFJA2101_1,8,UFJA2101,1,WFREC,2021,IH Williams,0,66.8
2021-08-04,17.3,NA,1007,18,560,1705,NA,1.49,0.2,NA,NA,NA,NA,NA,NA,NA,NA,NA,NA,NA,UFJA2101_1,8,UFJA2101,1,WFREC,2021,IH Williams,0,66.8
2021-08-05,17.6,NA,1053,21,573,1768,NA,1.49,0.2,NA,NA,NA,NA,NA,NA,NA,NA,NA,NA,NA,UFJA2101_1,8,UFJA2101,1,WFREC,2021,IH Williams,0,66.8
2021-08-06,17.8,NA,1069,25,599,1793,NA,1.5,0.2,NA,NA,NA,NA,NA,NA,NA,NA,NA,NA,NA,UFJA2101_1,8,UFJA2101,1,WFREC,2021,IH Williams,0,66.8
2021-08-07,18.1,NA,1116,28,607,1855,NA,1.5,0.2,NA,NA,NA,NA,NA,NA,NA,NA,NA,NA,NA,UFJA2101_1,8,UFJA2101,1,WFREC,2021,IH Williams,0,66.8
2021-08-08,18.3,NA,1126,32,623,1877,NA,1.51,0.2,NA,NA,NA,NA,NA,NA,NA,NA,NA,NA,NA,UFJA2101_1,8,UFJA2101,1,WFREC,2021,IH Williams,0,66.8
2021-08-09,18.5,NA,1173,36,627,1940,NA,1.51,0.2,NA,NA,NA,NA,NA,NA,NA,NA,NA,NA,NA,UFJA2101_1,8,UFJA2101,1,WFREC,2021,IH Williams,0,66.8
2021-08-10,18.7,NA,1188,40,648,1964,NA,1.52,0.2,NA,NA,NA,NA,NA,NA,NA,NA,NA,NA,NA,UFJA2101_1,8,UFJA2101,1,WFREC,2021,IH Williams,0,66.8
2021-08-11,19,NA,1204,45,664,1994,NA,1.52,0.2,NA,NA,NA,NA,NA,NA,NA,NA,NA,NA,NA,UFJA2101_1,8,UFJA2101,1,WFREC,2021,IH Williams,0,66.8
2021-08-12,19.2,NA,1213,50,667,2015,NA,1.53,0.2,NA,NA,NA,NA,NA,NA,NA,NA,NA,NA,NA,UFJA2101_1,8,UFJA2101,1,WFREC,2021,IH Williams,0,66.8
2021-08-13,19.5,NA,1238,55,673,2060,NA,1.53,0.2,NA,NA,NA,NA,NA,NA,NA,NA,NA,NA,NA,UFJA2101_1,8,UFJA2101,1,WFREC,2021,IH Williams,0,66.8
2021-08-14,19.7,NA,1286,60,675,2124,NA,1.54,0.2,NA,16.5,NA,1431.1,NA,162,2241,NA,1.6484,NA,NA,UFJA2101_1,8,UFJA2101,1,WFREC,2021,IH Williams,0,66.8
2021-08-15,19.9,NA,1312,66,688,2160,NA,1.54,0.2,NA,NA,NA,NA,NA,NA,NA,NA,NA,NA,NA,UFJA2101_1,8,UFJA2101,1,WFREC,2021,IH Williams,0,66.8
2021-08-16,20.2,NA,1308,71,699,2162,NA,1.54,0.2,NA,NA,NA,NA,NA,NA,NA,NA,NA,NA,NA,UFJA2101_1,8,UFJA2101,1,WFREC,2021,IH Williams,0,66.8
2021-08-17,20.4,NA,1344,76,704,2214,NA,1.55,0.2,NA,NA,NA,NA,NA,NA,NA,NA,NA,NA,NA,UFJA2101_1,8,UFJA2101,1,WFREC,2021,IH Williams,0,66.8
2021-08-18,20.6,NA,1351,81,719,2230,NA,1.55,0.2,NA,NA,NA,NA,NA,NA,NA,NA,NA,NA,NA,UFJA2101_1,8,UFJA2101,1,WFREC,2021,IH Williams,0,66.8
2021-08-19,20.8,NA,1364,86,729,2257,NA,1.56,0.2,NA,NA,NA,NA,NA,NA,NA,NA,NA,NA,NA,UFJA2101_1,8,UFJA2101,1,WFREC,2021,IH Williams,0,66.8
2021-08-20,21.1,NA,1369,91,732,2273,NA,1.56,0.2,NA,NA,NA,NA,NA,NA,NA,NA,NA,NA,NA,UFJA2101_1,8,UFJA2101,1,WFREC,2021,IH Williams,0,66.8
2021-08-21,21.3,NA,1400,95,734,2316,NA,1.57,0.2,NA,NA,NA,NA,NA,NA,NA,NA,NA,NA,NA,UFJA2101_1,8,UFJA2101,1,WFREC,2021,IH Williams,0,66.8
2021-08-22,21.5,NA,1406,100,751,2328,NA,1.57,0.2,NA,NA,NA,NA,NA,NA,NA,NA,NA,NA,NA,UFJA2101_1,8,UFJA2101,1,WFREC,2021,IH Williams,0,66.8
2021-08-23,21.7,NA,1406,105,759,2339,NA,1.57,0.2,NA,NA,NA,NA,NA,NA,NA,NA,NA,NA,NA,UFJA2101_1,8,UFJA2101,1,WFREC,2021,IH Williams,0,66.8
2021-08-24,22,NA,1445,109,763,2391,NA,1.58,0.2,NA,NA,NA,NA,NA,NA,NA,NA,NA,NA,NA,UFJA2101_1,8,UFJA2101,1,WFREC,2021,IH Williams,0,66.8
2021-08-25,22.2,NA,1444,114,781,2397,NA,1.58,0.2,NA,NA,NA,NA,NA,NA,NA,NA,NA,NA,NA,UFJA2101_1,8,UFJA2101,1,WFREC,2021,IH Williams,0,66.8
2021-08-26,22.4,NA,1470,119,791,2436,NA,1.58,0.2,NA,NA,NA,NA,NA,NA,NA,NA,NA,NA,NA,UFJA2101_1,8,UFJA2101,1,WFREC,2021,IH Williams,0,66.8
2021-08-27,22.6,NA,1474,124,806,2450,NA,1.59,0.2,NA,NA,NA,NA,NA,NA,NA,NA,NA,NA,NA,UFJA2101_1,8,UFJA2101,1,WFREC,2021,IH Williams,0,66.8
2021-08-28,22.9,NA,1480,128,808,2463,NA,1.59,0.2,NA,NA,NA,NA,NA,NA,NA,NA,NA,NA,NA,UFJA2101_1,8,UFJA2101,1,WFREC,2021,IH Williams,0,66.8
2021-08-29,23.1,NA,1463,133,806,2451,NA,1.6,0.2,NA,NA,NA,NA,NA,NA,NA,NA,NA,NA,NA,UFJA2101_1,8,UFJA2101,1,WFREC,2021,IH Williams,0,66.8
2021-08-30,23.4,NA,1445,138,802,2435,NA,1.61,0.2,NA,NA,NA,NA,NA,NA,NA,NA,NA,NA,NA,UFJA2101_1,8,UFJA2101,1,WFREC,2021,IH Williams,0,66.8
2021-08-31,23.6,NA,1476,142,806,2478,NA,1.61,0.2,NA,NA,NA,NA,NA,NA,NA,NA,NA,NA,NA,UFJA2101_1,8,UFJA2101,1,WFREC,2021,IH Williams,0,66.8
2021-09-01,23.6,NA,1490,146,820,2497,NA,1.62,0.2,NA,NA,NA,NA,NA,NA,NA,NA,NA,NA,NA,UFJA2101_1,8,UFJA2101,1,WFREC,2021,IH Williams,0,66.8
2021-09-02,23.6,NA,1505,150,837,2518,NA,1.62,0.2,NA,NA,NA,NA,NA,NA,NA,NA,NA,NA,NA,UFJA2101_1,8,UFJA2101,1,WFREC,2021,IH Williams,0,66.8
2021-09-03,23.6,NA,1504,154,853,2525,NA,1.62,0.2,NA,NA,NA,NA,NA,NA,NA,NA,NA,NA,NA,UFJA2101_1,8,UFJA2101,1,WFREC,2021,IH Williams,0,66.8
2021-09-04,23.6,NA,1524,158,858,2553,NA,1.63,0.2,NA,NA,NA,NA,NA,NA,NA,NA,NA,NA,NA,UFJA2101_1,8,UFJA2101,1,WFREC,2021,IH Williams,0,66.8
2021-09-05,23.6,NA,1517,161,866,2552,NA,1.63,0.2,NA,NA,NA,NA,NA,NA,NA,NA,NA,NA,NA,UFJA2101_1,8,UFJA2101,1,WFREC,2021,IH Williams,0,66.8
2021-09-06,23.6,NA,1538,165,868,2581,NA,1.63,0.2,NA,NA,NA,NA,NA,NA,NA,NA,NA,NA,NA,UFJA2101_1,8,UFJA2101,1,WFREC,2021,IH Williams,0,66.8
2021-09-07,23.6,NA,1530,168,876,2577,NA,1.63,0.2,NA,NA,NA,NA,NA,NA,NA,NA,NA,NA,NA,UFJA2101_1,8,UFJA2101,1,WFREC,2021,IH Williams,0,66.8
2021-09-08,23.6,NA,1524,172,874,2578,NA,1.63,0.2,NA,NA,NA,NA,NA,NA,NA,NA,NA,NA,NA,UFJA2101_1,8,UFJA2101,1,WFREC,2021,IH Williams,0,66.8
2021-09-09,23.6,NA,1536,175,874,2596,NA,1.63,0.2,NA,NA,NA,NA,NA,NA,NA,NA,NA,NA,NA,UFJA2101_1,8,UFJA2101,1,WFREC,2021,IH Williams,0,66.8
2021-09-10,23.6,NA,1547,178,882,2612,NA,1.63,0.2,NA,NA,NA,NA,NA,NA,NA,NA,NA,NA,NA,UFJA2101_1,8,UFJA2101,1,WFREC,2021,IH Williams,0,66.8
2021-09-11,23.6,NA,1539,181,896,2607,NA,1.63,0.2,NA,NA,NA,NA,NA,NA,NA,NA,NA,NA,NA,UFJA2101_1,8,UFJA2101,1,WFREC,2021,IH Williams,0,66.8
2021-09-12,23.6,NA,1539,184,901,2611,NA,1.63,0.2,NA,NA,NA,NA,NA,NA,NA,NA,NA,NA,NA,UFJA2101_1,8,UFJA2101,1,WFREC,2021,IH Williams,0,66.8
2021-09-13,23.6,NA,1528,187,902,2604,NA,1.63,0.2,NA,NA,NA,NA,NA,NA,NA,NA,NA,NA,NA,UFJA2101_1,8,UFJA2101,1,WFREC,2021,IH Williams,0,66.8
2021-09-14,23.6,NA,1525,190,899,2602,NA,1.63,0.2,NA,NA,NA,NA,NA,NA,NA,NA,NA,NA,NA,UFJA2101_1,8,UFJA2101,1,WFREC,2021,IH Williams,0,66.8
2021-09-15,23.6,NA,1498,193,894,2540,NA,1.63,0.2,NA,NA,NA,NA,NA,NA,NA,NA,NA,NA,NA,UFJA2101_1,8,UFJA2101,1,WFREC,2021,IH Williams,0,66.8
2021-09-16,23.6,NA,1491,195,892,2510,NA,1.63,0.2,NA,NA,NA,NA,NA,NA,NA,NA,NA,NA,NA,UFJA2101_1,8,UFJA2101,1,WFREC,2021,IH Williams,0,66.8
2021-09-17,23.6,NA,1487,198,890,2478,NA,1.63,0.2,NA,NA,NA,NA,NA,NA,NA,NA,NA,NA,NA,UFJA2101_1,8,UFJA2101,1,WFREC,2021,IH Williams,0,66.8
2021-09-18,23.6,NA,1474,200,890,2438,NA,1.63,0.2,NA,NA,NA,NA,NA,NA,NA,NA,NA,NA,NA,UFJA2101_1,8,UFJA2101,1,WFREC,2021,IH Williams,0,66.8
2021-09-19,23.6,NA,1462,202,891,2399,NA,1.63,0.2,NA,NA,NA,NA,NA,NA,NA,NA,NA,NA,NA,UFJA2101_1,8,UFJA2101,1,WFREC,2021,IH Williams,0,66.8
2021-09-20,23.6,NA,1453,205,892,2366,NA,1.63,0.2,NA,NA,NA,NA,NA,NA,NA,NA,NA,NA,NA,UFJA2101_1,8,UFJA2101,1,WFREC,2021,IH Williams,0,66.8
2021-09-21,23.6,NA,1445,206,894,2333,NA,1.63,0.2,NA,NA,NA,NA,NA,NA,NA,NA,NA,NA,NA,UFJA2101_1,8,UFJA2101,1,WFREC,2021,IH Williams,0,66.8
2021-09-22,23.6,NA,1431,208,893,2296,NA,1.63,0.2,NA,NA,NA,NA,NA,NA,NA,NA,NA,NA,NA,UFJA2101_1,8,UFJA2101,1,WFREC,2021,IH Williams,0,66.8
2021-09-23,23.6,NA,1430,210,890,2275,NA,1.63,0.2,NA,NA,NA,NA,NA,NA,NA,NA,NA,NA,NA,UFJA2101_1,8,UFJA2101,1,WFREC,2021,IH Williams,0,66.8
2021-09-24,23.6,NA,1423,211,891,2246,NA,1.63,0.2,NA,NA,NA,NA,NA,NA,NA,NA,NA,NA,NA,UFJA2101_1,8,UFJA2101,1,WFREC,2021,IH Williams,0,66.8
2021-09-25,23.6,NA,1408,212,888,2210,NA,1.63,0.2,NA,NA,NA,NA,217.3,NA,NA,NA,NA,NA,NA,UFJA2101_1,8,UFJA2101,1,WFREC,2021,IH Williams,0,66.8
2021-05-26,0,NA,0,0,0,0,NA,0,0,NA,NA,NA,NA,NA,NA,NA,NA,NA,NA,NA,UFJA2101_2,9,UFJA2101,2,WFREC,2021,IH Williams,224,68.6
2021-05-27,0,NA,0,0,0,0,NA,0,0,NA,NA,NA,NA,NA,NA,NA,NA,NA,NA,NA,UFJA2101_2,9,UFJA2101,2,WFREC,2021,IH Williams,224,68.6
2021-05-28,0,NA,0,0,0,0,NA,0,0,NA,NA,NA,NA,NA,NA,NA,NA,NA,NA,NA,UFJA2101_2,9,UFJA2101,2,WFREC,2021,IH Williams,224,68.6
2021-05-29,0,NA,0,0,0,0,NA,0,0,NA,NA,NA,NA,NA,NA,NA,NA,NA,NA,NA,UFJA2101_2,9,UFJA2101,2,WFREC,2021,IH Williams,224,68.6
2021-05-30,0,NA,2,0,3,5,NA,0.02,0.03,NA,NA,NA,NA,NA,NA,NA,NA,NA,NA,NA,UFJA2101_2,9,UFJA2101,2,WFREC,2021,IH Williams,224,68.6
2021-05-31,0.3,NA,2,0,3,6,NA,0.02,0.03,NA,NA,NA,NA,NA,NA,NA,NA,NA,NA,NA,UFJA2101_2,9,UFJA2101,2,WFREC,2021,IH Williams,224,68.6
2021-06-01,0.6,NA,2,0,4,7,NA,0.02,0.04,NA,NA,NA,NA,NA,NA,NA,NA,NA,NA,NA,UFJA2101_2,9,UFJA2101,2,WFREC,2021,IH Williams,224,68.6
2021-06-02,0.9,NA,2,0,4,9,NA,0.03,0.05,NA,NA,NA,NA,NA,NA,NA,NA,NA,NA,NA,UFJA2101_2,9,UFJA2101,2,WFREC,2021,IH Williams,224,68.6
2021-06-03,1.2,NA,2,0,4,11,NA,0.04,0.06,NA,NA,NA,NA,NA,NA,NA,NA,NA,NA,NA,UFJA2101_2,9,UFJA2101,2,WFREC,2021,IH Williams,224,68.6
2021-06-04,1.5,NA,2,0,4,13,NA,0.05,0.07,NA,NA,NA,NA,NA,NA,NA,NA,NA,NA,NA,UFJA2101_2,9,UFJA2101,2,WFREC,2021,IH Williams,224,68.6
2021-06-05,1.7,NA,3,0,4,15,NA,0.05,0.07,NA,NA,NA,NA,NA,NA,NA,NA,NA,NA,NA,UFJA2101_2,9,UFJA2101,2,WFREC,2021,IH Williams,224,68.6
2021-06-06,2,NA,3,0,5,18,NA,0.06,0.08,NA,NA,NA,NA,NA,NA,NA,NA,NA,NA,NA,UFJA2101_2,9,UFJA2101,2,WFREC,2021,IH Williams,224,68.6
2021-06-07,2.3,NA,3,0,6,22,NA,0.07,0.09,NA,NA,NA,NA,NA,NA,NA,NA,NA,NA,NA,UFJA2101_2,9,UFJA2101,2,WFREC,2021,IH Williams,224,68.6
2021-06-08,2.5,NA,4,0,6,27,NA,0.09,0.1,NA,NA,NA,NA,NA,NA,NA,NA,NA,NA,NA,UFJA2101_2,9,UFJA2101,2,WFREC,2021,IH Williams,224,68.6
2021-06-09,2.8,NA,5,0,8,34,NA,0.1,0.11,NA,NA,NA,NA,NA,NA,NA,NA,NA,NA,NA,UFJA2101_2,9,UFJA2101,2,WFREC,2021,IH Williams,224,68.6
2021-06-10,3,NA,7,0,10,39,NA,0.11,0.12,NA,NA,NA,NA,NA,NA,NA,NA,NA,NA,NA,UFJA2101_2,9,UFJA2101,2,WFREC,2021,IH Williams,224,68.6
2021-06-11,3.3,NA,9,0,14,47,NA,0.12,0.13,NA,NA,NA,NA,NA,NA,NA,NA,NA,NA,NA,UFJA2101_2,9,UFJA2101,2,WFREC,2021,IH Williams,224,68.6
2021-06-12,3.5,NA,12,0,16,53,NA,0.14,0.14,NA,NA,NA,NA,NA,NA,NA,NA,NA,NA,NA,UFJA2101_2,9,UFJA2101,2,WFREC,2021,IH Williams,224,68.6
2021-06-13,3.8,NA,15,0,19,63,NA,0.16,0.15,NA,NA,NA,NA,NA,NA,NA,NA,NA,NA,NA,UFJA2101_2,9,UFJA2101,2,WFREC,2021,IH Williams,224,68.6
2021-06-14,4,NA,20,0,22,75,NA,0.18,0.16,NA,NA,NA,NA,NA,NA,NA,NA,NA,NA,NA,UFJA2101_2,9,UFJA2101,2,WFREC,2021,IH Williams,224,68.6
2021-06-15,4.3,NA,25,0,27,88,NA,0.2,0.17,NA,NA,NA,NA,NA,NA,NA,NA,NA,NA,NA,UFJA2101_2,9,UFJA2101,2,WFREC,2021,IH Williams,224,68.6
2021-06-16,4.5,NA,32,0,32,105,NA,0.22,0.18,NA,NA,NA,NA,NA,NA,NA,NA,NA,NA,NA,UFJA2101_2,9,UFJA2101,2,WFREC,2021,IH Williams,224,68.6
2021-06-17,4.8,NA,40,0,39,125,NA,0.24,0.19,NA,NA,NA,NA,NA,NA,NA,NA,NA,NA,NA,UFJA2101_2,9,UFJA2101,2,WFREC,2021,IH Williams,224,68.6
2021-06-18,5,NA,46,0,43,139,NA,0.26,0.2,NA,NA,NA,NA,NA,NA,NA,NA,NA,NA,NA,UFJA2101_2,9,UFJA2101,2,WFREC,2021,IH Williams,224,68.6
2021-06-19,5.3,NA,53,0,48,155,NA,0.29,0.2,NA,NA,NA,NA,NA,NA,NA,NA,NA,NA,NA,UFJA2101_2,9,UFJA2101,2,WFREC,2021,IH Williams,224,68.6
2021-06-20,5.6,NA,64,0,56,180,NA,0.32,0.2,NA,NA,NA,NA,NA,NA,NA,NA,NA,NA,NA,UFJA2101_2,9,UFJA2101,2,WFREC,2021,IH Williams,224,68.6
2021-06-21,5.8,NA,73,0,62,202,NA,0.35,0.2,NA,NA,NA,NA,NA,NA,NA,NA,NA,NA,NA,UFJA2101_2,9,UFJA2101,2,WFREC,2021,IH Williams,224,68.6
2021-06-22,6.1,NA,85,0,71,229,NA,0.38,0.2,NA,NA,NA,NA,NA,NA,NA,NA,NA,NA,NA,UFJA2101_2,9,UFJA2101,2,WFREC,2021,IH Williams,224,68.6
2021-06-23,6.4,NA,100,0,82,263,NA,0.42,0.2,NA,NA,NA,NA,NA,NA,NA,NA,NA,NA,NA,UFJA2101_2,9,UFJA2101,2,WFREC,2021,IH Williams,224,68.6
2021-06-24,6.6,NA,119,0,96,306,NA,0.45,0.2,NA,NA,NA,NA,NA,NA,NA,NA,NA,NA,NA,UFJA2101_2,9,UFJA2101,2,WFREC,2021,IH Williams,224,68.6
2021-06-25,6.9,NA,140,0,111,354,NA,0.49,0.2,NA,NA,NA,NA,NA,NA,NA,NA,NA,NA,NA,UFJA2101_2,9,UFJA2101,2,WFREC,2021,IH Williams,224,68.6
2021-06-26,7.2,NA,164,0,128,407,NA,0.52,0.2,NA,NA,NA,NA,NA,NA,NA,NA,NA,NA,NA,UFJA2101_2,9,UFJA2101,2,WFREC,2021,IH Williams,224,68.6
2021-06-27,7.4,NA,186,0,142,455,NA,0.56,0.2,NA,NA,NA,NA,NA,NA,NA,NA,NA,NA,NA,UFJA2101_2,9,UFJA2101,2,WFREC,2021,IH Williams,224,68.6
2021-06-28,7.7,NA,214,0,162,512,NA,0.6,0.2,NA,NA,NA,NA,NA,NA,NA,NA,NA,NA,NA,UFJA2101_2,9,UFJA2101,2,WFREC,2021,IH Williams,224,68.6
2021-06-29,8,NA,249,0,187,584,NA,0.64,0.2,NA,NA,NA,285.3,NA,NA,738.2,NA,0.50325,NA,NA,UFJA2101_2,9,UFJA2101,2,WFREC,2021,IH Williams,224,68.6
2021-06-30,8.2,NA,278,0,207,643,NA,0.68,0.2,NA,NA,NA,NA,NA,NA,NA,NA,NA,NA,NA,UFJA2101_2,9,UFJA2101,2,WFREC,2021,IH Williams,224,68.6
2021-07-01,8.5,NA,318,0,235,722,NA,0.71,0.2,NA,NA,NA,NA,NA,NA,NA,NA,NA,NA,NA,UFJA2101_2,9,UFJA2101,2,WFREC,2021,IH Williams,224,68.6
2021-07-02,8.8,NA,358,0,263,803,NA,0.75,0.2,NA,NA,NA,510.8,NA,101.16666666666667,916.6333333333333,NA,0.8380000000000001,0.2665,NA,UFJA2101_2,9,UFJA2101,2,WFREC,2021,IH Williams,224,68.6
2021-07-03,9.1,NA,403,0,293,893,NA,0.8,0.2,NA,NA,NA,NA,NA,NA,NA,NA,NA,NA,NA,UFJA2101_2,9,UFJA2101,2,WFREC,2021,IH Williams,224,68.6
2021-07-04,9.3,NA,449,0,326,988,NA,0.84,0.2,NA,NA,NA,NA,NA,NA,NA,NA,NA,NA,NA,UFJA2101_2,9,UFJA2101,2,WFREC,2021,IH Williams,224,68.6
2021-07-05,9.6,NA,474,0,341,1038,NA,0.88,0.2,NA,NA,NA,NA,NA,NA,NA,NA,NA,NA,NA,UFJA2101_2,9,UFJA2101,2,WFREC,2021,IH Williams,224,68.6
2021-07-06,9.9,NA,509,0,364,1106,NA,0.92,0.2,NA,NA,NA,NA,NA,NA,NA,NA,NA,NA,NA,UFJA2101_2,9,UFJA2101,2,WFREC,2021,IH Williams,224,68.6
2021-07-07,10.1,NA,550,0,388,1198,NA,0.97,0.2,NA,7,NA,558.5666666666667,NA,231,1068.2666666666667,NA,0.6094999999999999,0.3425,NA,UFJA2101_2,9,UFJA2101,2,WFREC,2021,IH Williams,224,68.6
2021-07-08,10.4,NA,593,0,410,1297,NA,1.01,0.2,NA,NA,NA,NA,NA,NA,NA,NA,NA,NA,NA,UFJA2101_2,9,UFJA2101,2,WFREC,2021,IH Williams,224,68.6
2021-07-09,10.7,NA,624,0,424,1363,NA,1.05,0.2,NA,NA,NA,NA,NA,NA,NA,NA,NA,NA,NA,UFJA2101_2,9,UFJA2101,2,WFREC,2021,IH Williams,224,68.6
2021-07-10,10.9,NA,664,0,445,1431,NA,1.1,0.2,NA,NA,NA,NA,NA,NA,NA,NA,NA,NA,NA,UFJA2101_2,9,UFJA2101,2,WFREC,2021,IH Williams,224,68.6
2021-07-11,11.2,NA,709,0,469,1513,NA,1.14,0.2,NA,NA,NA,NA,NA,NA,NA,NA,NA,NA,NA,UFJA2101_2,9,UFJA2101,2,WFREC,2021,IH Williams,224,68.6
2021-07-12,11.5,NA,776,0,504,1640,NA,1.18,0.2,NA,NA,NA,NA,NA,NA,NA,NA,NA,NA,NA,UFJA2101_2,9,UFJA2101,2,WFREC,2021,IH Williams,224,68.6
2021-07-13,11.7,NA,848,0,541,1775,NA,1.23,0.2,NA,NA,NA,NA,NA,NA,NA,NA,NA,NA,NA,UFJA2101_2,9,UFJA2101,2,WFREC,2021,IH Williams,224,68.6
2021-07-14,12,NA,930,0,582,1925,NA,1.27,0.2,NA,NA,NA,1287.7333333333333,NA,NA,2498.6666666666665,NA,0.9339999999999999,NA,NA,UFJA2101_2,9,UFJA2101,2,WFREC,2021,IH Williams,224,68.6
2021-07-15,12.2,NA,1007,0,619,2065,NA,1.31,0.2,NA,NA,NA,NA,NA,NA,NA,NA,NA,NA,NA,UFJA2101_2,9,UFJA2101,2,WFREC,2021,IH Williams,224,68.6
2021-07-16,12.5,NA,1074,0,648,2183,NA,1.36,0.2,NA,NA,NA,NA,NA,NA,NA,NA,NA,NA,NA,UFJA2101_2,9,UFJA2101,2,WFREC,2021,IH Williams,224,68.6
2021-07-17,12.8,NA,1156,0,685,2329,NA,1.4,0.2,NA,NA,NA,NA,NA,NA,NA,NA,NA,NA,NA,UFJA2101_2,9,UFJA2101,2,WFREC,2021,IH Williams,224,68.6
2021-07-18,13,NA,1222,0,711,2443,NA,1.45,0.2,NA,NA,NA,NA,NA,NA,NA,NA,NA,NA,NA,UFJA2101_2,9,UFJA2101,2,WFREC,2021,IH Williams,224,68.6
2021-07-19,13.3,NA,1279,0,732,2539,NA,1.5,0.2,NA,NA,NA,NA,NA,NA,NA,NA,NA,NA,NA,UFJA2101_2,9,UFJA2101,2,WFREC,2021,IH Williams,224,68.6
2021-07-20,13.6,NA,1346,0,757,2656,NA,1.55,0.2,NA,NA,NA,NA,NA,NA,NA,NA,NA,NA,NA,UFJA2101_2,9,UFJA2101,2,WFREC,2021,IH Williams,224,68.6
2021-07-21,13.9,NA,1434,0,790,2807,NA,1.59,0.2,NA,NA,NA,NA,NA,NA,NA,NA,NA,NA,NA,UFJA2101_2,9,UFJA2101,2,WFREC,2021,IH Williams,224,68.6
2021-07-22,14.1,NA,1532,0,827,2976,NA,1.63,0.2,NA,NA,NA,NA,NA,NA,NA,NA,NA,NA,NA,UFJA2101_2,9,UFJA2101,2,WFREC,2021,IH Williams,224,68.6
2021-07-23,14.3,NA,1627,0,861,3138,NA,1.66,0.2,NA,NA,NA,NA,NA,NA,NA,NA,NA,NA,NA,UFJA2101_2,9,UFJA2101,2,WFREC,2021,IH Williams,224,68.6
2021-07-24,14.6,NA,1722,1,894,3298,NA,1.69,0.2,NA,NA,NA,NA,NA,NA,NA,NA,NA,NA,NA,UFJA2101_2,9,UFJA2101,2,WFREC,2021,IH Williams,224,68.6
2021-07-25,14.8,NA,1820,2,926,3465,NA,1.72,0.2,NA,NA,NA,2339.25,NA,NA,4182,NA,NA,NA,NA,UFJA2101_2,9,UFJA2101,2,WFREC,2021,IH Williams,224,68.6
2021-07-26,15.1,NA,1921,4,958,3635,NA,1.74,0.2,NA,NA,NA,NA,NA,NA,NA,NA,NA,NA,NA,UFJA2101_2,9,UFJA2101,2,WFREC,2021,IH Williams,224,68.6
2021-07-27,15.3,NA,2023,6,989,3808,NA,1.76,0.2,NA,NA,NA,NA,NA,NA,NA,NA,NA,NA,NA,UFJA2101_2,9,UFJA2101,2,WFREC,2021,IH Williams,224,68.6
2021-07-28,15.5,NA,2125,9,1021,3969,NA,1.79,0.2,NA,NA,NA,NA,NA,NA,NA,NA,NA,NA,NA,UFJA2101_2,9,UFJA2101,2,WFREC,2021,IH Williams,224,68.6
2021-07-29,15.8,NA,2250,13,1061,4166,NA,1.8,0.2,NA,NA,NA,NA,NA,NA,NA,NA,NA,NA,NA,UFJA2101_2,9,UFJA2101,2,WFREC,2021,IH Williams,224,68.6
2021-07-30,16,NA,2380,17,1104,4359,NA,1.82,0.2,NA,NA,NA,NA,NA,NA,NA,NA,NA,NA,NA,UFJA2101_2,9,UFJA2101,2,WFREC,2021,IH Williams,224,68.6
2021-07-31,16.2,NA,2492,23,1137,4538,NA,1.84,0.2,NA,NA,NA,NA,NA,NA,NA,NA,NA,NA,NA,UFJA2101_2,9,UFJA2101,2,WFREC,2021,IH Williams,224,68.6
2021-08-01,16.5,NA,2626,29,1178,4737,NA,1.85,0.2,NA,18,NA,NA,NA,NA,NA,NA,1.88925,0.56475,NA,UFJA2101_2,9,UFJA2101,2,WFREC,2021,IH Williams,224,68.6
2021-08-02,16.7,NA,2719,37,1203,4879,NA,1.87,0.2,NA,NA,NA,NA,NA,NA,NA,NA,NA,NA,NA,UFJA2101_2,9,UFJA2101,2,WFREC,2021,IH Williams,224,68.6
2021-08-03,17,NA,2831,46,1233,5043,NA,1.88,0.2,NA,NA,NA,NA,NA,NA,NA,NA,NA,NA,NA,UFJA2101_2,9,UFJA2101,2,WFREC,2021,IH Williams,224,68.6
2021-08-04,17.3,NA,2936,56,1260,5197,NA,1.9,0.2,NA,NA,NA,NA,NA,NA,NA,NA,NA,NA,NA,UFJA2101_2,9,UFJA2101,2,WFREC,2021,IH Williams,224,68.6
2021-08-05,17.5,NA,3076,67,1297,5398,NA,1.91,0.2,NA,NA,NA,NA,NA,NA,NA,NA,NA,NA,NA,UFJA2101_2,9,UFJA2101,2,WFREC,2021,IH Williams,224,68.6
2021-08-06,17.8,NA,3215,78,1332,5602,NA,1.93,0.2,NA,NA,NA,NA,NA,NA,NA,NA,NA,NA,NA,UFJA2101_2,9,UFJA2101,2,WFREC,2021,IH Williams,224,68.6
2021-08-07,18,NA,3350,90,1366,5798,NA,1.94,0.2,NA,NA,NA,NA,NA,NA,NA,NA,NA,NA,NA,UFJA2101_2,9,UFJA2101,2,WFREC,2021,IH Williams,224,68.6
2021-08-08,18.2,NA,3474,103,1397,5979,NA,1.95,0.2,NA,NA,NA,NA,NA,NA,NA,NA,NA,NA,NA,UFJA2101_2,9,UFJA2101,2,WFREC,2021,IH Williams,224,68.6
2021-08-09,18.5,NA,3599,117,1429,6161,NA,1.96,0.2,NA,NA,NA,NA,NA,NA,NA,NA,NA,NA,NA,UFJA2101_2,9,UFJA2101,2,WFREC,2021,IH Williams,224,68.6
2021-08-10,18.7,NA,3730,132,1462,6355,NA,1.97,0.2,NA,NA,NA,NA,NA,NA,NA,NA,NA,NA,NA,UFJA2101_2,9,UFJA2101,2,WFREC,2021,IH Williams,224,68.6
2021-08-11,19,NA,3853,150,1493,6538,NA,1.98,0.2,NA,NA,NA,NA,NA,NA,NA,NA,NA,NA,NA,UFJA2101_2,9,UFJA2101,2,WFREC,2021,IH Williams,224,68.6
2021-08-12,19.2,NA,3895,169,1500,6620,NA,1.99,0.2,NA,NA,NA,NA,NA,NA,NA,NA,NA,NA,NA,UFJA2101_2,9,UFJA2101,2,WFREC,2021,IH Williams,224,68.6
2021-08-13,19.5,NA,4034,189,1536,6831,NA,2,0.2,NA,NA,NA,NA,NA,NA,NA,NA,NA,NA,NA,UFJA2101_2,9,UFJA2101,2,WFREC,2021,IH Williams,224,68.6
2021-08-14,19.7,NA,4152,210,1568,7013,NA,2.01,0.2,NA,19.75,NA,4934.75,NA,NA,7229.25,NA,2.194125,0.620375,NA,UFJA2101_2,9,UFJA2101,2,WFREC,2021,IH Williams,224,68.6
2021-08-15,19.9,NA,4283,232,1602,7213,NA,2.01,0.2,NA,NA,NA,NA,NA,NA,NA,NA,NA,NA,NA,UFJA2101_2,9,UFJA2101,2,WFREC,2021,IH Williams,224,68.6
2021-08-16,20.2,NA,4325,256,1610,7294,NA,2.03,0.2,NA,NA,NA,NA,NA,NA,NA,NA,NA,NA,NA,UFJA2101_2,9,UFJA2101,2,WFREC,2021,IH Williams,224,68.6
2021-08-17,20.4,NA,4457,279,1646,7500,NA,2.03,0.2,NA,NA,NA,NA,NA,NA,NA,NA,NA,NA,NA,UFJA2101_2,9,UFJA2101,2,WFREC,2021,IH Williams,224,68.6
2021-08-18,20.7,NA,4542,302,1668,7637,NA,2.04,0.2,NA,NA,NA,NA,NA,NA,NA,NA,NA,NA,NA,UFJA2101_2,9,UFJA2101,2,WFREC,2021,IH Williams,224,68.6
2021-08-19,20.9,NA,4648,327,1696,7805,NA,2.05,0.2,NA,NA,NA,NA,NA,NA,NA,NA,NA,NA,NA,UFJA2101_2,9,UFJA2101,2,WFREC,2021,IH Williams,224,68.6
2021-08-20,21.1,NA,4687,351,1705,7885,NA,2.06,0.2,NA,NA,NA,NA,NA,NA,NA,NA,NA,NA,NA,UFJA2101_2,9,UFJA2101,2,WFREC,2021,IH Williams,224,68.6
2021-08-21,21.3,NA,4757,377,1723,8001,NA,2.07,0.2,NA,NA,NA,NA,NA,NA,NA,NA,NA,NA,NA,UFJA2101_2,9,UFJA2101,2,WFREC,2021,IH Williams,224,68.6
2021-08-22,21.6,NA,4854,403,1750,8158,NA,2.08,0.2,NA,NA,NA,NA,NA,NA,NA,NA,NA,NA,NA,UFJA2101_2,9,UFJA2101,2,WFREC,2021,IH Williams,224,68.6
2021-08-23,21.8,NA,4923,430,1768,8279,NA,2.08,0.2,NA,NA,NA,NA,NA,NA,NA,NA,NA,NA,NA,UFJA2101_2,9,UFJA2101,2,WFREC,2021,IH Williams,224,68.6
2021-08-24,22,NA,5011,458,1792,8423,NA,2.09,0.2,NA,NA,NA,NA,NA,NA,NA,NA,NA,NA,NA,UFJA2101_2,9,UFJA2101,2,WFREC,2021,IH Williams,224,68.6
2021-08-25,22.2,NA,5085,488,1812,8548,NA,2.1,0.2,NA,NA,NA,NA,NA,NA,NA,NA,NA,NA,NA,UFJA2101_2,9,UFJA2101,2,WFREC,2021,IH Williams,224,68.6
2021-08-26,22.5,NA,5170,519,1835,8695,NA,2.11,0.2,NA,NA,NA,NA,NA,NA,NA,NA,NA,NA,NA,UFJA2101_2,9,UFJA2101,2,WFREC,2021,IH Williams,224,68.6
2021-08-27,22.7,NA,5248,553,1856,8829,NA,2.11,0.2,NA,NA,NA,NA,NA,NA,NA,NA,NA,NA,NA,UFJA2101_2,9,UFJA2101,2,WFREC,2021,IH Williams,224,68.6
2021-08-28,22.9,NA,5256,586,1857,8872,NA,2.12,0.2,NA,NA,NA,NA,NA,NA,NA,NA,NA,NA,NA,UFJA2101_2,9,UFJA2101,2,WFREC,2021,IH Williams,224,68.6
2021-08-29,23.2,NA,5240,622,1840,8861,NA,2.14,0.2,NA,NA,NA,NA,NA,NA,NA,NA,NA,NA,NA,UFJA2101_2,9,UFJA2101,2,WFREC,2021,IH Williams,224,68.6
2021-08-30,23.4,NA,5208,647,1822,8809,NA,2.16,0.2,NA,NA,NA,NA,NA,NA,NA,NA,NA,NA,NA,UFJA2101_2,9,UFJA2101,2,WFREC,2021,IH Williams,224,68.6
2021-08-31,23.6,NA,5267,681,1838,8913,NA,2.16,0.2,NA,NA,NA,NA,NA,NA,NA,NA,NA,NA,NA,UFJA2101_2,9,UFJA2101,2,WFREC,2021,IH Williams,224,68.6
2021-09-01,23.6,NA,5345,714,1860,9044,NA,2.17,0.2,NA,NA,NA,NA,NA,NA,NA,NA,NA,NA,NA,UFJA2101_2,9,UFJA2101,2,WFREC,2021,IH Williams,224,68.6
2021-09-02,23.6,NA,5428,748,1883,9186,NA,2.18,0.2,NA,NA,NA,NA,NA,NA,NA,NA,NA,NA,NA,UFJA2101_2,9,UFJA2101,2,WFREC,2021,IH Williams,224,68.6
2021-09-03,23.6,NA,5497,782,1902,9308,NA,2.18,0.2,NA,NA,NA,NA,NA,NA,NA,NA,NA,NA,NA,UFJA2101_2,9,UFJA2101,2,WFREC,2021,IH Williams,224,68.6
2021-09-04,23.6,NA,5561,817,1919,9424,NA,2.19,0.2,NA,NA,NA,NA,NA,NA,NA,NA,NA,NA,NA,UFJA2101_2,9,UFJA2101,2,WFREC,2021,IH Williams,224,68.6
2021-09-05,23.6,NA,5587,851,1926,9492,NA,2.2,0.2,NA,NA,NA,NA,NA,NA,NA,NA,NA,NA,NA,UFJA2101_2,9,UFJA2101,2,WFREC,2021,IH Williams,224,68.6
2021-09-06,23.6,NA,5651,883,1943,9607,NA,2.2,0.2,NA,NA,NA,NA,NA,NA,NA,NA,NA,NA,NA,UFJA2101_2,9,UFJA2101,2,WFREC,2021,IH Williams,224,68.6
2021-09-07,23.6,NA,5695,913,1955,9691,NA,2.2,0.2,NA,NA,NA,NA,NA,NA,NA,NA,NA,NA,NA,UFJA2101_2,9,UFJA2101,2,WFREC,2021,IH Williams,224,68.6
2021-09-08,23.6,NA,5699,944,1954,9716,NA,2.2,0.2,NA,NA,NA,NA,NA,NA,NA,NA,NA,NA,NA,UFJA2101_2,9,UFJA2101,2,WFREC,2021,IH Williams,224,68.6
2021-09-09,23.6,NA,5727,975,1962,9775,NA,2.2,0.2,NA,NA,NA,NA,NA,NA,NA,NA,NA,NA,NA,UFJA2101_2,9,UFJA2101,2,WFREC,2021,IH Williams,224,68.6
2021-09-10,23.6,NA,5794,1005,1979,9894,NA,2.2,0.2,NA,NA,NA,NA,NA,NA,NA,NA,NA,NA,NA,UFJA2101_2,9,UFJA2101,2,WFREC,2021,IH Williams,224,68.6
2021-09-11,23.6,NA,5855,1033,1994,10003,NA,2.2,0.2,NA,NA,NA,NA,NA,NA,NA,NA,NA,NA,NA,UFJA2101_2,9,UFJA2101,2,WFREC,2021,IH Williams,224,68.6
2021-09-12,23.6,NA,5882,1059,2000,10061,NA,2.2,0.2,NA,NA,NA,NA,NA,NA,NA,NA,NA,NA,NA,UFJA2101_2,9,UFJA2101,2,WFREC,2021,IH Williams,224,68.6
2021-09-13,23.6,NA,5875,1084,1996,10073,NA,2.2,0.2,NA,NA,NA,NA,NA,NA,NA,NA,NA,NA,NA,UFJA2101_2,9,UFJA2101,2,WFREC,2021,IH Williams,224,68.6
2021-09-14,23.6,NA,5862,1106,1990,10065,NA,2.2,0.2,NA,NA,NA,NA,NA,NA,NA,NA,NA,NA,NA,UFJA2101_2,9,UFJA2101,2,WFREC,2021,IH Williams,224,68.6
2021-09-15,23.6,NA,5818,1124,1971,9916,NA,2.2,0.2,NA,NA,NA,NA,NA,NA,NA,NA,NA,NA,NA,UFJA2101_2,9,UFJA2101,2,WFREC,2021,IH Williams,224,68.6
2021-09-16,23.6,NA,5823,1143,1971,9850,NA,2.2,0.2,NA,NA,NA,NA,NA,NA,NA,NA,NA,NA,NA,UFJA2101_2,9,UFJA2101,2,WFREC,2021,IH Williams,224,68.6
2021-09-17,23.6,NA,5816,1160,1967,9766,NA,2.2,0.2,NA,NA,NA,NA,NA,NA,NA,NA,NA,NA,NA,UFJA2101_2,9,UFJA2101,2,WFREC,2021,IH Williams,224,68.6
2021-09-18,23.6,NA,5801,1173,1960,9671,NA,2.2,0.2,NA,NA,NA,NA,NA,NA,NA,NA,NA,NA,NA,UFJA2101_2,9,UFJA2101,2,WFREC,2021,IH Williams,224,68.6
2021-09-19,23.6,NA,5790,1182,1954,9583,NA,2.2,0.2,NA,NA,NA,NA,NA,NA,NA,NA,NA,NA,NA,UFJA2101_2,9,UFJA2101,2,WFREC,2021,IH Williams,224,68.6
2021-09-20,23.6,NA,5801,1188,1954,9526,NA,2.2,0.2,NA,NA,NA,NA,NA,NA,NA,NA,NA,NA,NA,UFJA2101_2,9,UFJA2101,2,WFREC,2021,IH Williams,224,68.6
2021-09-21,23.6,NA,5823,1194,1957,9488,NA,2.2,0.2,NA,NA,NA,NA,NA,NA,NA,NA,NA,NA,NA,UFJA2101_2,9,UFJA2101,2,WFREC,2021,IH Williams,224,68.6
2021-09-22,23.6,NA,5838,1199,1960,9442,NA,2.2,0.2,NA,NA,NA,NA,NA,NA,NA,NA,NA,NA,NA,UFJA2101_2,9,UFJA2101,2,WFREC,2021,IH Williams,224,68.6
2021-09-23,23.6,NA,5869,1205,1967,9423,NA,2.2,0.2,NA,NA,NA,NA,NA,NA,NA,NA,NA,NA,NA,UFJA2101_2,9,UFJA2101,2,WFREC,2021,IH Williams,224,68.6
2021-09-24,23.6,NA,5894,1210,1972,9398,NA,2.2,0.2,NA,NA,NA,NA,NA,NA,NA,NA,NA,NA,NA,UFJA2101_2,9,UFJA2101,2,WFREC,2021,IH Williams,224,68.6
2021-09-25,23.6,NA,5913,1215,1976,9366,NA,2.2,0.2,NA,NA,NA,NA,811.6,NA,NA,NA,NA,NA,NA,UFJA2101_2,9,UFJA2101,2,WFREC,2021,IH Williams,224,68.6
2021-05-26,0,NA,0,0,0,0,NA,0,0,NA,NA,NA,NA,NA,NA,NA,NA,NA,NA,NA,UFJA2101_3,10,UFJA2101,3,WFREC,2021,NWG 2730,0,71.5
2021-05-27,0,NA,0,0,0,0,NA,0,0,NA,NA,NA,NA,NA,NA,NA,NA,NA,NA,NA,UFJA2101_3,10,UFJA2101,3,WFREC,2021,NWG 2730,0,71.5
2021-05-28,0,NA,0,0,0,0,NA,0,0,NA,NA,NA,NA,NA,NA,NA,NA,NA,NA,NA,UFJA2101_3,10,UFJA2101,3,WFREC,2021,NWG 2730,0,71.5
2021-05-29,0,NA,0,0,0,0,NA,0,0,NA,NA,NA,NA,NA,NA,NA,NA,NA,NA,NA,UFJA2101_3,10,UFJA2101,3,WFREC,2021,NWG 2730,0,71.5
2021-05-30,0,NA,2,0,3,5,NA,0.02,0.03,NA,NA,NA,NA,NA,NA,NA,NA,NA,NA,NA,UFJA2101_3,10,UFJA2101,3,WFREC,2021,NWG 2730,0,71.5
2021-05-31,0.3,NA,2,0,4,6,NA,0.02,0.03,NA,NA,NA,NA,NA,NA,NA,NA,NA,NA,NA,UFJA2101_3,10,UFJA2101,3,WFREC,2021,NWG 2730,0,71.5
2021-06-01,0.6,NA,2,0,4,8,NA,0.02,0.04,NA,NA,NA,NA,NA,NA,NA,NA,NA,NA,NA,UFJA2101_3,10,UFJA2101,3,WFREC,2021,NWG 2730,0,71.5
2021-06-02,0.9,NA,2,0,4,9,NA,0.02,0.05,NA,NA,NA,NA,NA,NA,NA,NA,NA,NA,NA,UFJA2101_3,10,UFJA2101,3,WFREC,2021,NWG 2730,0,71.5
2021-06-03,1.2,NA,2,0,4,11,NA,0.03,0.06,NA,NA,NA,NA,NA,NA,NA,NA,NA,NA,NA,UFJA2101_3,10,UFJA2101,3,WFREC,2021,NWG 2730,0,71.5
2021-06-04,1.5,NA,2,0,4,13,NA,0.04,0.07,NA,NA,NA,NA,NA,NA,NA,NA,NA,NA,NA,UFJA2101_3,10,UFJA2101,3,WFREC,2021,NWG 2730,0,71.5
2021-06-05,1.8,NA,3,0,5,15,NA,0.04,0.08,NA,NA,NA,NA,NA,NA,NA,NA,NA,NA,NA,UFJA2101_3,10,UFJA2101,3,WFREC,2021,NWG 2730,0,71.5
2021-06-06,2.1,NA,3,0,5,18,NA,0.05,0.09,NA,NA,NA,NA,NA,NA,NA,NA,NA,NA,NA,UFJA2101_3,10,UFJA2101,3,WFREC,2021,NWG 2730,0,71.5
2021-06-07,2.4,NA,4,0,6,23,NA,0.06,0.1,NA,NA,NA,NA,NA,NA,NA,NA,NA,NA,NA,UFJA2101_3,10,UFJA2101,3,WFREC,2021,NWG 2730,0,71.5
2021-06-08,2.7,NA,4,0,8,26,NA,0.07,0.11,NA,NA,NA,NA,NA,NA,NA,NA,NA,NA,NA,UFJA2101_3,10,UFJA2101,3,WFREC,2021,NWG 2730,0,71.5
2021-06-09,3,NA,6,0,10,31,NA,0.08,0.12,NA,NA,NA,NA,NA,NA,NA,NA,NA,NA,NA,UFJA2101_3,10,UFJA2101,3,WFREC,2021,NWG 2730,0,71.5
2021-06-10,3.3,NA,7,0,12,35,NA,0.09,0.13,NA,NA,NA,NA,NA,NA,NA,NA,NA,NA,NA,UFJA2101_3,10,UFJA2101,3,WFREC,2021,NWG 2730,0,71.5
2021-06-11,3.6,NA,10,0,14,42,NA,0.1,0.14,NA,NA,NA,NA,NA,NA,NA,NA,NA,NA,NA,UFJA2101_3,10,UFJA2101,3,WFREC,2021,NWG 2730,0,71.5
2021-06-12,3.9,NA,12,0,16,47,NA,0.11,0.15,NA,NA,NA,NA,NA,NA,NA,NA,NA,NA,NA,UFJA2101_3,10,UFJA2101,3,WFREC,2021,NWG 2730,0,71.5
2021-06-13,4.2,NA,15,0,18,54,NA,0.12,0.16,NA,NA,NA,NA,NA,NA,NA,NA,NA,NA,NA,UFJA2101_3,10,UFJA2101,3,WFREC,2021,NWG 2730,0,71.5
2021-06-14,4.4,NA,19,0,21,62,NA,0.14,0.17,NA,NA,NA,NA,NA,NA,NA,NA,NA,NA,NA,UFJA2101_3,10,UFJA2101,3,WFREC,2021,NWG 2730,0,71.5
2021-06-15,4.7,NA,22,0,24,71,NA,0.16,0.19,NA,NA,NA,NA,NA,NA,NA,NA,NA,NA,NA,UFJA2101_3,10,UFJA2101,3,WFREC,2021,NWG 2730,0,71.5
2021-06-16,5,NA,27,0,28,82,NA,0.17,0.2,NA,NA,NA,NA,NA,NA,NA,NA,NA,NA,NA,UFJA2101_3,10,UFJA2101,3,WFREC,2021,NWG 2730,0,71.5
2021-06-17,5.3,NA,32,0,32,94,NA,0.19,0.2,NA,NA,NA,NA,NA,NA,NA,NA,NA,NA,NA,UFJA2101_3,10,UFJA2101,3,WFREC,2021,NWG 2730,0,71.5
2021-06-18,5.6,NA,36,0,34,102,NA,0.21,0.2,NA,NA,NA,NA,NA,NA,NA,NA,NA,NA,NA,UFJA2101_3,10,UFJA2101,3,WFREC,2021,NWG 2730,0,71.5
2021-06-19,5.9,NA,40,0,37,111,NA,0.23,0.2,NA,NA,NA,NA,NA,NA,NA,NA,NA,NA,NA,UFJA2101_3,10,UFJA2101,3,WFREC,2021,NWG 2730,0,71.5
2021-06-20,6.2,NA,50,0,41,129,NA,0.26,0.2,NA,NA,NA,NA,NA,NA,NA,NA,NA,NA,NA,UFJA2101_3,10,UFJA2101,3,WFREC,2021,NWG 2730,0,71.5
2021-06-21,6.5,NA,55,0,45,141,NA,0.28,0.2,NA,NA,NA,NA,NA,NA,NA,NA,NA,NA,NA,UFJA2101_3,10,UFJA2101,3,WFREC,2021,NWG 2730,0,71.5
2021-06-22,6.8,NA,65,0,49,158,NA,0.3,0.2,NA,NA,NA,NA,NA,NA,NA,NA,NA,NA,NA,UFJA2101_3,10,UFJA2101,3,WFREC,2021,NWG 2730,0,71.5
2021-06-23,7,NA,76,0,55,176,NA,0.33,0.2,NA,NA,NA,NA,NA,NA,NA,NA,NA,NA,NA,UFJA2101_3,10,UFJA2101,3,WFREC,2021,NWG 2730,0,71.5
2021-06-24,7.3,NA,87,0,62,195,NA,0.35,0.2,NA,NA,NA,NA,NA,NA,NA,NA,NA,NA,NA,UFJA2101_3,10,UFJA2101,3,WFREC,2021,NWG 2730,0,71.5
2021-06-25,7.6,NA,98,0,70,215,NA,0.37,0.2,NA,NA,NA,NA,NA,NA,NA,NA,NA,NA,NA,UFJA2101_3,10,UFJA2101,3,WFREC,2021,NWG 2730,0,71.5
2021-06-26,7.9,NA,111,0,75,237,NA,0.4,0.2,NA,NA,NA,NA,NA,NA,NA,NA,NA,NA,NA,UFJA2101_3,10,UFJA2101,3,WFREC,2021,NWG 2730,0,71.5
2021-06-27,8.2,NA,120,0,80,255,NA,0.42,0.2,NA,NA,NA,NA,NA,NA,NA,NA,NA,NA,NA,UFJA2101_3,10,UFJA2101,3,WFREC,2021,NWG 2730,0,71.5
2021-06-28,8.5,NA,133,0,85,278,NA,0.45,0.2,NA,NA,NA,NA,NA,NA,NA,NA,NA,NA,NA,UFJA2101_3,10,UFJA2101,3,WFREC,2021,NWG 2730,0,71.5
2021-06-29,8.8,NA,148,0,90,306,NA,0.48,0.2,NA,NA,NA,NA,NA,NA,NA,NA,0.35125,NA,NA,UFJA2101_3,10,UFJA2101,3,WFREC,2021,NWG 2730,0,71.5
2021-06-30,9.1,NA,159,0,94,327,NA,0.5,0.2,NA,NA,NA,NA,NA,NA,NA,NA,NA,NA,NA,UFJA2101_3,10,UFJA2101,3,WFREC,2021,NWG 2730,0,71.5
2021-07-01,9.4,NA,174,0,99,354,NA,0.53,0.2,NA,NA,NA,NA,NA,NA,NA,NA,NA,NA,NA,UFJA2101_3,10,UFJA2101,3,WFREC,2021,NWG 2730,0,71.5
2021-07-02,9.7,NA,188,1,104,380,NA,0.56,0.2,NA,NA,NA,NA,NA,NA,NA,NA,NA,NA,NA,UFJA2101_3,10,UFJA2101,3,WFREC,2021,NWG 2730,0,71.5
2021-07-03,10,NA,203,2,108,408,NA,0.59,0.2,NA,NA,NA,NA,NA,NA,NA,NA,NA,NA,NA,UFJA2101_3,10,UFJA2101,3,WFREC,2021,NWG 2730,0,71.5
2021-07-04,10.3,NA,217,3,113,435,NA,0.62,0.2,NA,NA,NA,NA,NA,NA,NA,NA,NA,NA,NA,UFJA2101_3,10,UFJA2101,3,WFREC,2021,NWG 2730,0,71.5
2021-07-05,10.6,NA,223,5,115,450,NA,0.65,0.2,NA,NA,NA,NA,NA,NA,NA,NA,NA,NA,NA,UFJA2101_3,10,UFJA2101,3,WFREC,2021,NWG 2730,0,71.5
2021-07-06,10.9,NA,233,7,119,469,NA,0.68,0.2,NA,NA,NA,NA,NA,NA,NA,NA,NA,NA,NA,UFJA2101_3,10,UFJA2101,3,WFREC,2021,NWG 2730,0,71.5
2021-07-07,11.2,NA,247,9,124,497,NA,0.71,0.2,NA,NA,NA,NA,NA,NA,NA,NA,NA,NA,NA,UFJA2101_3,10,UFJA2101,3,WFREC,2021,NWG 2730,0,71.5
2021-07-08,11.5,NA,264,11,129,528,NA,0.74,0.2,NA,NA,NA,NA,NA,NA,NA,NA,NA,NA,NA,UFJA2101_3,10,UFJA2101,3,WFREC,2021,NWG 2730,0,71.5
2021-07-09,11.7,NA,274,14,132,549,NA,0.77,0.2,NA,NA,NA,NA,NA,NA,NA,NA,NA,NA,NA,UFJA2101_3,10,UFJA2101,3,WFREC,2021,NWG 2730,0,71.5
2021-07-10,12,NA,286,18,136,572,NA,0.8,0.2,NA,NA,NA,NA,NA,NA,NA,NA,NA,NA,NA,UFJA2101_3,10,UFJA2101,3,WFREC,2021,NWG 2730,0,71.5
2021-07-11,12.3,NA,301,22,138,598,NA,0.83,0.2,NA,NA,NA,NA,NA,NA,NA,NA,NA,NA,NA,UFJA2101_3,10,UFJA2101,3,WFREC,2021,NWG 2730,0,71.5
2021-07-12,12.6,NA,327,25,143,637,NA,0.86,0.2,NA,NA,NA,NA,NA,NA,NA,NA,NA,NA,NA,UFJA2101_3,10,UFJA2101,3,WFREC,2021,NWG 2730,0,71.5
2021-07-13,12.8,NA,347,30,151,669,NA,0.89,0.2,NA,NA,NA,NA,NA,NA,NA,NA,NA,NA,NA,UFJA2101_3,10,UFJA2101,3,WFREC,2021,NWG 2730,0,71.5
2021-07-14,13.1,NA,368,34,160,703,NA,0.91,0.2,NA,NA,NA,335.85,NA,61.894999999999996,624.9,NA,0.6796666666666666,NA,NA,UFJA2101_3,10,UFJA2101,3,WFREC,2021,NWG 2730,0,71.5
2021-07-15,13.3,NA,382,39,167,730,NA,0.93,0.2,NA,NA,NA,NA,NA,NA,NA,NA,NA,NA,NA,UFJA2101_3,10,UFJA2101,3,WFREC,2021,NWG 2730,0,71.5
2021-07-16,13.6,NA,397,45,169,758,NA,0.95,0.2,NA,NA,NA,NA,NA,NA,NA,NA,NA,NA,NA,UFJA2101_3,10,UFJA2101,3,WFREC,2021,NWG 2730,0,71.5
2021-07-17,13.8,NA,410,51,174,784,NA,0.97,0.2,NA,NA,NA,NA,NA,NA,NA,NA,NA,NA,NA,UFJA2101_3,10,UFJA2101,3,WFREC,2021,NWG 2730,0,71.5
2021-07-18,14.1,NA,417,57,176,803,NA,0.99,0.2,NA,NA,NA,NA,NA,NA,NA,NA,NA,NA,NA,UFJA2101_3,10,UFJA2101,3,WFREC,2021,NWG 2730,0,71.5
2021-07-19,14.4,NA,423,64,178,821,NA,1.01,0.2,NA,NA,NA,NA,NA,NA,NA,NA,NA,NA,NA,UFJA2101_3,10,UFJA2101,3,WFREC,2021,NWG 2730,0,71.5
2021-07-20,14.6,NA,435,71,179,845,NA,1.03,0.2,NA,NA,NA,NA,NA,NA,NA,NA,NA,NA,NA,UFJA2101_3,10,UFJA2101,3,WFREC,2021,NWG 2730,0,71.5
2021-07-21,14.8,NA,445,78,183,868,NA,1.04,0.2,NA,NA,NA,NA,NA,NA,NA,NA,NA,NA,NA,UFJA2101_3,10,UFJA2101,3,WFREC,2021,NWG 2730,0,71.5
2021-07-22,15.1,NA,462,85,186,898,NA,1.06,0.2,NA,NA,NA,NA,NA,NA,NA,NA,NA,NA,NA,UFJA2101_3,10,UFJA2101,3,WFREC,2021,NWG 2730,0,71.5
2021-07-23,15.3,NA,471,92,190,920,NA,1.07,0.2,NA,NA,NA,NA,NA,NA,NA,NA,NA,NA,NA,UFJA2101_3,10,UFJA2101,3,WFREC,2021,NWG 2730,0,71.5
2021-07-24,15.3,NA,483,98,192,945,NA,1.08,0.2,NA,NA,NA,NA,NA,NA,NA,NA,NA,NA,NA,UFJA2101_3,10,UFJA2101,3,WFREC,2021,NWG 2730,0,71.5
2021-07-25,15.3,NA,491,105,195,965,NA,1.1,0.2,NA,NA,NA,469.4,NA,NA,819.675,NA,NA,NA,NA,UFJA2101_3,10,UFJA2101,3,WFREC,2021,NWG 2730,0,71.5
2021-07-26,15.3,NA,502,111,198,989,NA,1.11,0.2,NA,NA,NA,NA,NA,NA,NA,NA,NA,NA,NA,UFJA2101_3,10,UFJA2101,3,WFREC,2021,NWG 2730,0,71.5
2021-07-27,15.3,NA,511,118,201,1010,NA,1.12,0.2,NA,NA,NA,NA,NA,NA,NA,NA,NA,NA,NA,UFJA2101_3,10,UFJA2101,3,WFREC,2021,NWG 2730,0,71.5
2021-07-28,15.3,NA,518,124,204,1028,NA,1.14,0.2,NA,NA,NA,NA,NA,NA,NA,NA,NA,NA,NA,UFJA2101_3,10,UFJA2101,3,WFREC,2021,NWG 2730,0,71.5
2021-07-29,15.3,NA,529,130,208,1052,NA,1.14,0.2,NA,NA,NA,NA,NA,NA,NA,NA,NA,NA,NA,UFJA2101_3,10,UFJA2101,3,WFREC,2021,NWG 2730,0,71.5
2021-07-30,15.3,NA,542,136,212,1065,NA,1.14,0.2,NA,NA,NA,NA,NA,NA,NA,NA,NA,NA,NA,UFJA2101_3,10,UFJA2101,3,WFREC,2021,NWG 2730,0,71.5
2021-07-31,15.3,NA,549,142,215,1070,NA,1.14,0.2,NA,NA,NA,NA,NA,NA,NA,NA,NA,NA,NA,UFJA2101_3,10,UFJA2101,3,WFREC,2021,NWG 2730,0,71.5
2021-08-01,15.3,NA,562,148,218,1084,NA,1.14,0.2,NA,NA,NA,NA,NA,NA,NA,NA,NA,NA,NA,UFJA2101_3,10,UFJA2101,3,WFREC,2021,NWG 2730,0,71.5
2021-08-02,15.3,NA,565,153,220,1082,NA,1.14,0.2,NA,NA,NA,NA,NA,NA,NA,NA,NA,NA,NA,UFJA2101_3,10,UFJA2101,3,WFREC,2021,NWG 2730,0,71.5
2021-08-03,15.3,NA,569,159,222,1084,NA,1.14,0.2,NA,NA,NA,NA,NA,NA,NA,NA,NA,NA,NA,UFJA2101_3,10,UFJA2101,3,WFREC,2021,NWG 2730,0,71.5
2021-08-04,15.3,NA,573,164,223,1085,NA,1.14,0.2,NA,NA,NA,NA,NA,NA,NA,NA,NA,NA,NA,UFJA2101_3,10,UFJA2101,3,WFREC,2021,NWG 2730,0,71.5
2021-08-05,15.3,NA,584,169,226,1094,NA,1.14,0.2,NA,NA,NA,NA,NA,NA,NA,NA,NA,NA,NA,UFJA2101_3,10,UFJA2101,3,WFREC,2021,NWG 2730,0,71.5
2021-08-06,15.3,NA,589,173,229,1097,NA,1.14,0.2,NA,NA,NA,NA,NA,NA,NA,NA,NA,NA,NA,UFJA2101_3,10,UFJA2101,3,WFREC,2021,NWG 2730,0,71.5
2021-08-07,15.3,NA,593,177,230,1097,NA,1.14,0.2,NA,NA,NA,NA,NA,NA,NA,NA,NA,NA,NA,UFJA2101_3,10,UFJA2101,3,WFREC,2021,NWG 2730,0,71.5
2021-08-08,15.3,NA,597,180,232,1098,NA,1.14,0.2,NA,NA,NA,NA,NA,NA,NA,NA,NA,NA,NA,UFJA2101_3,10,UFJA2101,3,WFREC,2021,NWG 2730,0,71.5
2021-08-09,15.3,NA,600,183,233,1098,NA,1.14,0.2,NA,NA,NA,NA,NA,NA,NA,NA,NA,NA,NA,UFJA2101_3,10,UFJA2101,3,WFREC,2021,NWG 2730,0,71.5
2021-08-10,15.3,NA,602,186,234,1096,NA,1.14,0.2,NA,NA,NA,NA,NA,NA,NA,NA,NA,NA,NA,UFJA2101_3,10,UFJA2101,3,WFREC,2021,NWG 2730,0,71.5
2021-08-11,15.3,NA,606,189,235,1097,NA,1.14,0.2,NA,NA,NA,NA,NA,NA,NA,NA,NA,NA,NA,UFJA2101_3,10,UFJA2101,3,WFREC,2021,NWG 2730,0,71.5
2021-08-12,15.3,NA,604,191,234,1090,NA,1.14,0.2,NA,NA,NA,NA,NA,NA,NA,NA,NA,NA,NA,UFJA2101_3,10,UFJA2101,3,WFREC,2021,NWG 2730,0,71.5
2021-08-13,15.3,NA,609,192,236,1092,NA,1.14,0.2,NA,NA,NA,NA,NA,NA,NA,NA,NA,NA,NA,UFJA2101_3,10,UFJA2101,3,WFREC,2021,NWG 2730,0,71.5
2021-08-14,15.3,NA,613,194,237,1093,NA,1.14,0.2,NA,NA,NA,546.25,NA,142.89999999999998,1069.6,NA,NA,NA,NA,UFJA2101_3,10,UFJA2101,3,WFREC,2021,NWG 2730,0,71.5
2021-08-15,15.3,NA,621,195,239,1098,NA,1.14,0.2,NA,NA,NA,NA,NA,NA,NA,NA,NA,NA,NA,UFJA2101_3,10,UFJA2101,3,WFREC,2021,NWG 2730,0,71.5
2021-08-16,15.3,NA,623,196,240,1096,NA,1.14,0.2,NA,NA,NA,NA,NA,NA,NA,NA,NA,NA,NA,UFJA2101_3,10,UFJA2101,3,WFREC,2021,NWG 2730,0,71.5
2021-08-17,15.3,NA,629,196,242,1099,NA,1.14,0.2,NA,NA,NA,NA,NA,NA,NA,NA,NA,NA,NA,UFJA2101_3,10,UFJA2101,3,WFREC,2021,NWG 2730,0,71.5
2021-08-18,15.3,NA,632,197,242,1098,NA,1.14,0.2,NA,NA,NA,NA,NA,NA,NA,NA,NA,NA,NA,UFJA2101_3,10,UFJA2101,3,WFREC,2021,NWG 2730,0,71.5
2021-08-19,15.3,NA,638,197,243,1101,NA,1.14,0.2,NA,NA,NA,NA,NA,NA,NA,NA,NA,NA,NA,UFJA2101_3,10,UFJA2101,3,WFREC,2021,NWG 2730,0,71.5
2021-08-20,15.3,NA,639,197,244,1097,NA,1.14,0.2,NA,NA,NA,NA,NA,NA,NA,NA,NA,NA,NA,UFJA2101_3,10,UFJA2101,3,WFREC,2021,NWG 2730,0,71.5
2021-08-21,15.3,NA,643,197,244,1097,NA,1.14,0.2,NA,NA,NA,NA,NA,NA,NA,NA,NA,NA,NA,UFJA2101_3,10,UFJA2101,3,WFREC,2021,NWG 2730,0,71.5
2021-08-22,15.3,NA,649,197,246,1101,NA,1.14,0.2,NA,NA,NA,NA,NA,NA,NA,NA,NA,NA,NA,UFJA2101_3,10,UFJA2101,3,WFREC,2021,NWG 2730,0,71.5
2021-08-23,15.3,NA,653,197,247,1102,NA,1.14,0.2,NA,NA,NA,NA,NA,NA,NA,NA,NA,NA,NA,UFJA2101_3,10,UFJA2101,3,WFREC,2021,NWG 2730,0,71.5
2021-08-24,15.3,NA,660,197,248,1107,NA,1.14,0.2,NA,NA,NA,NA,NA,NA,NA,NA,NA,NA,NA,UFJA2101_3,10,UFJA2101,3,WFREC,2021,NWG 2730,0,71.5
2021-08-25,15.3,NA,666,197,250,1111,NA,1.14,0.2,NA,NA,NA,NA,NA,NA,NA,NA,NA,NA,NA,UFJA2101_3,10,UFJA2101,3,WFREC,2021,NWG 2730,0,71.5
2021-08-26,15.3,NA,673,197,251,1117,NA,1.14,0.2,NA,15,NA,NA,67.925,NA,NA,NA,NA,NA,NA,UFJA2101_3,10,UFJA2101,3,WFREC,2021,NWG 2730,0,71.5
2021-05-26,0,NA,0,0,0,0,NA,0,0,NA,NA,NA,NA,NA,NA,NA,NA,NA,NA,NA,UFJA2101_4,11,UFJA2101,4,WFREC,2021,NWG 2730,112,71.5
2021-05-27,0,NA,0,0,0,0,NA,0,0,NA,NA,NA,NA,NA,NA,NA,NA,NA,NA,NA,UFJA2101_4,11,UFJA2101,4,WFREC,2021,NWG 2730,112,71.5
2021-05-28,0,NA,0,0,0,0,NA,0,0,NA,NA,NA,NA,NA,NA,NA,NA,NA,NA,NA,UFJA2101_4,11,UFJA2101,4,WFREC,2021,NWG 2730,112,71.5
2021-05-29,0,NA,0,0,0,0,NA,0,0,NA,NA,NA,NA,NA,NA,NA,NA,NA,NA,NA,UFJA2101_4,11,UFJA2101,4,WFREC,2021,NWG 2730,112,71.5
2021-05-30,0,NA,2,0,3,5,NA,0.02,0.03,NA,NA,NA,NA,NA,NA,NA,NA,NA,NA,NA,UFJA2101_4,11,UFJA2101,4,WFREC,2021,NWG 2730,112,71.5
2021-05-31,0.3,NA,2,0,4,6,NA,0.02,0.03,NA,NA,NA,NA,NA,NA,NA,NA,NA,NA,NA,UFJA2101_4,11,UFJA2101,4,WFREC,2021,NWG 2730,112,71.5
2021-06-01,0.6,NA,2,0,4,8,NA,0.02,0.04,NA,NA,NA,NA,NA,NA,NA,NA,NA,NA,NA,UFJA2101_4,11,UFJA2101,4,WFREC,2021,NWG 2730,112,71.5
2021-06-02,0.9,NA,2,0,4,9,NA,0.02,0.05,NA,NA,NA,NA,NA,NA,NA,NA,NA,NA,NA,UFJA2101_4,11,UFJA2101,4,WFREC,2021,NWG 2730,112,71.5
2021-06-03,1.2,NA,2,0,4,11,NA,0.03,0.06,NA,NA,NA,NA,NA,NA,NA,NA,NA,NA,NA,UFJA2101_4,11,UFJA2101,4,WFREC,2021,NWG 2730,112,71.5
2021-06-04,1.5,NA,2,0,4,13,NA,0.04,0.07,NA,NA,NA,NA,NA,NA,NA,NA,NA,NA,NA,UFJA2101_4,11,UFJA2101,4,WFREC,2021,NWG 2730,112,71.5
2021-06-05,1.8,NA,3,0,5,15,NA,0.04,0.08,NA,NA,NA,NA,NA,NA,NA,NA,NA,NA,NA,UFJA2101_4,11,UFJA2101,4,WFREC,2021,NWG 2730,112,71.5
2021-06-06,2.1,NA,3,0,5,18,NA,0.05,0.09,NA,NA,NA,NA,NA,NA,NA,NA,NA,NA,NA,UFJA2101_4,11,UFJA2101,4,WFREC,2021,NWG 2730,112,71.5
2021-06-07,2.4,NA,4,0,6,23,NA,0.06,0.1,NA,NA,NA,NA,NA,NA,NA,NA,NA,NA,NA,UFJA2101_4,11,UFJA2101,4,WFREC,2021,NWG 2730,112,71.5
2021-06-08,2.7,NA,4,0,6,28,NA,0.07,0.11,NA,NA,NA,NA,NA,NA,NA,NA,NA,NA,NA,UFJA2101_4,11,UFJA2101,4,WFREC,2021,NWG 2730,112,71.5
2021-06-09,3,NA,5,0,8,35,NA,0.08,0.12,NA,NA,NA,NA,NA,NA,NA,NA,NA,NA,NA,UFJA2101_4,11,UFJA2101,4,WFREC,2021,NWG 2730,112,71.5
2021-06-10,3.3,NA,7,0,10,40,NA,0.09,0.13,NA,NA,NA,NA,NA,NA,NA,NA,NA,NA,NA,UFJA2101_4,11,UFJA2101,4,WFREC,2021,NWG 2730,112,71.5
2021-06-11,3.5,NA,10,0,14,47,NA,0.1,0.14,NA,NA,NA,NA,NA,NA,NA,NA,NA,NA,NA,UFJA2101_4,11,UFJA2101,4,WFREC,2021,NWG 2730,112,71.5
2021-06-12,3.8,NA,12,0,15,54,NA,0.11,0.15,NA,NA,NA,NA,NA,NA,NA,NA,NA,NA,NA,UFJA2101_4,11,UFJA2101,4,WFREC,2021,NWG 2730,112,71.5
2021-06-13,4.1,NA,16,0,18,63,NA,0.13,0.16,NA,NA,NA,NA,NA,NA,NA,NA,NA,NA,NA,UFJA2101_4,11,UFJA2101,4,WFREC,2021,NWG 2730,112,71.5
2021-06-14,4.3,NA,20,0,22,75,NA,0.14,0.18,NA,NA,NA,NA,NA,NA,NA,NA,NA,NA,NA,UFJA2101_4,11,UFJA2101,4,WFREC,2021,NWG 2730,112,71.5
2021-06-15,4.6,NA,26,0,26,88,NA,0.16,0.19,NA,NA,NA,NA,NA,NA,NA,NA,NA,NA,NA,UFJA2101_4,11,UFJA2101,4,WFREC,2021,NWG 2730,112,71.5
2021-06-16,4.9,NA,33,0,31,105,NA,0.17,0.2,NA,NA,NA,NA,NA,NA,NA,NA,NA,NA,NA,UFJA2101_4,11,UFJA2101,4,WFREC,2021,NWG 2730,112,71.5
2021-06-17,5.2,NA,41,0,38,124,NA,0.19,0.2,NA,NA,NA,NA,NA,NA,NA,NA,NA,NA,NA,UFJA2101_4,11,UFJA2101,4,WFREC,2021,NWG 2730,112,71.5
2021-06-18,5.5,NA,46,0,42,138,NA,0.21,0.2,NA,NA,NA,NA,NA,NA,NA,NA,NA,NA,NA,UFJA2101_4,11,UFJA2101,4,WFREC,2021,NWG 2730,112,71.5
2021-06-19,5.8,NA,53,0,46,153,NA,0.23,0.2,NA,NA,NA,NA,NA,NA,NA,NA,NA,NA,NA,UFJA2101_4,11,UFJA2101,4,WFREC,2021,NWG 2730,112,71.5
2021-06-20,6.1,NA,64,0,54,178,NA,0.26,0.2,NA,NA,NA,NA,NA,NA,NA,NA,NA,NA,NA,UFJA2101_4,11,UFJA2101,4,WFREC,2021,NWG 2730,112,71.5
2021-06-21,6.4,NA,73,0,60,199,NA,0.28,0.2,NA,NA,NA,NA,NA,NA,NA,NA,NA,NA,NA,UFJA2101_4,11,UFJA2101,4,WFREC,2021,NWG 2730,112,71.5
2021-06-22,6.7,NA,85,0,67,224,NA,0.31,0.2,NA,NA,NA,NA,NA,NA,NA,NA,NA,NA,NA,UFJA2101_4,11,UFJA2101,4,WFREC,2021,NWG 2730,112,71.5
2021-06-23,7,NA,100,0,76,257,NA,0.34,0.2,NA,NA,NA,NA,NA,NA,NA,NA,NA,NA,NA,UFJA2101_4,11,UFJA2101,4,WFREC,2021,NWG 2730,112,71.5
2021-06-24,7.2,NA,119,0,87,296,NA,0.36,0.2,NA,NA,NA,NA,NA,NA,NA,NA,NA,NA,NA,UFJA2101_4,11,UFJA2101,4,WFREC,2021,NWG 2730,112,71.5
2021-06-25,7.5,NA,141,0,99,340,NA,0.39,0.2,NA,NA,NA,NA,NA,NA,NA,NA,NA,NA,NA,UFJA2101_4,11,UFJA2101,4,WFREC,2021,NWG 2730,112,71.5
2021-06-26,7.8,NA,165,0,111,389,NA,0.42,0.2,NA,NA,NA,NA,NA,NA,NA,NA,NA,NA,NA,UFJA2101_4,11,UFJA2101,4,WFREC,2021,NWG 2730,112,71.5
2021-06-27,8.1,NA,185,0,121,429,NA,0.45,0.2,NA,NA,NA,NA,NA,NA,NA,NA,NA,NA,NA,UFJA2101_4,11,UFJA2101,4,WFREC,2021,NWG 2730,112,71.5
2021-06-28,8.4,NA,210,0,133,479,NA,0.47,0.2,NA,NA,NA,NA,NA,NA,NA,NA,NA,NA,NA,UFJA2101_4,11,UFJA2101,4,WFREC,2021,NWG 2730,112,71.5
2021-06-29,8.7,NA,242,0,149,540,NA,0.5,0.2,NA,NA,NA,NA,NA,NA,NA,NA,0.41274999999999995,NA,NA,UFJA2101_4,11,UFJA2101,4,WFREC,2021,NWG 2730,112,71.5
2021-06-30,9,NA,268,0,160,590,NA,0.53,0.2,NA,NA,NA,NA,NA,NA,NA,NA,NA,NA,NA,UFJA2101_4,11,UFJA2101,4,WFREC,2021,NWG 2730,112,71.5
2021-07-01,9.3,NA,302,0,175,654,NA,0.56,0.2,NA,NA,NA,NA,NA,NA,NA,NA,NA,NA,NA,UFJA2101_4,11,UFJA2101,4,WFREC,2021,NWG 2730,112,71.5
2021-07-02,9.6,NA,335,1,189,717,NA,0.59,0.2,NA,NA,NA,NA,NA,NA,NA,NA,NA,NA,NA,UFJA2101_4,11,UFJA2101,4,WFREC,2021,NWG 2730,112,71.5
2021-07-03,9.9,NA,371,3,203,785,NA,0.62,0.2,NA,NA,NA,NA,NA,NA,NA,NA,NA,NA,NA,UFJA2101_4,11,UFJA2101,4,WFREC,2021,NWG 2730,112,71.5
2021-07-04,10.2,NA,408,6,217,854,NA,0.65,0.2,NA,NA,NA,NA,NA,NA,NA,NA,NA,NA,NA,UFJA2101_4,11,UFJA2101,4,WFREC,2021,NWG 2730,112,71.5
2021-07-05,10.5,NA,422,9,221,893,NA,0.69,0.2,NA,NA,NA,NA,NA,NA,NA,NA,NA,NA,NA,UFJA2101_4,11,UFJA2101,4,WFREC,2021,NWG 2730,112,71.5
2021-07-06,10.8,NA,445,13,228,944,NA,0.72,0.2,NA,NA,NA,NA,NA,NA,NA,NA,NA,NA,NA,UFJA2101_4,11,UFJA2101,4,WFREC,2021,NWG 2730,112,71.5
2021-07-07,11.1,NA,477,19,238,1015,NA,0.75,0.2,NA,NA,NA,NA,NA,NA,NA,NA,NA,NA,NA,UFJA2101_4,11,UFJA2101,4,WFREC,2021,NWG 2730,112,71.5
2021-07-08,11.4,NA,511,26,248,1091,NA,0.78,0.2,NA,NA,NA,NA,NA,NA,NA,NA,NA,NA,NA,UFJA2101_4,11,UFJA2101,4,WFREC,2021,NWG 2730,112,71.5
2021-07-09,11.7,NA,533,35,254,1148,NA,0.81,0.2,NA,NA,NA,NA,NA,NA,NA,NA,NA,NA,NA,UFJA2101_4,11,UFJA2101,4,WFREC,2021,NWG 2730,112,71.5
2021-07-10,11.9,NA,558,45,260,1202,NA,0.84,0.2,NA,NA,NA,NA,NA,NA,NA,NA,NA,NA,NA,UFJA2101_4,11,UFJA2101,4,WFREC,2021,NWG 2730,112,71.5
2021-07-11,12.2,NA,582,56,267,1258,NA,0.87,0.2,NA,NA,NA,NA,NA,NA,NA,NA,NA,NA,NA,UFJA2101_4,11,UFJA2101,4,WFREC,2021,NWG 2730,112,71.5
2021-07-12,12.5,NA,623,69,277,1341,NA,0.9,0.2,NA,NA,NA,NA,NA,NA,NA,NA,NA,NA,NA,UFJA2101_4,11,UFJA2101,4,WFREC,2021,NWG 2730,112,71.5
2021-07-13,12.7,NA,667,83,289,1431,NA,0.93,0.2,NA,NA,NA,NA,NA,NA,NA,NA,NA,NA,NA,UFJA2101_4,11,UFJA2101,4,WFREC,2021,NWG 2730,112,71.5
2021-07-14,13,NA,717,99,302,1532,NA,0.96,0.2,NA,NA,NA,665.55,NA,389.5,1408.5,NA,0.94775,0.203,NA,UFJA2101_4,11,UFJA2101,4,WFREC,2021,NWG 2730,112,71.5
2021-07-15,13.2,NA,761,115,313,1623,NA,0.99,0.2,NA,NA,NA,NA,NA,NA,NA,NA,NA,NA,NA,UFJA2101_4,11,UFJA2101,4,WFREC,2021,NWG 2730,112,71.5
2021-07-16,13.5,NA,793,134,322,1700,NA,1.01,0.2,NA,NA,NA,NA,NA,NA,NA,NA,NA,NA,NA,UFJA2101_4,11,UFJA2101,4,WFREC,2021,NWG 2730,112,71.5
2021-07-17,13.7,NA,835,154,333,1794,NA,1.04,0.2,NA,NA,NA,NA,NA,NA,NA,NA,NA,NA,NA,UFJA2101_4,11,UFJA2101,4,WFREC,2021,NWG 2730,112,71.5
2021-07-18,14,NA,862,176,340,1866,NA,1.06,0.2,NA,NA,NA,NA,NA,NA,NA,NA,NA,NA,NA,UFJA2101_4,11,UFJA2101,4,WFREC,2021,NWG 2730,112,71.5
2021-07-19,14.3,NA,878,200,344,1924,NA,1.08,0.2,NA,NA,NA,NA,NA,NA,NA,NA,NA,NA,NA,UFJA2101_4,11,UFJA2101,4,WFREC,2021,NWG 2730,112,71.5
2021-07-20,14.5,NA,901,226,350,1994,NA,1.1,0.2,NA,NA,NA,NA,NA,NA,NA,NA,NA,NA,NA,UFJA2101_4,11,UFJA2101,4,WFREC,2021,NWG 2730,112,71.5
2021-07-21,14.7,NA,937,254,359,2085,NA,1.12,0.2,NA,NA,NA,NA,NA,NA,NA,NA,NA,NA,NA,UFJA2101_4,11,UFJA2101,4,WFREC,2021,NWG 2730,112,71.5
2021-07-22,14.9,NA,981,281,372,2190,NA,1.14,0.2,NA,NA,NA,NA,NA,NA,NA,NA,NA,NA,NA,UFJA2101_4,11,UFJA2101,4,WFREC,2021,NWG 2730,112,71.5
2021-07-23,15.1,NA,1020,310,382,2287,NA,1.15,0.2,NA,NA,NA,NA,NA,NA,NA,NA,NA,NA,NA,UFJA2101_4,11,UFJA2101,4,WFREC,2021,NWG 2730,112,71.5
2021-07-24,15.1,NA,1055,341,391,2382,NA,1.16,0.2,NA,NA,NA,NA,NA,NA,NA,NA,NA,NA,NA,UFJA2101_4,11,UFJA2101,4,WFREC,2021,NWG 2730,112,71.5
2021-07-25,15.1,NA,1094,372,402,2481,NA,1.18,0.2,NA,NA,NA,1220.25,NA,NA,2169.75,NA,NA,NA,NA,UFJA2101_4,11,UFJA2101,4,WFREC,2021,NWG 2730,112,71.5
2021-07-26,15.1,NA,1138,403,415,2582,NA,1.19,0.2,NA,NA,NA,NA,NA,NA,NA,NA,NA,NA,NA,UFJA2101_4,11,UFJA2101,4,WFREC,2021,NWG 2730,112,71.5
2021-07-27,15.1,NA,1179,436,427,2678,NA,1.21,0.2,NA,NA,NA,NA,NA,NA,NA,NA,NA,NA,NA,UFJA2101_4,11,UFJA2101,4,WFREC,2021,NWG 2730,112,71.5
2021-07-28,15.1,NA,1207,472,435,2758,NA,1.22,0.2,NA,NA,NA,NA,NA,NA,NA,NA,NA,NA,NA,UFJA2101_4,11,UFJA2101,4,WFREC,2021,NWG 2730,112,71.5
2021-07-29,15.1,NA,1254,507,451,2857,NA,1.22,0.2,NA,NA,NA,NA,154.5,NA,NA,NA,NA,NA,NA,UFJA2101_4,11,UFJA2101,4,WFREC,2021,NWG 2730,112,71.5
2021-07-30,15.1,NA,1298,542,465,2924,NA,1.22,0.2,NA,NA,NA,NA,NA,NA,NA,NA,NA,NA,NA,UFJA2101_4,11,UFJA2101,4,WFREC,2021,NWG 2730,112,71.5
2021-07-31,15.1,NA,1324,579,474,2970,NA,1.22,0.2,NA,NA,NA,NA,NA,NA,NA,NA,NA,NA,NA,UFJA2101_4,11,UFJA2101,4,WFREC,2021,NWG 2730,112,71.5
2021-08-01,15.1,NA,1365,615,488,3034,NA,1.22,0.2,NA,NA,NA,NA,NA,NA,NA,NA,NA,NA,NA,UFJA2101_4,11,UFJA2101,4,WFREC,2021,NWG 2730,112,71.5
2021-08-02,15.1,NA,1377,652,493,3058,NA,1.22,0.2,NA,NA,NA,NA,NA,NA,NA,NA,1.2854999999999999,NA,NA,UFJA2101_4,11,UFJA2101,4,WFREC,2021,NWG 2730,112,71.5
2021-08-03,15.1,NA,1395,690,500,3092,NA,1.22,0.2,NA,NA,NA,NA,NA,NA,NA,NA,NA,NA,NA,UFJA2101_4,11,UFJA2101,4,WFREC,2021,NWG 2730,112,71.5
2021-08-04,15.1,NA,1406,725,504,3116,NA,1.22,0.2,NA,NA,NA,NA,NA,NA,NA,NA,NA,NA,NA,UFJA2101_4,11,UFJA2101,4,WFREC,2021,NWG 2730,112,71.5
2021-08-05,15.1,NA,1433,759,514,3161,NA,1.22,0.2,NA,NA,NA,NA,NA,NA,NA,NA,NA,NA,NA,UFJA2101_4,11,UFJA2101,4,WFREC,2021,NWG 2730,112,71.5
2021-08-06,15.1,NA,1456,790,521,3199,NA,1.22,0.2,NA,NA,NA,NA,NA,NA,NA,NA,NA,NA,NA,UFJA2101_4,11,UFJA2101,4,WFREC,2021,NWG 2730,112,71.5
2021-08-07,15.1,NA,1474,820,527,3229,NA,1.22,0.2,NA,NA,NA,NA,NA,NA,NA,NA,NA,NA,NA,UFJA2101_4,11,UFJA2101,4,WFREC,2021,NWG 2730,112,71.5
2021-08-08,15.1,NA,1487,848,531,3252,NA,1.22,0.2,NA,NA,NA,NA,NA,NA,NA,NA,NA,NA,NA,UFJA2101_4,11,UFJA2101,4,WFREC,2021,NWG 2730,112,71.5
2021-08-09,15.1,NA,1500,874,535,3274,NA,1.22,0.2,NA,NA,NA,NA,NA,NA,NA,NA,NA,NA,NA,UFJA2101_4,11,UFJA2101,4,WFREC,2021,NWG 2730,112,71.5
2021-08-10,15.1,NA,1512,897,539,3293,NA,1.22,0.2,NA,NA,NA,NA,NA,NA,NA,NA,NA,NA,NA,UFJA2101_4,11,UFJA2101,4,WFREC,2021,NWG 2730,112,71.5
2021-08-11,15.1,NA,1523,919,543,3310,NA,1.22,0.2,NA,NA,NA,NA,NA,NA,NA,NA,NA,NA,NA,UFJA2101_4,11,UFJA2101,4,WFREC,2021,NWG 2730,112,71.5
2021-08-12,15.1,NA,1515,939,540,3298,NA,1.22,0.2,NA,NA,NA,NA,NA,NA,NA,NA,NA,NA,NA,UFJA2101_4,11,UFJA2101,4,WFREC,2021,NWG 2730,112,71.5
2021-08-13,15.1,NA,1526,955,544,3313,NA,1.22,0.2,NA,NA,NA,NA,NA,NA,NA,NA,NA,NA,NA,UFJA2101_4,11,UFJA2101,4,WFREC,2021,NWG 2730,112,71.5
2021-08-14,15.1,NA,1536,967,547,3322,NA,1.22,0.2,NA,NA,NA,1834.5,354.75,432.75,2914.5,NA,1.371,0.254,NA,UFJA2101_4,11,UFJA2101,4,WFREC,2021,NWG 2730,112,71.5
2021-08-15,15.1,NA,1552,978,551,3339,NA,1.22,0.2,NA,NA,NA,NA,NA,NA,NA,NA,NA,NA,NA,UFJA2101_4,11,UFJA2101,4,WFREC,2021,NWG 2730,112,71.5
2021-08-16,15.1,NA,1551,986,550,3328,NA,1.22,0.2,NA,NA,NA,NA,NA,NA,NA,NA,NA,NA,NA,UFJA2101_4,11,UFJA2101,4,WFREC,2021,NWG 2730,112,71.5
2021-08-17,15.1,NA,1571,991,556,3347,NA,1.22,0.2,NA,NA,NA,NA,NA,NA,NA,NA,NA,NA,NA,UFJA2101_4,11,UFJA2101,4,WFREC,2021,NWG 2730,112,71.5
2021-08-18,15.1,NA,1581,995,558,3350,NA,1.22,0.2,NA,NA,NA,NA,NA,NA,NA,NA,NA,NA,NA,UFJA2101_4,11,UFJA2101,4,WFREC,2021,NWG 2730,112,71.5
2021-08-19,15.1,NA,1596,996,561,3358,NA,1.22,0.2,NA,NA,NA,NA,NA,NA,NA,NA,NA,NA,NA,UFJA2101_4,11,UFJA2101,4,WFREC,2021,NWG 2730,112,71.5
2021-08-20,15.1,NA,1599,997,561,3348,NA,1.22,0.2,NA,NA,NA,NA,NA,NA,NA,NA,NA,NA,NA,UFJA2101_4,11,UFJA2101,4,WFREC,2021,NWG 2730,112,71.5
2021-08-21,15.1,NA,1610,997,564,3351,NA,1.22,0.2,NA,NA,NA,NA,NA,NA,NA,NA,NA,NA,NA,UFJA2101_4,11,UFJA2101,4,WFREC,2021,NWG 2730,112,71.5
2021-08-22,15.1,NA,1623,997,566,3357,NA,1.22,0.2,NA,NA,NA,NA,NA,NA,NA,NA,NA,NA,NA,UFJA2101_4,11,UFJA2101,4,WFREC,2021,NWG 2730,112,71.5
2021-08-23,15.1,NA,1633,997,568,3359,NA,1.22,0.2,NA,NA,NA,NA,NA,NA,NA,NA,NA,NA,NA,UFJA2101_4,11,UFJA2101,4,WFREC,2021,NWG 2730,112,71.5
2021-08-24,15.1,NA,1651,997,572,3372,NA,1.22,0.2,NA,NA,NA,NA,NA,NA,NA,NA,NA,NA,NA,UFJA2101_4,11,UFJA2101,4,WFREC,2021,NWG 2730,112,71.5
2021-08-25,15.1,NA,1662,997,574,3375,NA,1.22,0.2,NA,NA,NA,NA,NA,NA,NA,NA,NA,NA,NA,UFJA2101_4,11,UFJA2101,4,WFREC,2021,NWG 2730,112,71.5
2021-08-26,15.1,NA,1681,997,579,3390,NA,1.22,0.2,NA,15.75,NA,NA,332.775,NA,NA,NA,NA,NA,NA,UFJA2101_4,11,UFJA2101,4,WFREC,2021,NWG 2730,112,71.5
2022-05-13,0,NA,0,0,0,0,NA,0,0,NA,NA,NA,NA,NA,NA,NA,NA,NA,NA,NA,UFJA2201_1,12,UFJA2201,1,WFREC,2022,IH Williams,0,99.9
2022-05-14,0,NA,0,0,0,0,NA,0,0,NA,NA,NA,NA,NA,NA,NA,NA,NA,NA,NA,UFJA2201_1,12,UFJA2201,1,WFREC,2022,IH Williams,0,99.9
2022-05-15,0,NA,0,0,0,0,NA,0,0,NA,NA,NA,NA,NA,NA,NA,NA,NA,NA,NA,UFJA2201_1,12,UFJA2201,1,WFREC,2022,IH Williams,0,99.9
2022-05-16,0,NA,0,0,0,0,NA,0,0,NA,NA,NA,NA,NA,NA,NA,NA,NA,NA,NA,UFJA2201_1,12,UFJA2201,1,WFREC,2022,IH Williams,0,99.9
2022-05-17,0,NA,0,0,0,0,NA,0,0,NA,NA,NA,NA,NA,NA,NA,NA,NA,NA,NA,UFJA2201_1,12,UFJA2201,1,WFREC,2022,IH Williams,0,99.9
2022-05-18,0.3,NA,2,0,5,7,NA,0.02,0.03,NA,NA,NA,NA,NA,NA,NA,NA,NA,NA,NA,UFJA2201_1,12,UFJA2201,1,WFREC,2022,IH Williams,0,99.9
2022-05-19,0.6,NA,3,0,5,9,NA,0.02,0.04,NA,NA,NA,NA,NA,NA,NA,NA,NA,NA,NA,UFJA2201_1,12,UFJA2201,1,WFREC,2022,IH Williams,0,99.9
2022-05-20,0.9,NA,3,0,5,10,NA,0.03,0.05,NA,NA,NA,NA,NA,NA,NA,NA,NA,NA,NA,UFJA2201_1,12,UFJA2201,1,WFREC,2022,IH Williams,0,99.9
2022-05-21,1.2,NA,3,0,5,13,NA,0.04,0.06,NA,NA,NA,NA,NA,NA,NA,NA,NA,NA,NA,UFJA2201_1,12,UFJA2201,1,WFREC,2022,IH Williams,0,99.9
2022-05-22,1.5,NA,3,0,6,15,NA,0.05,0.07,NA,NA,NA,NA,NA,NA,NA,NA,NA,NA,NA,UFJA2201_1,12,UFJA2201,1,WFREC,2022,IH Williams,0,99.9
2022-05-23,1.7,NA,3,0,6,18,NA,0.06,0.08,NA,NA,NA,NA,NA,NA,NA,NA,NA,NA,NA,UFJA2201_1,12,UFJA2201,1,WFREC,2022,IH Williams,0,99.9
2022-05-24,2,NA,4,0,7,23,NA,0.07,0.09,NA,NA,NA,NA,NA,NA,NA,NA,NA,NA,NA,UFJA2201_1,12,UFJA2201,1,WFREC,2022,IH Williams,0,99.9
2022-05-25,2.3,NA,5,0,8,27,NA,0.08,0.09,NA,NA,NA,NA,NA,NA,NA,NA,NA,NA,NA,UFJA2201_1,12,UFJA2201,1,WFREC,2022,IH Williams,0,99.9
2022-05-26,2.5,NA,5,0,9,29,NA,0.09,0.1,NA,NA,NA,NA,NA,NA,NA,NA,NA,NA,NA,UFJA2201_1,12,UFJA2201,1,WFREC,2022,IH Williams,0,99.9
2022-05-27,2.8,NA,6,0,10,37,NA,0.1,0.11,NA,NA,NA,NA,NA,NA,NA,NA,NA,NA,NA,UFJA2201_1,12,UFJA2201,1,WFREC,2022,IH Williams,0,99.9
2022-05-28,3,NA,7,0,14,40,NA,0.11,0.12,NA,NA,NA,NA,NA,NA,NA,NA,0.053,NA,NA,UFJA2201_1,12,UFJA2201,1,WFREC,2022,IH Williams,0,99.9
2022-05-29,3.3,NA,9,0,16,45,NA,0.12,0.12,NA,NA,NA,NA,NA,NA,NA,NA,NA,NA,NA,UFJA2201_1,12,UFJA2201,1,WFREC,2022,IH Williams,0,99.9
2022-05-30,3.5,NA,12,0,18,53,NA,0.13,0.13,NA,NA,NA,NA,NA,NA,NA,NA,NA,NA,NA,UFJA2201_1,12,UFJA2201,1,WFREC,2022,IH Williams,0,99.9
2022-05-31,3.8,NA,14,0,20,60,NA,0.14,0.14,NA,NA,NA,NA,NA,NA,NA,NA,NA,NA,NA,UFJA2201_1,12,UFJA2201,1,WFREC,2022,IH Williams,0,99.9
2022-06-01,4,NA,17,0,22,69,NA,0.16,0.15,NA,NA,NA,NA,NA,NA,NA,NA,NA,NA,NA,UFJA2201_1,12,UFJA2201,1,WFREC,2022,IH Williams,0,99.9
2022-06-02,4.3,NA,21,0,24,78,NA,0.18,0.16,NA,NA,NA,NA,NA,NA,NA,NA,NA,NA,NA,UFJA2201_1,12,UFJA2201,1,WFREC,2022,IH Williams,0,99.9
2022-06-03,4.5,NA,25,0,27,89,NA,0.2,0.17,NA,NA,NA,NA,NA,NA,NA,NA,NA,NA,NA,UFJA2201_1,12,UFJA2201,1,WFREC,2022,IH Williams,0,99.9
2022-06-04,4.8,NA,29,0,30,100,NA,0.22,0.18,NA,NA,NA,NA,NA,NA,NA,NA,NA,NA,NA,UFJA2201_1,12,UFJA2201,1,WFREC,2022,IH Williams,0,99.9
2022-06-05,5.1,NA,34,0,33,110,NA,0.24,0.19,NA,NA,NA,NA,NA,NA,NA,NA,NA,NA,NA,UFJA2201_1,12,UFJA2201,1,WFREC,2022,IH Williams,0,99.9
2022-06-06,5.3,NA,39,0,37,122,NA,0.27,0.2,NA,NA,NA,NA,NA,NA,NA,NA,NA,NA,NA,UFJA2201_1,12,UFJA2201,1,WFREC,2022,IH Williams,0,99.9
2022-06-07,5.6,NA,45,0,42,136,NA,0.3,0.2,NA,NA,NA,NA,NA,NA,NA,NA,NA,NA,NA,UFJA2201_1,12,UFJA2201,1,WFREC,2022,IH Williams,0,99.9
2022-06-08,5.8,NA,52,0,47,151,NA,0.33,0.2,NA,NA,NA,NA,NA,NA,NA,NA,NA,NA,NA,UFJA2201_1,12,UFJA2201,1,WFREC,2022,IH Williams,0,99.9
2022-06-09,6.1,NA,58,0,51,164,NA,0.36,0.2,NA,NA,NA,NA,NA,NA,NA,NA,NA,NA,NA,UFJA2201_1,12,UFJA2201,1,WFREC,2022,IH Williams,0,99.9
2022-06-10,6.3,NA,66,0,57,180,NA,0.39,0.2,NA,NA,NA,NA,NA,NA,NA,NA,NA,NA,NA,UFJA2201_1,12,UFJA2201,1,WFREC,2022,IH Williams,0,99.9
2022-06-11,6.6,NA,76,0,64,202,NA,0.42,0.2,NA,NA,NA,NA,NA,NA,NA,NA,NA,NA,NA,UFJA2201_1,12,UFJA2201,1,WFREC,2022,IH Williams,0,99.9
2022-06-12,6.8,NA,87,0,72,225,NA,0.46,0.2,NA,NA,NA,NA,NA,NA,NA,NA,NA,NA,NA,UFJA2201_1,12,UFJA2201,1,WFREC,2022,IH Williams,0,99.9
2022-06-13,7.1,NA,99,0,81,251,NA,0.49,0.2,NA,NA,NA,NA,NA,NA,NA,NA,NA,NA,NA,UFJA2201_1,12,UFJA2201,1,WFREC,2022,IH Williams,0,99.9
2022-06-14,7.3,NA,113,0,90,281,NA,0.53,0.2,NA,NA,NA,NA,NA,NA,NA,NA,0.24525,NA,NA,UFJA2201_1,12,UFJA2201,1,WFREC,2022,IH Williams,0,99.9
2022-06-15,7.6,NA,129,0,100,316,NA,0.56,0.2,NA,NA,NA,NA,NA,NA,NA,NA,NA,NA,NA,UFJA2201_1,12,UFJA2201,1,WFREC,2022,IH Williams,0,99.9
2022-06-16,7.8,NA,146,0,111,351,NA,0.6,0.2,NA,NA,NA,NA,NA,NA,NA,NA,NA,NA,NA,UFJA2201_1,12,UFJA2201,1,WFREC,2022,IH Williams,0,99.9
2022-06-17,8,NA,165,0,122,392,NA,0.63,0.2,NA,NA,NA,NA,NA,NA,NA,NA,NA,NA,NA,UFJA2201_1,12,UFJA2201,1,WFREC,2022,IH Williams,0,99.9
2022-06-18,8.2,NA,186,0,134,436,NA,0.67,0.2,NA,NA,NA,NA,NA,NA,NA,NA,NA,NA,NA,UFJA2201_1,12,UFJA2201,1,WFREC,2022,IH Williams,0,99.9
2022-06-19,8.5,NA,209,0,147,488,NA,0.7,0.2,NA,NA,NA,NA,NA,NA,NA,NA,NA,NA,NA,UFJA2201_1,12,UFJA2201,1,WFREC,2022,IH Williams,0,99.9
2022-06-20,8.7,NA,232,0,162,533,NA,0.73,0.2,NA,NA,NA,NA,NA,NA,NA,NA,NA,NA,NA,UFJA2201_1,12,UFJA2201,1,WFREC,2022,IH Williams,0,99.9
2022-06-21,8.9,NA,260,0,177,589,NA,0.77,0.2,NA,NA,NA,NA,NA,NA,NA,NA,NA,NA,NA,UFJA2201_1,12,UFJA2201,1,WFREC,2022,IH Williams,0,99.9
2022-06-22,9.2,NA,293,0,193,650,NA,0.81,0.2,NA,NA,NA,NA,NA,NA,NA,NA,NA,NA,NA,UFJA2201_1,12,UFJA2201,1,WFREC,2022,IH Williams,0,99.9
2022-06-23,9.4,NA,330,0,208,717,NA,0.84,0.2,NA,NA,NA,NA,NA,NA,NA,NA,NA,NA,NA,UFJA2201_1,12,UFJA2201,1,WFREC,2022,IH Williams,0,99.9
2022-06-24,9.6,NA,367,0,223,782,NA,0.88,0.2,NA,NA,NA,NA,NA,NA,NA,NA,NA,NA,NA,UFJA2201_1,12,UFJA2201,1,WFREC,2022,IH Williams,0,99.9
2022-06-25,9.8,NA,392,0,238,831,NA,0.91,0.2,NA,NA,NA,NA,NA,NA,NA,NA,NA,NA,NA,UFJA2201_1,12,UFJA2201,1,WFREC,2022,IH Williams,0,99.9
2022-06-26,10.1,NA,423,0,255,890,NA,0.95,0.2,NA,NA,NA,NA,NA,NA,NA,NA,NA,NA,NA,UFJA2201_1,12,UFJA2201,1,WFREC,2022,IH Williams,0,99.9
2022-06-27,10.4,NA,474,0,274,977,NA,0.99,0.2,NA,NA,NA,NA,NA,NA,NA,NA,NA,NA,NA,UFJA2201_1,12,UFJA2201,1,WFREC,2022,IH Williams,0,99.9
2022-06-28,10.6,NA,530,0,294,1064,NA,1.03,0.2,NA,NA,NA,NA,NA,NA,NA,NA,NA,NA,NA,UFJA2201_1,12,UFJA2201,1,WFREC,2022,IH Williams,0,99.9
2022-06-29,10.9,NA,551,0,311,1101,NA,1.06,0.2,NA,NA,NA,NA,NA,NA,NA,NA,NA,NA,NA,UFJA2201_1,12,UFJA2201,1,WFREC,2022,IH Williams,0,99.9
2022-06-30,11.2,NA,598,0,327,1173,NA,1.1,0.2,NA,NA,NA,NA,NA,NA,NA,NA,NA,NA,NA,UFJA2201_1,12,UFJA2201,1,WFREC,2022,IH Williams,0,99.9
2022-07-01,11.4,NA,632,0,353,1235,NA,1.14,0.2,NA,NA,NA,NA,NA,NA,NA,NA,NA,NA,NA,UFJA2201_1,12,UFJA2201,1,WFREC,2022,IH Williams,0,99.9
2022-07-02,11.7,NA,668,0,363,1290,NA,1.19,0.2,NA,NA,NA,NA,NA,NA,NA,NA,NA,NA,NA,UFJA2201_1,12,UFJA2201,1,WFREC,2022,IH Williams,0,99.9
2022-07-03,12,NA,709,0,384,1357,NA,1.23,0.2,NA,NA,NA,NA,NA,NA,NA,NA,NA,NA,NA,UFJA2201_1,12,UFJA2201,1,WFREC,2022,IH Williams,0,99.9
2022-07-04,12.2,NA,748,0,401,1416,NA,1.27,0.2,NA,NA,NA,NA,NA,NA,NA,NA,NA,NA,NA,UFJA2201_1,12,UFJA2201,1,WFREC,2022,IH Williams,0,99.9
2022-07-05,12.5,NA,786,0,427,1483,NA,1.31,0.2,NA,NA,NA,NA,NA,NA,NA,NA,NA,NA,NA,UFJA2201_1,12,UFJA2201,1,WFREC,2022,IH Williams,0,99.9
2022-07-06,12.8,NA,862,0,448,1592,NA,1.34,0.2,NA,NA,NA,NA,NA,NA,NA,NA,NA,NA,NA,UFJA2201_1,12,UFJA2201,1,WFREC,2022,IH Williams,0,99.9
2022-07-07,13,NA,898,0,481,1654,NA,1.38,0.2,NA,NA,NA,NA,NA,NA,NA,NA,NA,NA,NA,UFJA2201_1,12,UFJA2201,1,WFREC,2022,IH Williams,0,99.9
2022-07-08,13.3,NA,980,0,502,1769,NA,1.41,0.2,NA,14,NA,1319,NA,302.1181818181818,2360.909090909091,NA,1.198357142857143,0.2675,NA,UFJA2201_1,12,UFJA2201,1,WFREC,2022,IH Williams,0,99.9
2022-07-09,13.5,NA,1013,0,534,1827,NA,1.44,0.2,NA,NA,NA,NA,NA,NA,NA,NA,NA,NA,NA,UFJA2201_1,12,UFJA2201,1,WFREC,2022,IH Williams,0,99.9
2022-07-10,13.8,NA,1089,1,555,1937,NA,1.47,0.2,NA,NA,NA,NA,NA,NA,NA,NA,NA,NA,NA,UFJA2201_1,12,UFJA2201,1,WFREC,2022,IH Williams,0,99.9
2022-07-11,14,NA,1133,3,584,2008,NA,1.5,0.2,NA,NA,NA,NA,NA,NA,NA,NA,NA,NA,NA,UFJA2201_1,12,UFJA2201,1,WFREC,2022,IH Williams,0,99.9
2022-07-12,14.3,NA,1178,4,603,2081,NA,1.52,0.2,NA,NA,NA,NA,NA,NA,NA,NA,NA,NA,NA,UFJA2201_1,12,UFJA2201,1,WFREC,2022,IH Williams,0,99.9
2022-07-13,14.5,NA,1225,7,619,2151,NA,1.54,0.2,NA,NA,NA,NA,NA,NA,NA,NA,NA,NA,NA,UFJA2201_1,12,UFJA2201,1,WFREC,2022,IH Williams,0,99.9
2022-07-14,14.8,NA,1256,9,639,2207,NA,1.57,0.2,NA,NA,NA,NA,NA,NA,NA,NA,NA,NA,NA,UFJA2201_1,12,UFJA2201,1,WFREC,2022,IH Williams,0,99.9
2022-07-15,15.1,NA,1337,12,657,2318,NA,1.59,0.2,NA,NA,NA,NA,NA,NA,NA,NA,NA,NA,NA,UFJA2201_1,12,UFJA2201,1,WFREC,2022,IH Williams,0,99.9
2022-07-16,15.3,NA,1377,16,690,2386,NA,1.6,0.2,NA,NA,NA,NA,NA,NA,NA,NA,NA,NA,NA,UFJA2201_1,12,UFJA2201,1,WFREC,2022,IH Williams,0,99.9
2022-07-17,15.6,NA,1464,20,706,2505,NA,1.62,0.2,NA,NA,NA,NA,NA,NA,NA,NA,NA,NA,NA,UFJA2201_1,12,UFJA2201,1,WFREC,2022,IH Williams,0,99.9
2022-07-18,15.8,NA,1508,25,745,2573,NA,1.63,0.2,NA,NA,NA,NA,NA,NA,NA,NA,NA,NA,NA,UFJA2201_1,12,UFJA2201,1,WFREC,2022,IH Williams,0,99.9
2022-07-19,16.1,NA,1563,30,767,2652,NA,1.64,0.2,NA,NA,NA,NA,NA,NA,NA,NA,NA,NA,NA,UFJA2201_1,12,UFJA2201,1,WFREC,2022,IH Williams,0,99.9
2022-07-20,16.3,NA,1599,36,797,2714,NA,1.65,0.2,NA,NA,NA,2083.6,NA,330.4,3461.4,NA,1.41,0.19,NA,UFJA2201_1,12,UFJA2201,1,WFREC,2022,IH Williams,0,99.9
2022-07-21,16.6,NA,1642,42,810,2788,NA,1.66,0.2,NA,NA,NA,NA,NA,NA,NA,NA,NA,NA,NA,UFJA2201_1,12,UFJA2201,1,WFREC,2022,IH Williams,0,99.9
2022-07-22,16.8,NA,1681,49,817,2855,NA,1.67,0.2,NA,NA,NA,NA,NA,NA,NA,NA,NA,NA,NA,UFJA2201_1,12,UFJA2201,1,WFREC,2022,IH Williams,0,99.9
2022-07-23,17.1,NA,1727,56,824,2924,NA,1.68,0.2,NA,NA,NA,NA,NA,NA,NA,NA,NA,NA,NA,UFJA2201_1,12,UFJA2201,1,WFREC,2022,IH Williams,0,99.9
2022-07-24,17.3,NA,1790,63,840,3008,NA,1.69,0.2,NA,NA,NA,NA,NA,NA,NA,NA,NA,NA,NA,UFJA2201_1,12,UFJA2201,1,WFREC,2022,IH Williams,0,99.9
2022-07-25,17.6,NA,1815,72,867,3048,NA,1.7,0.2,NA,NA,NA,NA,NA,NA,NA,NA,NA,NA,NA,UFJA2201_1,12,UFJA2201,1,WFREC,2022,IH Williams,0,99.9
2022-07-26,17.8,NA,1861,81,893,3118,NA,1.7,0.2,NA,NA,NA,NA,NA,NA,NA,NA,NA,NA,NA,UFJA2201_1,12,UFJA2201,1,WFREC,2022,IH Williams,0,99.9
2022-07-27,18,NA,1915,90,914,3195,NA,1.71,0.2,NA,NA,NA,NA,NA,NA,NA,NA,NA,NA,NA,UFJA2201_1,12,UFJA2201,1,WFREC,2022,IH Williams,0,99.9
2022-07-28,18.3,NA,1931,99,938,3229,NA,1.71,0.2,NA,NA,NA,NA,NA,NA,NA,NA,NA,NA,NA,UFJA2201_1,12,UFJA2201,1,WFREC,2022,IH Williams,0,99.9
2022-07-29,18.5,NA,1966,109,951,3284,NA,1.72,0.2,NA,21.25,NA,NA,NA,NA,NA,NA,1.697,NA,NA,UFJA2201_1,12,UFJA2201,1,WFREC,2022,IH Williams,0,99.9
2022-07-30,18.7,NA,2017,118,967,3357,NA,1.72,0.2,NA,NA,NA,NA,NA,NA,NA,NA,NA,NA,NA,UFJA2201_1,12,UFJA2201,1,WFREC,2022,IH Williams,0,99.9
2022-07-31,19,NA,2045,127,991,3404,NA,1.73,0.2,NA,NA,NA,NA,NA,NA,NA,NA,NA,NA,NA,UFJA2201_1,12,UFJA2201,1,WFREC,2022,IH Williams,0,99.9
2022-08-01,19.2,NA,2063,137,1008,3439,NA,1.73,0.2,NA,NA,NA,NA,NA,NA,NA,NA,NA,NA,NA,UFJA2201_1,12,UFJA2201,1,WFREC,2022,IH Williams,0,99.9
2022-08-02,19.4,NA,2052,146,1010,3440,NA,1.74,0.2,NA,NA,NA,NA,NA,NA,NA,NA,NA,NA,NA,UFJA2201_1,12,UFJA2201,1,WFREC,2022,IH Williams,0,99.9
2022-08-03,19.7,NA,2084,155,1015,3495,NA,1.74,0.2,NA,NA,NA,NA,NA,NA,NA,NA,NA,NA,NA,UFJA2201_1,12,UFJA2201,1,WFREC,2022,IH Williams,0,99.9
2022-08-04,19.9,NA,2107,165,1030,3545,NA,1.75,0.2,NA,NA,NA,NA,NA,NA,NA,NA,NA,NA,NA,UFJA2201_1,12,UFJA2201,1,WFREC,2022,IH Williams,0,99.9
2022-08-05,20.1,NA,2168,173,1034,3627,NA,1.75,0.2,NA,NA,NA,NA,NA,NA,NA,NA,NA,NA,NA,UFJA2201_1,12,UFJA2201,1,WFREC,2022,IH Williams,0,99.9
2022-08-06,20.3,NA,2169,182,1059,3640,NA,1.76,0.2,NA,NA,NA,NA,NA,NA,NA,NA,NA,NA,NA,UFJA2201_1,12,UFJA2201,1,WFREC,2022,IH Williams,0,99.9
2022-08-07,20.6,NA,2220,190,1067,3709,NA,1.76,0.2,NA,NA,NA,NA,NA,NA,NA,NA,NA,NA,NA,UFJA2201_1,12,UFJA2201,1,WFREC,2022,IH Williams,0,99.9
2022-08-08,20.8,NA,2207,199,1077,3704,NA,1.76,0.2,NA,NA,NA,2818,NA,NA,4318.5,NA,1.5150000000000001,NA,NA,UFJA2201_1,12,UFJA2201,1,WFREC,2022,IH Williams,0,99.9
2022-08-09,21,NA,2227,207,1083,3747,NA,1.77,0.2,NA,NA,NA,NA,NA,NA,NA,NA,NA,NA,NA,UFJA2201_1,12,UFJA2201,1,WFREC,2022,IH Williams,0,99.9
2022-08-10,21.3,NA,2228,215,1088,3765,NA,1.77,0.2,NA,NA,NA,NA,NA,NA,NA,NA,NA,NA,NA,UFJA2201_1,12,UFJA2201,1,WFREC,2022,IH Williams,0,99.9
2022-08-11,21.5,NA,2264,223,1089,3816,NA,1.78,0.2,NA,NA,NA,NA,NA,NA,NA,NA,NA,NA,NA,UFJA2201_1,12,UFJA2201,1,WFREC,2022,IH Williams,0,99.9
2022-08-12,21.7,NA,2268,230,1101,3827,NA,1.78,0.2,NA,NA,NA,NA,NA,NA,NA,NA,NA,NA,NA,UFJA2201_1,12,UFJA2201,1,WFREC,2022,IH Williams,0,99.9
2022-08-13,22,NA,2287,237,1116,3856,NA,1.78,0.2,NA,NA,NA,NA,NA,NA,NA,NA,NA,NA,NA,UFJA2201_1,12,UFJA2201,1,WFREC,2022,IH Williams,0,99.9
2022-08-14,22.2,NA,2283,244,1137,3863,NA,1.79,0.2,NA,NA,NA,NA,NA,NA,NA,NA,NA,NA,NA,UFJA2201_1,12,UFJA2201,1,WFREC,2022,IH Williams,0,99.9
2022-08-15,22.2,NA,2292,250,1143,3886,NA,1.79,0.2,NA,NA,NA,NA,NA,NA,NA,NA,NA,NA,NA,UFJA2201_1,12,UFJA2201,1,WFREC,2022,IH Williams,0,99.9
2022-08-16,22.2,NA,2301,255,1149,3908,NA,1.8,0.2,NA,NA,NA,NA,NA,NA,NA,NA,NA,NA,NA,UFJA2201_1,12,UFJA2201,1,WFREC,2022,IH Williams,0,99.9
2022-08-17,22.2,NA,2320,261,1158,3939,NA,1.8,0.2,NA,NA,NA,NA,NA,NA,NA,NA,NA,NA,NA,UFJA2201_1,12,UFJA2201,1,WFREC,2022,IH Williams,0,99.9
2022-08-18,22.2,NA,2293,267,1157,3917,NA,1.8,0.2,NA,NA,NA,NA,NA,NA,NA,NA,NA,NA,NA,UFJA2201_1,12,UFJA2201,1,WFREC,2022,IH Williams,0,99.9
2022-08-19,22.2,NA,2297,273,1155,3932,NA,1.8,0.2,NA,NA,NA,NA,NA,NA,NA,NA,NA,NA,NA,UFJA2201_1,12,UFJA2201,1,WFREC,2022,IH Williams,0,99.9
2022-08-20,22.2,NA,2301,278,1158,3951,NA,1.8,0.2,NA,NA,NA,NA,NA,NA,NA,NA,NA,NA,NA,UFJA2201_1,12,UFJA2201,1,WFREC,2022,IH Williams,0,99.9
2022-08-21,22.2,NA,2305,283,1159,3962,NA,1.8,0.2,NA,NA,NA,NA,NA,NA,NA,NA,NA,NA,NA,UFJA2201_1,12,UFJA2201,1,WFREC,2022,IH Williams,0,99.9
2022-08-22,22.2,NA,2298,288,1166,3958,NA,1.8,0.2,NA,NA,NA,NA,NA,NA,NA,NA,NA,NA,NA,UFJA2201_1,12,UFJA2201,1,WFREC,2022,IH Williams,0,99.9
2022-08-23,22.2,NA,2285,292,1170,3948,NA,1.8,0.2,NA,NA,NA,NA,NA,NA,NA,NA,NA,NA,NA,UFJA2201_1,12,UFJA2201,1,WFREC,2022,IH Williams,0,99.9
2022-08-24,22.2,NA,2269,297,1171,3935,NA,1.8,0.2,NA,NA,NA,NA,NA,NA,NA,NA,NA,NA,NA,UFJA2201_1,12,UFJA2201,1,WFREC,2022,IH Williams,0,99.9
2022-08-25,22.2,NA,2245,301,1164,3911,NA,1.8,0.2,NA,NA,NA,NA,NA,NA,NA,NA,NA,NA,NA,UFJA2201_1,12,UFJA2201,1,WFREC,2022,IH Williams,0,99.9
2022-08-26,22.2,NA,2254,305,1165,3926,NA,1.8,0.2,NA,NA,NA,NA,NA,NA,NA,NA,NA,NA,NA,UFJA2201_1,12,UFJA2201,1,WFREC,2022,IH Williams,0,99.9
2022-08-27,22.2,NA,2246,308,1175,3922,NA,1.8,0.2,NA,NA,NA,NA,NA,NA,NA,NA,NA,NA,NA,UFJA2201_1,12,UFJA2201,1,WFREC,2022,IH Williams,0,99.9
2022-08-28,22.2,NA,2248,311,1176,3937,NA,1.8,0.2,NA,NA,NA,NA,NA,NA,NA,NA,NA,NA,NA,UFJA2201_1,12,UFJA2201,1,WFREC,2022,IH Williams,0,99.9
2022-08-29,22.2,NA,2252,315,1176,3950,NA,1.8,0.2,NA,24.4,NA,3270.2,NA,340.42,4833.4,NA,1.645,0.2175,NA,UFJA2201_1,12,UFJA2201,1,WFREC,2022,IH Williams,0,99.9
2022-05-13,0,NA,0,0,0,0,NA,0,0,NA,NA,NA,NA,NA,NA,NA,NA,NA,NA,NA,UFJA2201_2,13,UFJA2201,2,WFREC,2022,IH Williams,280,71.9
2022-05-14,0,NA,0,0,0,0,NA,0,0,NA,NA,NA,NA,NA,NA,NA,NA,NA,NA,NA,UFJA2201_2,13,UFJA2201,2,WFREC,2022,IH Williams,280,71.9
2022-05-15,0,NA,0,0,0,0,NA,0,0,NA,NA,NA,NA,NA,NA,NA,NA,NA,NA,NA,UFJA2201_2,13,UFJA2201,2,WFREC,2022,IH Williams,280,71.9
2022-05-16,0,NA,0,0,0,0,NA,0,0,NA,NA,NA,NA,NA,NA,NA,NA,NA,NA,NA,UFJA2201_2,13,UFJA2201,2,WFREC,2022,IH Williams,280,71.9
2022-05-17,0,NA,0,0,0,0,NA,0,0,NA,NA,NA,NA,NA,NA,NA,NA,NA,NA,NA,UFJA2201_2,13,UFJA2201,2,WFREC,2022,IH Williams,280,71.9
2022-05-18,0.3,NA,2,0,3,5,NA,0.02,0.03,NA,NA,NA,NA,NA,NA,NA,NA,NA,NA,NA,UFJA2201_2,13,UFJA2201,2,WFREC,2022,IH Williams,280,71.9
2022-05-19,0.6,NA,2,0,4,6,NA,0.02,0.04,NA,NA,NA,NA,NA,NA,NA,NA,NA,NA,NA,UFJA2201_2,13,UFJA2201,2,WFREC,2022,IH Williams,280,71.9
2022-05-20,0.9,NA,2,0,4,7,NA,0.03,0.05,NA,NA,NA,NA,NA,NA,NA,NA,NA,NA,NA,UFJA2201_2,13,UFJA2201,2,WFREC,2022,IH Williams,280,71.9
2022-05-21,1.2,NA,2,0,4,9,NA,0.04,0.06,NA,NA,NA,NA,NA,NA,NA,NA,NA,NA,NA,UFJA2201_2,13,UFJA2201,2,WFREC,2022,IH Williams,280,71.9
2022-05-22,1.5,NA,2,0,4,10,NA,0.05,0.07,NA,NA,NA,NA,NA,NA,NA,NA,NA,NA,NA,UFJA2201_2,13,UFJA2201,2,WFREC,2022,IH Williams,280,71.9
2022-05-23,1.7,NA,2,0,4,12,NA,0.06,0.08,NA,NA,NA,NA,NA,NA,NA,NA,NA,NA,NA,UFJA2201_2,13,UFJA2201,2,WFREC,2022,IH Williams,280,71.9
2022-05-24,2,NA,3,0,5,16,NA,0.07,0.09,NA,NA,NA,NA,NA,NA,NA,NA,NA,NA,NA,UFJA2201_2,13,UFJA2201,2,WFREC,2022,IH Williams,280,71.9
2022-05-25,2.3,NA,3,0,5,19,NA,0.08,0.09,NA,NA,NA,NA,NA,NA,NA,NA,NA,NA,NA,UFJA2201_2,13,UFJA2201,2,WFREC,2022,IH Williams,280,71.9
2022-05-26,2.5,NA,3,0,5,21,NA,0.09,0.1,NA,NA,NA,NA,NA,NA,NA,NA,NA,NA,NA,UFJA2201_2,13,UFJA2201,2,WFREC,2022,IH Williams,280,71.9
2022-05-27,2.7,NA,4,0,8,25,NA,0.1,0.11,NA,NA,NA,NA,NA,NA,NA,NA,NA,NA,NA,UFJA2201_2,13,UFJA2201,2,WFREC,2022,IH Williams,280,71.9
2022-05-28,2.9,NA,4,0,9,31,NA,0.11,0.12,NA,NA,NA,NA,NA,NA,NA,NA,0.06125,NA,NA,UFJA2201_2,13,UFJA2201,2,WFREC,2022,IH Williams,280,71.9
2022-05-29,3.2,NA,6,0,11,37,NA,0.12,0.12,NA,NA,NA,NA,NA,NA,NA,NA,NA,NA,NA,UFJA2201_2,13,UFJA2201,2,WFREC,2022,IH Williams,280,71.9
2022-05-30,3.4,NA,10,0,14,46,NA,0.13,0.13,NA,NA,NA,NA,NA,NA,NA,NA,NA,NA,NA,UFJA2201_2,13,UFJA2201,2,WFREC,2022,IH Williams,280,71.9
2022-05-31,3.7,NA,13,0,17,54,NA,0.15,0.15,NA,NA,NA,NA,NA,NA,NA,NA,NA,NA,NA,UFJA2201_2,13,UFJA2201,2,WFREC,2022,IH Williams,280,71.9
2022-06-01,3.9,NA,18,0,21,66,NA,0.17,0.16,NA,NA,NA,NA,NA,NA,NA,NA,NA,NA,NA,UFJA2201_2,13,UFJA2201,2,WFREC,2022,IH Williams,280,71.9
2022-06-02,4.2,NA,23,0,25,78,NA,0.19,0.17,NA,NA,NA,NA,NA,NA,NA,NA,NA,NA,NA,UFJA2201_2,13,UFJA2201,2,WFREC,2022,IH Williams,280,71.9
2022-06-03,4.4,NA,29,0,30,94,NA,0.21,0.18,NA,NA,NA,NA,NA,NA,NA,NA,NA,NA,NA,UFJA2201_2,13,UFJA2201,2,WFREC,2022,IH Williams,280,71.9
2022-06-04,4.7,NA,36,0,36,112,NA,0.23,0.19,NA,NA,NA,NA,NA,NA,NA,NA,NA,NA,NA,UFJA2201_2,13,UFJA2201,2,WFREC,2022,IH Williams,280,71.9
2022-06-05,5,NA,44,0,42,131,NA,0.26,0.2,NA,NA,NA,NA,NA,NA,NA,NA,NA,NA,NA,UFJA2201_2,13,UFJA2201,2,WFREC,2022,IH Williams,280,71.9
2022-06-06,5.2,NA,54,0,49,154,NA,0.28,0.2,NA,NA,NA,NA,NA,NA,NA,NA,NA,NA,NA,UFJA2201_2,13,UFJA2201,2,WFREC,2022,IH Williams,280,71.9
2022-06-07,5.5,NA,65,0,58,182,NA,0.31,0.2,NA,NA,NA,NA,NA,NA,NA,NA,NA,NA,NA,UFJA2201_2,13,UFJA2201,2,WFREC,2022,IH Williams,280,71.9
2022-06-08,5.7,NA,78,0,68,213,NA,0.34,0.2,NA,NA,NA,NA,NA,NA,NA,NA,NA,NA,NA,UFJA2201_2,13,UFJA2201,2,WFREC,2022,IH Williams,280,71.9
2022-06-09,6,NA,90,0,76,240,NA,0.37,0.2,NA,NA,NA,NA,NA,NA,NA,NA,NA,NA,NA,UFJA2201_2,13,UFJA2201,2,WFREC,2022,IH Williams,280,71.9
2022-06-10,6.2,NA,105,0,87,274,NA,0.4,0.2,NA,NA,NA,NA,NA,NA,NA,NA,NA,NA,NA,UFJA2201_2,13,UFJA2201,2,WFREC,2022,IH Williams,280,71.9
2022-06-11,6.5,NA,125,0,101,319,NA,0.43,0.2,NA,NA,NA,NA,NA,NA,NA,NA,NA,NA,NA,UFJA2201_2,13,UFJA2201,2,WFREC,2022,IH Williams,280,71.9
2022-06-12,6.7,NA,146,0,116,368,NA,0.47,0.2,NA,NA,NA,NA,NA,NA,NA,NA,NA,NA,NA,UFJA2201_2,13,UFJA2201,2,WFREC,2022,IH Williams,280,71.9
2022-06-13,7,NA,170,0,133,420,NA,0.5,0.2,NA,NA,NA,NA,NA,NA,NA,NA,NA,NA,NA,UFJA2201_2,13,UFJA2201,2,WFREC,2022,IH Williams,280,71.9
2022-06-14,7.2,NA,198,0,153,484,NA,0.54,0.2,NA,NA,NA,NA,NA,NA,NA,NA,0.31675,NA,NA,UFJA2201_2,13,UFJA2201,2,WFREC,2022,IH Williams,280,71.9
2022-06-15,7.5,NA,231,0,175,555,NA,0.57,0.2,NA,NA,NA,NA,NA,NA,NA,NA,NA,NA,NA,UFJA2201_2,13,UFJA2201,2,WFREC,2022,IH Williams,280,71.9
2022-06-16,7.7,NA,265,0,199,629,NA,0.61,0.2,NA,NA,NA,NA,NA,NA,NA,NA,NA,NA,NA,UFJA2201_2,13,UFJA2201,2,WFREC,2022,IH Williams,280,71.9
2022-06-17,7.9,NA,304,0,226,713,NA,0.64,0.2,NA,NA,NA,NA,NA,NA,NA,NA,NA,NA,NA,UFJA2201_2,13,UFJA2201,2,WFREC,2022,IH Williams,280,71.9
2022-06-18,8.1,NA,347,0,255,803,NA,0.68,0.2,NA,NA,NA,NA,NA,NA,NA,NA,NA,NA,NA,UFJA2201_2,13,UFJA2201,2,WFREC,2022,IH Williams,280,71.9
2022-06-19,8.4,NA,395,0,287,905,NA,0.71,0.2,NA,NA,NA,NA,NA,NA,NA,NA,NA,NA,NA,UFJA2201_2,13,UFJA2201,2,WFREC,2022,IH Williams,280,71.9
2022-06-20,8.6,NA,442,0,318,1002,NA,0.75,0.2,NA,NA,NA,NA,NA,NA,NA,NA,NA,NA,NA,UFJA2201_2,13,UFJA2201,2,WFREC,2022,IH Williams,280,71.9
2022-06-21,8.8,NA,499,0,355,1119,NA,0.78,0.2,NA,NA,NA,NA,NA,NA,NA,NA,NA,NA,NA,UFJA2201_2,13,UFJA2201,2,WFREC,2022,IH Williams,280,71.9
2022-06-22,9.1,NA,561,0,394,1240,NA,0.82,0.2,NA,NA,NA,NA,NA,NA,NA,NA,NA,NA,NA,UFJA2201_2,13,UFJA2201,2,WFREC,2022,IH Williams,280,71.9
2022-06-23,9.3,NA,627,0,435,1367,NA,0.85,0.2,NA,NA,NA,NA,NA,NA,NA,NA,NA,NA,NA,UFJA2201_2,13,UFJA2201,2,WFREC,2022,IH Williams,280,71.9
2022-06-24,9.5,NA,690,0,473,1489,NA,0.89,0.2,NA,NA,NA,NA,NA,NA,NA,NA,NA,NA,NA,UFJA2201_2,13,UFJA2201,2,WFREC,2022,IH Williams,280,71.9
2022-06-25,9.7,NA,732,0,493,1578,NA,0.92,0.2,NA,NA,NA,NA,NA,NA,NA,NA,NA,NA,NA,UFJA2201_2,13,UFJA2201,2,WFREC,2022,IH Williams,280,71.9
2022-06-26,10,NA,786,0,521,1690,NA,0.96,0.2,NA,NA,NA,NA,NA,NA,NA,NA,NA,NA,NA,UFJA2201_2,13,UFJA2201,2,WFREC,2022,IH Williams,280,71.9
2022-06-27,10.3,NA,864,0,562,1839,NA,1,0.2,NA,NA,NA,NA,NA,NA,NA,NA,NA,NA,NA,UFJA2201_2,13,UFJA2201,2,WFREC,2022,IH Williams,280,71.9
2022-06-28,10.5,NA,939,0,599,1978,NA,1.04,0.2,NA,NA,NA,NA,NA,NA,NA,NA,NA,NA,NA,UFJA2201_2,13,UFJA2201,2,WFREC,2022,IH Williams,280,71.9
2022-06-29,10.8,NA,982,0,617,2053,NA,1.09,0.2,NA,NA,NA,NA,NA,NA,NA,NA,NA,NA,NA,UFJA2201_2,13,UFJA2201,2,WFREC,2022,IH Williams,280,71.9
2022-06-30,11.1,NA,1041,0,643,2159,NA,1.13,0.2,NA,NA,NA,NA,NA,NA,NA,NA,NA,NA,NA,UFJA2201_2,13,UFJA2201,2,WFREC,2022,IH Williams,280,71.9
2022-07-01,11.3,NA,1110,0,673,2282,NA,1.18,0.2,NA,NA,NA,NA,NA,NA,NA,NA,NA,NA,NA,UFJA2201_2,13,UFJA2201,2,WFREC,2022,IH Williams,280,71.9
2022-07-02,11.6,NA,1152,0,688,2354,NA,1.24,0.2,NA,NA,NA,NA,NA,NA,NA,NA,NA,NA,NA,UFJA2201_2,13,UFJA2201,2,WFREC,2022,IH Williams,280,71.9
2022-07-03,11.9,NA,1215,0,712,2464,NA,1.29,0.2,NA,NA,NA,NA,NA,NA,NA,NA,NA,NA,NA,UFJA2201_2,13,UFJA2201,2,WFREC,2022,IH Williams,280,71.9
2022-07-04,12.1,NA,1265,0,730,2552,NA,1.35,0.2,NA,NA,NA,NA,NA,NA,NA,NA,NA,NA,NA,UFJA2201_2,13,UFJA2201,2,WFREC,2022,IH Williams,280,71.9
2022-07-05,12.4,NA,1340,0,758,2684,NA,1.4,0.2,NA,NA,NA,NA,NA,NA,NA,NA,NA,NA,NA,UFJA2201_2,13,UFJA2201,2,WFREC,2022,IH Williams,280,71.9
2022-07-06,12.7,NA,1433,0,793,2848,NA,1.44,0.2,NA,NA,NA,NA,NA,NA,NA,NA,NA,NA,NA,UFJA2201_2,13,UFJA2201,2,WFREC,2022,IH Williams,280,71.9
2022-07-07,12.9,NA,1518,0,823,2995,NA,1.49,0.2,NA,NA,NA,NA,NA,NA,NA,NA,NA,NA,NA,UFJA2201_2,13,UFJA2201,2,WFREC,2022,IH Williams,280,71.9
2022-07-08,13.2,NA,1619,0,859,3169,NA,1.53,0.2,NA,16,NA,2793.6666666666665,NA,1436.725,4320.333333333333,NA,1.632125,0.4,NA,UFJA2201_2,13,UFJA2201,2,WFREC,2022,IH Williams,280,71.9
2022-07-09,13.4,NA,1706,1,888,3314,NA,1.57,0.2,NA,NA,NA,NA,NA,NA,NA,NA,NA,NA,NA,UFJA2201_2,13,UFJA2201,2,WFREC,2022,IH Williams,280,71.9
2022-07-10,13.6,NA,1807,3,921,3485,NA,1.61,0.2,NA,NA,NA,NA,NA,NA,NA,NA,NA,NA,NA,UFJA2201_2,13,UFJA2201,2,WFREC,2022,IH Williams,280,71.9
2022-07-11,13.9,NA,1888,6,946,3620,NA,1.65,0.2,NA,NA,NA,NA,NA,NA,NA,NA,NA,NA,NA,UFJA2201_2,13,UFJA2201,2,WFREC,2022,IH Williams,280,71.9
2022-07-12,14.2,NA,1959,10,965,3739,NA,1.69,0.2,NA,NA,NA,NA,NA,NA,NA,NA,NA,NA,NA,UFJA2201_2,13,UFJA2201,2,WFREC,2022,IH Williams,280,71.9
2022-07-13,14.4,NA,2023,15,981,3849,NA,1.73,0.2,NA,NA,NA,NA,NA,NA,NA,NA,NA,NA,NA,UFJA2201_2,13,UFJA2201,2,WFREC,2022,IH Williams,280,71.9
2022-07-14,14.7,NA,2087,21,996,3959,NA,1.77,0.2,NA,NA,NA,NA,NA,NA,NA,NA,NA,NA,NA,UFJA2201_2,13,UFJA2201,2,WFREC,2022,IH Williams,280,71.9
2022-07-15,15,NA,2197,28,1026,4144,NA,1.8,0.2,NA,NA,NA,NA,NA,NA,NA,NA,NA,NA,NA,UFJA2201_2,13,UFJA2201,2,WFREC,2022,IH Williams,280,71.9
2022-07-16,15.2,NA,2309,36,1056,4332,NA,1.83,0.2,NA,NA,NA,NA,NA,NA,NA,NA,NA,NA,NA,UFJA2201_2,13,UFJA2201,2,WFREC,2022,IH Williams,280,71.9
2022-07-17,15.5,NA,2424,45,1086,4524,NA,1.85,0.2,NA,NA,NA,NA,NA,NA,NA,NA,NA,NA,NA,UFJA2201_2,13,UFJA2201,2,WFREC,2022,IH Williams,280,71.9
2022-07-18,15.7,NA,2539,55,1115,4715,NA,1.87,0.2,NA,NA,NA,NA,NA,NA,NA,NA,NA,NA,NA,UFJA2201_2,13,UFJA2201,2,WFREC,2022,IH Williams,280,71.9
2022-07-19,16,NA,2624,65,1133,4859,NA,1.89,0.2,NA,NA,NA,NA,NA,NA,NA,NA,NA,NA,NA,UFJA2201_2,13,UFJA2201,2,WFREC,2022,IH Williams,280,71.9
2022-07-20,16.2,NA,2727,76,1156,5033,NA,1.91,0.2,NA,NA,NA,4283.333333333333,NA,1295,5807.25,NA,1.8466666666666667,0.43,NA,UFJA2201_2,13,UFJA2201,2,WFREC,2022,IH Williams,280,71.9
2022-07-21,16.5,NA,2823,89,1177,5195,NA,1.92,0.2,NA,NA,NA,NA,NA,NA,NA,NA,NA,NA,NA,UFJA2201_2,13,UFJA2201,2,WFREC,2022,IH Williams,280,71.9
2022-07-22,16.7,NA,2899,102,1192,5328,NA,1.94,0.2,NA,NA,NA,NA,NA,NA,NA,NA,NA,NA,NA,UFJA2201_2,13,UFJA2201,2,WFREC,2022,IH Williams,280,71.9
2022-07-23,17,NA,2961,117,1203,5438,NA,1.96,0.2,NA,NA,NA,NA,NA,NA,NA,NA,NA,NA,NA,UFJA2201_2,13,UFJA2201,2,WFREC,2022,IH Williams,280,71.9
2022-07-24,17.2,NA,3058,133,1224,5604,NA,1.98,0.2,NA,NA,NA,NA,NA,NA,NA,NA,NA,NA,NA,UFJA2201_2,13,UFJA2201,2,WFREC,2022,IH Williams,280,71.9
2022-07-25,17.5,NA,3135,150,1240,5743,NA,1.99,0.2,NA,NA,NA,NA,NA,NA,NA,NA,NA,NA,NA,UFJA2201_2,13,UFJA2201,2,WFREC,2022,IH Williams,280,71.9
2022-07-26,17.7,NA,3246,169,1267,5923,NA,2.01,0.2,NA,NA,NA,NA,NA,NA,NA,NA,NA,NA,NA,UFJA2201_2,13,UFJA2201,2,WFREC,2022,IH Williams,280,71.9
2022-07-27,17.9,NA,3365,189,1296,6115,NA,2.02,0.2,NA,NA,NA,NA,NA,NA,NA,NA,NA,NA,NA,UFJA2201_2,13,UFJA2201,2,WFREC,2022,IH Williams,280,71.9
2022-07-28,18.2,NA,3452,210,1316,6273,NA,2.03,0.2,NA,NA,NA,NA,NA,NA,NA,NA,NA,NA,NA,UFJA2201_2,13,UFJA2201,2,WFREC,2022,IH Williams,280,71.9
2022-07-29,18.4,NA,3542,234,1337,6430,NA,2.04,0.2,NA,26.333333333333332,NA,NA,NA,NA,NA,NA,2.3826666666666667,NA,NA,UFJA2201_2,13,UFJA2201,2,WFREC,2022,IH Williams,280,71.9
2022-07-30,18.7,NA,3671,257,1371,6633,NA,2.05,0.2,NA,NA,NA,NA,NA,NA,NA,NA,NA,NA,NA,UFJA2201_2,13,UFJA2201,2,WFREC,2022,IH Williams,280,71.9
2022-07-31,18.9,NA,3806,281,1407,6841,NA,2.06,0.2,NA,NA,NA,NA,NA,NA,NA,NA,NA,NA,NA,UFJA2201_2,13,UFJA2201,2,WFREC,2022,IH Williams,280,71.9
2022-08-01,19.1,NA,3894,305,1429,6986,NA,2.07,0.2,NA,NA,NA,NA,NA,NA,NA,NA,NA,NA,NA,UFJA2201_2,13,UFJA2201,2,WFREC,2022,IH Williams,280,71.9
2022-08-02,19.4,NA,3908,329,1428,7038,NA,2.09,0.2,NA,NA,NA,NA,NA,NA,NA,NA,NA,NA,NA,UFJA2201_2,13,UFJA2201,2,WFREC,2022,IH Williams,280,71.9
2022-08-03,19.6,NA,4010,354,1455,7205,NA,2.1,0.2,NA,NA,NA,NA,NA,NA,NA,NA,NA,NA,NA,UFJA2201_2,13,UFJA2201,2,WFREC,2022,IH Williams,280,71.9
2022-08-04,19.9,NA,4149,380,1493,7412,NA,2.11,0.2,NA,NA,NA,NA,NA,NA,NA,NA,NA,NA,NA,UFJA2201_2,13,UFJA2201,2,WFREC,2022,IH Williams,280,71.9
2022-08-05,20.1,NA,4278,406,1528,7603,NA,2.11,0.2,NA,NA,NA,NA,NA,NA,NA,NA,NA,NA,NA,UFJA2201_2,13,UFJA2201,2,WFREC,2022,IH Williams,280,71.9
2022-08-06,20.3,NA,4387,431,1559,7771,NA,2.12,0.2,NA,NA,NA,NA,NA,NA,NA,NA,NA,NA,NA,UFJA2201_2,13,UFJA2201,2,WFREC,2022,IH Williams,280,71.9
2022-08-07,20.5,NA,4516,458,1595,7965,NA,2.13,0.2,NA,NA,NA,NA,NA,NA,NA,NA,NA,NA,NA,UFJA2201_2,13,UFJA2201,2,WFREC,2022,IH Williams,280,71.9
2022-08-08,20.8,NA,4556,487,1605,8044,NA,2.14,0.2,NA,19.5,NA,5191,NA,NA,8369,NA,2.375,NA,NA,UFJA2201_2,13,UFJA2201,2,WFREC,2022,IH Williams,280,71.9
2022-08-09,21,NA,4672,516,1637,8225,NA,2.15,0.2,NA,NA,NA,NA,NA,NA,NA,NA,NA,NA,NA,UFJA2201_2,13,UFJA2201,2,WFREC,2022,IH Williams,280,71.9
2022-08-10,21.3,NA,4727,545,1651,8328,NA,2.16,0.2,NA,NA,NA,NA,NA,NA,NA,NA,NA,NA,NA,UFJA2201_2,13,UFJA2201,2,WFREC,2022,IH Williams,280,71.9
2022-08-11,21.5,NA,4815,575,1675,8470,NA,2.17,0.2,NA,NA,NA,NA,NA,NA,NA,NA,NA,NA,NA,UFJA2201_2,13,UFJA2201,2,WFREC,2022,IH Williams,280,71.9
2022-08-12,21.8,NA,4873,605,1690,8582,NA,2.18,0.2,NA,NA,NA,NA,NA,NA,NA,NA,NA,NA,NA,UFJA2201_2,13,UFJA2201,2,WFREC,2022,IH Williams,280,71.9
2022-08-13,22,NA,4982,635,1721,8753,NA,2.18,0.2,NA,NA,NA,NA,NA,NA,NA,NA,NA,NA,NA,UFJA2201_2,13,UFJA2201,2,WFREC,2022,IH Williams,280,71.9
2022-08-14,22.2,NA,5096,665,1754,8926,NA,2.19,0.2,NA,NA,NA,NA,NA,NA,NA,NA,NA,NA,NA,UFJA2201_2,13,UFJA2201,2,WFREC,2022,IH Williams,280,71.9
2022-08-15,22.2,NA,5197,694,1784,9085,NA,2.2,0.2,NA,NA,NA,NA,NA,NA,NA,NA,NA,NA,NA,UFJA2201_2,13,UFJA2201,2,WFREC,2022,IH Williams,280,71.9
2022-08-16,22.2,NA,5288,723,1811,9228,NA,2.21,0.2,NA,NA,NA,NA,NA,NA,NA,NA,NA,NA,NA,UFJA2201_2,13,UFJA2201,2,WFREC,2022,IH Williams,280,71.9
2022-08-17,22.2,NA,5388,754,1839,9393,NA,2.21,0.2,NA,NA,NA,NA,NA,NA,NA,NA,NA,NA,NA,UFJA2201_2,13,UFJA2201,2,WFREC,2022,IH Williams,280,71.9
2022-08-18,22.2,NA,5373,788,1834,9395,NA,2.23,0.2,NA,NA,NA,NA,NA,NA,NA,NA,NA,NA,NA,UFJA2201_2,13,UFJA2201,2,WFREC,2022,IH Williams,280,71.9
2022-08-19,22.2,NA,5411,823,1845,9478,NA,2.23,0.2,NA,NA,NA,NA,NA,NA,NA,NA,NA,NA,NA,UFJA2201_2,13,UFJA2201,2,WFREC,2022,IH Williams,280,71.9
2022-08-20,22.2,NA,5494,856,1868,9618,NA,2.23,0.2,NA,NA,NA,NA,NA,NA,NA,NA,NA,NA,NA,UFJA2201_2,13,UFJA2201,2,WFREC,2022,IH Williams,280,71.9
2022-08-21,22.2,NA,5516,891,1874,9677,NA,2.23,0.2,NA,NA,NA,NA,NA,NA,NA,NA,NA,NA,NA,UFJA2201_2,13,UFJA2201,2,WFREC,2022,IH Williams,280,71.9
2022-08-22,22.2,NA,5537,926,1879,9730,NA,2.23,0.2,NA,NA,NA,NA,NA,NA,NA,NA,NA,NA,NA,UFJA2201_2,13,UFJA2201,2,WFREC,2022,IH Williams,280,71.9
2022-08-23,22.2,NA,5537,963,1879,9755,NA,2.23,0.2,NA,NA,NA,NA,NA,NA,NA,NA,NA,NA,NA,UFJA2201_2,13,UFJA2201,2,WFREC,2022,IH Williams,280,71.9
2022-08-24,22.2,NA,5547,1000,1881,9791,NA,2.23,0.2,NA,NA,NA,NA,NA,NA,NA,NA,NA,NA,NA,UFJA2201_2,13,UFJA2201,2,WFREC,2022,IH Williams,280,71.9
2022-08-25,22.2,NA,5526,1032,1862,9749,NA,2.23,0.2,NA,NA,NA,NA,NA,NA,NA,NA,NA,NA,NA,UFJA2201_2,13,UFJA2201,2,WFREC,2022,IH Williams,280,71.9
2022-08-26,22.2,NA,5568,1069,1873,9833,NA,2.23,0.2,NA,NA,NA,NA,NA,NA,NA,NA,NA,NA,NA,UFJA2201_2,13,UFJA2201,2,WFREC,2022,IH Williams,280,71.9
2022-08-27,22.2,NA,5651,1106,1897,9963,NA,2.23,0.2,NA,NA,NA,NA,NA,NA,NA,NA,NA,NA,NA,UFJA2201_2,13,UFJA2201,2,WFREC,2022,IH Williams,280,71.9
2022-08-28,22.2,NA,5742,1143,1924,10103,NA,2.23,0.2,NA,NA,NA,NA,NA,NA,NA,NA,NA,NA,NA,UFJA2201_2,13,UFJA2201,2,WFREC,2022,IH Williams,280,71.9
2022-08-29,22.2,NA,5835,1180,1951,10240,NA,2.23,0.2,NA,24.5,NA,7652.75,NA,1257.2,10045,NA,2.8125,0.51375,NA,UFJA2201_2,13,UFJA2201,2,WFREC,2022,IH Williams,280,71.9
2022-05-13,0,NA,0,0,0,0,NA,0,0,NA,NA,NA,NA,NA,NA,NA,NA,NA,NA,NA,UFJA2201_3,14,UFJA2201,3,WFREC,2022,NWG 2730,0,69.8
2022-05-14,0,NA,0,0,0,0,NA,0,0,NA,NA,NA,NA,NA,NA,NA,NA,NA,NA,NA,UFJA2201_3,14,UFJA2201,3,WFREC,2022,NWG 2730,0,69.8
2022-05-15,0,NA,0,0,0,0,NA,0,0,NA,NA,NA,NA,NA,NA,NA,NA,NA,NA,NA,UFJA2201_3,14,UFJA2201,3,WFREC,2022,NWG 2730,0,69.8
2022-05-16,0,NA,0,0,0,0,NA,0,0,NA,NA,NA,NA,NA,NA,NA,NA,NA,NA,NA,UFJA2201_3,14,UFJA2201,3,WFREC,2022,NWG 2730,0,69.8
2022-05-17,0,NA,0,0,0,0,NA,0,0,NA,NA,NA,NA,NA,NA,NA,NA,NA,NA,NA,UFJA2201_3,14,UFJA2201,3,WFREC,2022,NWG 2730,0,69.8
2022-05-18,0.3,NA,2,0,3,5,NA,0.02,0.03,NA,NA,NA,NA,NA,NA,NA,NA,NA,NA,NA,UFJA2201_3,14,UFJA2201,3,WFREC,2022,NWG 2730,0,69.8
2022-05-19,0.6,NA,2,0,3,6,NA,0.02,0.04,NA,NA,NA,NA,NA,NA,NA,NA,NA,NA,NA,UFJA2201_3,14,UFJA2201,3,WFREC,2022,NWG 2730,0,69.8
2022-05-20,0.9,NA,2,0,4,7,NA,0.03,0.05,NA,NA,NA,NA,NA,NA,NA,NA,NA,NA,NA,UFJA2201_3,14,UFJA2201,3,WFREC,2022,NWG 2730,0,69.8
2022-05-21,1.2,NA,2,0,4,9,NA,0.03,0.06,NA,NA,NA,NA,NA,NA,NA,NA,NA,NA,NA,UFJA2201_3,14,UFJA2201,3,WFREC,2022,NWG 2730,0,69.8
2022-05-22,1.5,NA,2,0,4,10,NA,0.04,0.07,NA,NA,NA,NA,NA,NA,NA,NA,NA,NA,NA,UFJA2201_3,14,UFJA2201,3,WFREC,2022,NWG 2730,0,69.8
2022-05-23,1.8,NA,2,0,4,12,NA,0.05,0.08,NA,NA,NA,NA,NA,NA,NA,NA,NA,NA,NA,UFJA2201_3,14,UFJA2201,3,WFREC,2022,NWG 2730,0,69.8
2022-05-24,2.1,NA,3,0,5,16,NA,0.05,0.09,NA,NA,NA,NA,NA,NA,NA,NA,NA,NA,NA,UFJA2201_3,14,UFJA2201,3,WFREC,2022,NWG 2730,0,69.8
2022-05-25,2.4,NA,3,0,5,18,NA,0.06,0.1,NA,NA,NA,NA,NA,NA,NA,NA,NA,NA,NA,UFJA2201_3,14,UFJA2201,3,WFREC,2022,NWG 2730,0,69.8
2022-05-26,2.7,NA,3,0,6,20,NA,0.07,0.11,NA,NA,NA,NA,NA,NA,NA,NA,NA,NA,NA,UFJA2201_3,14,UFJA2201,3,WFREC,2022,NWG 2730,0,69.8
2022-05-27,3,NA,4,0,7,25,NA,0.08,0.12,NA,NA,NA,NA,NA,NA,NA,NA,NA,NA,NA,UFJA2201_3,14,UFJA2201,3,WFREC,2022,NWG 2730,0,69.8
2022-05-28,3.2,NA,5,0,9,28,NA,0.08,0.12,NA,NA,NA,NA,NA,NA,NA,NA,0.0345,NA,NA,UFJA2201_3,14,UFJA2201,3,WFREC,2022,NWG 2730,0,69.8
2022-05-29,3.5,NA,6,0,11,31,NA,0.09,0.13,NA,NA,NA,NA,NA,NA,NA,NA,NA,NA,NA,UFJA2201_3,14,UFJA2201,3,WFREC,2022,NWG 2730,0,69.8
2022-05-30,3.8,NA,8,0,12,36,NA,0.1,0.14,NA,NA,NA,NA,NA,NA,NA,NA,NA,NA,NA,UFJA2201_3,14,UFJA2201,3,WFREC,2022,NWG 2730,0,69.8
2022-05-31,4.1,NA,10,0,13,41,NA,0.12,0.15,NA,NA,NA,NA,NA,NA,NA,NA,NA,NA,NA,UFJA2201_3,14,UFJA2201,3,WFREC,2022,NWG 2730,0,69.8
2022-06-01,4.4,NA,12,0,15,48,NA,0.13,0.16,NA,NA,NA,NA,NA,NA,NA,NA,NA,NA,NA,UFJA2201_3,14,UFJA2201,3,WFREC,2022,NWG 2730,0,69.8
2022-06-02,4.6,NA,14,0,16,54,NA,0.14,0.17,NA,NA,NA,NA,NA,NA,NA,NA,NA,NA,NA,UFJA2201_3,14,UFJA2201,3,WFREC,2022,NWG 2730,0,69.8
2022-06-03,4.9,NA,17,0,18,61,NA,0.16,0.19,NA,NA,NA,NA,NA,NA,NA,NA,NA,NA,NA,UFJA2201_3,14,UFJA2201,3,WFREC,2022,NWG 2730,0,69.8
2022-06-04,5.2,NA,20,0,20,69,NA,0.18,0.2,NA,NA,NA,NA,NA,NA,NA,NA,NA,NA,NA,UFJA2201_3,14,UFJA2201,3,WFREC,2022,NWG 2730,0,69.8
2022-06-05,5.5,NA,24,0,23,76,NA,0.2,0.2,NA,NA,NA,NA,NA,NA,NA,NA,NA,NA,NA,UFJA2201_3,14,UFJA2201,3,WFREC,2022,NWG 2730,0,69.8
2022-06-06,5.8,NA,28,0,25,84,NA,0.22,0.2,NA,NA,NA,NA,NA,NA,NA,NA,NA,NA,NA,UFJA2201_3,14,UFJA2201,3,WFREC,2022,NWG 2730,0,69.8
2022-06-07,6.1,NA,32,0,29,94,NA,0.24,0.2,NA,NA,NA,NA,NA,NA,NA,NA,NA,NA,NA,UFJA2201_3,14,UFJA2201,3,WFREC,2022,NWG 2730,0,69.8
2022-06-08,6.3,NA,37,0,32,105,NA,0.26,0.2,NA,NA,NA,NA,NA,NA,NA,NA,NA,NA,NA,UFJA2201_3,14,UFJA2201,3,WFREC,2022,NWG 2730,0,69.8
2022-06-09,6.6,NA,42,0,35,114,NA,0.29,0.2,NA,NA,NA,NA,NA,NA,NA,NA,NA,NA,NA,UFJA2201_3,14,UFJA2201,3,WFREC,2022,NWG 2730,0,69.8
2022-06-10,6.9,NA,47,0,38,125,NA,0.31,0.2,NA,NA,NA,NA,NA,NA,NA,NA,NA,NA,NA,UFJA2201_3,14,UFJA2201,3,WFREC,2022,NWG 2730,0,69.8
2022-06-11,7.2,NA,55,0,42,141,NA,0.34,0.2,NA,NA,NA,NA,NA,NA,NA,NA,NA,NA,NA,UFJA2201_3,14,UFJA2201,3,WFREC,2022,NWG 2730,0,69.8
2022-06-12,7.5,NA,64,0,47,158,NA,0.37,0.2,NA,NA,NA,NA,NA,NA,NA,NA,NA,NA,NA,UFJA2201_3,14,UFJA2201,3,WFREC,2022,NWG 2730,0,69.8
2022-06-13,7.8,NA,73,0,52,175,NA,0.39,0.2,NA,NA,NA,NA,NA,NA,NA,NA,NA,NA,NA,UFJA2201_3,14,UFJA2201,3,WFREC,2022,NWG 2730,0,69.8
2022-06-14,8,NA,84,0,58,197,NA,0.42,0.2,NA,NA,NA,NA,NA,NA,NA,NA,0.1895,NA,NA,UFJA2201_3,14,UFJA2201,3,WFREC,2022,NWG 2730,0,69.8
2022-06-15,8.3,NA,96,0,64,221,NA,0.44,0.2,NA,NA,NA,NA,NA,NA,NA,NA,NA,NA,NA,UFJA2201_3,14,UFJA2201,3,WFREC,2022,NWG 2730,0,69.8
2022-06-16,8.5,NA,109,0,70,246,NA,0.47,0.2,NA,NA,NA,NA,NA,NA,NA,NA,NA,NA,NA,UFJA2201_3,14,UFJA2201,3,WFREC,2022,NWG 2730,0,69.8
2022-06-17,8.8,NA,123,0,76,274,NA,0.5,0.2,NA,NA,NA,NA,NA,NA,NA,NA,NA,NA,NA,UFJA2201_3,14,UFJA2201,3,WFREC,2022,NWG 2730,0,69.8
2022-06-18,9,NA,139,0,83,303,NA,0.52,0.2,NA,NA,NA,NA,NA,NA,NA,NA,NA,NA,NA,UFJA2201_3,14,UFJA2201,3,WFREC,2022,NWG 2730,0,69.8
2022-06-19,9.3,NA,157,1,91,338,NA,0.55,0.2,NA,NA,NA,NA,NA,NA,NA,NA,NA,NA,NA,UFJA2201_3,14,UFJA2201,3,WFREC,2022,NWG 2730,0,69.8
2022-06-20,9.5,NA,173,1,97,367,NA,0.57,0.2,NA,NA,NA,NA,NA,NA,NA,NA,NA,NA,NA,UFJA2201_3,14,UFJA2201,3,WFREC,2022,NWG 2730,0,69.8
2022-06-21,9.8,NA,193,2,105,404,NA,0.6,0.2,NA,NA,NA,NA,NA,NA,NA,NA,NA,NA,NA,UFJA2201_3,14,UFJA2201,3,WFREC,2022,NWG 2730,0,69.8
2022-06-22,10,NA,214,3,113,443,NA,0.63,0.2,NA,NA,NA,NA,NA,NA,NA,NA,NA,NA,NA,UFJA2201_3,14,UFJA2201,3,WFREC,2022,NWG 2730,0,69.8
2022-06-23,10.3,NA,236,4,122,484,NA,0.66,0.2,NA,NA,NA,NA,NA,NA,NA,NA,NA,NA,NA,UFJA2201_3,14,UFJA2201,3,WFREC,2022,NWG 2730,0,69.8
2022-06-24,10.5,NA,257,6,129,522,NA,0.68,0.2,NA,NA,NA,NA,NA,NA,NA,NA,NA,NA,NA,UFJA2201_3,14,UFJA2201,3,WFREC,2022,NWG 2730,0,69.8
2022-06-25,10.8,NA,272,8,134,555,NA,0.71,0.2,NA,NA,NA,NA,NA,NA,NA,NA,NA,NA,NA,UFJA2201_3,14,UFJA2201,3,WFREC,2022,NWG 2730,0,69.8
2022-06-26,11.1,NA,291,10,140,591,NA,0.74,0.2,NA,NA,NA,NA,NA,NA,NA,NA,NA,NA,NA,UFJA2201_3,14,UFJA2201,3,WFREC,2022,NWG 2730,0,69.8
2022-06-27,11.3,NA,320,13,149,643,NA,0.77,0.2,NA,NA,NA,NA,NA,NA,NA,NA,NA,NA,NA,UFJA2201_3,14,UFJA2201,3,WFREC,2022,NWG 2730,0,69.8
2022-06-28,11.6,NA,346,17,157,690,NA,0.8,0.2,NA,NA,NA,NA,NA,NA,NA,NA,NA,NA,NA,UFJA2201_3,14,UFJA2201,3,WFREC,2022,NWG 2730,0,69.8
2022-06-29,11.9,NA,357,21,160,718,NA,0.83,0.2,NA,NA,NA,NA,NA,NA,NA,NA,NA,NA,NA,UFJA2201_3,14,UFJA2201,3,WFREC,2022,NWG 2730,0,69.8
2022-06-30,12.2,NA,376,26,165,757,NA,0.86,0.2,NA,NA,NA,NA,NA,NA,NA,NA,NA,NA,NA,UFJA2201_3,14,UFJA2201,3,WFREC,2022,NWG 2730,0,69.8
2022-07-01,12.5,NA,398,31,171,800,NA,0.89,0.2,NA,NA,NA,NA,NA,NA,NA,NA,NA,NA,NA,UFJA2201_3,14,UFJA2201,3,WFREC,2022,NWG 2730,0,69.8
2022-07-02,12.7,NA,408,37,173,827,NA,0.92,0.2,NA,NA,NA,NA,NA,NA,NA,NA,NA,NA,NA,UFJA2201_3,14,UFJA2201,3,WFREC,2022,NWG 2730,0,69.8
2022-07-03,13,NA,426,45,178,866,NA,0.95,0.2,NA,NA,NA,NA,NA,NA,NA,NA,NA,NA,NA,UFJA2201_3,14,UFJA2201,3,WFREC,2022,NWG 2730,0,69.8
2022-07-04,13.3,NA,439,53,181,898,NA,0.98,0.2,NA,NA,NA,NA,NA,NA,NA,NA,NA,NA,NA,UFJA2201_3,14,UFJA2201,3,WFREC,2022,NWG 2730,0,69.8
2022-07-05,13.5,NA,463,61,188,943,NA,1.01,0.2,NA,NA,NA,NA,NA,NA,NA,NA,NA,NA,NA,UFJA2201_3,14,UFJA2201,3,WFREC,2022,NWG 2730,0,69.8
2022-07-06,13.8,NA,493,70,196,998,NA,1.04,0.2,NA,NA,NA,NA,NA,NA,NA,NA,NA,NA,NA,UFJA2201_3,14,UFJA2201,3,WFREC,2022,NWG 2730,0,69.8
2022-07-07,14,NA,520,80,204,1049,NA,1.06,0.2,NA,NA,NA,NA,NA,NA,NA,NA,NA,NA,NA,UFJA2201_3,14,UFJA2201,3,WFREC,2022,NWG 2730,0,69.8
2022-07-08,14.3,NA,551,90,212,1106,NA,1.08,0.2,NA,NA,NA,485.73333333333335,NA,NA,1255,NA,0.715,NA,NA,UFJA2201_3,14,UFJA2201,3,WFREC,2022,NWG 2730,0,69.8
2022-07-09,14.5,NA,573,101,219,1152,NA,1.1,0.2,NA,NA,NA,NA,NA,NA,NA,NA,NA,NA,NA,UFJA2201_3,14,UFJA2201,3,WFREC,2022,NWG 2730,0,69.8
2022-07-10,14.7,NA,600,112,226,1205,NA,1.12,0.2,NA,NA,NA,NA,NA,NA,NA,NA,NA,NA,NA,UFJA2201_3,14,UFJA2201,3,WFREC,2022,NWG 2730,0,69.8
2022-07-11,15,NA,618,124,232,1247,NA,1.13,0.2,NA,NA,NA,NA,NA,NA,NA,NA,NA,NA,NA,UFJA2201_3,14,UFJA2201,3,WFREC,2022,NWG 2730,0,69.8
2022-07-12,15.2,NA,632,137,236,1283,NA,1.15,0.2,NA,NA,NA,NA,NA,NA,NA,NA,NA,NA,NA,UFJA2201_3,14,UFJA2201,3,WFREC,2022,NWG 2730,0,69.8
2022-07-13,15.2,NA,642,152,239,1313,NA,1.16,0.2,NA,NA,NA,NA,NA,NA,NA,NA,NA,NA,NA,UFJA2201_3,14,UFJA2201,3,WFREC,2022,NWG 2730,0,69.8
2022-07-14,15.2,NA,651,166,242,1342,NA,1.18,0.2,NA,NA,NA,NA,NA,NA,NA,NA,NA,NA,NA,UFJA2201_3,14,UFJA2201,3,WFREC,2022,NWG 2730,0,69.8
2022-07-15,15.2,NA,672,181,249,1387,NA,1.19,0.2,NA,NA,NA,NA,NA,NA,NA,NA,NA,NA,NA,UFJA2201_3,14,UFJA2201,3,WFREC,2022,NWG 2730,0,69.8
2022-07-16,15.2,NA,696,197,256,1435,NA,1.21,0.2,NA,NA,NA,NA,NA,NA,NA,NA,NA,NA,NA,UFJA2201_3,14,UFJA2201,3,WFREC,2022,NWG 2730,0,69.8
2022-07-17,15.2,NA,720,213,263,1483,NA,1.21,0.2,NA,NA,NA,NA,NA,NA,NA,NA,NA,NA,NA,UFJA2201_3,14,UFJA2201,3,WFREC,2022,NWG 2730,0,69.8
2022-07-18,15.2,NA,740,229,269,1513,NA,1.21,0.2,NA,NA,NA,NA,NA,NA,NA,NA,NA,NA,NA,UFJA2201_3,14,UFJA2201,3,WFREC,2022,NWG 2730,0,69.8
2022-07-19,15.2,NA,750,245,273,1528,NA,1.21,0.2,NA,NA,NA,NA,NA,NA,NA,NA,NA,NA,NA,UFJA2201_3,14,UFJA2201,3,WFREC,2022,NWG 2730,0,69.8
2022-07-20,15.2,NA,760,261,276,1544,NA,1.21,0.2,NA,NA,NA,640.4,NA,NA,1705,NA,NA,NA,NA,UFJA2201_3,14,UFJA2201,3,WFREC,2022,NWG 2730,0,69.8
2022-07-21,15.2,NA,767,277,279,1554,NA,1.21,0.2,NA,NA,NA,NA,NA,NA,NA,NA,NA,NA,NA,UFJA2201_3,14,UFJA2201,3,WFREC,2022,NWG 2730,0,69.8
2022-07-22,15.2,NA,769,292,280,1559,NA,1.21,0.2,NA,NA,NA,NA,NA,NA,NA,NA,NA,NA,NA,UFJA2201_3,14,UFJA2201,3,WFREC,2022,NWG 2730,0,69.8
2022-07-23,15.2,NA,768,306,280,1557,NA,1.21,0.2,NA,NA,NA,NA,NA,NA,NA,NA,NA,NA,NA,UFJA2201_3,14,UFJA2201,3,WFREC,2022,NWG 2730,0,69.8
2022-07-24,15.2,NA,773,320,282,1565,NA,1.21,0.2,NA,NA,NA,NA,NA,NA,NA,NA,NA,NA,NA,UFJA2201_3,14,UFJA2201,3,WFREC,2022,NWG 2730,0,69.8
2022-07-25,15.2,NA,774,332,283,1567,NA,1.21,0.2,NA,NA,NA,NA,NA,NA,NA,NA,NA,NA,NA,UFJA2201_3,14,UFJA2201,3,WFREC,2022,NWG 2730,0,69.8
2022-07-26,15.2,NA,781,344,285,1577,NA,1.21,0.2,NA,NA,NA,NA,NA,NA,NA,NA,NA,NA,NA,UFJA2201_3,14,UFJA2201,3,WFREC,2022,NWG 2730,0,69.8
2022-07-27,15.2,NA,784,355,285,1580,NA,1.21,0.2,NA,NA,NA,NA,NA,NA,NA,NA,NA,NA,NA,UFJA2201_3,14,UFJA2201,3,WFREC,2022,NWG 2730,0,69.8
2022-07-28,15.2,NA,785,365,286,1581,NA,1.21,0.2,NA,NA,NA,NA,NA,NA,NA,NA,NA,NA,NA,UFJA2201_3,14,UFJA2201,3,WFREC,2022,NWG 2730,0,69.8
2022-07-29,15.2,NA,788,374,287,1583,NA,1.21,0.2,NA,13.5,NA,NA,NA,NA,NA,NA,0.9295,NA,NA,UFJA2201_3,14,UFJA2201,3,WFREC,2022,NWG 2730,0,69.8
2022-07-30,15.2,NA,792,381,288,1586,NA,1.21,0.2,NA,NA,NA,NA,NA,NA,NA,NA,NA,NA,NA,UFJA2201_3,14,UFJA2201,3,WFREC,2022,NWG 2730,0,69.8
2022-05-13,0,NA,0,0,0,0,NA,0,0,NA,NA,NA,NA,NA,NA,NA,NA,NA,NA,NA,UFJA2201_4,15,UFJA2201,4,WFREC,2022,NWG 2730,280,82.8
2022-05-14,0,NA,0,0,0,0,NA,0,0,NA,NA,NA,NA,NA,NA,NA,NA,NA,NA,NA,UFJA2201_4,15,UFJA2201,4,WFREC,2022,NWG 2730,280,82.8
2022-05-15,0,NA,0,0,0,0,NA,0,0,NA,NA,NA,NA,NA,NA,NA,NA,NA,NA,NA,UFJA2201_4,15,UFJA2201,4,WFREC,2022,NWG 2730,280,82.8
2022-05-16,0,NA,0,0,0,0,NA,0,0,NA,NA,NA,NA,NA,NA,NA,NA,NA,NA,NA,UFJA2201_4,15,UFJA2201,4,WFREC,2022,NWG 2730,280,82.8
2022-05-17,0,NA,0,0,0,0,NA,0,0,NA,NA,NA,NA,NA,NA,NA,NA,NA,NA,NA,UFJA2201_4,15,UFJA2201,4,WFREC,2022,NWG 2730,280,82.8
2022-05-18,0.3,NA,2,0,4,6,NA,0.02,0.03,NA,NA,NA,NA,NA,NA,NA,NA,NA,NA,NA,UFJA2201_4,15,UFJA2201,4,WFREC,2022,NWG 2730,280,82.8
2022-05-19,0.6,NA,2,0,4,7,NA,0.02,0.04,NA,NA,NA,NA,NA,NA,NA,NA,NA,NA,NA,UFJA2201_4,15,UFJA2201,4,WFREC,2022,NWG 2730,280,82.8
2022-05-20,0.9,NA,2,0,4,8,NA,0.03,0.05,NA,NA,NA,NA,NA,NA,NA,NA,NA,NA,NA,UFJA2201_4,15,UFJA2201,4,WFREC,2022,NWG 2730,280,82.8
2022-05-21,1.2,NA,2,0,4,10,NA,0.03,0.06,NA,NA,NA,NA,NA,NA,NA,NA,NA,NA,NA,UFJA2201_4,15,UFJA2201,4,WFREC,2022,NWG 2730,280,82.8
2022-05-22,1.5,NA,3,0,5,12,NA,0.04,0.07,NA,NA,NA,NA,NA,NA,NA,NA,NA,NA,NA,UFJA2201_4,15,UFJA2201,4,WFREC,2022,NWG 2730,280,82.8
2022-05-23,1.8,NA,3,0,5,14,NA,0.05,0.08,NA,NA,NA,NA,NA,NA,NA,NA,NA,NA,NA,UFJA2201_4,15,UFJA2201,4,WFREC,2022,NWG 2730,280,82.8
2022-05-24,2.1,NA,3,0,5,18,NA,0.05,0.09,NA,NA,NA,NA,NA,NA,NA,NA,NA,NA,NA,UFJA2201_4,15,UFJA2201,4,WFREC,2022,NWG 2730,280,82.8
2022-05-25,2.4,NA,3,0,6,21,NA,0.06,0.1,NA,NA,NA,NA,NA,NA,NA,NA,NA,NA,NA,UFJA2201_4,15,UFJA2201,4,WFREC,2022,NWG 2730,280,82.8
2022-05-26,2.7,NA,4,0,6,23,NA,0.07,0.11,NA,NA,NA,NA,NA,NA,NA,NA,NA,NA,NA,UFJA2201_4,15,UFJA2201,4,WFREC,2022,NWG 2730,280,82.8
2022-05-27,2.9,NA,4,0,8,28,NA,0.08,0.12,NA,NA,NA,NA,NA,NA,NA,NA,NA,NA,NA,UFJA2201_4,15,UFJA2201,4,WFREC,2022,NWG 2730,280,82.8
2022-05-28,3.1,NA,6,0,11,34,NA,0.09,0.12,NA,NA,NA,NA,NA,NA,NA,NA,0.02575,NA,NA,UFJA2201_4,15,UFJA2201,4,WFREC,2022,NWG 2730,280,82.8
2022-05-29,3.4,NA,9,0,13,40,NA,0.09,0.13,NA,NA,NA,NA,NA,NA,NA,NA,NA,NA,NA,UFJA2201_4,15,UFJA2201,4,WFREC,2022,NWG 2730,280,82.8
2022-05-30,3.7,NA,12,0,16,49,NA,0.11,0.14,NA,NA,NA,NA,NA,NA,NA,NA,NA,NA,NA,UFJA2201_4,15,UFJA2201,4,WFREC,2022,NWG 2730,280,82.8
2022-05-31,4,NA,16,0,19,57,NA,0.12,0.16,NA,NA,NA,NA,NA,NA,NA,NA,NA,NA,NA,UFJA2201_4,15,UFJA2201,4,WFREC,2022,NWG 2730,280,82.8
2022-06-01,4.3,NA,20,0,23,69,NA,0.14,0.17,NA,NA,NA,NA,NA,NA,NA,NA,NA,NA,NA,UFJA2201_4,15,UFJA2201,4,WFREC,2022,NWG 2730,280,82.8
2022-06-02,4.5,NA,25,0,27,81,NA,0.15,0.18,NA,NA,NA,NA,NA,NA,NA,NA,NA,NA,NA,UFJA2201_4,15,UFJA2201,4,WFREC,2022,NWG 2730,280,82.8
2022-06-03,4.8,NA,31,0,32,97,NA,0.17,0.2,NA,NA,NA,NA,NA,NA,NA,NA,NA,NA,NA,UFJA2201_4,15,UFJA2201,4,WFREC,2022,NWG 2730,280,82.8
2022-06-04,5.1,NA,39,0,37,115,NA,0.19,0.2,NA,NA,NA,NA,NA,NA,NA,NA,NA,NA,NA,UFJA2201_4,15,UFJA2201,4,WFREC,2022,NWG 2730,280,82.8
2022-06-05,5.4,NA,47,0,43,133,NA,0.21,0.2,NA,NA,NA,NA,NA,NA,NA,NA,NA,NA,NA,UFJA2201_4,15,UFJA2201,4,WFREC,2022,NWG 2730,280,82.8
2022-06-06,5.7,NA,57,0,50,157,NA,0.23,0.2,NA,NA,NA,NA,NA,NA,NA,NA,NA,NA,NA,UFJA2201_4,15,UFJA2201,4,WFREC,2022,NWG 2730,280,82.8
2022-06-07,6,NA,69,0,58,184,NA,0.25,0.2,NA,NA,NA,NA,NA,NA,NA,NA,NA,NA,NA,UFJA2201_4,15,UFJA2201,4,WFREC,2022,NWG 2730,280,82.8
2022-06-08,6.2,NA,82,0,67,214,NA,0.27,0.2,NA,NA,NA,NA,NA,NA,NA,NA,NA,NA,NA,UFJA2201_4,15,UFJA2201,4,WFREC,2022,NWG 2730,280,82.8
2022-06-09,6.5,NA,94,0,74,241,NA,0.3,0.2,NA,NA,NA,NA,NA,NA,NA,NA,NA,NA,NA,UFJA2201_4,15,UFJA2201,4,WFREC,2022,NWG 2730,280,82.8
2022-06-10,6.8,NA,109,0,83,272,NA,0.32,0.2,NA,NA,NA,NA,NA,NA,NA,NA,NA,NA,NA,UFJA2201_4,15,UFJA2201,4,WFREC,2022,NWG 2730,280,82.8
2022-06-11,7.1,NA,130,0,94,316,NA,0.35,0.2,NA,NA,NA,NA,NA,NA,NA,NA,NA,NA,NA,UFJA2201_4,15,UFJA2201,4,WFREC,2022,NWG 2730,280,82.8
2022-06-12,7.4,NA,151,0,106,359,NA,0.38,0.2,NA,NA,NA,NA,NA,NA,NA,NA,NA,NA,NA,UFJA2201_4,15,UFJA2201,4,WFREC,2022,NWG 2730,280,82.8
2022-06-13,7.7,NA,173,0,117,405,NA,0.4,0.2,NA,NA,NA,NA,NA,NA,NA,NA,NA,NA,NA,UFJA2201_4,15,UFJA2201,4,WFREC,2022,NWG 2730,280,82.8
2022-06-14,7.9,NA,201,0,131,460,NA,0.43,0.2,NA,NA,NA,NA,NA,NA,NA,NA,0.16925,NA,NA,UFJA2201_4,15,UFJA2201,4,WFREC,2022,NWG 2730,280,82.8
2022-06-15,8.2,NA,230,0,145,519,NA,0.45,0.2,NA,NA,NA,NA,NA,NA,NA,NA,NA,NA,NA,UFJA2201_4,15,UFJA2201,4,WFREC,2022,NWG 2730,280,82.8
2022-06-16,8.4,NA,260,0,159,579,NA,0.48,0.2,NA,NA,NA,NA,NA,NA,NA,NA,NA,NA,NA,UFJA2201_4,15,UFJA2201,4,WFREC,2022,NWG 2730,280,82.8
2022-06-17,8.7,NA,294,0,174,645,NA,0.51,0.2,NA,NA,NA,NA,NA,NA,NA,NA,NA,NA,NA,UFJA2201_4,15,UFJA2201,4,WFREC,2022,NWG 2730,280,82.8
2022-06-18,8.9,NA,330,0,190,714,NA,0.53,0.2,NA,NA,NA,NA,NA,NA,NA,NA,NA,NA,NA,UFJA2201_4,15,UFJA2201,4,WFREC,2022,NWG 2730,280,82.8
2022-06-19,9.2,NA,371,1,207,793,NA,0.56,0.2,NA,NA,NA,NA,NA,NA,NA,NA,NA,NA,NA,UFJA2201_4,15,UFJA2201,4,WFREC,2022,NWG 2730,280,82.8
2022-06-20,9.4,NA,407,3,221,862,NA,0.58,0.2,NA,NA,NA,NA,NA,NA,NA,NA,NA,NA,NA,UFJA2201_4,15,UFJA2201,4,WFREC,2022,NWG 2730,280,82.8
2022-06-21,9.7,NA,452,5,238,948,NA,0.61,0.2,NA,NA,NA,NA,NA,NA,NA,NA,NA,NA,NA,UFJA2201_4,15,UFJA2201,4,WFREC,2022,NWG 2730,280,82.8
2022-06-22,9.9,NA,500,8,256,1038,NA,0.64,0.2,NA,NA,NA,NA,NA,NA,NA,NA,NA,NA,NA,UFJA2201_4,15,UFJA2201,4,WFREC,2022,NWG 2730,280,82.8
2022-06-23,10.2,NA,550,11,274,1132,NA,0.67,0.2,NA,NA,NA,NA,NA,NA,NA,NA,NA,NA,NA,UFJA2201_4,15,UFJA2201,4,WFREC,2022,NWG 2730,280,82.8
2022-06-24,10.4,NA,594,14,290,1216,NA,0.69,0.2,NA,NA,NA,NA,NA,NA,NA,NA,NA,NA,NA,UFJA2201_4,15,UFJA2201,4,WFREC,2022,NWG 2730,280,82.8
2022-06-25,10.7,NA,627,19,300,1282,NA,0.71,0.2,NA,NA,NA,NA,NA,NA,NA,NA,NA,NA,NA,UFJA2201_4,15,UFJA2201,4,WFREC,2022,NWG 2730,280,82.8
2022-06-26,11,NA,664,26,312,1355,NA,0.75,0.2,NA,NA,NA,NA,NA,NA,NA,NA,NA,NA,NA,UFJA2201_4,15,UFJA2201,4,WFREC,2022,NWG 2730,280,82.8
2022-06-27,11.2,NA,721,33,330,1462,NA,0.78,0.2,NA,NA,NA,NA,NA,NA,NA,NA,NA,NA,NA,UFJA2201_4,15,UFJA2201,4,WFREC,2022,NWG 2730,280,82.8
2022-06-28,11.5,NA,772,41,345,1560,NA,0.8,0.2,NA,NA,NA,NA,NA,NA,NA,NA,NA,NA,NA,UFJA2201_4,15,UFJA2201,4,WFREC,2022,NWG 2730,280,82.8
2022-06-29,11.8,NA,794,52,350,1615,NA,0.83,0.2,NA,NA,NA,NA,NA,NA,NA,NA,NA,NA,NA,UFJA2201_4,15,UFJA2201,4,WFREC,2022,NWG 2730,280,82.8
2022-06-30,12.1,NA,829,63,359,1690,NA,0.87,0.2,NA,NA,NA,NA,NA,NA,NA,NA,NA,NA,NA,UFJA2201_4,15,UFJA2201,4,WFREC,2022,NWG 2730,280,82.8
2022-07-01,12.3,NA,867,77,369,1775,NA,0.9,0.2,NA,NA,NA,NA,NA,NA,NA,NA,NA,NA,NA,UFJA2201_4,15,UFJA2201,4,WFREC,2022,NWG 2730,280,82.8
2022-07-02,12.6,NA,884,92,372,1826,NA,0.93,0.2,NA,NA,NA,NA,NA,NA,NA,NA,NA,NA,NA,UFJA2201_4,15,UFJA2201,4,WFREC,2022,NWG 2730,280,82.8
2022-07-03,12.9,NA,913,111,379,1901,NA,0.96,0.2,NA,NA,NA,NA,NA,NA,NA,NA,NA,NA,NA,UFJA2201_4,15,UFJA2201,4,WFREC,2022,NWG 2730,280,82.8
2022-07-04,13.1,NA,933,131,384,1961,NA,0.99,0.2,NA,NA,NA,NA,NA,NA,NA,NA,NA,NA,NA,UFJA2201_4,15,UFJA2201,4,WFREC,2022,NWG 2730,280,82.8
2022-07-05,13.4,NA,970,152,393,2049,NA,1.02,0.2,NA,NA,NA,NA,NA,NA,NA,NA,NA,NA,NA,UFJA2201_4,15,UFJA2201,4,WFREC,2022,NWG 2730,280,82.8
2022-07-06,13.6,NA,1019,176,406,2158,NA,1.05,0.2,NA,NA,NA,NA,NA,NA,NA,NA,NA,NA,NA,UFJA2201_4,15,UFJA2201,4,WFREC,2022,NWG 2730,280,82.8
2022-07-07,13.9,NA,1061,201,417,2258,NA,1.07,0.2,NA,NA,NA,NA,NA,NA,NA,NA,NA,NA,NA,UFJA2201_4,15,UFJA2201,4,WFREC,2022,NWG 2730,280,82.8
2022-07-08,14.1,NA,1114,227,431,2376,NA,1.09,0.2,NA,NA,NA,1557.5,NA,NA,3024.25,NA,0.9372499999999999,NA,NA,UFJA2201_4,15,UFJA2201,4,WFREC,2022,NWG 2730,280,82.8
2022-07-09,14.3,NA,1154,255,442,2474,NA,1.11,0.2,NA,NA,NA,NA,NA,NA,NA,NA,NA,NA,NA,UFJA2201_4,15,UFJA2201,4,WFREC,2022,NWG 2730,280,82.8
2022-07-10,14.5,NA,1203,284,455,2589,NA,1.13,0.2,NA,NA,NA,NA,NA,NA,NA,NA,NA,NA,NA,UFJA2201_4,15,UFJA2201,4,WFREC,2022,NWG 2730,280,82.8
2022-07-11,14.8,NA,1235,314,464,2679,NA,1.14,0.2,NA,NA,NA,NA,NA,NA,NA,NA,NA,NA,NA,UFJA2201_4,15,UFJA2201,4,WFREC,2022,NWG 2730,280,82.8
2022-07-12,15,NA,1256,348,470,2755,NA,1.16,0.2,NA,NA,NA,NA,NA,NA,NA,NA,NA,NA,NA,UFJA2201_4,15,UFJA2201,4,WFREC,2022,NWG 2730,280,82.8
2022-07-13,15,NA,1269,384,473,2821,NA,1.17,0.2,NA,NA,NA,NA,NA,NA,NA,NA,NA,NA,NA,UFJA2201_4,15,UFJA2201,4,WFREC,2022,NWG 2730,280,82.8
2022-07-14,15,NA,1282,421,477,2884,NA,1.19,0.2,NA,NA,NA,NA,NA,NA,NA,NA,NA,NA,NA,UFJA2201_4,15,UFJA2201,4,WFREC,2022,NWG 2730,280,82.8
2022-07-15,15,NA,1325,458,489,2994,NA,1.2,0.2,NA,NA,NA,NA,NA,NA,NA,NA,NA,NA,NA,UFJA2201_4,15,UFJA2201,4,WFREC,2022,NWG 2730,280,82.8
2022-07-16,15,NA,1368,497,501,3106,NA,1.22,0.2,NA,NA,NA,NA,NA,NA,NA,NA,NA,NA,NA,UFJA2201_4,15,UFJA2201,4,WFREC,2022,NWG 2730,280,82.8
2022-07-17,15,NA,1416,536,515,3221,NA,1.23,0.2,NA,NA,NA,NA,NA,NA,NA,NA,NA,NA,NA,UFJA2201_4,15,UFJA2201,4,WFREC,2022,NWG 2730,280,82.8
2022-07-18,15,NA,1461,577,527,3299,NA,1.23,0.2,NA,NA,NA,NA,NA,NA,NA,NA,NA,NA,NA,UFJA2201_4,15,UFJA2201,4,WFREC,2022,NWG 2730,280,82.8
2022-07-19,15,NA,1484,619,535,3343,NA,1.23,0.2,NA,NA,NA,NA,NA,NA,NA,NA,NA,NA,NA,UFJA2201_4,15,UFJA2201,4,WFREC,2022,NWG 2730,280,82.8
2022-07-20,15,NA,1515,660,544,3398,NA,1.23,0.2,NA,NA,NA,2264.25,NA,NA,4464.75,NA,NA,NA,NA,UFJA2201_4,15,UFJA2201,4,WFREC,2022,NWG 2730,280,82.8
2022-07-21,15,NA,1541,702,551,3446,NA,1.23,0.2,NA,NA,NA,NA,NA,NA,NA,NA,NA,NA,NA,UFJA2201_4,15,UFJA2201,4,WFREC,2022,NWG 2730,280,82.8
2022-07-22,15,NA,1556,744,556,3476,NA,1.23,0.2,NA,NA,NA,NA,NA,NA,NA,NA,NA,NA,NA,UFJA2201_4,15,UFJA2201,4,WFREC,2022,NWG 2730,280,82.8
2022-07-23,15,NA,1563,784,559,3494,NA,1.23,0.2,NA,NA,NA,NA,NA,NA,NA,NA,NA,NA,NA,UFJA2201_4,15,UFJA2201,4,WFREC,2022,NWG 2730,280,82.8
2022-07-24,15,NA,1588,819,567,3538,NA,1.23,0.2,NA,NA,NA,NA,NA,NA,NA,NA,NA,NA,NA,UFJA2201_4,15,UFJA2201,4,WFREC,2022,NWG 2730,280,82.8
2022-07-25,15,NA,1605,855,572,3569,NA,1.23,0.2,NA,NA,NA,NA,NA,NA,NA,NA,NA,NA,NA,UFJA2201_4,15,UFJA2201,4,WFREC,2022,NWG 2730,280,82.8
2022-07-26,15,NA,1633,888,580,3616,NA,1.23,0.2,NA,NA,NA,NA,NA,NA,NA,NA,NA,NA,NA,UFJA2201_4,15,UFJA2201,4,WFREC,2022,NWG 2730,280,82.8
2022-07-27,15,NA,1664,918,588,3666,NA,1.23,0.2,NA,NA,NA,NA,NA,NA,NA,NA,NA,NA,NA,UFJA2201_4,15,UFJA2201,4,WFREC,2022,NWG 2730,280,82.8
2022-07-28,15,NA,1685,945,594,3699,NA,1.23,0.2,NA,NA,NA,NA,NA,NA,NA,NA,NA,NA,NA,UFJA2201_4,15,UFJA2201,4,WFREC,2022,NWG 2730,280,82.8
2022-07-29,15,NA,1706,970,600,3729,NA,1.23,0.2,NA,15.75,NA,NA,NA,NA,NA,NA,1.3815,NA,NA,UFJA2201_4,15,UFJA2201,4,WFREC,2022,NWG 2730,280,82.8
2022-07-30,15,NA,1742,993,610,3781,NA,1.23,0.2,NA,NA,NA,NA,NA,NA,NA,NA,NA,NA,NA,UFJA2201_4,15,UFJA2201,4,WFREC,2022,NWG 2730,280,82.8
