*WARNING DETAIL FILE

******************************************************************************

*DSSAT Cropping System Model Ver. 4.8.5.000 -release  APR 28, 2026 22:32:55

*RUN   1        : FALLOW                    CRGRO048 RORO5901    1
 MODEL          : CRGRO048 - Fallow
 EXPERIMENT     : RORO5901 FA ROTHAMSTED LONG-TERM FALLOW
 DATA PATH      :
 TREATMENT  1   : FALLOW                    CRGRO048
  

 IPSOIL  YEAR DOY =    0   0
 Saturated hydraulic conductivity equal to zero for one or more soil layers.   
 Data will be treated as missing.                                              

 WTHINIT  YEAR DOY = 1959 344
 Warning: SRAD < 1 MJ.m-2.d-1.                                                 
 C:\DSSAT48\Weather\ROR15901.WTH                                               
 Line        0                                                                 
 SRAD =   0.90 MJ.m-2.d-1                                                      

 TILLAGE  YEAR DOY = 1959 344
 User-specified tillage depth greater than that specified by tillage implement.
 Tillage operation date: 1959 344                                              
 TI005: Chisel plow, straight point                                            
 User-specified depth = 23.0 cm                                                
 Implement depth of     15.0 cm will be used.                                  

 TILLAGE  YEAR DOY = 1959 344
 User-specified tillage depth greater than that specified by tillage implement.
 Tillage operation date: 1960  91                                              
 TI005: Chisel plow, straight point                                            
 User-specified depth = 23.0 cm                                                
 Implement depth of     15.0 cm will be used.                                  

 TILLAGE  YEAR DOY = 1959 344
 User-specified tillage depth greater than that specified by tillage implement.
 Tillage operation date: 1960 152                                              
 TI005: Chisel plow, straight point                                            
 User-specified depth = 23.0 cm                                                
 Implement depth of     15.0 cm will be used.                                  

 TILLAGE  YEAR DOY = 1959 344
 User-specified tillage depth greater than that specified by tillage implement.
 Tillage operation date: 1960 213                                              
 TI005: Chisel plow, straight point                                            
 User-specified depth = 23.0 cm                                                
 Implement depth of     15.0 cm will be used.                                  

 TILLAGE  YEAR DOY = 1959 344
 User-specified tillage depth greater than that specified by tillage implement.
 Tillage operation date: 1960 274                                              
 TI005: Chisel plow, straight point                                            
 User-specified depth = 23.0 cm                                                
 Implement depth of     15.0 cm will be used.                                  

 TILLAGE  YEAR DOY = 1959 344
 User-specified tillage depth greater than that specified by tillage implement.
 Tillage operation date: 1961  91                                              
 TI005: Chisel plow, straight point                                            
 User-specified depth = 23.0 cm                                                
 Implement depth of     15.0 cm will be used.                                  

 TILLAGE  YEAR DOY = 1959 344
 User-specified tillage depth greater than that specified by tillage implement.
 Tillage operation date: 1961 152                                              
 TI005: Chisel plow, straight point                                            
 User-specified depth = 23.0 cm                                                
 Implement depth of     15.0 cm will be used.                                  

 TILLAGE  YEAR DOY = 1959 344
 User-specified tillage depth greater than that specified by tillage implement.
 Tillage operation date: 1961 213                                              
 TI005: Chisel plow, straight point                                            
 User-specified depth = 23.0 cm                                                
 Implement depth of     15.0 cm will be used.                                  

 TILLAGE  YEAR DOY = 1959 344
 User-specified tillage depth greater than that specified by tillage implement.
 Tillage operation date: 1961 274                                              
 TI005: Chisel plow, straight point                                            
 User-specified depth = 23.0 cm                                                
 Implement depth of     15.0 cm will be used.                                  

 TILLAGE  YEAR DOY = 1959 344
 User-specified tillage depth greater than that specified by tillage implement.
 Tillage operation date: 1962  91                                              
 TI005: Chisel plow, straight point                                            
 User-specified depth = 23.0 cm                                                
 Implement depth of     15.0 cm will be used.                                  

 TILLAGE  YEAR DOY = 1959 344
 User-specified tillage depth greater than that specified by tillage implement.
 Tillage operation date: 1962 152                                              
 TI005: Chisel plow, straight point                                            
 User-specified depth = 23.0 cm                                                
 Implement depth of     15.0 cm will be used.                                  

 TILLAGE  YEAR DOY = 1959 344
 User-specified tillage depth greater than that specified by tillage implement.
 Tillage operation date: 1962 213                                              
 TI005: Chisel plow, straight point                                            
 User-specified depth = 23.0 cm                                                
 Implement depth of     15.0 cm will be used.                                  

 TILLAGE  YEAR DOY = 1959 344
 User-specified tillage depth greater than that specified by tillage implement.
 Tillage operation date: 1962 274                                              
 TI005: Chisel plow, straight point                                            
 User-specified depth = 23.0 cm                                                
 Implement depth of     15.0 cm will be used.                                  

 TILLAGE  YEAR DOY = 1959 344
 User-specified tillage depth greater than that specified by tillage implement.
 Tillage operation date: 1963  91                                              
 TI005: Chisel plow, straight point                                            
 User-specified depth = 23.0 cm                                                
 Implement depth of     15.0 cm will be used.                                  

 TILLAGE  YEAR DOY = 1959 344
 User-specified tillage depth greater than that specified by tillage implement.
 Tillage operation date: 1963 152                                              
 TI005: Chisel plow, straight point                                            
 User-specified depth = 23.0 cm                                                
 Implement depth of     15.0 cm will be used.                                  

 TILLAGE  YEAR DOY = 1959 344
 User-specified tillage depth greater than that specified by tillage implement.
 Tillage operation date: 1963 213                                              
 TI005: Chisel plow, straight point                                            
 User-specified depth = 23.0 cm                                                
 Implement depth of     15.0 cm will be used.                                  

 TILLAGE  YEAR DOY = 1959 344
 User-specified tillage depth greater than that specified by tillage implement.
 Tillage operation date: 1963 274                                              
 TI005: Chisel plow, straight point                                            
 User-specified depth = 23.0 cm                                                
 Implement depth of     15.0 cm will be used.                                  

 TILLAGE  YEAR DOY = 1959 344
 User-specified tillage depth greater than that specified by tillage implement.
 Tillage operation date: 1964  91                                              
 TI005: Chisel plow, straight point                                            
 User-specified depth = 23.0 cm                                                
 Implement depth of     15.0 cm will be used.                                  

 TILLAGE  YEAR DOY = 1959 344
 User-specified tillage depth greater than that specified by tillage implement.
 Tillage operation date: 1964 152                                              
 TI005: Chisel plow, straight point                                            
 User-specified depth = 23.0 cm                                                
 Implement depth of     15.0 cm will be used.                                  

 TILLAGE  YEAR DOY = 1959 344
 User-specified tillage depth greater than that specified by tillage implement.
 Tillage operation date: 1964 213                                              
 TI005: Chisel plow, straight point                                            
 User-specified depth = 23.0 cm                                                
 Implement depth of     15.0 cm will be used.                                  

 TILLAGE  YEAR DOY = 1959 344
 User-specified tillage depth greater than that specified by tillage implement.
 Tillage operation date: 1964 274                                              
 TI005: Chisel plow, straight point                                            
 User-specified depth = 23.0 cm                                                
 Implement depth of     15.0 cm will be used.                                  

 TILLAGE  YEAR DOY = 1959 344
 User-specified tillage depth greater than that specified by tillage implement.
 Tillage operation date: 1965  91                                              
 TI005: Chisel plow, straight point                                            
 User-specified depth = 23.0 cm                                                
 Implement depth of     15.0 cm will be used.                                  

 TILLAGE  YEAR DOY = 1959 344
 User-specified tillage depth greater than that specified by tillage implement.
 Tillage operation date: 1965 152                                              
 TI005: Chisel plow, straight point                                            
 User-specified depth = 23.0 cm                                                
 Implement depth of     15.0 cm will be used.                                  

 TILLAGE  YEAR DOY = 1959 344
 User-specified tillage depth greater than that specified by tillage implement.
 Tillage operation date: 1965 213                                              
 TI005: Chisel plow, straight point                                            
 User-specified depth = 23.0 cm                                                
 Implement depth of     15.0 cm will be used.                                  

 TILLAGE  YEAR DOY = 1959 344
 User-specified tillage depth greater than that specified by tillage implement.
 Tillage operation date: 1965 274                                              
 TI005: Chisel plow, straight point                                            
 User-specified depth = 23.0 cm                                                
 Implement depth of     15.0 cm will be used.                                  

 TILLAGE  YEAR DOY = 1959 344
 User-specified tillage depth greater than that specified by tillage implement.
 Tillage operation date: 1966  91                                              
 TI005: Chisel plow, straight point                                            
 User-specified depth = 23.0 cm                                                
 Implement depth of     15.0 cm will be used.                                  

 TILLAGE  YEAR DOY = 1959 344
 User-specified tillage depth greater than that specified by tillage implement.
 Tillage operation date: 1966 152                                              
 TI005: Chisel plow, straight point                                            
 User-specified depth = 23.0 cm                                                
 Implement depth of     15.0 cm will be used.                                  

 TILLAGE  YEAR DOY = 1959 344
 User-specified tillage depth greater than that specified by tillage implement.
 Tillage operation date: 1966 213                                              
 TI005: Chisel plow, straight point                                            
 User-specified depth = 23.0 cm                                                
 Implement depth of     15.0 cm will be used.                                  

 TILLAGE  YEAR DOY = 1959 344
 User-specified tillage depth greater than that specified by tillage implement.
 Tillage operation date: 1966 274                                              
 TI005: Chisel plow, straight point                                            
 User-specified depth = 23.0 cm                                                
 Implement depth of     15.0 cm will be used.                                  

 TILLAGE  YEAR DOY = 1959 344
 User-specified tillage depth greater than that specified by tillage implement.
 Tillage operation date: 1967  91                                              
 TI005: Chisel plow, straight point                                            
 User-specified depth = 23.0 cm                                                
 Implement depth of     15.0 cm will be used.                                  

 TILLAGE  YEAR DOY = 1959 344
 User-specified tillage depth greater than that specified by tillage implement.
 Tillage operation date: 1967 152                                              
 TI005: Chisel plow, straight point                                            
 User-specified depth = 23.0 cm                                                
 Implement depth of     15.0 cm will be used.                                  

 TILLAGE  YEAR DOY = 1959 344
 User-specified tillage depth greater than that specified by tillage implement.
 Tillage operation date: 1967 213                                              
 TI005: Chisel plow, straight point                                            
 User-specified depth = 23.0 cm                                                
 Implement depth of     15.0 cm will be used.                                  

 TILLAGE  YEAR DOY = 1959 344
 User-specified tillage depth greater than that specified by tillage implement.
 Tillage operation date: 1967 274                                              
 TI005: Chisel plow, straight point                                            
 User-specified depth = 23.0 cm                                                
 Implement depth of     15.0 cm will be used.                                  

 TILLAGE  YEAR DOY = 1959 344
 User-specified tillage depth greater than that specified by tillage implement.
 Tillage operation date: 1968  91                                              
 TI005: Chisel plow, straight point                                            
 User-specified depth = 23.0 cm                                                
 Implement depth of     15.0 cm will be used.                                  

 TILLAGE  YEAR DOY = 1959 344
 User-specified tillage depth greater than that specified by tillage implement.
 Tillage operation date: 1968 152                                              
 TI005: Chisel plow, straight point                                            
 User-specified depth = 23.0 cm                                                
 Implement depth of     15.0 cm will be used.                                  

 TILLAGE  YEAR DOY = 1959 344
 User-specified tillage depth greater than that specified by tillage implement.
 Tillage operation date: 1968 213                                              
 TI005: Chisel plow, straight point                                            
 User-specified depth = 23.0 cm                                                
 Implement depth of     15.0 cm will be used.                                  

 TILLAGE  YEAR DOY = 1959 344
 User-specified tillage depth greater than that specified by tillage implement.
 Tillage operation date: 1968 274                                              
 TI005: Chisel plow, straight point                                            
 User-specified depth = 23.0 cm                                                
 Implement depth of     15.0 cm will be used.                                  

 TILLAGE  YEAR DOY = 1959 344
 User-specified tillage depth greater than that specified by tillage implement.
 Tillage operation date: 1969  91                                              
 TI005: Chisel plow, straight point                                            
 User-specified depth = 23.0 cm                                                
 Implement depth of     15.0 cm will be used.                                  

 TILLAGE  YEAR DOY = 1959 344
 User-specified tillage depth greater than that specified by tillage implement.
 Tillage operation date: 1969 152                                              
 TI005: Chisel plow, straight point                                            
 User-specified depth = 23.0 cm                                                
 Implement depth of     15.0 cm will be used.                                  

 TILLAGE  YEAR DOY = 1959 344
 User-specified tillage depth greater than that specified by tillage implement.
 Tillage operation date: 1969 213                                              
 TI005: Chisel plow, straight point                                            
 User-specified depth = 23.0 cm                                                
 Implement depth of     15.0 cm will be used.                                  

 TILLAGE  YEAR DOY = 1959 344
 User-specified tillage depth greater than that specified by tillage implement.
 Tillage operation date: 1969 274                                              
 TI005: Chisel plow, straight point                                            
 User-specified depth = 23.0 cm                                                
 Implement depth of     15.0 cm will be used.                                  

 TILLAGE  YEAR DOY = 1959 344
 User-specified tillage depth greater than that specified by tillage implement.
 Tillage operation date: 1970  91                                              
 TI005: Chisel plow, straight point                                            
 User-specified depth = 23.0 cm                                                
 Implement depth of     15.0 cm will be used.                                  

 TILLAGE  YEAR DOY = 1959 344
 User-specified tillage depth greater than that specified by tillage implement.
 Tillage operation date: 1970 152                                              
 TI005: Chisel plow, straight point                                            
 User-specified depth = 23.0 cm                                                
 Implement depth of     15.0 cm will be used.                                  

 TILLAGE  YEAR DOY = 1959 344
 User-specified tillage depth greater than that specified by tillage implement.
 Tillage operation date: 1970 213                                              
 TI005: Chisel plow, straight point                                            
 User-specified depth = 23.0 cm                                                
 Implement depth of     15.0 cm will be used.                                  

 TILLAGE  YEAR DOY = 1959 344
 User-specified tillage depth greater than that specified by tillage implement.
 Tillage operation date: 1970 274                                              
 TI005: Chisel plow, straight point                                            
 User-specified depth = 23.0 cm                                                
 Implement depth of     15.0 cm will be used.                                  

 TILLAGE  YEAR DOY = 1959 344
 User-specified tillage depth greater than that specified by tillage implement.
 Tillage operation date: 1971  91                                              
 TI005: Chisel plow, straight point                                            
 User-specified depth = 23.0 cm                                                
 Implement depth of     15.0 cm will be used.                                  

 TILLAGE  YEAR DOY = 1959 344
 User-specified tillage depth greater than that specified by tillage implement.
 Tillage operation date: 1971 152                                              
 TI005: Chisel plow, straight point                                            
 User-specified depth = 23.0 cm                                                
 Implement depth of     15.0 cm will be used.                                  

 TILLAGE  YEAR DOY = 1959 344
 User-specified tillage depth greater than that specified by tillage implement.
 Tillage operation date: 1971 213                                              
 TI005: Chisel plow, straight point                                            
 User-specified depth = 23.0 cm                                                
 Implement depth of     15.0 cm will be used.                                  

 TILLAGE  YEAR DOY = 1959 344
 User-specified tillage depth greater than that specified by tillage implement.
 Tillage operation date: 1971 274                                              
 TI005: Chisel plow, straight point                                            
 User-specified depth = 23.0 cm                                                
 Implement depth of     15.0 cm will be used.                                  

 TILLAGE  YEAR DOY = 1959 344
 User-specified tillage depth greater than that specified by tillage implement.
 Tillage operation date: 1972  91                                              
 TI005: Chisel plow, straight point                                            
 User-specified depth = 23.0 cm                                                
 Implement depth of     15.0 cm will be used.                                  

 TILLAGE  YEAR DOY = 1959 344
 User-specified tillage depth greater than that specified by tillage implement.
 Tillage operation date: 1972 152                                              
 TI005: Chisel plow, straight point                                            
 User-specified depth = 23.0 cm                                                
 Implement depth of     15.0 cm will be used.                                  

 TILLAGE  YEAR DOY = 1959 344
 User-specified tillage depth greater than that specified by tillage implement.
 Tillage operation date: 1972 213                                              
 TI005: Chisel plow, straight point                                            
 User-specified depth = 23.0 cm                                                
 Implement depth of     15.0 cm will be used.                                  

 TILLAGE  YEAR DOY = 1959 344
 User-specified tillage depth greater than that specified by tillage implement.
 Tillage operation date: 1972 274                                              
 TI005: Chisel plow, straight point                                            
 User-specified depth = 23.0 cm                                                
 Implement depth of     15.0 cm will be used.                                  

 TILLAGE  YEAR DOY = 1959 344
 User-specified tillage depth greater than that specified by tillage implement.
 Tillage operation date: 1973  91                                              
 TI005: Chisel plow, straight point                                            
 User-specified depth = 23.0 cm                                                
 Implement depth of     15.0 cm will be used.                                  

 TILLAGE  YEAR DOY = 1959 344
 User-specified tillage depth greater than that specified by tillage implement.
 Tillage operation date: 1973 152                                              
 TI005: Chisel plow, straight point                                            
 User-specified depth = 23.0 cm                                                
 Implement depth of     15.0 cm will be used.                                  

 TILLAGE  YEAR DOY = 1959 344
 User-specified tillage depth greater than that specified by tillage implement.
 Tillage operation date: 1973 213                                              
 TI005: Chisel plow, straight point                                            
 User-specified depth = 23.0 cm                                                
 Implement depth of     15.0 cm will be used.                                  

 TILLAGE  YEAR DOY = 1959 344
 User-specified tillage depth greater than that specified by tillage implement.
 Tillage operation date: 1973 274                                              
 TI005: Chisel plow, straight point                                            
 User-specified depth = 23.0 cm                                                
 Implement depth of     15.0 cm will be used.                                  

 TILLAGE  YEAR DOY = 1959 344
 User-specified tillage depth greater than that specified by tillage implement.
 Tillage operation date: 1974  91                                              
 TI005: Chisel plow, straight point                                            
 User-specified depth = 23.0 cm                                                
 Implement depth of     15.0 cm will be used.                                  

 TILLAGE  YEAR DOY = 1959 344
 User-specified tillage depth greater than that specified by tillage implement.
 Tillage operation date: 1974 152                                              
 TI005: Chisel plow, straight point                                            
 User-specified depth = 23.0 cm                                                
 Implement depth of     15.0 cm will be used.                                  

 TILLAGE  YEAR DOY = 1959 344
 User-specified tillage depth greater than that specified by tillage implement.
 Tillage operation date: 1974 213                                              
 TI005: Chisel plow, straight point                                            
 User-specified depth = 23.0 cm                                                
 Implement depth of     15.0 cm will be used.                                  

 TILLAGE  YEAR DOY = 1959 344
 User-specified tillage depth greater than that specified by tillage implement.
 Tillage operation date: 1974 274                                              
 TI005: Chisel plow, straight point                                            
 User-specified depth = 23.0 cm                                                
 Implement depth of     15.0 cm will be used.                                  

 TILLAGE  YEAR DOY = 1959 344
 User-specified tillage depth greater than that specified by tillage implement.
 Tillage operation date: 1975  91                                              
 TI005: Chisel plow, straight point                                            
 User-specified depth = 23.0 cm                                                
 Implement depth of     15.0 cm will be used.                                  

 TILLAGE  YEAR DOY = 1959 344
 User-specified tillage depth greater than that specified by tillage implement.
 Tillage operation date: 1975 152                                              
 TI005: Chisel plow, straight point                                            
 User-specified depth = 23.0 cm                                                
 Implement depth of     15.0 cm will be used.                                  

 TILLAGE  YEAR DOY = 1959 344
 User-specified tillage depth greater than that specified by tillage implement.
 Tillage operation date: 1975 213                                              
 TI005: Chisel plow, straight point                                            
 User-specified depth = 23.0 cm                                                
 Implement depth of     15.0 cm will be used.                                  

 TILLAGE  YEAR DOY = 1959 344
 User-specified tillage depth greater than that specified by tillage implement.
 Tillage operation date: 1975 274                                              
 TI005: Chisel plow, straight point                                            
 User-specified depth = 23.0 cm                                                
 Implement depth of     15.0 cm will be used.                                  

 TILLAGE  YEAR DOY = 1959 344
 User-specified tillage depth greater than that specified by tillage implement.
 Tillage operation date: 1976  91                                              
 TI005: Chisel plow, straight point                                            
 User-specified depth = 23.0 cm                                                
 Implement depth of     15.0 cm will be used.                                  

 TILLAGE  YEAR DOY = 1959 344
 User-specified tillage depth greater than that specified by tillage implement.
 Tillage operation date: 1976 152                                              
 TI005: Chisel plow, straight point                                            
 User-specified depth = 23.0 cm                                                
 Implement depth of     15.0 cm will be used.                                  

 TILLAGE  YEAR DOY = 1959 344
 User-specified tillage depth greater than that specified by tillage implement.
 Tillage operation date: 1976 213                                              
 TI005: Chisel plow, straight point                                            
 User-specified depth = 23.0 cm                                                
 Implement depth of     15.0 cm will be used.                                  

 TILLAGE  YEAR DOY = 1959 344
 User-specified tillage depth greater than that specified by tillage implement.
 Tillage operation date: 1976 274                                              
 TI005: Chisel plow, straight point                                            
 User-specified depth = 23.0 cm                                                
 Implement depth of     15.0 cm will be used.                                  

 TILLAGE  YEAR DOY = 1959 344
 User-specified tillage depth greater than that specified by tillage implement.
 Tillage operation date: 1977  91                                              
 TI005: Chisel plow, straight point                                            
 User-specified depth = 23.0 cm                                                
 Implement depth of     15.0 cm will be used.                                  

 TILLAGE  YEAR DOY = 1959 344
 User-specified tillage depth greater than that specified by tillage implement.
 Tillage operation date: 1977 152                                              
 TI005: Chisel plow, straight point                                            
 User-specified depth = 23.0 cm                                                
 Implement depth of     15.0 cm will be used.                                  

 TILLAGE  YEAR DOY = 1959 344
 User-specified tillage depth greater than that specified by tillage implement.
 Tillage operation date: 1977 213                                              
 TI005: Chisel plow, straight point                                            
 User-specified depth = 23.0 cm                                                
 Implement depth of     15.0 cm will be used.                                  

 TILLAGE  YEAR DOY = 1959 344
 User-specified tillage depth greater than that specified by tillage implement.
 Tillage operation date: 1977 274                                              
 TI005: Chisel plow, straight point                                            
 User-specified depth = 23.0 cm                                                
 Implement depth of     15.0 cm will be used.                                  

 TILLAGE  YEAR DOY = 1959 344
 User-specified tillage depth greater than that specified by tillage implement.
 Tillage operation date: 1978  91                                              
 TI005: Chisel plow, straight point                                            
 User-specified depth = 23.0 cm                                                
 Implement depth of     15.0 cm will be used.                                  

 TILLAGE  YEAR DOY = 1959 344
 User-specified tillage depth greater than that specified by tillage implement.
 Tillage operation date: 1978 152                                              
 TI005: Chisel plow, straight point                                            
 User-specified depth = 23.0 cm                                                
 Implement depth of     15.0 cm will be used.                                  

 TILLAGE  YEAR DOY = 1959 344
 User-specified tillage depth greater than that specified by tillage implement.
 Tillage operation date: 1978 213                                              
 TI005: Chisel plow, straight point                                            
 User-specified depth = 23.0 cm                                                
 Implement depth of     15.0 cm will be used.                                  

 TILLAGE  YEAR DOY = 1959 344
 User-specified tillage depth greater than that specified by tillage implement.
 Tillage operation date: 1978 274                                              
 TI005: Chisel plow, straight point                                            
 User-specified depth = 23.0 cm                                                
 Implement depth of     15.0 cm will be used.                                  

 TILLAGE  YEAR DOY = 1959 344
 User-specified tillage depth greater than that specified by tillage implement.
 Tillage operation date: 1979  91                                              
 TI005: Chisel plow, straight point                                            
 User-specified depth = 23.0 cm                                                
 Implement depth of     15.0 cm will be used.                                  

 TILLAGE  YEAR DOY = 1959 344
 User-specified tillage depth greater than that specified by tillage implement.
 Tillage operation date: 1979 152                                              
 TI005: Chisel plow, straight point                                            
 User-specified depth = 23.0 cm                                                
 Implement depth of     15.0 cm will be used.                                  

 TILLAGE  YEAR DOY = 1959 344
 User-specified tillage depth greater than that specified by tillage implement.
 Tillage operation date: 1979 213                                              
 TI005: Chisel plow, straight point                                            
 User-specified depth = 23.0 cm                                                
 Implement depth of     15.0 cm will be used.                                  

 TILLAGE  YEAR DOY = 1959 344
 User-specified tillage depth greater than that specified by tillage implement.
 Tillage operation date: 1979 274                                              
 TI005: Chisel plow, straight point                                            
 User-specified depth = 23.0 cm                                                
 Implement depth of     15.0 cm will be used.                                  

 TILLAGE  YEAR DOY = 1959 344
 User-specified tillage depth greater than that specified by tillage implement.
 Tillage operation date: 1980  91                                              
 TI005: Chisel plow, straight point                                            
 User-specified depth = 23.0 cm                                                
 Implement depth of     15.0 cm will be used.                                  

 TILLAGE  YEAR DOY = 1959 344
 User-specified tillage depth greater than that specified by tillage implement.
 Tillage operation date: 1980 152                                              
 TI005: Chisel plow, straight point                                            
 User-specified depth = 23.0 cm                                                
 Implement depth of     15.0 cm will be used.                                  

 TILLAGE  YEAR DOY = 1959 344
 User-specified tillage depth greater than that specified by tillage implement.
 Tillage operation date: 1980 213                                              
 TI005: Chisel plow, straight point                                            
 User-specified depth = 23.0 cm                                                
 Implement depth of     15.0 cm will be used.                                  

 TILLAGE  YEAR DOY = 1959 344
 User-specified tillage depth greater than that specified by tillage implement.
 Tillage operation date: 1980 274                                              
 TI005: Chisel plow, straight point                                            
 User-specified depth = 23.0 cm                                                
 Implement depth of     15.0 cm will be used.                                  

 TILLAGE  YEAR DOY = 1959 344
 User-specified tillage depth greater than that specified by tillage implement.
 Tillage operation date: 1981  91                                              
 TI005: Chisel plow, straight point                                            
 User-specified depth = 23.0 cm                                                
 Implement depth of     15.0 cm will be used.                                  

 TILLAGE  YEAR DOY = 1959 344
 User-specified tillage depth greater than that specified by tillage implement.
 Tillage operation date: 1981 152                                              
 TI005: Chisel plow, straight point                                            
 User-specified depth = 23.0 cm                                                
 Implement depth of     15.0 cm will be used.                                  

 TILLAGE  YEAR DOY = 1959 344
 User-specified tillage depth greater than that specified by tillage implement.
 Tillage operation date: 1981 213                                              
 TI005: Chisel plow, straight point                                            
 User-specified depth = 23.0 cm                                                
 Implement depth of     15.0 cm will be used.                                  

 TILLAGE  YEAR DOY = 1959 344
 User-specified tillage depth greater than that specified by tillage implement.
 Tillage operation date: 1981 274                                              
 TI005: Chisel plow, straight point                                            
 User-specified depth = 23.0 cm                                                
 Implement depth of     15.0 cm will be used.                                  

 TILLAGE  YEAR DOY = 1959 344
 User-specified tillage depth greater than that specified by tillage implement.
 Tillage operation date: 1982  91                                              
 TI005: Chisel plow, straight point                                            
 User-specified depth = 23.0 cm                                                
 Implement depth of     15.0 cm will be used.                                  

 TILLAGE  YEAR DOY = 1959 344
 User-specified tillage depth greater than that specified by tillage implement.
 Tillage operation date: 1982 152                                              
 TI005: Chisel plow, straight point                                            
 User-specified depth = 23.0 cm                                                
 Implement depth of     15.0 cm will be used.                                  

 TILLAGE  YEAR DOY = 1959 344
 User-specified tillage depth greater than that specified by tillage implement.
 Tillage operation date: 1982 213                                              
 TI005: Chisel plow, straight point                                            
 User-specified depth = 23.0 cm                                                
 Implement depth of     15.0 cm will be used.                                  

 TILLAGE  YEAR DOY = 1959 344
 User-specified tillage depth greater than that specified by tillage implement.
 Tillage operation date: 1982 274                                              
 TI005: Chisel plow, straight point                                            
 User-specified depth = 23.0 cm                                                
 Implement depth of     15.0 cm will be used.                                  

 TILLAGE  YEAR DOY = 1959 344
 User-specified tillage depth greater than that specified by tillage implement.
 Tillage operation date: 1983  91                                              
 TI005: Chisel plow, straight point                                            
 User-specified depth = 23.0 cm                                                
 Implement depth of     15.0 cm will be used.                                  

 TILLAGE  YEAR DOY = 1959 344
 User-specified tillage depth greater than that specified by tillage implement.
 Tillage operation date: 1983 152                                              
 TI005: Chisel plow, straight point                                            
 User-specified depth = 23.0 cm                                                
 Implement depth of     15.0 cm will be used.                                  

 TILLAGE  YEAR DOY = 1959 344
 User-specified tillage depth greater than that specified by tillage implement.
 Tillage operation date: 1983 213                                              
 TI005: Chisel plow, straight point                                            
 User-specified depth = 23.0 cm                                                
 Implement depth of     15.0 cm will be used.                                  

 TILLAGE  YEAR DOY = 1959 344
 User-specified tillage depth greater than that specified by tillage implement.
 Tillage operation date: 1983 274                                              
 TI005: Chisel plow, straight point                                            
 User-specified depth = 23.0 cm                                                
 Implement depth of     15.0 cm will be used.                                  

 TILLAGE  YEAR DOY = 1959 344
 User-specified tillage depth greater than that specified by tillage implement.
 Tillage operation date: 1984  91                                              
 TI005: Chisel plow, straight point                                            
 User-specified depth = 23.0 cm                                                
 Implement depth of     15.0 cm will be used.                                  

 TILLAGE  YEAR DOY = 1959 344
 User-specified tillage depth greater than that specified by tillage implement.
 Tillage operation date: 1984 152                                              
 TI005: Chisel plow, straight point                                            
 User-specified depth = 23.0 cm                                                
 Implement depth of     15.0 cm will be used.                                  

 TILLAGE  YEAR DOY = 1959 344
 User-specified tillage depth greater than that specified by tillage implement.
 Tillage operation date: 1984 213                                              
 TI005: Chisel plow, straight point                                            
 User-specified depth = 23.0 cm                                                
 Implement depth of     15.0 cm will be used.                                  

 TILLAGE  YEAR DOY = 1959 344
 User-specified tillage depth greater than that specified by tillage implement.
 Tillage operation date: 1984 274                                              
 TI005: Chisel plow, straight point                                            
 User-specified depth = 23.0 cm                                                
 Implement depth of     15.0 cm will be used.                                  

 TILLAGE  YEAR DOY = 1959 344
 User-specified tillage depth greater than that specified by tillage implement.
 Tillage operation date: 1985  91                                              
 TI005: Chisel plow, straight point                                            
 User-specified depth = 23.0 cm                                                
 Implement depth of     15.0 cm will be used.                                  

 TILLAGE  YEAR DOY = 1959 344
 User-specified tillage depth greater than that specified by tillage implement.
 Tillage operation date: 1985 152                                              
 TI005: Chisel plow, straight point                                            
 User-specified depth = 23.0 cm                                                
 Implement depth of     15.0 cm will be used.                                  

 TILLAGE  YEAR DOY = 1959 344
 User-specified tillage depth greater than that specified by tillage implement.
 Tillage operation date: 1985 213                                              
 TI005: Chisel plow, straight point                                            
 User-specified depth = 23.0 cm                                                
 Implement depth of     15.0 cm will be used.                                  

 TILLAGE  YEAR DOY = 1959 344
 User-specified tillage depth greater than that specified by tillage implement.
 Tillage operation date: 1985 274                                              
 TI005: Chisel plow, straight point                                            
 User-specified depth = 23.0 cm                                                
 Implement depth of     15.0 cm will be used.                                  

 TILLAGE  YEAR DOY = 1959 344
 User-specified tillage depth greater than that specified by tillage implement.
 Tillage operation date: 1986  91                                              
 TI005: Chisel plow, straight point                                            
 User-specified depth = 23.0 cm                                                
 Implement depth of     15.0 cm will be used.                                  

 TILLAGE  YEAR DOY = 1959 344
 User-specified tillage depth greater than that specified by tillage implement.
 Tillage operation date: 1986 152                                              
 TI005: Chisel plow, straight point                                            
 User-specified depth = 23.0 cm                                                
 Implement depth of     15.0 cm will be used.                                  

 TILLAGE  YEAR DOY = 1959 344
 User-specified tillage depth greater than that specified by tillage implement.
 Tillage operation date: 1986 213                                              
 TI005: Chisel plow, straight point                                            
 User-specified depth = 23.0 cm                                                
 Implement depth of     15.0 cm will be used.                                  

 TILLAGE  YEAR DOY = 1959 344
 User-specified tillage depth greater than that specified by tillage implement.
 Tillage operation date: 1986 274                                              
 TI005: Chisel plow, straight point                                            
 User-specified depth = 23.0 cm                                                
 Implement depth of     15.0 cm will be used.                                  

 TILLAGE  YEAR DOY = 1959 344
 User-specified tillage depth greater than that specified by tillage implement.
 Tillage operation date: 1987  91                                              
 TI005: Chisel plow, straight point                                            
 User-specified depth = 23.0 cm                                                
 Implement depth of     15.0 cm will be used.                                  

 TILLAGE  YEAR DOY = 1959 344
 User-specified tillage depth greater than that specified by tillage implement.
 Tillage operation date: 1987 152                                              
 TI005: Chisel plow, straight point                                            
 User-specified depth = 23.0 cm                                                
 Implement depth of     15.0 cm will be used.                                  

 TILLAGE  YEAR DOY = 1959 344
 User-specified tillage depth greater than that specified by tillage implement.
 Tillage operation date: 1987 213                                              
 TI005: Chisel plow, straight point                                            
 User-specified depth = 23.0 cm                                                
 Implement depth of     15.0 cm will be used.                                  

 TILLAGE  YEAR DOY = 1959 344
 User-specified tillage depth greater than that specified by tillage implement.
 Tillage operation date: 1987 274                                              
 TI005: Chisel plow, straight point                                            
 User-specified depth = 23.0 cm                                                
 Implement depth of     15.0 cm will be used.                                  

 TILLAGE  YEAR DOY = 1959 344
 User-specified tillage depth greater than that specified by tillage implement.
 Tillage operation date: 1988  91                                              
 TI005: Chisel plow, straight point                                            
 User-specified depth = 23.0 cm                                                
 Implement depth of     15.0 cm will be used.                                  

 TILLAGE  YEAR DOY = 1959 344
 User-specified tillage depth greater than that specified by tillage implement.
 Tillage operation date: 1988 152                                              
 TI005: Chisel plow, straight point                                            
 User-specified depth = 23.0 cm                                                
 Implement depth of     15.0 cm will be used.                                  

 TILLAGE  YEAR DOY = 1959 344
 User-specified tillage depth greater than that specified by tillage implement.
 Tillage operation date: 1988 213                                              
 TI005: Chisel plow, straight point                                            
 User-specified depth = 23.0 cm                                                
 Implement depth of     15.0 cm will be used.                                  

 TILLAGE  YEAR DOY = 1959 344
 User-specified tillage depth greater than that specified by tillage implement.
 Tillage operation date: 1988 274                                              
 TI005: Chisel plow, straight point                                            
 User-specified depth = 23.0 cm                                                
 Implement depth of     15.0 cm will be used.                                  

 TILLAGE  YEAR DOY = 1959 344
 User-specified tillage depth greater than that specified by tillage implement.
 Tillage operation date: 1989  91                                              
 TI005: Chisel plow, straight point                                            
 User-specified depth = 23.0 cm                                                
 Implement depth of     15.0 cm will be used.                                  

 TILLAGE  YEAR DOY = 1959 344
 User-specified tillage depth greater than that specified by tillage implement.
 Tillage operation date: 1989 152                                              
 TI005: Chisel plow, straight point                                            
 User-specified depth = 23.0 cm                                                
 Implement depth of     15.0 cm will be used.                                  

 TILLAGE  YEAR DOY = 1959 344
 User-specified tillage depth greater than that specified by tillage implement.
 Tillage operation date: 1989 213                                              
 TI005: Chisel plow, straight point                                            
 User-specified depth = 23.0 cm                                                
 Implement depth of     15.0 cm will be used.                                  

 TILLAGE  YEAR DOY = 1959 344
 User-specified tillage depth greater than that specified by tillage implement.
 Tillage operation date: 1989 274                                              
 TI005: Chisel plow, straight point                                            
 User-specified depth = 23.0 cm                                                
 Implement depth of     15.0 cm will be used.                                  

 TILLAGE  YEAR DOY = 1959 344
 User-specified tillage depth greater than that specified by tillage implement.
 Tillage operation date: 1990  91                                              
 TI005: Chisel plow, straight point                                            
 User-specified depth = 23.0 cm                                                
 Implement depth of     15.0 cm will be used.                                  

 TILLAGE  YEAR DOY = 1959 344
 User-specified tillage depth greater than that specified by tillage implement.
 Tillage operation date: 1990 152                                              
 TI005: Chisel plow, straight point                                            
 User-specified depth = 23.0 cm                                                
 Implement depth of     15.0 cm will be used.                                  

 TILLAGE  YEAR DOY = 1959 344
 User-specified tillage depth greater than that specified by tillage implement.
 Tillage operation date: 1990 213                                              
 TI005: Chisel plow, straight point                                            
 User-specified depth = 23.0 cm                                                
 Implement depth of     15.0 cm will be used.                                  

 TILLAGE  YEAR DOY = 1959 344
 User-specified tillage depth greater than that specified by tillage implement.
 Tillage operation date: 1990 274                                              
 TI005: Chisel plow, straight point                                            
 User-specified depth = 23.0 cm                                                
 Implement depth of     15.0 cm will be used.                                  

 TILLAGE  YEAR DOY = 1959 344
 User-specified tillage depth greater than that specified by tillage implement.
 Tillage operation date: 1991  91                                              
 TI005: Chisel plow, straight point                                            
 User-specified depth = 23.0 cm                                                
 Implement depth of     15.0 cm will be used.                                  

 TILLAGE  YEAR DOY = 1959 344
 User-specified tillage depth greater than that specified by tillage implement.
 Tillage operation date: 1991 152                                              
 TI005: Chisel plow, straight point                                            
 User-specified depth = 23.0 cm                                                
 Implement depth of     15.0 cm will be used.                                  

 TILLAGE  YEAR DOY = 1959 344
 User-specified tillage depth greater than that specified by tillage implement.
 Tillage operation date: 1991 213                                              
 TI005: Chisel plow, straight point                                            
 User-specified depth = 23.0 cm                                                
 Implement depth of     15.0 cm will be used.                                  

 TILLAGE  YEAR DOY = 1959 344
 User-specified tillage depth greater than that specified by tillage implement.
 Tillage operation date: 1991 274                                              
 TI005: Chisel plow, straight point                                            
 User-specified depth = 23.0 cm                                                
 Implement depth of     15.0 cm will be used.                                  

 TILLAGE  YEAR DOY = 1959 344
 User-specified tillage depth greater than that specified by tillage implement.
 Tillage operation date: 1992  91                                              
 TI005: Chisel plow, straight point                                            
 User-specified depth = 23.0 cm                                                
 Implement depth of     15.0 cm will be used.                                  

 TILLAGE  YEAR DOY = 1959 344
 User-specified tillage depth greater than that specified by tillage implement.
 Tillage operation date: 1992 152                                              
 TI005: Chisel plow, straight point                                            
 User-specified depth = 23.0 cm                                                
 Implement depth of     15.0 cm will be used.                                  

 TILLAGE  YEAR DOY = 1959 344
 User-specified tillage depth greater than that specified by tillage implement.
 Tillage operation date: 1992 213                                              
 TI005: Chisel plow, straight point                                            
 User-specified depth = 23.0 cm                                                
 Implement depth of     15.0 cm will be used.                                  

 TILLAGE  YEAR DOY = 1959 344
 User-specified tillage depth greater than that specified by tillage implement.
 Tillage operation date: 1992 274                                              
 TI005: Chisel plow, straight point                                            
 User-specified depth = 23.0 cm                                                
 Implement depth of     15.0 cm will be used.                                  

 TILLAGE  YEAR DOY = 1959 344
 User-specified tillage depth greater than that specified by tillage implement.
 Tillage operation date: 1993  91                                              
 TI005: Chisel plow, straight point                                            
 User-specified depth = 23.0 cm                                                
 Implement depth of     15.0 cm will be used.                                  

 TILLAGE  YEAR DOY = 1959 344
 User-specified tillage depth greater than that specified by tillage implement.
 Tillage operation date: 1993 152                                              
 TI005: Chisel plow, straight point                                            
 User-specified depth = 23.0 cm                                                
 Implement depth of     15.0 cm will be used.                                  

 TILLAGE  YEAR DOY = 1959 344
 User-specified tillage depth greater than that specified by tillage implement.
 Tillage operation date: 1993 213                                              
 TI005: Chisel plow, straight point                                            
 User-specified depth = 23.0 cm                                                
 Implement depth of     15.0 cm will be used.                                  

 TILLAGE  YEAR DOY = 1959 344
 User-specified tillage depth greater than that specified by tillage implement.
 Tillage operation date: 1993 274                                              
 TI005: Chisel plow, straight point                                            
 User-specified depth = 23.0 cm                                                
 Implement depth of     15.0 cm will be used.                                  

 TILLAGE  YEAR DOY = 1959 344
 User-specified tillage depth greater than that specified by tillage implement.
 Tillage operation date: 1994  91                                              
 TI005: Chisel plow, straight point                                            
 User-specified depth = 23.0 cm                                                
 Implement depth of     15.0 cm will be used.                                  

 TILLAGE  YEAR DOY = 1959 344
 User-specified tillage depth greater than that specified by tillage implement.
 Tillage operation date: 1994 152                                              
 TI005: Chisel plow, straight point                                            
 User-specified depth = 23.0 cm                                                
 Implement depth of     15.0 cm will be used.                                  

 TILLAGE  YEAR DOY = 1959 344
 User-specified tillage depth greater than that specified by tillage implement.
 Tillage operation date: 1994 213                                              
 TI005: Chisel plow, straight point                                            
 User-specified depth = 23.0 cm                                                
 Implement depth of     15.0 cm will be used.                                  

 TILLAGE  YEAR DOY = 1959 344
 User-specified tillage depth greater than that specified by tillage implement.
 Tillage operation date: 1994 274                                              
 TI005: Chisel plow, straight point                                            
 User-specified depth = 23.0 cm                                                
 Implement depth of     15.0 cm will be used.                                  

 TILLAGE  YEAR DOY = 1959 344
 User-specified tillage depth greater than that specified by tillage implement.
 Tillage operation date: 1995  91                                              
 TI005: Chisel plow, straight point                                            
 User-specified depth = 23.0 cm                                                
 Implement depth of     15.0 cm will be used.                                  

 TILLAGE  YEAR DOY = 1959 344
 User-specified tillage depth greater than that specified by tillage implement.
 Tillage operation date: 1995 152                                              
 TI005: Chisel plow, straight point                                            
 User-specified depth = 23.0 cm                                                
 Implement depth of     15.0 cm will be used.                                  

 TILLAGE  YEAR DOY = 1959 344
 User-specified tillage depth greater than that specified by tillage implement.
 Tillage operation date: 1995 213                                              
 TI005: Chisel plow, straight point                                            
 User-specified depth = 23.0 cm                                                
 Implement depth of     15.0 cm will be used.                                  

 TILLAGE  YEAR DOY = 1959 344
 User-specified tillage depth greater than that specified by tillage implement.
 Tillage operation date: 1995 274                                              
 TI005: Chisel plow, straight point                                            
 User-specified depth = 23.0 cm                                                
 Implement depth of     15.0 cm will be used.                                  

 TILLAGE  YEAR DOY = 1959 344
 User-specified tillage depth greater than that specified by tillage implement.
 Tillage operation date: 1996  91                                              
 TI005: Chisel plow, straight point                                            
 User-specified depth = 23.0 cm                                                
 Implement depth of     15.0 cm will be used.                                  

 TILLAGE  YEAR DOY = 1959 344
 User-specified tillage depth greater than that specified by tillage implement.
 Tillage operation date: 1996 152                                              
 TI005: Chisel plow, straight point                                            
 User-specified depth = 23.0 cm                                                
 Implement depth of     15.0 cm will be used.                                  

 TILLAGE  YEAR DOY = 1959 344
 User-specified tillage depth greater than that specified by tillage implement.
 Tillage operation date: 1996 213                                              
 TI005: Chisel plow, straight point                                            
 User-specified depth = 23.0 cm                                                
 Implement depth of     15.0 cm will be used.                                  

 TILLAGE  YEAR DOY = 1959 344
 User-specified tillage depth greater than that specified by tillage implement.
 Tillage operation date: 1996 274                                              
 TI005: Chisel plow, straight point                                            
 User-specified depth = 23.0 cm                                                
 Implement depth of     15.0 cm will be used.                                  

 TILLAGE  YEAR DOY = 1959 344
 User-specified tillage depth greater than that specified by tillage implement.
 Tillage operation date: 1997  91                                              
 TI005: Chisel plow, straight point                                            
 User-specified depth = 23.0 cm                                                
 Implement depth of     15.0 cm will be used.                                  

 TILLAGE  YEAR DOY = 1959 344
 User-specified tillage depth greater than that specified by tillage implement.
 Tillage operation date: 1997 152                                              
 TI005: Chisel plow, straight point                                            
 User-specified depth = 23.0 cm                                                
 Implement depth of     15.0 cm will be used.                                  

 TILLAGE  YEAR DOY = 1959 344
 User-specified tillage depth greater than that specified by tillage implement.
 Tillage operation date: 1997 213                                              
 TI005: Chisel plow, straight point                                            
 User-specified depth = 23.0 cm                                                
 Implement depth of     15.0 cm will be used.                                  

 TILLAGE  YEAR DOY = 1959 344
 User-specified tillage depth greater than that specified by tillage implement.
 Tillage operation date: 1997 274                                              
 TI005: Chisel plow, straight point                                            
 User-specified depth = 23.0 cm                                                
 Implement depth of     15.0 cm will be used.                                  

 TILLAGE  YEAR DOY = 1959 344
 User-specified tillage depth greater than that specified by tillage implement.
 Tillage operation date: 1998  91                                              
 TI005: Chisel plow, straight point                                            
 User-specified depth = 23.0 cm                                                
 Implement depth of     15.0 cm will be used.                                  

 TILLAGE  YEAR DOY = 1959 344
 User-specified tillage depth greater than that specified by tillage implement.
 Tillage operation date: 1998 152                                              
 TI005: Chisel plow, straight point                                            
 User-specified depth = 23.0 cm                                                
 Implement depth of     15.0 cm will be used.                                  

 TILLAGE  YEAR DOY = 1959 344
 User-specified tillage depth greater than that specified by tillage implement.
 Tillage operation date: 1998 213                                              
 TI005: Chisel plow, straight point                                            
 User-specified depth = 23.0 cm                                                
 Implement depth of     15.0 cm will be used.                                  

 TILLAGE  YEAR DOY = 1959 344
 User-specified tillage depth greater than that specified by tillage implement.
 Tillage operation date: 1998 274                                              
 TI005: Chisel plow, straight point                                            
 User-specified depth = 23.0 cm                                                
 Implement depth of     15.0 cm will be used.                                  

 TILLAGE  YEAR DOY = 1959 344
 User-specified tillage depth greater than that specified by tillage implement.
 Tillage operation date: 1999  91                                              
 TI005: Chisel plow, straight point                                            
 User-specified depth = 23.0 cm                                                
 Implement depth of     15.0 cm will be used.                                  

 TILLAGE  YEAR DOY = 1959 344
 User-specified tillage depth greater than that specified by tillage implement.
 Tillage operation date: 1999 152                                              
 TI005: Chisel plow, straight point                                            
 User-specified depth = 23.0 cm                                                
 Implement depth of     15.0 cm will be used.                                  

 TILLAGE  YEAR DOY = 1959 344
 User-specified tillage depth greater than that specified by tillage implement.
 Tillage operation date: 1999 213                                              
 TI005: Chisel plow, straight point                                            
 User-specified depth = 23.0 cm                                                
 Implement depth of     15.0 cm will be used.                                  

 TILLAGE  YEAR DOY = 1959 344
 User-specified tillage depth greater than that specified by tillage implement.
 Tillage operation date: 1999 274                                              
 TI005: Chisel plow, straight point                                            
 User-specified depth = 23.0 cm                                                
 Implement depth of     15.0 cm will be used.                                  

 SOILNI  YEAR DOY = 1959 344
 N content of residue was changed from value in initial conditions             
   section of experiment file to maintain allowable C:N ratio.                 
   - Previous crop code                 :    BH                                
   - Recommended N content for surface residue (%):   1.1                      
   - Value read from file               : 1.500%                               
   - Value changed to                   : 1.320%                               
 To change allowable N content, modify SCN parameter                           
   in RESCH048.SDA file.                                                       

 IPWTH   YEAR DOY = 1959 349
 Warning: SRAD < 1 MJ.m-2.d-1.                                                 
 C:\DSSAT48\Weather\ROR15901.WTH                                               
 Line      354                                                                 
 SRAD =   0.60 MJ.m-2.d-1                                                      

 IPWTH   YEAR DOY = 1959 351
 Warning: SRAD < 1 MJ.m-2.d-1.                                                 
 C:\DSSAT48\Weather\ROR15901.WTH                                               
 Line      356                                                                 
 SRAD =   0.90 MJ.m-2.d-1                                                      

 IPWTH   YEAR DOY = 1959 354
 Warning: SRAD < 1 MJ.m-2.d-1.                                                 
 C:\DSSAT48\Weather\ROR15901.WTH                                               
 Line      359                                                                 
 SRAD =   0.90 MJ.m-2.d-1                                                      

 IPWTH   YEAR DOY = 1959 356
 Warning: SRAD < 1 MJ.m-2.d-1.                                                 
 C:\DSSAT48\Weather\ROR15901.WTH                                               
 Line      361                                                                 
 SRAD =   0.90 MJ.m-2.d-1                                                      

 IPWTH   YEAR DOY = 1959 358
 Warning: SRAD < 1 MJ.m-2.d-1.                                                 
 C:\DSSAT48\Weather\ROR15901.WTH                                               
 Line      363                                                                 
 SRAD =   0.40 MJ.m-2.d-1                                                      

 IPWTH   YEAR DOY = 1960   1
 Warning: SRAD < 1 MJ.m-2.d-1.                                                 
 C:\DSSAT48\Weather\ROR16001.WTH                                               
 Line        6                                                                 
 SRAD =   0.80 MJ.m-2.d-1                                                      

 IPWTH   YEAR DOY = 1960   2
 Warning: SRAD < 1 MJ.m-2.d-1.                                                 
 C:\DSSAT48\Weather\ROR16001.WTH                                               
 Line        7                                                                 
 SRAD =   0.90 MJ.m-2.d-1                                                      

 IPWTH   YEAR DOY = 1960   5
 Warning: SRAD < 1 MJ.m-2.d-1.                                                 
 C:\DSSAT48\Weather\ROR16001.WTH                                               
 Line       10                                                                 
 SRAD =   0.80 MJ.m-2.d-1                                                      

 IPWTH   YEAR DOY = 1960  10
 Warning: SRAD < 1 MJ.m-2.d-1.                                                 
 C:\DSSAT48\Weather\ROR16001.WTH                                               
 Line       15                                                                 
 SRAD =   0.70 MJ.m-2.d-1                                                      

 IPWTH   YEAR DOY = 1960  16
 Warning: SRAD < 1 MJ.m-2.d-1.                                                 
 C:\DSSAT48\Weather\ROR16001.WTH                                               
 Line       21                                                                 
 SRAD =   0.40 MJ.m-2.d-1                                                      

 IPWTH   YEAR DOY = 1960  23
 Warning: SRAD < 1 MJ.m-2.d-1.                                                 
 C:\DSSAT48\Weather\ROR16001.WTH                                               
 Line       28                                                                 
 SRAD =   0.90 MJ.m-2.d-1                                                      

 IPWTH   YEAR DOY = 1960  58
 Warning: SRAD < 1 MJ.m-2.d-1.                                                 
 C:\DSSAT48\Weather\ROR16001.WTH                                               
 Line       63                                                                 
 SRAD =   0.90 MJ.m-2.d-1                                                      

 IPWTH   YEAR DOY = 1960 302
 Warning: SRAD < 1 MJ.m-2.d-1.                                                 
 C:\DSSAT48\Weather\ROR16001.WTH                                               
 Line      307                                                                 
 SRAD =   0.80 MJ.m-2.d-1                                                      

 IPWTH   YEAR DOY = 1960 311
 Warning: SRAD < 1 MJ.m-2.d-1.                                                 
 C:\DSSAT48\Weather\ROR16001.WTH                                               
 Line      316                                                                 
 SRAD =   0.70 MJ.m-2.d-1                                                      

 IPWTH   YEAR DOY = 1960 321
 Warning: SRAD < 1 MJ.m-2.d-1.                                                 
 C:\DSSAT48\Weather\ROR16001.WTH                                               
 Line      326                                                                 
 SRAD =   0.70 MJ.m-2.d-1                                                      

 IPWTH   YEAR DOY = 1960 322
 Warning: SRAD < 1 MJ.m-2.d-1.                                                 
 C:\DSSAT48\Weather\ROR16001.WTH                                               
 Line      327                                                                 
 SRAD =   0.80 MJ.m-2.d-1                                                      

 IPWTH   YEAR DOY = 1960 327
 Warning: SRAD < 1 MJ.m-2.d-1.                                                 
 C:\DSSAT48\Weather\ROR16001.WTH                                               
 Line      332                                                                 
 SRAD =   0.90 MJ.m-2.d-1                                                      

 IPWTH   YEAR DOY = 1960 337
 Warning: SRAD < 1 MJ.m-2.d-1.                                                 
 C:\DSSAT48\Weather\ROR16001.WTH                                               
 Line      342                                                                 
 SRAD =   0.60 MJ.m-2.d-1                                                      

 IPWTH   YEAR DOY = 1960 338
 Warning: SRAD < 1 MJ.m-2.d-1.                                                 
 C:\DSSAT48\Weather\ROR16001.WTH                                               
 Line      343                                                                 
 SRAD =   0.50 MJ.m-2.d-1                                                      

 IPWTH   YEAR DOY = 1960 340
 Warning: SRAD < 1 MJ.m-2.d-1.                                                 
 C:\DSSAT48\Weather\ROR16001.WTH                                               
 Line      345                                                                 
 SRAD =   0.50 MJ.m-2.d-1                                                      

 IPWTH   YEAR DOY = 1960 343
 Warning: SRAD < 1 MJ.m-2.d-1.                                                 
 C:\DSSAT48\Weather\ROR16001.WTH                                               
 Line      348                                                                 
 SRAD =   0.70 MJ.m-2.d-1                                                      

 IPWTH   YEAR DOY = 1960 348
 Warning: SRAD < 1 MJ.m-2.d-1.                                                 
 C:\DSSAT48\Weather\ROR16001.WTH                                               
 Line      353                                                                 
 SRAD =   0.60 MJ.m-2.d-1                                                      

 IPWTH   YEAR DOY = 1960 351
 Warning: SRAD < 1 MJ.m-2.d-1.                                                 
 C:\DSSAT48\Weather\ROR16001.WTH                                               
 Line      356                                                                 
 SRAD =   0.70 MJ.m-2.d-1                                                      

 IPWTH   YEAR DOY = 1960 352
 Warning: SRAD < 1 MJ.m-2.d-1.                                                 
 C:\DSSAT48\Weather\ROR16001.WTH                                               
 Line      357                                                                 
 SRAD =   0.80 MJ.m-2.d-1                                                      

 IPWTH   YEAR DOY = 1960 355
 Warning: SRAD < 1 MJ.m-2.d-1.                                                 
 C:\DSSAT48\Weather\ROR16001.WTH                                               
 Line      360                                                                 
 SRAD =   0.70 MJ.m-2.d-1                                                      

 IPWTH   YEAR DOY = 1960 358
 Warning: SRAD < 1 MJ.m-2.d-1.                                                 
 C:\DSSAT48\Weather\ROR16001.WTH                                               
 Line      363                                                                 
 SRAD =   0.60 MJ.m-2.d-1                                                      

 IPWTH   YEAR DOY = 1960 365
 Warning: SRAD < 1 MJ.m-2.d-1.                                                 
 C:\DSSAT48\Weather\ROR16001.WTH                                               
 Line      370                                                                 
 SRAD =   0.70 MJ.m-2.d-1                                                      

 IPWTH   YEAR DOY = 1961  16
 Warning: SRAD < 1 MJ.m-2.d-1.                                                 
 C:\DSSAT48\Weather\ROR16101.WTH                                               
 Line       21                                                                 
 SRAD =   0.90 MJ.m-2.d-1                                                      

 IPWTH   YEAR DOY = 1961  18
 Warning: SRAD < 1 MJ.m-2.d-1.                                                 
 C:\DSSAT48\Weather\ROR16101.WTH                                               
 Line       23                                                                 
 SRAD =   0.90 MJ.m-2.d-1                                                      

 IPWTH   YEAR DOY = 1961  21
 Warning: SRAD < 1 MJ.m-2.d-1.                                                 
 C:\DSSAT48\Weather\ROR16101.WTH                                               
 Line       26                                                                 
 SRAD =   0.60 MJ.m-2.d-1                                                      

 IPWTH   YEAR DOY = 1961  39
 Warning: SRAD < 1 MJ.m-2.d-1.                                                 
 C:\DSSAT48\Weather\ROR16101.WTH                                               
 Line       44                                                                 
 SRAD =   0.60 MJ.m-2.d-1                                                      

 IPWTH   YEAR DOY = 1961 324
 Warning: SRAD < 1 MJ.m-2.d-1.                                                 
 C:\DSSAT48\Weather\ROR16101.WTH                                               
 Line      329                                                                 
 SRAD =   0.50 MJ.m-2.d-1                                                      

 IPWTH   YEAR DOY = 1961 325
 Warning: SRAD < 1 MJ.m-2.d-1.                                                 
 C:\DSSAT48\Weather\ROR16101.WTH                                               
 Line      330                                                                 
 SRAD =   0.60 MJ.m-2.d-1                                                      

 IPWTH   YEAR DOY = 1961 327
 Warning: SRAD < 1 MJ.m-2.d-1.                                                 
 C:\DSSAT48\Weather\ROR16101.WTH                                               
 Line      332                                                                 
 SRAD =   0.80 MJ.m-2.d-1                                                      

 IPWTH   YEAR DOY = 1961 338
 Warning: SRAD < 1 MJ.m-2.d-1.                                                 
 C:\DSSAT48\Weather\ROR16101.WTH                                               
 Line      343                                                                 
 SRAD =   0.80 MJ.m-2.d-1                                                      

 IPWTH   YEAR DOY = 1961 339
 Warning: SRAD < 1 MJ.m-2.d-1.                                                 
 C:\DSSAT48\Weather\ROR16101.WTH                                               
 Line      344                                                                 
 SRAD =   0.40 MJ.m-2.d-1                                                      

 IPWTH   YEAR DOY = 1961 345
 Warning: SRAD < 1 MJ.m-2.d-1.                                                 
 C:\DSSAT48\Weather\ROR16101.WTH                                               
 Line      350                                                                 
 SRAD =   0.40 MJ.m-2.d-1                                                      

 IPWTH   YEAR DOY = 1961 347
 Warning: SRAD < 1 MJ.m-2.d-1.                                                 
 C:\DSSAT48\Weather\ROR16101.WTH                                               
 Line      352                                                                 
 SRAD =   0.60 MJ.m-2.d-1                                                      

 IPWTH   YEAR DOY = 1961 348
 Warning: SRAD < 1 MJ.m-2.d-1.                                                 
 C:\DSSAT48\Weather\ROR16101.WTH                                               
 Line      353                                                                 
 SRAD =   0.70 MJ.m-2.d-1                                                      

 IPWTH   YEAR DOY = 1961 349
 Warning: SRAD < 1 MJ.m-2.d-1.                                                 
 C:\DSSAT48\Weather\ROR16101.WTH                                               
 Line      354                                                                 
 SRAD =   0.90 MJ.m-2.d-1                                                      

 IPWTH   YEAR DOY = 1961 354
 Warning: SRAD < 1 MJ.m-2.d-1.                                                 
 C:\DSSAT48\Weather\ROR16101.WTH                                               
 Line      359                                                                 
 SRAD =   0.70 MJ.m-2.d-1                                                      

 IPWTH   YEAR DOY = 1961 355
 Warning: SRAD < 1 MJ.m-2.d-1.                                                 
 C:\DSSAT48\Weather\ROR16101.WTH                                               
 Line      360                                                                 
 SRAD =   0.80 MJ.m-2.d-1                                                      

 IPWTH   YEAR DOY = 1961 356
 Warning: SRAD < 1 MJ.m-2.d-1.                                                 
 C:\DSSAT48\Weather\ROR16101.WTH                                               
 Line      361                                                                 
 SRAD =   0.60 MJ.m-2.d-1                                                      

 IPWTH   YEAR DOY = 1961 358
 Warning: SRAD < 1 MJ.m-2.d-1.                                                 
 C:\DSSAT48\Weather\ROR16101.WTH                                               
 Line      363                                                                 
 SRAD =   0.60 MJ.m-2.d-1                                                      

 IPWTH   YEAR DOY = 1961 360
 Warning: SRAD < 1 MJ.m-2.d-1.                                                 
 C:\DSSAT48\Weather\ROR16101.WTH                                               
 Line      365                                                                 
 SRAD =   0.60 MJ.m-2.d-1                                                      

 IPWTH   YEAR DOY = 1961 365
 Warning: SRAD < 1 MJ.m-2.d-1.                                                 
 C:\DSSAT48\Weather\ROR16101.WTH                                               
 Line      370                                                                 
 SRAD =   0.50 MJ.m-2.d-1                                                      

 IPWTH   YEAR DOY = 1962   8
 Warning: SRAD < 1 MJ.m-2.d-1.                                                 
 C:\DSSAT48\Weather\ROR16201.WTH                                               
 Line       13                                                                 
 SRAD =   0.90 MJ.m-2.d-1                                                      

 IPWTH   YEAR DOY = 1962  13
 Warning: SRAD < 1 MJ.m-2.d-1.                                                 
 C:\DSSAT48\Weather\ROR16201.WTH                                               
 Line       18                                                                 
 SRAD =   0.80 MJ.m-2.d-1                                                      

 IPWTH   YEAR DOY = 1962  22
 Warning: SRAD < 1 MJ.m-2.d-1.                                                 
 C:\DSSAT48\Weather\ROR16201.WTH                                               
 Line       27                                                                 
 SRAD =   0.80 MJ.m-2.d-1                                                      

 IPWTH   YEAR DOY = 1962  29
 Warning: SRAD < 1 MJ.m-2.d-1.                                                 
 C:\DSSAT48\Weather\ROR16201.WTH                                               
 Line       34                                                                 
 SRAD =   0.90 MJ.m-2.d-1                                                      

 IPWTH   YEAR DOY = 1962  31
 Warning: SRAD < 1 MJ.m-2.d-1.                                                 
 C:\DSSAT48\Weather\ROR16201.WTH                                               
 Line       36                                                                 
 SRAD =   0.50 MJ.m-2.d-1                                                      

 IPWTH   YEAR DOY = 1962  32
 Warning: SRAD < 1 MJ.m-2.d-1.                                                 
 C:\DSSAT48\Weather\ROR16201.WTH                                               
 Line       37                                                                 
 SRAD =   0.40 MJ.m-2.d-1                                                      

 IPWTH   YEAR DOY = 1962  33
 Warning: SRAD < 1 MJ.m-2.d-1.                                                 
 C:\DSSAT48\Weather\ROR16201.WTH                                               
 Line       38                                                                 
 SRAD =   0.30 MJ.m-2.d-1                                                      

 IPWTH   YEAR DOY = 1962  34
 Warning: SRAD < 1 MJ.m-2.d-1.                                                 
 C:\DSSAT48\Weather\ROR16201.WTH                                               
 Line       39                                                                 
 SRAD =   0.50 MJ.m-2.d-1                                                      

 IPWTH   YEAR DOY = 1962  35
 Warning: SRAD < 1 MJ.m-2.d-1.                                                 
 C:\DSSAT48\Weather\ROR16201.WTH                                               
 Line       40                                                                 
 SRAD =   0.70 MJ.m-2.d-1                                                      

 IPWTH   YEAR DOY = 1962 300
 Warning: SRAD < 1 MJ.m-2.d-1.                                                 
 C:\DSSAT48\Weather\ROR16201.WTH                                               
 Line      305                                                                 
 SRAD =   0.80 MJ.m-2.d-1                                                      

 IPWTH   YEAR DOY = 1962 317
 Warning: SRAD < 1 MJ.m-2.d-1.                                                 
 C:\DSSAT48\Weather\ROR16201.WTH                                               
 Line      322                                                                 
 SRAD =   0.70 MJ.m-2.d-1                                                      

 IPWTH   YEAR DOY = 1962 328
 Warning: SRAD < 1 MJ.m-2.d-1.                                                 
 C:\DSSAT48\Weather\ROR16201.WTH                                               
 Line      333                                                                 
 SRAD =   0.70 MJ.m-2.d-1                                                      

 IPWTH   YEAR DOY = 1962 329
 Warning: SRAD < 1 MJ.m-2.d-1.                                                 
 C:\DSSAT48\Weather\ROR16201.WTH                                               
 Line      334                                                                 
 SRAD =   0.70 MJ.m-2.d-1                                                      

 IPWTH   YEAR DOY = 1962 339
 Warning: SRAD < 1 MJ.m-2.d-1.                                                 
 C:\DSSAT48\Weather\ROR16201.WTH                                               
 Line      344                                                                 
 SRAD =   0.80 MJ.m-2.d-1                                                      

 IPWTH   YEAR DOY = 1962 341
 Warning: SRAD < 1 MJ.m-2.d-1.                                                 
 C:\DSSAT48\Weather\ROR16201.WTH                                               
 Line      346                                                                 
 SRAD =   0.60 MJ.m-2.d-1                                                      

 IPWTH   YEAR DOY = 1962 345
 Warning: SRAD < 1 MJ.m-2.d-1.                                                 
 C:\DSSAT48\Weather\ROR16201.WTH                                               
 Line      350                                                                 
 SRAD =   0.50 MJ.m-2.d-1                                                      

 IPWTH   YEAR DOY = 1962 349
 Warning: SRAD < 1 MJ.m-2.d-1.                                                 
 C:\DSSAT48\Weather\ROR16201.WTH                                               
 Line      354                                                                 
 SRAD =   0.40 MJ.m-2.d-1                                                      

 IPWTH   YEAR DOY = 1962 352
 Warning: SRAD < 1 MJ.m-2.d-1.                                                 
 C:\DSSAT48\Weather\ROR16201.WTH                                               
 Line      357                                                                 
 SRAD =   0.80 MJ.m-2.d-1                                                      

 IPWTH   YEAR DOY = 1962 355
 Warning: SRAD < 1 MJ.m-2.d-1.                                                 
 C:\DSSAT48\Weather\ROR16201.WTH                                               
 Line      360                                                                 
 SRAD =   0.90 MJ.m-2.d-1                                                      

 IPWTH   YEAR DOY = 1962 359
 Warning: SRAD < 1 MJ.m-2.d-1.                                                 
 C:\DSSAT48\Weather\ROR16201.WTH                                               
 Line      364                                                                 
 SRAD =   0.50 MJ.m-2.d-1                                                      

 IPWTH   YEAR DOY = 1962 364
 Warning: SRAD < 1 MJ.m-2.d-1.                                                 
 C:\DSSAT48\Weather\ROR16201.WTH                                               
 Line      369                                                                 
 SRAD =   0.60 MJ.m-2.d-1                                                      

 IPWTH   YEAR DOY = 1963   1
 Warning: SRAD < 1 MJ.m-2.d-1.                                                 
 C:\DSSAT48\Weather\ROR16301.WTH                                               
 Line        6                                                                 
 SRAD =   0.50 MJ.m-2.d-1                                                      

 IPWTH   YEAR DOY = 1963   4
 Warning: SRAD < 1 MJ.m-2.d-1.                                                 
 C:\DSSAT48\Weather\ROR16301.WTH                                               
 Line        9                                                                 
 SRAD =   0.40 MJ.m-2.d-1                                                      

 IPWTH   YEAR DOY = 1963  15
 Warning: SRAD < 1 MJ.m-2.d-1.                                                 
 C:\DSSAT48\Weather\ROR16301.WTH                                               
 Line       20                                                                 
 SRAD =   0.70 MJ.m-2.d-1                                                      

 IPWTH   YEAR DOY = 1963  17
 Warning: SRAD < 1 MJ.m-2.d-1.                                                 
 C:\DSSAT48\Weather\ROR16301.WTH                                               
 Line       22                                                                 
 SRAD =   0.90 MJ.m-2.d-1                                                      

 IPWTH   YEAR DOY = 1963  19
 Warning: SRAD < 1 MJ.m-2.d-1.                                                 
 C:\DSSAT48\Weather\ROR16301.WTH                                               
 Line       24                                                                 
 SRAD =   0.90 MJ.m-2.d-1                                                      

 IPWTH   YEAR DOY = 1963  21
 Warning: SRAD < 1 MJ.m-2.d-1.                                                 
 C:\DSSAT48\Weather\ROR16301.WTH                                               
 Line       26                                                                 
 SRAD =   0.90 MJ.m-2.d-1                                                      

 IPWTH   YEAR DOY = 1963 283
 Warning: SRAD < 1 MJ.m-2.d-1.                                                 
 C:\DSSAT48\Weather\ROR16301.WTH                                               
 Line      288                                                                 
 SRAD =   0.70 MJ.m-2.d-1                                                      

 IPWTH   YEAR DOY = 1963 293
 Warning: SRAD < 1 MJ.m-2.d-1.                                                 
 C:\DSSAT48\Weather\ROR16301.WTH                                               
 Line      298                                                                 
 SRAD =   0.80 MJ.m-2.d-1                                                      

 IPWTH   YEAR DOY = 1963 315
 Warning: SRAD < 1 MJ.m-2.d-1.                                                 
 C:\DSSAT48\Weather\ROR16301.WTH                                               
 Line      320                                                                 
 SRAD =   0.90 MJ.m-2.d-1                                                      

 IPWTH   YEAR DOY = 1963 319
 Warning: SRAD < 1 MJ.m-2.d-1.                                                 
 C:\DSSAT48\Weather\ROR16301.WTH                                               
 Line      324                                                                 
 SRAD =   0.80 MJ.m-2.d-1                                                      

 IPWTH   YEAR DOY = 1963 323
 Warning: SRAD < 1 MJ.m-2.d-1.                                                 
 C:\DSSAT48\Weather\ROR16301.WTH                                               
 Line      328                                                                 
 SRAD =   0.20 MJ.m-2.d-1                                                      

 IPWTH   YEAR DOY = 1963 337
 Warning: SRAD < 1 MJ.m-2.d-1.                                                 
 C:\DSSAT48\Weather\ROR16301.WTH                                               
 Line      342                                                                 
 SRAD =   0.40 MJ.m-2.d-1                                                      

 IPWTH   YEAR DOY = 1963 339
 Warning: SRAD < 1 MJ.m-2.d-1.                                                 
 C:\DSSAT48\Weather\ROR16301.WTH                                               
 Line      344                                                                 
 SRAD =   0.70 MJ.m-2.d-1                                                      

 IPWTH   YEAR DOY = 1963 340
 Warning: SRAD < 1 MJ.m-2.d-1.                                                 
 C:\DSSAT48\Weather\ROR16301.WTH                                               
 Line      345                                                                 
 SRAD =   0.80 MJ.m-2.d-1                                                      

 IPWTH   YEAR DOY = 1963 346
 Warning: SRAD < 1 MJ.m-2.d-1.                                                 
 C:\DSSAT48\Weather\ROR16301.WTH                                               
 Line      351                                                                 
 SRAD =   0.90 MJ.m-2.d-1                                                      

 IPWTH   YEAR DOY = 1963 348
 Warning: SRAD < 1 MJ.m-2.d-1.                                                 
 C:\DSSAT48\Weather\ROR16301.WTH                                               
 Line      353                                                                 
 SRAD =   0.60 MJ.m-2.d-1                                                      

 IPWTH   YEAR DOY = 1963 349
 Warning: SRAD < 1 MJ.m-2.d-1.                                                 
 C:\DSSAT48\Weather\ROR16301.WTH                                               
 Line      354                                                                 
 SRAD =   0.80 MJ.m-2.d-1                                                      

 IPWTH   YEAR DOY = 1963 351
 Warning: SRAD < 1 MJ.m-2.d-1.                                                 
 C:\DSSAT48\Weather\ROR16301.WTH                                               
 Line      356                                                                 
 SRAD =   0.40 MJ.m-2.d-1                                                      

 IPWTH   YEAR DOY = 1963 355
 Warning: SRAD < 1 MJ.m-2.d-1.                                                 
 C:\DSSAT48\Weather\ROR16301.WTH                                               
 Line      360                                                                 
 SRAD =   0.70 MJ.m-2.d-1                                                      

 IPWTH   YEAR DOY = 1963 358
 Warning: SRAD < 1 MJ.m-2.d-1.                                                 
 C:\DSSAT48\Weather\ROR16301.WTH                                               
 Line      363                                                                 
 SRAD =   0.50 MJ.m-2.d-1                                                      

 IPWTH   YEAR DOY = 1963 360
 Warning: SRAD < 1 MJ.m-2.d-1.                                                 
 C:\DSSAT48\Weather\ROR16301.WTH                                               
 Line      365                                                                 
 SRAD =   0.50 MJ.m-2.d-1                                                      

 IPWTH   YEAR DOY = 1963 361
 Warning: SRAD < 1 MJ.m-2.d-1.                                                 
 C:\DSSAT48\Weather\ROR16301.WTH                                               
 Line      366                                                                 
 SRAD =   0.50 MJ.m-2.d-1                                                      

 IPWTH   YEAR DOY = 1963 363
 Warning: SRAD < 1 MJ.m-2.d-1.                                                 
 C:\DSSAT48\Weather\ROR16301.WTH                                               
 Line      368                                                                 
 SRAD =   0.30 MJ.m-2.d-1                                                      

 IPWTH   YEAR DOY = 1964   1
 Warning: SRAD < 1 MJ.m-2.d-1.                                                 
 C:\DSSAT48\Weather\ROR16401.WTH                                               
 Line        6                                                                 
 SRAD =   0.50 MJ.m-2.d-1                                                      

 IPWTH   YEAR DOY = 1964   5
 Warning: SRAD < 1 MJ.m-2.d-1.                                                 
 C:\DSSAT48\Weather\ROR16401.WTH                                               
 Line       10                                                                 
 SRAD =   0.60 MJ.m-2.d-1                                                      

 IPWTH   YEAR DOY = 1964   9
 Warning: SRAD < 1 MJ.m-2.d-1.                                                 
 C:\DSSAT48\Weather\ROR16401.WTH                                               
 Line       14                                                                 
 SRAD =   0.60 MJ.m-2.d-1                                                      

 IPWTH   YEAR DOY = 1964  13
 Warning: SRAD < 1 MJ.m-2.d-1.                                                 
 C:\DSSAT48\Weather\ROR16401.WTH                                               
 Line       18                                                                 
 SRAD =   0.70 MJ.m-2.d-1                                                      

 IPWTH   YEAR DOY = 1964  19
 Warning: SRAD < 1 MJ.m-2.d-1.                                                 
 C:\DSSAT48\Weather\ROR16401.WTH                                               
 Line       24                                                                 
 SRAD =   0.50 MJ.m-2.d-1                                                      

 IPWTH   YEAR DOY = 1964  23
 Warning: SRAD < 1 MJ.m-2.d-1.                                                 
 C:\DSSAT48\Weather\ROR16401.WTH                                               
 Line       28                                                                 
 SRAD =   0.80 MJ.m-2.d-1                                                      

 IPWTH   YEAR DOY = 1964  29
 Warning: SRAD < 1 MJ.m-2.d-1.                                                 
 C:\DSSAT48\Weather\ROR16401.WTH                                               
 Line       34                                                                 
 SRAD =   0.60 MJ.m-2.d-1                                                      

 IPWTH   YEAR DOY = 1964 323
 Warning: SRAD < 1 MJ.m-2.d-1.                                                 
 C:\DSSAT48\Weather\ROR16401.WTH                                               
 Line      328                                                                 
 SRAD =   0.80 MJ.m-2.d-1                                                      

 IPWTH   YEAR DOY = 1964 336
 Warning: SRAD < 1 MJ.m-2.d-1.                                                 
 C:\DSSAT48\Weather\ROR16401.WTH                                               
 Line      341                                                                 
 SRAD =   0.30 MJ.m-2.d-1                                                      

 IPWTH   YEAR DOY = 1964 348
 Warning: SRAD < 1 MJ.m-2.d-1.                                                 
 C:\DSSAT48\Weather\ROR16401.WTH                                               
 Line      353                                                                 
 SRAD =   0.60 MJ.m-2.d-1                                                      

 IPWTH   YEAR DOY = 1964 350
 Warning: SRAD < 1 MJ.m-2.d-1.                                                 
 C:\DSSAT48\Weather\ROR16401.WTH                                               
 Line      355                                                                 
 SRAD =   0.90 MJ.m-2.d-1                                                      

 IPWTH   YEAR DOY = 1964 356
 Warning: SRAD < 1 MJ.m-2.d-1.                                                 
 C:\DSSAT48\Weather\ROR16401.WTH                                               
 Line      361                                                                 
 SRAD =   0.90 MJ.m-2.d-1                                                      

 IPWTH   YEAR DOY = 1964 357
 Warning: SRAD < 1 MJ.m-2.d-1.                                                 
 C:\DSSAT48\Weather\ROR16401.WTH                                               
 Line      362                                                                 
 SRAD =   0.90 MJ.m-2.d-1                                                      

 IPWTH   YEAR DOY = 1965   5
 Warning: SRAD < 1 MJ.m-2.d-1.                                                 
 C:\DSSAT48\Weather\ROR16501.WTH                                               
 Line       10                                                                 
 SRAD =   0.90 MJ.m-2.d-1                                                      

 IPWTH   YEAR DOY = 1965   8
 Warning: SRAD < 1 MJ.m-2.d-1.                                                 
 C:\DSSAT48\Weather\ROR16501.WTH                                               
 Line       13                                                                 
 SRAD =   0.80 MJ.m-2.d-1                                                      

 IPWTH   YEAR DOY = 1965  28
 Warning: SRAD < 1 MJ.m-2.d-1.                                                 
 C:\DSSAT48\Weather\ROR16501.WTH                                               
 Line       33                                                                 
 SRAD =   0.90 MJ.m-2.d-1                                                      

 IPWTH   YEAR DOY = 1965 341
 Warning: SRAD < 1 MJ.m-2.d-1.                                                 
 C:\DSSAT48\Weather\ROR16501.WTH                                               
 Line      346                                                                 
 SRAD =   0.90 MJ.m-2.d-1                                                      

 IPWTH   YEAR DOY = 1965 346
 Warning: SRAD < 1 MJ.m-2.d-1.                                                 
 C:\DSSAT48\Weather\ROR16501.WTH                                               
 Line      351                                                                 
 SRAD =   0.60 MJ.m-2.d-1                                                      

 IPWTH   YEAR DOY = 1965 347
 Warning: SRAD < 1 MJ.m-2.d-1.                                                 
 C:\DSSAT48\Weather\ROR16501.WTH                                               
 Line      352                                                                 
 SRAD =   0.30 MJ.m-2.d-1                                                      

 IPWTH   YEAR DOY = 1965 352
 Warning: SRAD < 1 MJ.m-2.d-1.                                                 
 C:\DSSAT48\Weather\ROR16501.WTH                                               
 Line      357                                                                 
 SRAD =   0.30 MJ.m-2.d-1                                                      

 IPWTH   YEAR DOY = 1965 358
 Warning: SRAD < 1 MJ.m-2.d-1.                                                 
 C:\DSSAT48\Weather\ROR16501.WTH                                               
 Line      363                                                                 
 SRAD =   0.60 MJ.m-2.d-1                                                      

 IPWTH   YEAR DOY = 1965 361
 Warning: SRAD < 1 MJ.m-2.d-1.                                                 
 C:\DSSAT48\Weather\ROR16501.WTH                                               
 Line      366                                                                 
 SRAD =   0.40 MJ.m-2.d-1                                                      

 IPWTH   YEAR DOY = 1965 362
 Warning: SRAD < 1 MJ.m-2.d-1.                                                 
 C:\DSSAT48\Weather\ROR16501.WTH                                               
 Line      367                                                                 
 SRAD =   0.70 MJ.m-2.d-1                                                      

 IPWTH   YEAR DOY = 1965 363
 Warning: SRAD < 1 MJ.m-2.d-1.                                                 
 C:\DSSAT48\Weather\ROR16501.WTH                                               
 Line      368                                                                 
 SRAD =   0.70 MJ.m-2.d-1                                                      

 IPWTH   YEAR DOY = 1965 364
 Warning: SRAD < 1 MJ.m-2.d-1.                                                 
 C:\DSSAT48\Weather\ROR16501.WTH                                               
 Line      369                                                                 
 SRAD =   0.70 MJ.m-2.d-1                                                      

 IPWTH   YEAR DOY = 1966   3
 Warning: SRAD < 1 MJ.m-2.d-1.                                                 
 C:\DSSAT48\Weather\ROR16601.WTH                                               
 Line        8                                                                 
 SRAD =   0.90 MJ.m-2.d-1                                                      

 IPWTH   YEAR DOY = 1966   6
 Warning: SRAD < 1 MJ.m-2.d-1.                                                 
 C:\DSSAT48\Weather\ROR16601.WTH                                               
 Line       11                                                                 
 SRAD =   0.50 MJ.m-2.d-1                                                      

 IPWTH   YEAR DOY = 1966  14
 Warning: SRAD < 1 MJ.m-2.d-1.                                                 
 C:\DSSAT48\Weather\ROR16601.WTH                                               
 Line       19                                                                 
 SRAD =   0.90 MJ.m-2.d-1                                                      

 IPWTH   YEAR DOY = 1966  21
 Warning: SRAD < 1 MJ.m-2.d-1.                                                 
 C:\DSSAT48\Weather\ROR16601.WTH                                               
 Line       26                                                                 
 SRAD =   0.80 MJ.m-2.d-1                                                      

 IPWTH   YEAR DOY = 1966  25
 Warning: SRAD < 1 MJ.m-2.d-1.                                                 
 C:\DSSAT48\Weather\ROR16601.WTH                                               
 Line       30                                                                 
 SRAD =   0.20 MJ.m-2.d-1                                                      

 IPWTH   YEAR DOY = 1966  38
 Warning: SRAD < 1 MJ.m-2.d-1.                                                 
 C:\DSSAT48\Weather\ROR16601.WTH                                               
 Line       43                                                                 
 SRAD =   0.90 MJ.m-2.d-1                                                      

 IPWTH   YEAR DOY = 1966 337
 Warning: SRAD < 1 MJ.m-2.d-1.                                                 
 C:\DSSAT48\Weather\ROR16601.WTH                                               
 Line      342                                                                 
 SRAD =   0.90 MJ.m-2.d-1                                                      

 IPWTH   YEAR DOY = 1966 342
 Warning: SRAD < 1 MJ.m-2.d-1.                                                 
 C:\DSSAT48\Weather\ROR16601.WTH                                               
 Line      347                                                                 
 SRAD =   0.70 MJ.m-2.d-1                                                      

 IPWTH   YEAR DOY = 1966 351
 Warning: SRAD < 1 MJ.m-2.d-1.                                                 
 C:\DSSAT48\Weather\ROR16601.WTH                                               
 Line      356                                                                 
 SRAD =   0.80 MJ.m-2.d-1                                                      

 IPWTH   YEAR DOY = 1966 354
 Warning: SRAD < 1 MJ.m-2.d-1.                                                 
 C:\DSSAT48\Weather\ROR16601.WTH                                               
 Line      359                                                                 
 SRAD =   0.50 MJ.m-2.d-1                                                      

 IPWTH   YEAR DOY = 1966 357
 Warning: SRAD < 1 MJ.m-2.d-1.                                                 
 C:\DSSAT48\Weather\ROR16601.WTH                                               
 Line      362                                                                 
 SRAD =   0.70 MJ.m-2.d-1                                                      

 IPWTH   YEAR DOY = 1966 359
 Warning: SRAD < 1 MJ.m-2.d-1.                                                 
 C:\DSSAT48\Weather\ROR16601.WTH                                               
 Line      364                                                                 
 SRAD =   0.60 MJ.m-2.d-1                                                      

 IPWTH   YEAR DOY = 1966 360
 Warning: SRAD < 1 MJ.m-2.d-1.                                                 
 C:\DSSAT48\Weather\ROR16601.WTH                                               
 Line      365                                                                 
 SRAD =   0.50 MJ.m-2.d-1                                                      

 IPWTH   YEAR DOY = 1966 362
 Warning: SRAD < 1 MJ.m-2.d-1.                                                 
 C:\DSSAT48\Weather\ROR16601.WTH                                               
 Line      367                                                                 
 SRAD =   0.80 MJ.m-2.d-1                                                      

 IPWTH   YEAR DOY = 1966 363
 Warning: SRAD < 1 MJ.m-2.d-1.                                                 
 C:\DSSAT48\Weather\ROR16601.WTH                                               
 Line      368                                                                 
 SRAD =   0.90 MJ.m-2.d-1                                                      

 IPWTH   YEAR DOY = 1967   8
 Warning: SRAD < 1 MJ.m-2.d-1.                                                 
 C:\DSSAT48\Weather\ROR16701.WTH                                               
 Line       13                                                                 
 SRAD =   0.80 MJ.m-2.d-1                                                      

 IPWTH   YEAR DOY = 1967  17
 Warning: SRAD < 1 MJ.m-2.d-1.                                                 
 C:\DSSAT48\Weather\ROR16701.WTH                                               
 Line       22                                                                 
 SRAD =   0.70 MJ.m-2.d-1                                                      

 IPWTH   YEAR DOY = 1967  18
 Warning: SRAD < 1 MJ.m-2.d-1.                                                 
 C:\DSSAT48\Weather\ROR16701.WTH                                               
 Line       23                                                                 
 SRAD =   0.90 MJ.m-2.d-1                                                      

 IPWTH   YEAR DOY = 1967  26
 Warning: SRAD < 1 MJ.m-2.d-1.                                                 
 C:\DSSAT48\Weather\ROR16701.WTH                                               
 Line       31                                                                 
 SRAD =   0.80 MJ.m-2.d-1                                                      

 IPWTH   YEAR DOY = 1967  27
 Warning: SRAD < 1 MJ.m-2.d-1.                                                 
 C:\DSSAT48\Weather\ROR16701.WTH                                               
 Line       32                                                                 
 SRAD =   0.60 MJ.m-2.d-1                                                      

 IPWTH   YEAR DOY = 1967  29
 Warning: SRAD < 1 MJ.m-2.d-1.                                                 
 C:\DSSAT48\Weather\ROR16701.WTH                                               
 Line       34                                                                 
 SRAD =   0.80 MJ.m-2.d-1                                                      

 IPWTH   YEAR DOY = 1967 323
 Warning: SRAD < 1 MJ.m-2.d-1.                                                 
 C:\DSSAT48\Weather\ROR16701.WTH                                               
 Line      328                                                                 
 SRAD =   0.30 MJ.m-2.d-1                                                      

 IPWTH   YEAR DOY = 1967 329
 Warning: SRAD < 1 MJ.m-2.d-1.                                                 
 C:\DSSAT48\Weather\ROR16701.WTH                                               
 Line      334                                                                 
 SRAD =   0.70 MJ.m-2.d-1                                                      

 IPWTH   YEAR DOY = 1967 331
 Warning: SRAD < 1 MJ.m-2.d-1.                                                 
 C:\DSSAT48\Weather\ROR16701.WTH                                               
 Line      336                                                                 
 SRAD =   0.80 MJ.m-2.d-1                                                      

 IPWTH   YEAR DOY = 1967 334
 Warning: SRAD < 1 MJ.m-2.d-1.                                                 
 C:\DSSAT48\Weather\ROR16701.WTH                                               
 Line      339                                                                 
 SRAD =   0.60 MJ.m-2.d-1                                                      

 IPWTH   YEAR DOY = 1967 335
 Warning: SRAD < 1 MJ.m-2.d-1.                                                 
 C:\DSSAT48\Weather\ROR16701.WTH                                               
 Line      340                                                                 
 SRAD =   0.90 MJ.m-2.d-1                                                      

 IPWTH   YEAR DOY = 1967 337
 Warning: SRAD < 1 MJ.m-2.d-1.                                                 
 C:\DSSAT48\Weather\ROR16701.WTH                                               
 Line      342                                                                 
 SRAD =   0.50 MJ.m-2.d-1                                                      

 IPWTH   YEAR DOY = 1967 338
 Warning: SRAD < 1 MJ.m-2.d-1.                                                 
 C:\DSSAT48\Weather\ROR16701.WTH                                               
 Line      343                                                                 
 SRAD =   0.40 MJ.m-2.d-1                                                      

 IPWTH   YEAR DOY = 1967 351
 Warning: SRAD < 1 MJ.m-2.d-1.                                                 
 C:\DSSAT48\Weather\ROR16701.WTH                                               
 Line      356                                                                 
 SRAD =   0.60 MJ.m-2.d-1                                                      

 IPWTH   YEAR DOY = 1967 353
 Warning: SRAD < 1 MJ.m-2.d-1.                                                 
 C:\DSSAT48\Weather\ROR16701.WTH                                               
 Line      358                                                                 
 SRAD =   0.70 MJ.m-2.d-1                                                      

 IPWTH   YEAR DOY = 1967 362
 Warning: SRAD < 1 MJ.m-2.d-1.                                                 
 C:\DSSAT48\Weather\ROR16701.WTH                                               
 Line      367                                                                 
 SRAD =   0.80 MJ.m-2.d-1                                                      

 IPWTH   YEAR DOY = 1967 363
 Warning: SRAD < 1 MJ.m-2.d-1.                                                 
 C:\DSSAT48\Weather\ROR16701.WTH                                               
 Line      368                                                                 
 SRAD =   0.60 MJ.m-2.d-1                                                      

 IPWTH   YEAR DOY = 1967 364
 Warning: SRAD < 1 MJ.m-2.d-1.                                                 
 C:\DSSAT48\Weather\ROR16701.WTH                                               
 Line      369                                                                 
 SRAD =   0.50 MJ.m-2.d-1                                                      

 IPWTH   YEAR DOY = 1967 365
 Warning: SRAD < 1 MJ.m-2.d-1.                                                 
 C:\DSSAT48\Weather\ROR16701.WTH                                               
 Line      370                                                                 
 SRAD =   0.60 MJ.m-2.d-1                                                      

 IPWTH   YEAR DOY = 1968   9
 Warning: SRAD < 1 MJ.m-2.d-1.                                                 
 C:\DSSAT48\Weather\ROR16801.WTH                                               
 Line       14                                                                 
 SRAD =   0.80 MJ.m-2.d-1                                                      

 IPWTH   YEAR DOY = 1968  15
 Warning: SRAD < 1 MJ.m-2.d-1.                                                 
 C:\DSSAT48\Weather\ROR16801.WTH                                               
 Line       20                                                                 
 SRAD =   0.90 MJ.m-2.d-1                                                      

 IPWTH   YEAR DOY = 1968 314
 Warning: SRAD < 1 MJ.m-2.d-1.                                                 
 C:\DSSAT48\Weather\ROR16801.WTH                                               
 Line      319                                                                 
 SRAD =   0.70 MJ.m-2.d-1                                                      

 IPWTH   YEAR DOY = 1968 321
 Warning: SRAD < 1 MJ.m-2.d-1.                                                 
 C:\DSSAT48\Weather\ROR16801.WTH                                               
 Line      326                                                                 
 SRAD =   0.90 MJ.m-2.d-1                                                      

 IPWTH   YEAR DOY = 1968 323
 Warning: SRAD < 1 MJ.m-2.d-1.                                                 
 C:\DSSAT48\Weather\ROR16801.WTH                                               
 Line      328                                                                 
 SRAD =   0.80 MJ.m-2.d-1                                                      

 IPWTH   YEAR DOY = 1968 327
 Warning: SRAD < 1 MJ.m-2.d-1.                                                 
 C:\DSSAT48\Weather\ROR16801.WTH                                               
 Line      332                                                                 
 SRAD =   0.60 MJ.m-2.d-1                                                      

 IPWTH   YEAR DOY = 1968 335
 Warning: SRAD < 1 MJ.m-2.d-1.                                                 
 C:\DSSAT48\Weather\ROR16801.WTH                                               
 Line      340                                                                 
 SRAD =   0.60 MJ.m-2.d-1                                                      

 IPWTH   YEAR DOY = 1968 337
 Warning: SRAD < 1 MJ.m-2.d-1.                                                 
 C:\DSSAT48\Weather\ROR16801.WTH                                               
 Line      342                                                                 
 SRAD =   0.90 MJ.m-2.d-1                                                      

 IPWTH   YEAR DOY = 1968 344
 Warning: SRAD < 1 MJ.m-2.d-1.                                                 
 C:\DSSAT48\Weather\ROR16801.WTH                                               
 Line      349                                                                 
 SRAD =   0.60 MJ.m-2.d-1                                                      

 IPWTH   YEAR DOY = 1968 346
 Warning: SRAD < 1 MJ.m-2.d-1.                                                 
 C:\DSSAT48\Weather\ROR16801.WTH                                               
 Line      351                                                                 
 SRAD =   0.80 MJ.m-2.d-1                                                      

 IPWTH   YEAR DOY = 1968 350
 Warning: SRAD < 1 MJ.m-2.d-1.                                                 
 C:\DSSAT48\Weather\ROR16801.WTH                                               
 Line      355                                                                 
 SRAD =   0.60 MJ.m-2.d-1                                                      

 IPWTH   YEAR DOY = 1968 351
 Warning: SRAD < 1 MJ.m-2.d-1.                                                 
 C:\DSSAT48\Weather\ROR16801.WTH                                               
 Line      356                                                                 
 SRAD =   0.90 MJ.m-2.d-1                                                      

 IPWTH   YEAR DOY = 1968 352
 Warning: SRAD < 1 MJ.m-2.d-1.                                                 
 C:\DSSAT48\Weather\ROR16801.WTH                                               
 Line      357                                                                 
 SRAD =   0.80 MJ.m-2.d-1                                                      

 IPWTH   YEAR DOY = 1968 353
 Warning: SRAD < 1 MJ.m-2.d-1.                                                 
 C:\DSSAT48\Weather\ROR16801.WTH                                               
 Line      358                                                                 
 SRAD =   0.40 MJ.m-2.d-1                                                      

 IPWTH   YEAR DOY = 1968 354
 Warning: SRAD < 1 MJ.m-2.d-1.                                                 
 C:\DSSAT48\Weather\ROR16801.WTH                                               
 Line      359                                                                 
 SRAD =   0.80 MJ.m-2.d-1                                                      

 IPWTH   YEAR DOY = 1968 360
 Warning: SRAD < 1 MJ.m-2.d-1.                                                 
 C:\DSSAT48\Weather\ROR16801.WTH                                               
 Line      365                                                                 
 SRAD =   0.40 MJ.m-2.d-1                                                      

 IPWTH   YEAR DOY = 1968 361
 Warning: SRAD < 1 MJ.m-2.d-1.                                                 
 C:\DSSAT48\Weather\ROR16801.WTH                                               
 Line      366                                                                 
 SRAD =   0.60 MJ.m-2.d-1                                                      

 IPWTH   YEAR DOY = 1968 366
 Warning: SRAD < 1 MJ.m-2.d-1.                                                 
 C:\DSSAT48\Weather\ROR16801.WTH                                               
 Line      371                                                                 
 SRAD =   0.50 MJ.m-2.d-1                                                      

 IPWTH   YEAR DOY = 1969   5
 Warning: SRAD < 1 MJ.m-2.d-1.                                                 
 C:\DSSAT48\Weather\ROR16901.WTH                                               
 Line       10                                                                 
 SRAD =   0.50 MJ.m-2.d-1                                                      

 IPWTH   YEAR DOY = 1969  10
 Warning: SRAD < 1 MJ.m-2.d-1.                                                 
 C:\DSSAT48\Weather\ROR16901.WTH                                               
 Line       15                                                                 
 SRAD =   0.60 MJ.m-2.d-1                                                      

 IPWTH   YEAR DOY = 1969  13
 Warning: SRAD < 1 MJ.m-2.d-1.                                                 
 C:\DSSAT48\Weather\ROR16901.WTH                                               
 Line       18                                                                 
 SRAD =   0.50 MJ.m-2.d-1                                                      

 IPWTH   YEAR DOY = 1969  16
 Warning: SRAD < 1 MJ.m-2.d-1.                                                 
 C:\DSSAT48\Weather\ROR16901.WTH                                               
 Line       21                                                                 
 SRAD =   0.50 MJ.m-2.d-1                                                      

 IPWTH   YEAR DOY = 1969  26
 Warning: SRAD < 1 MJ.m-2.d-1.                                                 
 C:\DSSAT48\Weather\ROR16901.WTH                                               
 Line       31                                                                 
 SRAD =   0.80 MJ.m-2.d-1                                                      

 IPWTH   YEAR DOY = 1969  98
 Warning: SRAD < 1 MJ.m-2.d-1.                                                 
 C:\DSSAT48\Weather\ROR16901.WTH                                               
 Line      103                                                                 
 SRAD =   0.50 MJ.m-2.d-1                                                      

 IPWTH   YEAR DOY = 1969  99
 Warning: SRAD < 1 MJ.m-2.d-1.                                                 
 C:\DSSAT48\Weather\ROR16901.WTH                                               
 Line      104                                                                 
 SRAD =   0.30 MJ.m-2.d-1                                                      

 IPWTH   YEAR DOY = 1969 342
 Warning: SRAD < 1 MJ.m-2.d-1.                                                 
 C:\DSSAT48\Weather\ROR16901.WTH                                               
 Line      347                                                                 
 SRAD =   0.80 MJ.m-2.d-1                                                      

 IPWTH   YEAR DOY = 1969 346
 Warning: SRAD < 1 MJ.m-2.d-1.                                                 
 C:\DSSAT48\Weather\ROR16901.WTH                                               
 Line      351                                                                 
 SRAD =   0.30 MJ.m-2.d-1                                                      

 IPWTH   YEAR DOY = 1969 351
 Warning: SRAD < 1 MJ.m-2.d-1.                                                 
 C:\DSSAT48\Weather\ROR16901.WTH                                               
 Line      356                                                                 
 SRAD =   0.80 MJ.m-2.d-1                                                      

 IPWTH   YEAR DOY = 1969 352
 Warning: SRAD < 1 MJ.m-2.d-1.                                                 
 C:\DSSAT48\Weather\ROR16901.WTH                                               
 Line      357                                                                 
 SRAD =   0.40 MJ.m-2.d-1                                                      

 IPWTH   YEAR DOY = 1969 354
 Warning: SRAD < 1 MJ.m-2.d-1.                                                 
 C:\DSSAT48\Weather\ROR16901.WTH                                               
 Line      359                                                                 
 SRAD =   0.50 MJ.m-2.d-1                                                      

 IPWTH   YEAR DOY = 1969 358
 Warning: SRAD < 1 MJ.m-2.d-1.                                                 
 C:\DSSAT48\Weather\ROR16901.WTH                                               
 Line      363                                                                 
 SRAD =   0.70 MJ.m-2.d-1                                                      

 IPWTH   YEAR DOY = 1969 362
 Warning: SRAD < 1 MJ.m-2.d-1.                                                 
 C:\DSSAT48\Weather\ROR16901.WTH                                               
 Line      367                                                                 
 SRAD =   0.70 MJ.m-2.d-1                                                      

 IPWTH   YEAR DOY = 1969 364
 Warning: SRAD < 1 MJ.m-2.d-1.                                                 
 C:\DSSAT48\Weather\ROR16901.WTH                                               
 Line      369                                                                 
 SRAD =   0.80 MJ.m-2.d-1                                                      

 IPWTH   YEAR DOY = 1970   3
 Warning: SRAD < 1 MJ.m-2.d-1.                                                 
 C:\DSSAT48\Weather\ROR17001.WTH                                               
 Line        8                                                                 
 SRAD =   0.60 MJ.m-2.d-1                                                      

 IPWTH   YEAR DOY = 1970   6
 Warning: SRAD < 1 MJ.m-2.d-1.                                                 
 C:\DSSAT48\Weather\ROR17001.WTH                                               
 Line       11                                                                 
 SRAD =   0.80 MJ.m-2.d-1                                                      

 IPWTH   YEAR DOY = 1970   9
 Warning: SRAD < 1 MJ.m-2.d-1.                                                 
 C:\DSSAT48\Weather\ROR17001.WTH                                               
 Line       14                                                                 
 SRAD =   0.80 MJ.m-2.d-1                                                      

 IPWTH   YEAR DOY = 1970  12
 Warning: SRAD < 1 MJ.m-2.d-1.                                                 
 C:\DSSAT48\Weather\ROR17001.WTH                                               
 Line       17                                                                 
 SRAD =   0.60 MJ.m-2.d-1                                                      

 IPWTH   YEAR DOY = 1970  32
 Warning: SRAD < 1 MJ.m-2.d-1.                                                 
 C:\DSSAT48\Weather\ROR17001.WTH                                               
 Line       37                                                                 
 SRAD =   0.70 MJ.m-2.d-1                                                      

 IPWTH   YEAR DOY = 1970 316
 Warning: SRAD < 1 MJ.m-2.d-1.                                                 
 C:\DSSAT48\Weather\ROR17001.WTH                                               
 Line      321                                                                 
 SRAD =   0.80 MJ.m-2.d-1                                                      

 IPWTH   YEAR DOY = 1970 318
 Warning: SRAD < 1 MJ.m-2.d-1.                                                 
 C:\DSSAT48\Weather\ROR17001.WTH                                               
 Line      323                                                                 
 SRAD =   0.90 MJ.m-2.d-1                                                      

 IPWTH   YEAR DOY = 1970 324
 Warning: SRAD < 1 MJ.m-2.d-1.                                                 
 C:\DSSAT48\Weather\ROR17001.WTH                                               
 Line      329                                                                 
 SRAD =   0.50 MJ.m-2.d-1                                                      

 IPWTH   YEAR DOY = 1970 331
 Warning: SRAD < 1 MJ.m-2.d-1.                                                 
 C:\DSSAT48\Weather\ROR17001.WTH                                               
 Line      336                                                                 
 SRAD =   0.60 MJ.m-2.d-1                                                      

 IPWTH   YEAR DOY = 1970 342
 Warning: SRAD < 1 MJ.m-2.d-1.                                                 
 C:\DSSAT48\Weather\ROR17001.WTH                                               
 Line      347                                                                 
 SRAD =   0.50 MJ.m-2.d-1                                                      

 IPWTH   YEAR DOY = 1970 344
 Warning: SRAD < 1 MJ.m-2.d-1.                                                 
 C:\DSSAT48\Weather\ROR17001.WTH                                               
 Line      349                                                                 
 SRAD =   0.80 MJ.m-2.d-1                                                      

 IPWTH   YEAR DOY = 1970 359
 Warning: SRAD < 1 MJ.m-2.d-1.                                                 
 C:\DSSAT48\Weather\ROR17001.WTH                                               
 Line      364                                                                 
 SRAD =   0.80 MJ.m-2.d-1                                                      

 IPWTH   YEAR DOY = 1970 361
 Warning: SRAD < 1 MJ.m-2.d-1.                                                 
 C:\DSSAT48\Weather\ROR17001.WTH                                               
 Line      366                                                                 
 SRAD =   0.60 MJ.m-2.d-1                                                      

 IPWTH   YEAR DOY = 1970 362
 Warning: SRAD < 1 MJ.m-2.d-1.                                                 
 C:\DSSAT48\Weather\ROR17001.WTH                                               
 Line      367                                                                 
 SRAD =   0.70 MJ.m-2.d-1                                                      

 IPWTH   YEAR DOY = 1971   5
 Warning: SRAD < 1 MJ.m-2.d-1.                                                 
 C:\DSSAT48\Weather\ROR17101.WTH                                               
 Line       10                                                                 
 SRAD =   0.40 MJ.m-2.d-1                                                      

 IPWTH   YEAR DOY = 1971   9
 Warning: SRAD < 1 MJ.m-2.d-1.                                                 
 C:\DSSAT48\Weather\ROR17101.WTH                                               
 Line       14                                                                 
 SRAD =   0.90 MJ.m-2.d-1                                                      

 IPWTH   YEAR DOY = 1971  17
 Warning: SRAD < 1 MJ.m-2.d-1.                                                 
 C:\DSSAT48\Weather\ROR17101.WTH                                               
 Line       22                                                                 
 SRAD =   0.70 MJ.m-2.d-1                                                      

 IPWTH   YEAR DOY = 1971  19
 Warning: SRAD < 1 MJ.m-2.d-1.                                                 
 C:\DSSAT48\Weather\ROR17101.WTH                                               
 Line       24                                                                 
 SRAD =   0.70 MJ.m-2.d-1                                                      

 IPWTH   YEAR DOY = 1971  21
 Warning: SRAD < 1 MJ.m-2.d-1.                                                 
 C:\DSSAT48\Weather\ROR17101.WTH                                               
 Line       26                                                                 
 SRAD =   0.90 MJ.m-2.d-1                                                      

 IPWTH   YEAR DOY = 1971  25
 Warning: SRAD < 1 MJ.m-2.d-1.                                                 
 C:\DSSAT48\Weather\ROR17101.WTH                                               
 Line       30                                                                 
 SRAD =   0.90 MJ.m-2.d-1                                                      

 IPWTH   YEAR DOY = 1971  31
 Warning: SRAD < 1 MJ.m-2.d-1.                                                 
 C:\DSSAT48\Weather\ROR17101.WTH                                               
 Line       36                                                                 
 SRAD =   0.60 MJ.m-2.d-1                                                      

 IPWTH   YEAR DOY = 1971  34
 Warning: SRAD < 1 MJ.m-2.d-1.                                                 
 C:\DSSAT48\Weather\ROR17101.WTH                                               
 Line       39                                                                 
 SRAD =   0.80 MJ.m-2.d-1                                                      

 IPWTH   YEAR DOY = 1971 329
 Warning: SRAD < 1 MJ.m-2.d-1.                                                 
 C:\DSSAT48\Weather\ROR17101.WTH                                               
 Line      334                                                                 
 SRAD =   0.70 MJ.m-2.d-1                                                      

 IPWTH   YEAR DOY = 1971 334
 Warning: SRAD < 1 MJ.m-2.d-1.                                                 
 C:\DSSAT48\Weather\ROR17101.WTH                                               
 Line      339                                                                 
 SRAD =   0.70 MJ.m-2.d-1                                                      

 IPWTH   YEAR DOY = 1971 335
 Warning: SRAD < 1 MJ.m-2.d-1.                                                 
 C:\DSSAT48\Weather\ROR17101.WTH                                               
 Line      340                                                                 
 SRAD =   0.70 MJ.m-2.d-1                                                      

 IPWTH   YEAR DOY = 1971 336
 Warning: SRAD < 1 MJ.m-2.d-1.                                                 
 C:\DSSAT48\Weather\ROR17101.WTH                                               
 Line      341                                                                 
 SRAD =   0.80 MJ.m-2.d-1                                                      

 IPWTH   YEAR DOY = 1971 337
 Warning: SRAD < 1 MJ.m-2.d-1.                                                 
 C:\DSSAT48\Weather\ROR17101.WTH                                               
 Line      342                                                                 
 SRAD =   0.60 MJ.m-2.d-1                                                      

 IPWTH   YEAR DOY = 1971 338
 Warning: SRAD < 1 MJ.m-2.d-1.                                                 
 C:\DSSAT48\Weather\ROR17101.WTH                                               
 Line      343                                                                 
 SRAD =   0.80 MJ.m-2.d-1                                                      

 IPWTH   YEAR DOY = 1971 340
 Warning: SRAD < 1 MJ.m-2.d-1.                                                 
 C:\DSSAT48\Weather\ROR17101.WTH                                               
 Line      345                                                                 
 SRAD =   0.70 MJ.m-2.d-1                                                      

 IPWTH   YEAR DOY = 1971 346
 Warning: SRAD < 1 MJ.m-2.d-1.                                                 
 C:\DSSAT48\Weather\ROR17101.WTH                                               
 Line      351                                                                 
 SRAD =   0.80 MJ.m-2.d-1                                                      

 IPWTH   YEAR DOY = 1971 349
 Warning: SRAD < 1 MJ.m-2.d-1.                                                 
 C:\DSSAT48\Weather\ROR17101.WTH                                               
 Line      354                                                                 
 SRAD =   0.20 MJ.m-2.d-1                                                      

 IPWTH   YEAR DOY = 1971 351
 Warning: SRAD < 1 MJ.m-2.d-1.                                                 
 C:\DSSAT48\Weather\ROR17101.WTH                                               
 Line      356                                                                 
 SRAD =   0.50 MJ.m-2.d-1                                                      

 IPWTH   YEAR DOY = 1971 352
 Warning: SRAD < 1 MJ.m-2.d-1.                                                 
 C:\DSSAT48\Weather\ROR17101.WTH                                               
 Line      357                                                                 
 SRAD =   0.30 MJ.m-2.d-1                                                      

 IPWTH   YEAR DOY = 1971 355
 Warning: SRAD < 1 MJ.m-2.d-1.                                                 
 C:\DSSAT48\Weather\ROR17101.WTH                                               
 Line      360                                                                 
 SRAD =   0.40 MJ.m-2.d-1                                                      

 IPWTH   YEAR DOY = 1971 357
 Warning: SRAD < 1 MJ.m-2.d-1.                                                 
 C:\DSSAT48\Weather\ROR17101.WTH                                               
 Line      362                                                                 
 SRAD =   0.60 MJ.m-2.d-1                                                      

 IPWTH   YEAR DOY = 1971 364
 Warning: SRAD < 1 MJ.m-2.d-1.                                                 
 C:\DSSAT48\Weather\ROR17101.WTH                                               
 Line      369                                                                 
 SRAD =   0.50 MJ.m-2.d-1                                                      

 IPWTH   YEAR DOY = 1971 365
 Warning: SRAD < 1 MJ.m-2.d-1.                                                 
 C:\DSSAT48\Weather\ROR17101.WTH                                               
 Line      370                                                                 
 SRAD =   0.90 MJ.m-2.d-1                                                      

 IPWTH   YEAR DOY = 1972   3
 Warning: SRAD < 1 MJ.m-2.d-1.                                                 
 C:\DSSAT48\Weather\ROR17201.WTH                                               
 Line        8                                                                 
 SRAD =   0.60 MJ.m-2.d-1                                                      

 IPWTH   YEAR DOY = 1972   5
 Warning: SRAD < 1 MJ.m-2.d-1.                                                 
 C:\DSSAT48\Weather\ROR17201.WTH                                               
 Line       10                                                                 
 SRAD =   0.70 MJ.m-2.d-1                                                      

 IPWTH   YEAR DOY = 1972  11
 Warning: SRAD < 1 MJ.m-2.d-1.                                                 
 C:\DSSAT48\Weather\ROR17201.WTH                                               
 Line       16                                                                 
 SRAD =   0.70 MJ.m-2.d-1                                                      

 IPWTH   YEAR DOY = 1972  18
 Warning: SRAD < 1 MJ.m-2.d-1.                                                 
 C:\DSSAT48\Weather\ROR17201.WTH                                               
 Line       23                                                                 
 SRAD =   0.90 MJ.m-2.d-1                                                      

 IPWTH   YEAR DOY = 1972  19
 Warning: SRAD < 1 MJ.m-2.d-1.                                                 
 C:\DSSAT48\Weather\ROR17201.WTH                                               
 Line       24                                                                 
 SRAD =   0.60 MJ.m-2.d-1                                                      

 IPWTH   YEAR DOY = 1972  21
 Warning: SRAD < 1 MJ.m-2.d-1.                                                 
 C:\DSSAT48\Weather\ROR17201.WTH                                               
 Line       26                                                                 
 SRAD =   0.70 MJ.m-2.d-1                                                      

 IPWTH   YEAR DOY = 1972  23
 Warning: SRAD < 1 MJ.m-2.d-1.                                                 
 C:\DSSAT48\Weather\ROR17201.WTH                                               
 Line       28                                                                 
 SRAD =   0.50 MJ.m-2.d-1                                                      

 IPWTH   YEAR DOY = 1972  24
 Warning: SRAD < 1 MJ.m-2.d-1.                                                 
 C:\DSSAT48\Weather\ROR17201.WTH                                               
 Line       29                                                                 
 SRAD =   0.70 MJ.m-2.d-1                                                      

 IPWTH   YEAR DOY = 1972  25
 Warning: SRAD < 1 MJ.m-2.d-1.                                                 
 C:\DSSAT48\Weather\ROR17201.WTH                                               
 Line       30                                                                 
 SRAD =   0.70 MJ.m-2.d-1                                                      

 IPWTH   YEAR DOY = 1972  29
 Warning: SRAD < 1 MJ.m-2.d-1.                                                 
 C:\DSSAT48\Weather\ROR17201.WTH                                               
 Line       34                                                                 
 SRAD =   0.70 MJ.m-2.d-1                                                      

 IPWTH   YEAR DOY = 1972  40
 Warning: SRAD < 1 MJ.m-2.d-1.                                                 
 C:\DSSAT48\Weather\ROR17201.WTH                                               
 Line       45                                                                 
 SRAD =   0.80 MJ.m-2.d-1                                                      

 IPWTH   YEAR DOY = 1972 329
 Warning: SRAD < 1 MJ.m-2.d-1.                                                 
 C:\DSSAT48\Weather\ROR17201.WTH                                               
 Line      334                                                                 
 SRAD =   0.70 MJ.m-2.d-1                                                      

 IPWTH   YEAR DOY = 1972 336
 Warning: SRAD < 1 MJ.m-2.d-1.                                                 
 C:\DSSAT48\Weather\ROR17201.WTH                                               
 Line      341                                                                 
 SRAD =   0.70 MJ.m-2.d-1                                                      

 IPWTH   YEAR DOY = 1972 343
 Warning: SRAD < 1 MJ.m-2.d-1.                                                 
 C:\DSSAT48\Weather\ROR17201.WTH                                               
 Line      348                                                                 
 SRAD =   0.50 MJ.m-2.d-1                                                      

 IPWTH   YEAR DOY = 1972 344
 Warning: SRAD < 1 MJ.m-2.d-1.                                                 
 C:\DSSAT48\Weather\ROR17201.WTH                                               
 Line      349                                                                 
 SRAD =   0.80 MJ.m-2.d-1                                                      

 IPWTH   YEAR DOY = 1972 345
 Warning: SRAD < 1 MJ.m-2.d-1.                                                 
 C:\DSSAT48\Weather\ROR17201.WTH                                               
 Line      350                                                                 
 SRAD =   0.30 MJ.m-2.d-1                                                      

 IPWTH   YEAR DOY = 1972 346
 Warning: SRAD < 1 MJ.m-2.d-1.                                                 
 C:\DSSAT48\Weather\ROR17201.WTH                                               
 Line      351                                                                 
 SRAD =   0.40 MJ.m-2.d-1                                                      

 IPWTH   YEAR DOY = 1972 347
 Warning: SRAD < 1 MJ.m-2.d-1.                                                 
 C:\DSSAT48\Weather\ROR17201.WTH                                               
 Line      352                                                                 
 SRAD =   0.20 MJ.m-2.d-1                                                      

 IPWTH   YEAR DOY = 1972 351
 Warning: SRAD < 1 MJ.m-2.d-1.                                                 
 C:\DSSAT48\Weather\ROR17201.WTH                                               
 Line      356                                                                 
 SRAD =   0.60 MJ.m-2.d-1                                                      

 IPWTH   YEAR DOY = 1972 352
 Warning: SRAD < 1 MJ.m-2.d-1.                                                 
 C:\DSSAT48\Weather\ROR17201.WTH                                               
 Line      357                                                                 
 SRAD =   0.80 MJ.m-2.d-1                                                      

 IPWTH   YEAR DOY = 1972 354
 Warning: SRAD < 1 MJ.m-2.d-1.                                                 
 C:\DSSAT48\Weather\ROR17201.WTH                                               
 Line      359                                                                 
 SRAD =   0.50 MJ.m-2.d-1                                                      

 IPWTH   YEAR DOY = 1972 355
 Warning: SRAD < 1 MJ.m-2.d-1.                                                 
 C:\DSSAT48\Weather\ROR17201.WTH                                               
 Line      360                                                                 
 SRAD =   0.30 MJ.m-2.d-1                                                      

 IPWTH   YEAR DOY = 1972 356
 Warning: SRAD < 1 MJ.m-2.d-1.                                                 
 C:\DSSAT48\Weather\ROR17201.WTH                                               
 Line      361                                                                 
 SRAD =   0.50 MJ.m-2.d-1                                                      

 IPWTH   YEAR DOY = 1973   3
 Warning: SRAD < 1 MJ.m-2.d-1.                                                 
 C:\DSSAT48\Weather\ROR17301.WTH                                               
 Line        8                                                                 
 SRAD =   0.80 MJ.m-2.d-1                                                      

 IPWTH   YEAR DOY = 1973   7
 Warning: SRAD < 1 MJ.m-2.d-1.                                                 
 C:\DSSAT48\Weather\ROR17301.WTH                                               
 Line       12                                                                 
 SRAD =   0.70 MJ.m-2.d-1                                                      

 IPWTH   YEAR DOY = 1973   8
 Warning: SRAD < 1 MJ.m-2.d-1.                                                 
 C:\DSSAT48\Weather\ROR17301.WTH                                               
 Line       13                                                                 
 SRAD =   0.90 MJ.m-2.d-1                                                      

 IPWTH   YEAR DOY = 1973  19
 Warning: SRAD < 1 MJ.m-2.d-1.                                                 
 C:\DSSAT48\Weather\ROR17301.WTH                                               
 Line       24                                                                 
 SRAD =   0.80 MJ.m-2.d-1                                                      

 IPWTH   YEAR DOY = 1973  22
 Warning: SRAD < 1 MJ.m-2.d-1.                                                 
 C:\DSSAT48\Weather\ROR17301.WTH                                               
 Line       27                                                                 
 SRAD =   0.70 MJ.m-2.d-1                                                      

 IPWTH   YEAR DOY = 1973  35
 Warning: SRAD < 1 MJ.m-2.d-1.                                                 
 C:\DSSAT48\Weather\ROR17301.WTH                                               
 Line       40                                                                 
 SRAD =   0.90 MJ.m-2.d-1                                                      

 IPWTH   YEAR DOY = 1973 322
 Warning: SRAD < 1 MJ.m-2.d-1.                                                 
 C:\DSSAT48\Weather\ROR17301.WTH                                               
 Line      327                                                                 
 SRAD =   0.70 MJ.m-2.d-1                                                      

 IPWTH   YEAR DOY = 1973 331
 Warning: SRAD < 1 MJ.m-2.d-1.                                                 
 C:\DSSAT48\Weather\ROR17301.WTH                                               
 Line      336                                                                 
 SRAD =   0.90 MJ.m-2.d-1                                                      

 IPWTH   YEAR DOY = 1973 349
 Warning: SRAD < 1 MJ.m-2.d-1.                                                 
 C:\DSSAT48\Weather\ROR17301.WTH                                               
 Line      354                                                                 
 SRAD =   0.90 MJ.m-2.d-1                                                      

 IPWTH   YEAR DOY = 1973 350
 Warning: SRAD < 1 MJ.m-2.d-1.                                                 
 C:\DSSAT48\Weather\ROR17301.WTH                                               
 Line      355                                                                 
 SRAD =   0.30 MJ.m-2.d-1                                                      

 IPWTH   YEAR DOY = 1973 351
 Warning: SRAD < 1 MJ.m-2.d-1.                                                 
 C:\DSSAT48\Weather\ROR17301.WTH                                               
 Line      356                                                                 
 SRAD =   0.60 MJ.m-2.d-1                                                      

 IPWTH   YEAR DOY = 1973 352
 Warning: SRAD < 1 MJ.m-2.d-1.                                                 
 C:\DSSAT48\Weather\ROR17301.WTH                                               
 Line      357                                                                 
 SRAD =   0.30 MJ.m-2.d-1                                                      

 IPWTH   YEAR DOY = 1973 353
 Warning: SRAD < 1 MJ.m-2.d-1.                                                 
 C:\DSSAT48\Weather\ROR17301.WTH                                               
 Line      358                                                                 
 SRAD =   0.50 MJ.m-2.d-1                                                      

 IPWTH   YEAR DOY = 1973 354
 Warning: SRAD < 1 MJ.m-2.d-1.                                                 
 C:\DSSAT48\Weather\ROR17301.WTH                                               
 Line      359                                                                 
 SRAD =   0.80 MJ.m-2.d-1                                                      

 IPWTH   YEAR DOY = 1973 356
 Warning: SRAD < 1 MJ.m-2.d-1.                                                 
 C:\DSSAT48\Weather\ROR17301.WTH                                               
 Line      361                                                                 
 SRAD =   0.80 MJ.m-2.d-1                                                      

 IPWTH   YEAR DOY = 1973 358
 Warning: SRAD < 1 MJ.m-2.d-1.                                                 
 C:\DSSAT48\Weather\ROR17301.WTH                                               
 Line      363                                                                 
 SRAD =   0.40 MJ.m-2.d-1                                                      

 IPWTH   YEAR DOY = 1974  18
 Warning: SRAD < 1 MJ.m-2.d-1.                                                 
 C:\DSSAT48\Weather\ROR17401.WTH                                               
 Line       23                                                                 
 SRAD =   0.90 MJ.m-2.d-1                                                      

 IPWTH   YEAR DOY = 1974 328
 Warning: SRAD < 1 MJ.m-2.d-1.                                                 
 C:\DSSAT48\Weather\ROR17401.WTH                                               
 Line      333                                                                 
 SRAD =   0.90 MJ.m-2.d-1                                                      

 IPWTH   YEAR DOY = 1974 335
 Warning: SRAD < 1 MJ.m-2.d-1.                                                 
 C:\DSSAT48\Weather\ROR17401.WTH                                               
 Line      340                                                                 
 SRAD =   0.90 MJ.m-2.d-1                                                      

 IPWTH   YEAR DOY = 1974 337
 Warning: SRAD < 1 MJ.m-2.d-1.                                                 
 C:\DSSAT48\Weather\ROR17401.WTH                                               
 Line      342                                                                 
 SRAD =   0.50 MJ.m-2.d-1                                                      

 IPWTH   YEAR DOY = 1974 342
 Warning: SRAD < 1 MJ.m-2.d-1.                                                 
 C:\DSSAT48\Weather\ROR17401.WTH                                               
 Line      347                                                                 
 SRAD =   0.50 MJ.m-2.d-1                                                      

 IPWTH   YEAR DOY = 1974 349
 Warning: SRAD < 1 MJ.m-2.d-1.                                                 
 C:\DSSAT48\Weather\ROR17401.WTH                                               
 Line      354                                                                 
 SRAD =   0.90 MJ.m-2.d-1                                                      

 IPWTH   YEAR DOY = 1974 357
 Warning: SRAD < 1 MJ.m-2.d-1.                                                 
 C:\DSSAT48\Weather\ROR17401.WTH                                               
 Line      362                                                                 
 SRAD =   0.40 MJ.m-2.d-1                                                      

 IPWTH   YEAR DOY = 1974 359
 Warning: SRAD < 1 MJ.m-2.d-1.                                                 
 C:\DSSAT48\Weather\ROR17401.WTH                                               
 Line      364                                                                 
 SRAD =   0.70 MJ.m-2.d-1                                                      

 IPWTH   YEAR DOY = 1974 360
 Warning: SRAD < 1 MJ.m-2.d-1.                                                 
 C:\DSSAT48\Weather\ROR17401.WTH                                               
 Line      365                                                                 
 SRAD =   0.60 MJ.m-2.d-1                                                      

 IPWTH   YEAR DOY = 1974 361
 Warning: SRAD < 1 MJ.m-2.d-1.                                                 
 C:\DSSAT48\Weather\ROR17401.WTH                                               
 Line      366                                                                 
 SRAD =   0.70 MJ.m-2.d-1                                                      

 IPWTH   YEAR DOY = 1974 363
 Warning: SRAD < 1 MJ.m-2.d-1.                                                 
 C:\DSSAT48\Weather\ROR17401.WTH                                               
 Line      368                                                                 
 SRAD =   0.70 MJ.m-2.d-1                                                      

 IPWTH   YEAR DOY = 1974 365
 Warning: SRAD < 1 MJ.m-2.d-1.                                                 
 C:\DSSAT48\Weather\ROR17401.WTH                                               
 Line      370                                                                 
 SRAD =   0.50 MJ.m-2.d-1                                                      

 IPWTH   YEAR DOY = 1975  12
 Warning: SRAD < 1 MJ.m-2.d-1.                                                 
 C:\DSSAT48\Weather\ROR17501.WTH                                               
 Line       17                                                                 
 SRAD =   0.60 MJ.m-2.d-1                                                      

 IPWTH   YEAR DOY = 1975  19
 Warning: SRAD < 1 MJ.m-2.d-1.                                                 
 C:\DSSAT48\Weather\ROR17501.WTH                                               
 Line       24                                                                 
 SRAD =   0.80 MJ.m-2.d-1                                                      

 IPWTH   YEAR DOY = 1975  30
 Warning: SRAD < 1 MJ.m-2.d-1.                                                 
 C:\DSSAT48\Weather\ROR17501.WTH                                               
 Line       35                                                                 
 SRAD =   0.80 MJ.m-2.d-1                                                      

 IPWTH   YEAR DOY = 1975  63
 Warning: SRAD < 1 MJ.m-2.d-1.                                                 
 C:\DSSAT48\Weather\ROR17501.WTH                                               
 Line       68                                                                 
 SRAD =   0.10 MJ.m-2.d-1                                                      

 IPWTH   YEAR DOY = 1975 294
 Warning: SRAD < 1 MJ.m-2.d-1.                                                 
 C:\DSSAT48\Weather\ROR17501.WTH                                               
 Line      299                                                                 
 SRAD =   0.90 MJ.m-2.d-1                                                      

 IPWTH   YEAR DOY = 1975 309
 Warning: SRAD < 1 MJ.m-2.d-1.                                                 
 C:\DSSAT48\Weather\ROR17501.WTH                                               
 Line      314                                                                 
 SRAD =   0.60 MJ.m-2.d-1                                                      

 IPWTH   YEAR DOY = 1975 333
 Warning: SRAD < 1 MJ.m-2.d-1.                                                 
 C:\DSSAT48\Weather\ROR17501.WTH                                               
 Line      338                                                                 
 SRAD =   0.60 MJ.m-2.d-1                                                      

 IPWTH   YEAR DOY = 1975 340
 Warning: SRAD < 1 MJ.m-2.d-1.                                                 
 C:\DSSAT48\Weather\ROR17501.WTH                                               
 Line      345                                                                 
 SRAD =   0.50 MJ.m-2.d-1                                                      

 IPWTH   YEAR DOY = 1975 342
 Warning: SRAD < 1 MJ.m-2.d-1.                                                 
 C:\DSSAT48\Weather\ROR17501.WTH                                               
 Line      347                                                                 
 SRAD =   0.70 MJ.m-2.d-1                                                      

 IPWTH   YEAR DOY = 1975 345
 Warning: SRAD < 1 MJ.m-2.d-1.                                                 
 C:\DSSAT48\Weather\ROR17501.WTH                                               
 Line      350                                                                 
 SRAD =   0.70 MJ.m-2.d-1                                                      

 IPWTH   YEAR DOY = 1975 346
 Warning: SRAD < 1 MJ.m-2.d-1.                                                 
 C:\DSSAT48\Weather\ROR17501.WTH                                               
 Line      351                                                                 
 SRAD =   0.70 MJ.m-2.d-1                                                      

 IPWTH   YEAR DOY = 1975 347
 Warning: SRAD < 1 MJ.m-2.d-1.                                                 
 C:\DSSAT48\Weather\ROR17501.WTH                                               
 Line      352                                                                 
 SRAD =   0.60 MJ.m-2.d-1                                                      

 IPWTH   YEAR DOY = 1975 351
 Warning: SRAD < 1 MJ.m-2.d-1.                                                 
 C:\DSSAT48\Weather\ROR17501.WTH                                               
 Line      356                                                                 
 SRAD =   0.30 MJ.m-2.d-1                                                      

 IPWTH   YEAR DOY = 1975 355
 Warning: SRAD < 1 MJ.m-2.d-1.                                                 
 C:\DSSAT48\Weather\ROR17501.WTH                                               
 Line      360                                                                 
 SRAD =   0.50 MJ.m-2.d-1                                                      

 IPWTH   YEAR DOY = 1975 356
 Warning: SRAD < 1 MJ.m-2.d-1.                                                 
 C:\DSSAT48\Weather\ROR17501.WTH                                               
 Line      361                                                                 
 SRAD =   0.60 MJ.m-2.d-1                                                      

 IPWTH   YEAR DOY = 1975 362
 Warning: SRAD < 1 MJ.m-2.d-1.                                                 
 C:\DSSAT48\Weather\ROR17501.WTH                                               
 Line      367                                                                 
 SRAD =   0.70 MJ.m-2.d-1                                                      

 IPWTH   YEAR DOY = 1975 364
 Warning: SRAD < 1 MJ.m-2.d-1.                                                 
 C:\DSSAT48\Weather\ROR17501.WTH                                               
 Line      369                                                                 
 SRAD =   0.50 MJ.m-2.d-1                                                      

 IPWTH   YEAR DOY = 1975 365
 Warning: SRAD < 1 MJ.m-2.d-1.                                                 
 C:\DSSAT48\Weather\ROR17501.WTH                                               
 Line      370                                                                 
 SRAD =   0.90 MJ.m-2.d-1                                                      

 IPWTH   YEAR DOY = 1976   1
 Warning: SRAD < 1 MJ.m-2.d-1.                                                 
 C:\DSSAT48\Weather\ROR17601.WTH                                               
 Line        6                                                                 
 SRAD =   0.90 MJ.m-2.d-1                                                      

 IPWTH   YEAR DOY = 1976   3
 Warning: SRAD < 1 MJ.m-2.d-1.                                                 
 C:\DSSAT48\Weather\ROR17601.WTH                                               
 Line        8                                                                 
 SRAD =   0.70 MJ.m-2.d-1                                                      

 IPWTH   YEAR DOY = 1976   5
 Warning: SRAD < 1 MJ.m-2.d-1.                                                 
 C:\DSSAT48\Weather\ROR17601.WTH                                               
 Line       10                                                                 
 SRAD =   0.90 MJ.m-2.d-1                                                      

 IPWTH   YEAR DOY = 1976   6
 Warning: SRAD < 1 MJ.m-2.d-1.                                                 
 C:\DSSAT48\Weather\ROR17601.WTH                                               
 Line       11                                                                 
 SRAD =   0.50 MJ.m-2.d-1                                                      

 IPWTH   YEAR DOY = 1976  26
 Warning: SRAD < 1 MJ.m-2.d-1.                                                 
 C:\DSSAT48\Weather\ROR17601.WTH                                               
 Line       31                                                                 
 SRAD =   0.70 MJ.m-2.d-1                                                      

 IPWTH   YEAR DOY = 1976  31
 Warning: SRAD < 1 MJ.m-2.d-1.                                                 
 C:\DSSAT48\Weather\ROR17601.WTH                                               
 Line       36                                                                 
 SRAD =   0.90 MJ.m-2.d-1                                                      

 IPWTH   YEAR DOY = 1976 328
 Warning: SRAD < 1 MJ.m-2.d-1.                                                 
 C:\DSSAT48\Weather\ROR17601.WTH                                               
 Line      333                                                                 
 SRAD =   0.60 MJ.m-2.d-1                                                      

 IPWTH   YEAR DOY = 1976 329
 Warning: SRAD < 1 MJ.m-2.d-1.                                                 
 C:\DSSAT48\Weather\ROR17601.WTH                                               
 Line      334                                                                 
 SRAD =   0.70 MJ.m-2.d-1                                                      

 IPWTH   YEAR DOY = 1976 342
 Warning: SRAD < 1 MJ.m-2.d-1.                                                 
 C:\DSSAT48\Weather\ROR17601.WTH                                               
 Line      347                                                                 
 SRAD =   0.60 MJ.m-2.d-1                                                      

 IPWTH   YEAR DOY = 1976 343
 Warning: SRAD < 1 MJ.m-2.d-1.                                                 
 C:\DSSAT48\Weather\ROR17601.WTH                                               
 Line      348                                                                 
 SRAD =   0.90 MJ.m-2.d-1                                                      

 IPWTH   YEAR DOY = 1976 349
 Warning: SRAD < 1 MJ.m-2.d-1.                                                 
 C:\DSSAT48\Weather\ROR17601.WTH                                               
 Line      354                                                                 
 SRAD =   0.60 MJ.m-2.d-1                                                      

 IPWTH   YEAR DOY = 1976 351
 Warning: SRAD < 1 MJ.m-2.d-1.                                                 
 C:\DSSAT48\Weather\ROR17601.WTH                                               
 Line      356                                                                 
 SRAD =   0.90 MJ.m-2.d-1                                                      

 IPWTH   YEAR DOY = 1976 354
 Warning: SRAD < 1 MJ.m-2.d-1.                                                 
 C:\DSSAT48\Weather\ROR17601.WTH                                               
 Line      359                                                                 
 SRAD =   0.90 MJ.m-2.d-1                                                      

 IPWTH   YEAR DOY = 1976 356
 Warning: SRAD < 1 MJ.m-2.d-1.                                                 
 C:\DSSAT48\Weather\ROR17601.WTH                                               
 Line      361                                                                 
 SRAD =   0.90 MJ.m-2.d-1                                                      

 IPWTH   YEAR DOY = 1976 358
 Warning: SRAD < 1 MJ.m-2.d-1.                                                 
 C:\DSSAT48\Weather\ROR17601.WTH                                               
 Line      363                                                                 
 SRAD =   0.40 MJ.m-2.d-1                                                      

 IPWTH   YEAR DOY = 1976 366
 Warning: SRAD < 1 MJ.m-2.d-1.                                                 
 C:\DSSAT48\Weather\ROR17601.WTH                                               
 Line      371                                                                 
 SRAD =   0.80 MJ.m-2.d-1                                                      

 IPWTH   YEAR DOY = 1977   1
 Warning: SRAD < 1 MJ.m-2.d-1.                                                 
 C:\DSSAT48\Weather\ROR17701.WTH                                               
 Line        6                                                                 
 SRAD =   0.90 MJ.m-2.d-1                                                      

 IPWTH   YEAR DOY = 1977   4
 Warning: SRAD < 1 MJ.m-2.d-1.                                                 
 C:\DSSAT48\Weather\ROR17701.WTH                                               
 Line        9                                                                 
 SRAD =   0.80 MJ.m-2.d-1                                                      

 IPWTH   YEAR DOY = 1977   9
 Warning: SRAD < 1 MJ.m-2.d-1.                                                 
 C:\DSSAT48\Weather\ROR17701.WTH                                               
 Line       14                                                                 
 SRAD =   0.70 MJ.m-2.d-1                                                      

 IPWTH   YEAR DOY = 1977  15
 Warning: SRAD < 1 MJ.m-2.d-1.                                                 
 C:\DSSAT48\Weather\ROR17701.WTH                                               
 Line       20                                                                 
 SRAD =   0.40 MJ.m-2.d-1                                                      

 IPWTH   YEAR DOY = 1977  22
 Warning: SRAD < 1 MJ.m-2.d-1.                                                 
 C:\DSSAT48\Weather\ROR17701.WTH                                               
 Line       27                                                                 
 SRAD =   0.90 MJ.m-2.d-1                                                      

 IPWTH   YEAR DOY = 1977  57
 Warning: SRAD < 1 MJ.m-2.d-1.                                                 
 C:\DSSAT48\Weather\ROR17701.WTH                                               
 Line       62                                                                 
 SRAD =   0.90 MJ.m-2.d-1                                                      

 IPWTH   YEAR DOY = 1977 301
 Warning: SRAD < 1 MJ.m-2.d-1.                                                 
 C:\DSSAT48\Weather\ROR17701.WTH                                               
 Line      306                                                                 
 SRAD =   0.80 MJ.m-2.d-1                                                      

 IPWTH   YEAR DOY = 1977 310
 Warning: SRAD < 1 MJ.m-2.d-1.                                                 
 C:\DSSAT48\Weather\ROR17701.WTH                                               
 Line      315                                                                 
 SRAD =   0.70 MJ.m-2.d-1                                                      

 IPWTH   YEAR DOY = 1977 320
 Warning: SRAD < 1 MJ.m-2.d-1.                                                 
 C:\DSSAT48\Weather\ROR17701.WTH                                               
 Line      325                                                                 
 SRAD =   0.70 MJ.m-2.d-1                                                      

 IPWTH   YEAR DOY = 1977 321
 Warning: SRAD < 1 MJ.m-2.d-1.                                                 
 C:\DSSAT48\Weather\ROR17701.WTH                                               
 Line      326                                                                 
 SRAD =   0.80 MJ.m-2.d-1                                                      

 IPWTH   YEAR DOY = 1977 326
 Warning: SRAD < 1 MJ.m-2.d-1.                                                 
 C:\DSSAT48\Weather\ROR17701.WTH                                               
 Line      331                                                                 
 SRAD =   0.90 MJ.m-2.d-1                                                      

 IPWTH   YEAR DOY = 1977 336
 Warning: SRAD < 1 MJ.m-2.d-1.                                                 
 C:\DSSAT48\Weather\ROR17701.WTH                                               
 Line      341                                                                 
 SRAD =   0.60 MJ.m-2.d-1                                                      

 IPWTH   YEAR DOY = 1977 337
 Warning: SRAD < 1 MJ.m-2.d-1.                                                 
 C:\DSSAT48\Weather\ROR17701.WTH                                               
 Line      342                                                                 
 SRAD =   0.50 MJ.m-2.d-1                                                      

 IPWTH   YEAR DOY = 1977 339
 Warning: SRAD < 1 MJ.m-2.d-1.                                                 
 C:\DSSAT48\Weather\ROR17701.WTH                                               
 Line      344                                                                 
 SRAD =   0.50 MJ.m-2.d-1                                                      

 IPWTH   YEAR DOY = 1977 342
 Warning: SRAD < 1 MJ.m-2.d-1.                                                 
 C:\DSSAT48\Weather\ROR17701.WTH                                               
 Line      347                                                                 
 SRAD =   0.70 MJ.m-2.d-1                                                      

 IPWTH   YEAR DOY = 1977 347
 Warning: SRAD < 1 MJ.m-2.d-1.                                                 
 C:\DSSAT48\Weather\ROR17701.WTH                                               
 Line      352                                                                 
 SRAD =   0.60 MJ.m-2.d-1                                                      

 IPWTH   YEAR DOY = 1977 350
 Warning: SRAD < 1 MJ.m-2.d-1.                                                 
 C:\DSSAT48\Weather\ROR17701.WTH                                               
 Line      355                                                                 
 SRAD =   0.70 MJ.m-2.d-1                                                      

 IPWTH   YEAR DOY = 1977 351
 Warning: SRAD < 1 MJ.m-2.d-1.                                                 
 C:\DSSAT48\Weather\ROR17701.WTH                                               
 Line      356                                                                 
 SRAD =   0.80 MJ.m-2.d-1                                                      

 IPWTH   YEAR DOY = 1977 354
 Warning: SRAD < 1 MJ.m-2.d-1.                                                 
 C:\DSSAT48\Weather\ROR17701.WTH                                               
 Line      359                                                                 
 SRAD =   0.70 MJ.m-2.d-1                                                      

 IPWTH   YEAR DOY = 1977 357
 Warning: SRAD < 1 MJ.m-2.d-1.                                                 
 C:\DSSAT48\Weather\ROR17701.WTH                                               
 Line      362                                                                 
 SRAD =   0.60 MJ.m-2.d-1                                                      

 IPWTH   YEAR DOY = 1977 364
 Warning: SRAD < 1 MJ.m-2.d-1.                                                 
 C:\DSSAT48\Weather\ROR17701.WTH                                               
 Line      369                                                                 
 SRAD =   0.70 MJ.m-2.d-1                                                      

 IPWTH   YEAR DOY = 1978  16
 Warning: SRAD < 1 MJ.m-2.d-1.                                                 
 C:\DSSAT48\Weather\ROR17801.WTH                                               
 Line       21                                                                 
 SRAD =   0.90 MJ.m-2.d-1                                                      

 IPWTH   YEAR DOY = 1978  18
 Warning: SRAD < 1 MJ.m-2.d-1.                                                 
 C:\DSSAT48\Weather\ROR17801.WTH                                               
 Line       23                                                                 
 SRAD =   0.90 MJ.m-2.d-1                                                      

 IPWTH   YEAR DOY = 1978  21
 Warning: SRAD < 1 MJ.m-2.d-1.                                                 
 C:\DSSAT48\Weather\ROR17801.WTH                                               
 Line       26                                                                 
 SRAD =   0.60 MJ.m-2.d-1                                                      

 IPWTH   YEAR DOY = 1978  39
 Warning: SRAD < 1 MJ.m-2.d-1.                                                 
 C:\DSSAT48\Weather\ROR17801.WTH                                               
 Line       44                                                                 
 SRAD =   0.60 MJ.m-2.d-1                                                      

 IPWTH   YEAR DOY = 1978 324
 Warning: SRAD < 1 MJ.m-2.d-1.                                                 
 C:\DSSAT48\Weather\ROR17801.WTH                                               
 Line      329                                                                 
 SRAD =   0.50 MJ.m-2.d-1                                                      

 IPWTH   YEAR DOY = 1978 325
 Warning: SRAD < 1 MJ.m-2.d-1.                                                 
 C:\DSSAT48\Weather\ROR17801.WTH                                               
 Line      330                                                                 
 SRAD =   0.60 MJ.m-2.d-1                                                      

 IPWTH   YEAR DOY = 1978 327
 Warning: SRAD < 1 MJ.m-2.d-1.                                                 
 C:\DSSAT48\Weather\ROR17801.WTH                                               
 Line      332                                                                 
 SRAD =   0.80 MJ.m-2.d-1                                                      

 IPWTH   YEAR DOY = 1978 338
 Warning: SRAD < 1 MJ.m-2.d-1.                                                 
 C:\DSSAT48\Weather\ROR17801.WTH                                               
 Line      343                                                                 
 SRAD =   0.80 MJ.m-2.d-1                                                      

 IPWTH   YEAR DOY = 1978 339
 Warning: SRAD < 1 MJ.m-2.d-1.                                                 
 C:\DSSAT48\Weather\ROR17801.WTH                                               
 Line      344                                                                 
 SRAD =   0.40 MJ.m-2.d-1                                                      

 IPWTH   YEAR DOY = 1978 345
 Warning: SRAD < 1 MJ.m-2.d-1.                                                 
 C:\DSSAT48\Weather\ROR17801.WTH                                               
 Line      350                                                                 
 SRAD =   0.40 MJ.m-2.d-1                                                      

 IPWTH   YEAR DOY = 1978 347
 Warning: SRAD < 1 MJ.m-2.d-1.                                                 
 C:\DSSAT48\Weather\ROR17801.WTH                                               
 Line      352                                                                 
 SRAD =   0.60 MJ.m-2.d-1                                                      

 IPWTH   YEAR DOY = 1978 348
 Warning: SRAD < 1 MJ.m-2.d-1.                                                 
 C:\DSSAT48\Weather\ROR17801.WTH                                               
 Line      353                                                                 
 SRAD =   0.70 MJ.m-2.d-1                                                      

 IPWTH   YEAR DOY = 1978 349
 Warning: SRAD < 1 MJ.m-2.d-1.                                                 
 C:\DSSAT48\Weather\ROR17801.WTH                                               
 Line      354                                                                 
 SRAD =   0.90 MJ.m-2.d-1                                                      

 IPWTH   YEAR DOY = 1978 354
 Warning: SRAD < 1 MJ.m-2.d-1.                                                 
 C:\DSSAT48\Weather\ROR17801.WTH                                               
 Line      359                                                                 
 SRAD =   0.70 MJ.m-2.d-1                                                      

 IPWTH   YEAR DOY = 1978 355
 Warning: SRAD < 1 MJ.m-2.d-1.                                                 
 C:\DSSAT48\Weather\ROR17801.WTH                                               
 Line      360                                                                 
 SRAD =   0.80 MJ.m-2.d-1                                                      

 IPWTH   YEAR DOY = 1978 356
 Warning: SRAD < 1 MJ.m-2.d-1.                                                 
 C:\DSSAT48\Weather\ROR17801.WTH                                               
 Line      361                                                                 
 SRAD =   0.60 MJ.m-2.d-1                                                      

 IPWTH   YEAR DOY = 1978 358
 Warning: SRAD < 1 MJ.m-2.d-1.                                                 
 C:\DSSAT48\Weather\ROR17801.WTH                                               
 Line      363                                                                 
 SRAD =   0.60 MJ.m-2.d-1                                                      

 IPWTH   YEAR DOY = 1978 360
 Warning: SRAD < 1 MJ.m-2.d-1.                                                 
 C:\DSSAT48\Weather\ROR17801.WTH                                               
 Line      365                                                                 
 SRAD =   0.60 MJ.m-2.d-1                                                      

 IPWTH   YEAR DOY = 1978 365
 Warning: SRAD < 1 MJ.m-2.d-1.                                                 
 C:\DSSAT48\Weather\ROR17801.WTH                                               
 Line      370                                                                 
 SRAD =   0.50 MJ.m-2.d-1                                                      

 IPWTH   YEAR DOY = 1979   8
 Warning: SRAD < 1 MJ.m-2.d-1.                                                 
 C:\DSSAT48\Weather\ROR17901.WTH                                               
 Line       13                                                                 
 SRAD =   0.90 MJ.m-2.d-1                                                      

 IPWTH   YEAR DOY = 1979  13
 Warning: SRAD < 1 MJ.m-2.d-1.                                                 
 C:\DSSAT48\Weather\ROR17901.WTH                                               
 Line       18                                                                 
 SRAD =   0.80 MJ.m-2.d-1                                                      

 IPWTH   YEAR DOY = 1979  22
 Warning: SRAD < 1 MJ.m-2.d-1.                                                 
 C:\DSSAT48\Weather\ROR17901.WTH                                               
 Line       27                                                                 
 SRAD =   0.80 MJ.m-2.d-1                                                      

 IPWTH   YEAR DOY = 1979  29
 Warning: SRAD < 1 MJ.m-2.d-1.                                                 
 C:\DSSAT48\Weather\ROR17901.WTH                                               
 Line       34                                                                 
 SRAD =   0.90 MJ.m-2.d-1                                                      

 IPWTH   YEAR DOY = 1979  31
 Warning: SRAD < 1 MJ.m-2.d-1.                                                 
 C:\DSSAT48\Weather\ROR17901.WTH                                               
 Line       36                                                                 
 SRAD =   0.50 MJ.m-2.d-1                                                      

 IPWTH   YEAR DOY = 1979  32
 Warning: SRAD < 1 MJ.m-2.d-1.                                                 
 C:\DSSAT48\Weather\ROR17901.WTH                                               
 Line       37                                                                 
 SRAD =   0.40 MJ.m-2.d-1                                                      

 IPWTH   YEAR DOY = 1979  33
 Warning: SRAD < 1 MJ.m-2.d-1.                                                 
 C:\DSSAT48\Weather\ROR17901.WTH                                               
 Line       38                                                                 
 SRAD =   0.30 MJ.m-2.d-1                                                      

 IPWTH   YEAR DOY = 1979  34
 Warning: SRAD < 1 MJ.m-2.d-1.                                                 
 C:\DSSAT48\Weather\ROR17901.WTH                                               
 Line       39                                                                 
 SRAD =   0.50 MJ.m-2.d-1                                                      

 IPWTH   YEAR DOY = 1979  35
 Warning: SRAD < 1 MJ.m-2.d-1.                                                 
 C:\DSSAT48\Weather\ROR17901.WTH                                               
 Line       40                                                                 
 SRAD =   0.70 MJ.m-2.d-1                                                      

 IPWTH   YEAR DOY = 1979 300
 Warning: SRAD < 1 MJ.m-2.d-1.                                                 
 C:\DSSAT48\Weather\ROR17901.WTH                                               
 Line      305                                                                 
 SRAD =   0.80 MJ.m-2.d-1                                                      

 IPWTH   YEAR DOY = 1979 317
 Warning: SRAD < 1 MJ.m-2.d-1.                                                 
 C:\DSSAT48\Weather\ROR17901.WTH                                               
 Line      322                                                                 
 SRAD =   0.70 MJ.m-2.d-1                                                      

 IPWTH   YEAR DOY = 1979 328
 Warning: SRAD < 1 MJ.m-2.d-1.                                                 
 C:\DSSAT48\Weather\ROR17901.WTH                                               
 Line      333                                                                 
 SRAD =   0.70 MJ.m-2.d-1                                                      

 IPWTH   YEAR DOY = 1979 329
 Warning: SRAD < 1 MJ.m-2.d-1.                                                 
 C:\DSSAT48\Weather\ROR17901.WTH                                               
 Line      334                                                                 
 SRAD =   0.70 MJ.m-2.d-1                                                      

 IPWTH   YEAR DOY = 1979 339
 Warning: SRAD < 1 MJ.m-2.d-1.                                                 
 C:\DSSAT48\Weather\ROR17901.WTH                                               
 Line      344                                                                 
 SRAD =   0.80 MJ.m-2.d-1                                                      

 IPWTH   YEAR DOY = 1979 341
 Warning: SRAD < 1 MJ.m-2.d-1.                                                 
 C:\DSSAT48\Weather\ROR17901.WTH                                               
 Line      346                                                                 
 SRAD =   0.60 MJ.m-2.d-1                                                      

 IPWTH   YEAR DOY = 1979 345
 Warning: SRAD < 1 MJ.m-2.d-1.                                                 
 C:\DSSAT48\Weather\ROR17901.WTH                                               
 Line      350                                                                 
 SRAD =   0.50 MJ.m-2.d-1                                                      

 IPWTH   YEAR DOY = 1979 349
 Warning: SRAD < 1 MJ.m-2.d-1.                                                 
 C:\DSSAT48\Weather\ROR17901.WTH                                               
 Line      354                                                                 
 SRAD =   0.40 MJ.m-2.d-1                                                      

 IPWTH   YEAR DOY = 1979 352
 Warning: SRAD < 1 MJ.m-2.d-1.                                                 
 C:\DSSAT48\Weather\ROR17901.WTH                                               
 Line      357                                                                 
 SRAD =   0.80 MJ.m-2.d-1                                                      

 IPWTH   YEAR DOY = 1979 355
 Warning: SRAD < 1 MJ.m-2.d-1.                                                 
 C:\DSSAT48\Weather\ROR17901.WTH                                               
 Line      360                                                                 
 SRAD =   0.90 MJ.m-2.d-1                                                      

 IPWTH   YEAR DOY = 1979 359
 Warning: SRAD < 1 MJ.m-2.d-1.                                                 
 C:\DSSAT48\Weather\ROR17901.WTH                                               
 Line      364                                                                 
 SRAD =   0.50 MJ.m-2.d-1                                                      

 IPWTH   YEAR DOY = 1979 364
 Warning: SRAD < 1 MJ.m-2.d-1.                                                 
 C:\DSSAT48\Weather\ROR17901.WTH                                               
 Line      369                                                                 
 SRAD =   0.60 MJ.m-2.d-1                                                      

 IPWTH   YEAR DOY = 1980   1
 Warning: SRAD < 1 MJ.m-2.d-1.                                                 
 C:\DSSAT48\Weather\ROR18001.WTH                                               
 Line        6                                                                 
 SRAD =   0.50 MJ.m-2.d-1                                                      

 IPWTH   YEAR DOY = 1980   4
 Warning: SRAD < 1 MJ.m-2.d-1.                                                 
 C:\DSSAT48\Weather\ROR18001.WTH                                               
 Line        9                                                                 
 SRAD =   0.40 MJ.m-2.d-1                                                      

 IPWTH   YEAR DOY = 1980  15
 Warning: SRAD < 1 MJ.m-2.d-1.                                                 
 C:\DSSAT48\Weather\ROR18001.WTH                                               
 Line       20                                                                 
 SRAD =   0.70 MJ.m-2.d-1                                                      

 IPWTH   YEAR DOY = 1980  17
 Warning: SRAD < 1 MJ.m-2.d-1.                                                 
 C:\DSSAT48\Weather\ROR18001.WTH                                               
 Line       22                                                                 
 SRAD =   0.90 MJ.m-2.d-1                                                      

 IPWTH   YEAR DOY = 1980  19
 Warning: SRAD < 1 MJ.m-2.d-1.                                                 
 C:\DSSAT48\Weather\ROR18001.WTH                                               
 Line       24                                                                 
 SRAD =   0.90 MJ.m-2.d-1                                                      

 IPWTH   YEAR DOY = 1980  21
 Warning: SRAD < 1 MJ.m-2.d-1.                                                 
 C:\DSSAT48\Weather\ROR18001.WTH                                               
 Line       26                                                                 
 SRAD =   0.90 MJ.m-2.d-1                                                      

 IPWTH   YEAR DOY = 1980 283
 Warning: SRAD < 1 MJ.m-2.d-1.                                                 
 C:\DSSAT48\Weather\ROR18001.WTH                                               
 Line      288                                                                 
 SRAD =   0.70 MJ.m-2.d-1                                                      

 IPWTH   YEAR DOY = 1980 293
 Warning: SRAD < 1 MJ.m-2.d-1.                                                 
 C:\DSSAT48\Weather\ROR18001.WTH                                               
 Line      298                                                                 
 SRAD =   0.80 MJ.m-2.d-1                                                      

 IPWTH   YEAR DOY = 1980 315
 Warning: SRAD < 1 MJ.m-2.d-1.                                                 
 C:\DSSAT48\Weather\ROR18001.WTH                                               
 Line      320                                                                 
 SRAD =   0.90 MJ.m-2.d-1                                                      

 IPWTH   YEAR DOY = 1980 319
 Warning: SRAD < 1 MJ.m-2.d-1.                                                 
 C:\DSSAT48\Weather\ROR18001.WTH                                               
 Line      324                                                                 
 SRAD =   0.80 MJ.m-2.d-1                                                      

 IPWTH   YEAR DOY = 1980 323
 Warning: SRAD < 1 MJ.m-2.d-1.                                                 
 C:\DSSAT48\Weather\ROR18001.WTH                                               
 Line      328                                                                 
 SRAD =   0.20 MJ.m-2.d-1                                                      

 IPWTH   YEAR DOY = 1980 337
 Warning: SRAD < 1 MJ.m-2.d-1.                                                 
 C:\DSSAT48\Weather\ROR18001.WTH                                               
 Line      342                                                                 
 SRAD =   0.40 MJ.m-2.d-1                                                      

 IPWTH   YEAR DOY = 1980 339
 Warning: SRAD < 1 MJ.m-2.d-1.                                                 
 C:\DSSAT48\Weather\ROR18001.WTH                                               
 Line      344                                                                 
 SRAD =   0.70 MJ.m-2.d-1                                                      

 IPWTH   YEAR DOY = 1980 340
 Warning: SRAD < 1 MJ.m-2.d-1.                                                 
 C:\DSSAT48\Weather\ROR18001.WTH                                               
 Line      345                                                                 
 SRAD =   0.80 MJ.m-2.d-1                                                      

 IPWTH   YEAR DOY = 1980 346
 Warning: SRAD < 1 MJ.m-2.d-1.                                                 
 C:\DSSAT48\Weather\ROR18001.WTH                                               
 Line      351                                                                 
 SRAD =   0.90 MJ.m-2.d-1                                                      

 IPWTH   YEAR DOY = 1980 348
 Warning: SRAD < 1 MJ.m-2.d-1.                                                 
 C:\DSSAT48\Weather\ROR18001.WTH                                               
 Line      353                                                                 
 SRAD =   0.60 MJ.m-2.d-1                                                      

 IPWTH   YEAR DOY = 1980 349
 Warning: SRAD < 1 MJ.m-2.d-1.                                                 
 C:\DSSAT48\Weather\ROR18001.WTH                                               
 Line      354                                                                 
 SRAD =   0.80 MJ.m-2.d-1                                                      

 IPWTH   YEAR DOY = 1980 351
 Warning: SRAD < 1 MJ.m-2.d-1.                                                 
 C:\DSSAT48\Weather\ROR18001.WTH                                               
 Line      356                                                                 
 SRAD =   0.40 MJ.m-2.d-1                                                      

 IPWTH   YEAR DOY = 1980 355
 Warning: SRAD < 1 MJ.m-2.d-1.                                                 
 C:\DSSAT48\Weather\ROR18001.WTH                                               
 Line      360                                                                 
 SRAD =   0.70 MJ.m-2.d-1                                                      

 IPWTH   YEAR DOY = 1980 358
 Warning: SRAD < 1 MJ.m-2.d-1.                                                 
 C:\DSSAT48\Weather\ROR18001.WTH                                               
 Line      363                                                                 
 SRAD =   0.50 MJ.m-2.d-1                                                      

 IPWTH   YEAR DOY = 1980 360
 Warning: SRAD < 1 MJ.m-2.d-1.                                                 
 C:\DSSAT48\Weather\ROR18001.WTH                                               
 Line      365                                                                 
 SRAD =   0.50 MJ.m-2.d-1                                                      

 IPWTH   YEAR DOY = 1980 361
 Warning: SRAD < 1 MJ.m-2.d-1.                                                 
 C:\DSSAT48\Weather\ROR18001.WTH                                               
 Line      366                                                                 
 SRAD =   0.50 MJ.m-2.d-1                                                      

 IPWTH   YEAR DOY = 1980 363
 Warning: SRAD < 1 MJ.m-2.d-1.                                                 
 C:\DSSAT48\Weather\ROR18001.WTH                                               
 Line      368                                                                 
 SRAD =   0.30 MJ.m-2.d-1                                                      

 IPWTH   YEAR DOY = 1980 366
 Warning: SRAD < 1 MJ.m-2.d-1.                                                 
 C:\DSSAT48\Weather\ROR18001.WTH                                               
 Line      371                                                                 
 SRAD =   0.50 MJ.m-2.d-1                                                      

 IPWTH   YEAR DOY = 1981   4
 Warning: SRAD < 1 MJ.m-2.d-1.                                                 
 C:\DSSAT48\Weather\ROR18101.WTH                                               
 Line        9                                                                 
 SRAD =   0.60 MJ.m-2.d-1                                                      

 IPWTH   YEAR DOY = 1981   8
 Warning: SRAD < 1 MJ.m-2.d-1.                                                 
 C:\DSSAT48\Weather\ROR18101.WTH                                               
 Line       13                                                                 
 SRAD =   0.60 MJ.m-2.d-1                                                      

 IPWTH   YEAR DOY = 1981  12
 Warning: SRAD < 1 MJ.m-2.d-1.                                                 
 C:\DSSAT48\Weather\ROR18101.WTH                                               
 Line       17                                                                 
 SRAD =   0.70 MJ.m-2.d-1                                                      

 IPWTH   YEAR DOY = 1981  18
 Warning: SRAD < 1 MJ.m-2.d-1.                                                 
 C:\DSSAT48\Weather\ROR18101.WTH                                               
 Line       23                                                                 
 SRAD =   0.50 MJ.m-2.d-1                                                      

 IPWTH   YEAR DOY = 1981  22
 Warning: SRAD < 1 MJ.m-2.d-1.                                                 
 C:\DSSAT48\Weather\ROR18101.WTH                                               
 Line       27                                                                 
 SRAD =   0.80 MJ.m-2.d-1                                                      

 IPWTH   YEAR DOY = 1981  28
 Warning: SRAD < 1 MJ.m-2.d-1.                                                 
 C:\DSSAT48\Weather\ROR18101.WTH                                               
 Line       33                                                                 
 SRAD =   0.60 MJ.m-2.d-1                                                      

 IPWTH   YEAR DOY = 1981 322
 Warning: SRAD < 1 MJ.m-2.d-1.                                                 
 C:\DSSAT48\Weather\ROR18101.WTH                                               
 Line      327                                                                 
 SRAD =   0.80 MJ.m-2.d-1                                                      

 IPWTH   YEAR DOY = 1981 335
 Warning: SRAD < 1 MJ.m-2.d-1.                                                 
 C:\DSSAT48\Weather\ROR18101.WTH                                               
 Line      340                                                                 
 SRAD =   0.30 MJ.m-2.d-1                                                      

 IPWTH   YEAR DOY = 1981 347
 Warning: SRAD < 1 MJ.m-2.d-1.                                                 
 C:\DSSAT48\Weather\ROR18101.WTH                                               
 Line      352                                                                 
 SRAD =   0.60 MJ.m-2.d-1                                                      

 IPWTH   YEAR DOY = 1981 349
 Warning: SRAD < 1 MJ.m-2.d-1.                                                 
 C:\DSSAT48\Weather\ROR18101.WTH                                               
 Line      354                                                                 
 SRAD =   0.90 MJ.m-2.d-1                                                      

 IPWTH   YEAR DOY = 1981 355
 Warning: SRAD < 1 MJ.m-2.d-1.                                                 
 C:\DSSAT48\Weather\ROR18101.WTH                                               
 Line      360                                                                 
 SRAD =   0.90 MJ.m-2.d-1                                                      

 IPWTH   YEAR DOY = 1981 356
 Warning: SRAD < 1 MJ.m-2.d-1.                                                 
 C:\DSSAT48\Weather\ROR18101.WTH                                               
 Line      361                                                                 
 SRAD =   0.90 MJ.m-2.d-1                                                      

 IPWTH   YEAR DOY = 1982   5
 Warning: SRAD < 1 MJ.m-2.d-1.                                                 
 C:\DSSAT48\Weather\ROR18201.WTH                                               
 Line       10                                                                 
 SRAD =   0.90 MJ.m-2.d-1                                                      

 IPWTH   YEAR DOY = 1982   8
 Warning: SRAD < 1 MJ.m-2.d-1.                                                 
 C:\DSSAT48\Weather\ROR18201.WTH                                               
 Line       13                                                                 
 SRAD =   0.80 MJ.m-2.d-1                                                      

 IPWTH   YEAR DOY = 1982  28
 Warning: SRAD < 1 MJ.m-2.d-1.                                                 
 C:\DSSAT48\Weather\ROR18201.WTH                                               
 Line       33                                                                 
 SRAD =   0.90 MJ.m-2.d-1                                                      

 IPWTH   YEAR DOY = 1982 244
 Warning: SRAD < 1 MJ.m-2.d-1.                                                 
 C:\DSSAT48\Weather\ROR18201.WTH                                               
 Line      249                                                                 
 SRAD =   0.90 MJ.m-2.d-1                                                      

 IPWTH   YEAR DOY = 1982 309
 Warning: SRAD < 1 MJ.m-2.d-1.                                                 
 C:\DSSAT48\Weather\ROR18201.WTH                                               
 Line      314                                                                 
 SRAD =   0.80 MJ.m-2.d-1                                                      

 IPWTH   YEAR DOY = 1982 325
 Warning: SRAD < 1 MJ.m-2.d-1.                                                 
 C:\DSSAT48\Weather\ROR18201.WTH                                               
 Line      330                                                                 
 SRAD =   0.70 MJ.m-2.d-1                                                      

 IPWTH   YEAR DOY = 1982 327
 Warning: SRAD < 1 MJ.m-2.d-1.                                                 
 C:\DSSAT48\Weather\ROR18201.WTH                                               
 Line      332                                                                 
 SRAD =   0.80 MJ.m-2.d-1                                                      

 IPWTH   YEAR DOY = 1982 336
 Warning: SRAD < 1 MJ.m-2.d-1.                                                 
 C:\DSSAT48\Weather\ROR18201.WTH                                               
 Line      341                                                                 
 SRAD =   0.70 MJ.m-2.d-1                                                      

 IPWTH   YEAR DOY = 1982 338
 Warning: SRAD < 1 MJ.m-2.d-1.                                                 
 C:\DSSAT48\Weather\ROR18201.WTH                                               
 Line      343                                                                 
 SRAD =   0.70 MJ.m-2.d-1                                                      

 IPWTH   YEAR DOY = 1982 339
 Warning: SRAD < 1 MJ.m-2.d-1.                                                 
 C:\DSSAT48\Weather\ROR18201.WTH                                               
 Line      344                                                                 
 SRAD =   0.70 MJ.m-2.d-1                                                      

 IPWTH   YEAR DOY = 1982 346
 Warning: SRAD < 1 MJ.m-2.d-1.                                                 
 C:\DSSAT48\Weather\ROR18201.WTH                                               
 Line      351                                                                 
 SRAD =   0.60 MJ.m-2.d-1                                                      

 IPWTH   YEAR DOY = 1982 349
 Warning: SRAD < 1 MJ.m-2.d-1.                                                 
 C:\DSSAT48\Weather\ROR18201.WTH                                               
 Line      354                                                                 
 SRAD =   0.60 MJ.m-2.d-1                                                      

 IPWTH   YEAR DOY = 1982 353
 Warning: SRAD < 1 MJ.m-2.d-1.                                                 
 C:\DSSAT48\Weather\ROR18201.WTH                                               
 Line      358                                                                 
 SRAD =   0.50 MJ.m-2.d-1                                                      

 IPWTH   YEAR DOY = 1982 358
 Warning: SRAD < 1 MJ.m-2.d-1.                                                 
 C:\DSSAT48\Weather\ROR18201.WTH                                               
 Line      363                                                                 
 SRAD =   0.90 MJ.m-2.d-1                                                      

 IPWTH   YEAR DOY = 1982 359
 Warning: SRAD < 1 MJ.m-2.d-1.                                                 
 C:\DSSAT48\Weather\ROR18201.WTH                                               
 Line      364                                                                 
 SRAD =   0.70 MJ.m-2.d-1                                                      

 IPWTH   YEAR DOY = 1983   1
 Warning: SRAD < 1 MJ.m-2.d-1.                                                 
 C:\DSSAT48\Weather\ROR18301.WTH                                               
 Line        6                                                                 
 SRAD =   0.90 MJ.m-2.d-1                                                      

 IPWTH   YEAR DOY = 1983   3
 Warning: SRAD < 1 MJ.m-2.d-1.                                                 
 C:\DSSAT48\Weather\ROR18301.WTH                                               
 Line        8                                                                 
 SRAD =   0.70 MJ.m-2.d-1                                                      

 IPWTH   YEAR DOY = 1983   5
 Warning: SRAD < 1 MJ.m-2.d-1.                                                 
 C:\DSSAT48\Weather\ROR18301.WTH                                               
 Line       10                                                                 
 SRAD =   0.90 MJ.m-2.d-1                                                      

 IPWTH   YEAR DOY = 1983   6
 Warning: SRAD < 1 MJ.m-2.d-1.                                                 
 C:\DSSAT48\Weather\ROR18301.WTH                                               
 Line       11                                                                 
 SRAD =   0.50 MJ.m-2.d-1                                                      

 IPWTH   YEAR DOY = 1983  26
 Warning: SRAD < 1 MJ.m-2.d-1.                                                 
 C:\DSSAT48\Weather\ROR18301.WTH                                               
 Line       31                                                                 
 SRAD =   0.70 MJ.m-2.d-1                                                      

 IPWTH   YEAR DOY = 1983  31
 Warning: SRAD < 1 MJ.m-2.d-1.                                                 
 C:\DSSAT48\Weather\ROR18301.WTH                                               
 Line       36                                                                 
 SRAD =   0.90 MJ.m-2.d-1                                                      

 IPWTH   YEAR DOY = 1983 328
 Warning: SRAD < 1 MJ.m-2.d-1.                                                 
 C:\DSSAT48\Weather\ROR18301.WTH                                               
 Line      333                                                                 
 SRAD =   0.60 MJ.m-2.d-1                                                      

 IPWTH   YEAR DOY = 1983 329
 Warning: SRAD < 1 MJ.m-2.d-1.                                                 
 C:\DSSAT48\Weather\ROR18301.WTH                                               
 Line      334                                                                 
 SRAD =   0.70 MJ.m-2.d-1                                                      

 IPWTH   YEAR DOY = 1983 342
 Warning: SRAD < 1 MJ.m-2.d-1.                                                 
 C:\DSSAT48\Weather\ROR18301.WTH                                               
 Line      347                                                                 
 SRAD =   0.60 MJ.m-2.d-1                                                      

 IPWTH   YEAR DOY = 1983 343
 Warning: SRAD < 1 MJ.m-2.d-1.                                                 
 C:\DSSAT48\Weather\ROR18301.WTH                                               
 Line      348                                                                 
 SRAD =   0.90 MJ.m-2.d-1                                                      

 IPWTH   YEAR DOY = 1983 349
 Warning: SRAD < 1 MJ.m-2.d-1.                                                 
 C:\DSSAT48\Weather\ROR18301.WTH                                               
 Line      354                                                                 
 SRAD =   0.60 MJ.m-2.d-1                                                      

 IPWTH   YEAR DOY = 1983 351
 Warning: SRAD < 1 MJ.m-2.d-1.                                                 
 C:\DSSAT48\Weather\ROR18301.WTH                                               
 Line      356                                                                 
 SRAD =   0.90 MJ.m-2.d-1                                                      

 IPWTH   YEAR DOY = 1983 354
 Warning: SRAD < 1 MJ.m-2.d-1.                                                 
 C:\DSSAT48\Weather\ROR18301.WTH                                               
 Line      359                                                                 
 SRAD =   0.90 MJ.m-2.d-1                                                      

 IPWTH   YEAR DOY = 1983 356
 Warning: SRAD < 1 MJ.m-2.d-1.                                                 
 C:\DSSAT48\Weather\ROR18301.WTH                                               
 Line      361                                                                 
 SRAD =   0.90 MJ.m-2.d-1                                                      

 IPWTH   YEAR DOY = 1983 358
 Warning: SRAD < 1 MJ.m-2.d-1.                                                 
 C:\DSSAT48\Weather\ROR18301.WTH                                               
 Line      363                                                                 
 SRAD =   0.40 MJ.m-2.d-1                                                      

 IPWTH   YEAR DOY = 1984   1
 Warning: SRAD < 1 MJ.m-2.d-1.                                                 
 C:\DSSAT48\Weather\ROR18401.WTH                                               
 Line        6                                                                 
 SRAD =   0.80 MJ.m-2.d-1                                                      

 IPWTH   YEAR DOY = 1984   2
 Warning: SRAD < 1 MJ.m-2.d-1.                                                 
 C:\DSSAT48\Weather\ROR18401.WTH                                               
 Line        7                                                                 
 SRAD =   0.90 MJ.m-2.d-1                                                      

 IPWTH   YEAR DOY = 1984   5
 Warning: SRAD < 1 MJ.m-2.d-1.                                                 
 C:\DSSAT48\Weather\ROR18401.WTH                                               
 Line       10                                                                 
 SRAD =   0.80 MJ.m-2.d-1                                                      

 IPWTH   YEAR DOY = 1984  10
 Warning: SRAD < 1 MJ.m-2.d-1.                                                 
 C:\DSSAT48\Weather\ROR18401.WTH                                               
 Line       15                                                                 
 SRAD =   0.70 MJ.m-2.d-1                                                      

 IPWTH   YEAR DOY = 1984  16
 Warning: SRAD < 1 MJ.m-2.d-1.                                                 
 C:\DSSAT48\Weather\ROR18401.WTH                                               
 Line       21                                                                 
 SRAD =   0.40 MJ.m-2.d-1                                                      

 IPWTH   YEAR DOY = 1984  23
 Warning: SRAD < 1 MJ.m-2.d-1.                                                 
 C:\DSSAT48\Weather\ROR18401.WTH                                               
 Line       28                                                                 
 SRAD =   0.90 MJ.m-2.d-1                                                      

 IPWTH   YEAR DOY = 1984  58
 Warning: SRAD < 1 MJ.m-2.d-1.                                                 
 C:\DSSAT48\Weather\ROR18401.WTH                                               
 Line       63                                                                 
 SRAD =   0.90 MJ.m-2.d-1                                                      

 IPWTH   YEAR DOY = 1984 302
 Warning: SRAD < 1 MJ.m-2.d-1.                                                 
 C:\DSSAT48\Weather\ROR18401.WTH                                               
 Line      307                                                                 
 SRAD =   0.80 MJ.m-2.d-1                                                      

 IPWTH   YEAR DOY = 1984 311
 Warning: SRAD < 1 MJ.m-2.d-1.                                                 
 C:\DSSAT48\Weather\ROR18401.WTH                                               
 Line      316                                                                 
 SRAD =   0.70 MJ.m-2.d-1                                                      

 IPWTH   YEAR DOY = 1984 321
 Warning: SRAD < 1 MJ.m-2.d-1.                                                 
 C:\DSSAT48\Weather\ROR18401.WTH                                               
 Line      326                                                                 
 SRAD =   0.70 MJ.m-2.d-1                                                      

 IPWTH   YEAR DOY = 1984 322
 Warning: SRAD < 1 MJ.m-2.d-1.                                                 
 C:\DSSAT48\Weather\ROR18401.WTH                                               
 Line      327                                                                 
 SRAD =   0.80 MJ.m-2.d-1                                                      

 IPWTH   YEAR DOY = 1984 327
 Warning: SRAD < 1 MJ.m-2.d-1.                                                 
 C:\DSSAT48\Weather\ROR18401.WTH                                               
 Line      332                                                                 
 SRAD =   0.90 MJ.m-2.d-1                                                      

 IPWTH   YEAR DOY = 1984 337
 Warning: SRAD < 1 MJ.m-2.d-1.                                                 
 C:\DSSAT48\Weather\ROR18401.WTH                                               
 Line      342                                                                 
 SRAD =   0.60 MJ.m-2.d-1                                                      

 IPWTH   YEAR DOY = 1984 338
 Warning: SRAD < 1 MJ.m-2.d-1.                                                 
 C:\DSSAT48\Weather\ROR18401.WTH                                               
 Line      343                                                                 
 SRAD =   0.50 MJ.m-2.d-1                                                      

 IPWTH   YEAR DOY = 1984 340
 Warning: SRAD < 1 MJ.m-2.d-1.                                                 
 C:\DSSAT48\Weather\ROR18401.WTH                                               
 Line      345                                                                 
 SRAD =   0.50 MJ.m-2.d-1                                                      

 IPWTH   YEAR DOY = 1984 343
 Warning: SRAD < 1 MJ.m-2.d-1.                                                 
 C:\DSSAT48\Weather\ROR18401.WTH                                               
 Line      348                                                                 
 SRAD =   0.70 MJ.m-2.d-1                                                      

 IPWTH   YEAR DOY = 1984 348
 Warning: SRAD < 1 MJ.m-2.d-1.                                                 
 C:\DSSAT48\Weather\ROR18401.WTH                                               
 Line      353                                                                 
 SRAD =   0.60 MJ.m-2.d-1                                                      

 IPWTH   YEAR DOY = 1984 351
 Warning: SRAD < 1 MJ.m-2.d-1.                                                 
 C:\DSSAT48\Weather\ROR18401.WTH                                               
 Line      356                                                                 
 SRAD =   0.70 MJ.m-2.d-1                                                      

 IPWTH   YEAR DOY = 1984 352
 Warning: SRAD < 1 MJ.m-2.d-1.                                                 
 C:\DSSAT48\Weather\ROR18401.WTH                                               
 Line      357                                                                 
 SRAD =   0.80 MJ.m-2.d-1                                                      

 IPWTH   YEAR DOY = 1984 355
 Warning: SRAD < 1 MJ.m-2.d-1.                                                 
 C:\DSSAT48\Weather\ROR18401.WTH                                               
 Line      360                                                                 
 SRAD =   0.70 MJ.m-2.d-1                                                      

 IPWTH   YEAR DOY = 1984 358
 Warning: SRAD < 1 MJ.m-2.d-1.                                                 
 C:\DSSAT48\Weather\ROR18401.WTH                                               
 Line      363                                                                 
 SRAD =   0.60 MJ.m-2.d-1                                                      

 IPWTH   YEAR DOY = 1984 365
 Warning: SRAD < 1 MJ.m-2.d-1.                                                 
 C:\DSSAT48\Weather\ROR18401.WTH                                               
 Line      370                                                                 
 SRAD =   0.70 MJ.m-2.d-1                                                      

 IPWTH   YEAR DOY = 1985  16
 Warning: SRAD < 1 MJ.m-2.d-1.                                                 
 C:\DSSAT48\Weather\ROR18501.WTH                                               
 Line       21                                                                 
 SRAD =   0.90 MJ.m-2.d-1                                                      

 IPWTH   YEAR DOY = 1985  18
 Warning: SRAD < 1 MJ.m-2.d-1.                                                 
 C:\DSSAT48\Weather\ROR18501.WTH                                               
 Line       23                                                                 
 SRAD =   0.90 MJ.m-2.d-1                                                      

 IPWTH   YEAR DOY = 1985  21
 Warning: SRAD < 1 MJ.m-2.d-1.                                                 
 C:\DSSAT48\Weather\ROR18501.WTH                                               
 Line       26                                                                 
 SRAD =   0.60 MJ.m-2.d-1                                                      

 IPWTH   YEAR DOY = 1985  39
 Warning: SRAD < 1 MJ.m-2.d-1.                                                 
 C:\DSSAT48\Weather\ROR18501.WTH                                               
 Line       44                                                                 
 SRAD =   0.60 MJ.m-2.d-1                                                      

 IPWTH   YEAR DOY = 1985 324
 Warning: SRAD < 1 MJ.m-2.d-1.                                                 
 C:\DSSAT48\Weather\ROR18501.WTH                                               
 Line      329                                                                 
 SRAD =   0.50 MJ.m-2.d-1                                                      

 IPWTH   YEAR DOY = 1985 325
 Warning: SRAD < 1 MJ.m-2.d-1.                                                 
 C:\DSSAT48\Weather\ROR18501.WTH                                               
 Line      330                                                                 
 SRAD =   0.60 MJ.m-2.d-1                                                      

 IPWTH   YEAR DOY = 1985 327
 Warning: SRAD < 1 MJ.m-2.d-1.                                                 
 C:\DSSAT48\Weather\ROR18501.WTH                                               
 Line      332                                                                 
 SRAD =   0.80 MJ.m-2.d-1                                                      

 IPWTH   YEAR DOY = 1985 338
 Warning: SRAD < 1 MJ.m-2.d-1.                                                 
 C:\DSSAT48\Weather\ROR18501.WTH                                               
 Line      343                                                                 
 SRAD =   0.80 MJ.m-2.d-1                                                      

 IPWTH   YEAR DOY = 1985 339
 Warning: SRAD < 1 MJ.m-2.d-1.                                                 
 C:\DSSAT48\Weather\ROR18501.WTH                                               
 Line      344                                                                 
 SRAD =   0.40 MJ.m-2.d-1                                                      

 IPWTH   YEAR DOY = 1985 345
 Warning: SRAD < 1 MJ.m-2.d-1.                                                 
 C:\DSSAT48\Weather\ROR18501.WTH                                               
 Line      350                                                                 
 SRAD =   0.40 MJ.m-2.d-1                                                      

 IPWTH   YEAR DOY = 1985 347
 Warning: SRAD < 1 MJ.m-2.d-1.                                                 
 C:\DSSAT48\Weather\ROR18501.WTH                                               
 Line      352                                                                 
 SRAD =   0.60 MJ.m-2.d-1                                                      

 IPWTH   YEAR DOY = 1985 348
 Warning: SRAD < 1 MJ.m-2.d-1.                                                 
 C:\DSSAT48\Weather\ROR18501.WTH                                               
 Line      353                                                                 
 SRAD =   0.70 MJ.m-2.d-1                                                      

 IPWTH   YEAR DOY = 1985 349
 Warning: SRAD < 1 MJ.m-2.d-1.                                                 
 C:\DSSAT48\Weather\ROR18501.WTH                                               
 Line      354                                                                 
 SRAD =   0.90 MJ.m-2.d-1                                                      

 IPWTH   YEAR DOY = 1985 354
 Warning: SRAD < 1 MJ.m-2.d-1.                                                 
 C:\DSSAT48\Weather\ROR18501.WTH                                               
 Line      359                                                                 
 SRAD =   0.70 MJ.m-2.d-1                                                      

 IPWTH   YEAR DOY = 1985 355
 Warning: SRAD < 1 MJ.m-2.d-1.                                                 
 C:\DSSAT48\Weather\ROR18501.WTH                                               
 Line      360                                                                 
 SRAD =   0.80 MJ.m-2.d-1                                                      

 IPWTH   YEAR DOY = 1985 356
 Warning: SRAD < 1 MJ.m-2.d-1.                                                 
 C:\DSSAT48\Weather\ROR18501.WTH                                               
 Line      361                                                                 
 SRAD =   0.60 MJ.m-2.d-1                                                      

 IPWTH   YEAR DOY = 1985 358
 Warning: SRAD < 1 MJ.m-2.d-1.                                                 
 C:\DSSAT48\Weather\ROR18501.WTH                                               
 Line      363                                                                 
 SRAD =   0.60 MJ.m-2.d-1                                                      

 IPWTH   YEAR DOY = 1985 360
 Warning: SRAD < 1 MJ.m-2.d-1.                                                 
 C:\DSSAT48\Weather\ROR18501.WTH                                               
 Line      365                                                                 
 SRAD =   0.60 MJ.m-2.d-1                                                      

 IPWTH   YEAR DOY = 1985 365
 Warning: SRAD < 1 MJ.m-2.d-1.                                                 
 C:\DSSAT48\Weather\ROR18501.WTH                                               
 Line      370                                                                 
 SRAD =   0.50 MJ.m-2.d-1                                                      

 IPWTH   YEAR DOY = 1986   8
 Warning: SRAD < 1 MJ.m-2.d-1.                                                 
 C:\DSSAT48\Weather\ROR18601.WTH                                               
 Line       13                                                                 
 SRAD =   0.90 MJ.m-2.d-1                                                      

 IPWTH   YEAR DOY = 1986  13
 Warning: SRAD < 1 MJ.m-2.d-1.                                                 
 C:\DSSAT48\Weather\ROR18601.WTH                                               
 Line       18                                                                 
 SRAD =   0.80 MJ.m-2.d-1                                                      

 IPWTH   YEAR DOY = 1986  22
 Warning: SRAD < 1 MJ.m-2.d-1.                                                 
 C:\DSSAT48\Weather\ROR18601.WTH                                               
 Line       27                                                                 
 SRAD =   0.80 MJ.m-2.d-1                                                      

 IPWTH   YEAR DOY = 1986  29
 Warning: SRAD < 1 MJ.m-2.d-1.                                                 
 C:\DSSAT48\Weather\ROR18601.WTH                                               
 Line       34                                                                 
 SRAD =   0.90 MJ.m-2.d-1                                                      

 IPWTH   YEAR DOY = 1986  31
 Warning: SRAD < 1 MJ.m-2.d-1.                                                 
 C:\DSSAT48\Weather\ROR18601.WTH                                               
 Line       36                                                                 
 SRAD =   0.50 MJ.m-2.d-1                                                      

 IPWTH   YEAR DOY = 1986  32
 Warning: SRAD < 1 MJ.m-2.d-1.                                                 
 C:\DSSAT48\Weather\ROR18601.WTH                                               
 Line       37                                                                 
 SRAD =   0.40 MJ.m-2.d-1                                                      

 IPWTH   YEAR DOY = 1986  33
 Warning: SRAD < 1 MJ.m-2.d-1.                                                 
 C:\DSSAT48\Weather\ROR18601.WTH                                               
 Line       38                                                                 
 SRAD =   0.30 MJ.m-2.d-1                                                      

 IPWTH   YEAR DOY = 1986  34
 Warning: SRAD < 1 MJ.m-2.d-1.                                                 
 C:\DSSAT48\Weather\ROR18601.WTH                                               
 Line       39                                                                 
 SRAD =   0.50 MJ.m-2.d-1                                                      

 IPWTH   YEAR DOY = 1986  35
 Warning: SRAD < 1 MJ.m-2.d-1.                                                 
 C:\DSSAT48\Weather\ROR18601.WTH                                               
 Line       40                                                                 
 SRAD =   0.70 MJ.m-2.d-1                                                      

 IPWTH   YEAR DOY = 1986 300
 Warning: SRAD < 1 MJ.m-2.d-1.                                                 
 C:\DSSAT48\Weather\ROR18601.WTH                                               
 Line      305                                                                 
 SRAD =   0.80 MJ.m-2.d-1                                                      

 IPWTH   YEAR DOY = 1986 317
 Warning: SRAD < 1 MJ.m-2.d-1.                                                 
 C:\DSSAT48\Weather\ROR18601.WTH                                               
 Line      322                                                                 
 SRAD =   0.70 MJ.m-2.d-1                                                      

 IPWTH   YEAR DOY = 1986 328
 Warning: SRAD < 1 MJ.m-2.d-1.                                                 
 C:\DSSAT48\Weather\ROR18601.WTH                                               
 Line      333                                                                 
 SRAD =   0.70 MJ.m-2.d-1                                                      

 IPWTH   YEAR DOY = 1986 329
 Warning: SRAD < 1 MJ.m-2.d-1.                                                 
 C:\DSSAT48\Weather\ROR18601.WTH                                               
 Line      334                                                                 
 SRAD =   0.70 MJ.m-2.d-1                                                      

 IPWTH   YEAR DOY = 1986 339
 Warning: SRAD < 1 MJ.m-2.d-1.                                                 
 C:\DSSAT48\Weather\ROR18601.WTH                                               
 Line      344                                                                 
 SRAD =   0.80 MJ.m-2.d-1                                                      

 IPWTH   YEAR DOY = 1986 341
 Warning: SRAD < 1 MJ.m-2.d-1.                                                 
 C:\DSSAT48\Weather\ROR18601.WTH                                               
 Line      346                                                                 
 SRAD =   0.60 MJ.m-2.d-1                                                      

 IPWTH   YEAR DOY = 1986 345
 Warning: SRAD < 1 MJ.m-2.d-1.                                                 
 C:\DSSAT48\Weather\ROR18601.WTH                                               
 Line      350                                                                 
 SRAD =   0.50 MJ.m-2.d-1                                                      

 IPWTH   YEAR DOY = 1986 349
 Warning: SRAD < 1 MJ.m-2.d-1.                                                 
 C:\DSSAT48\Weather\ROR18601.WTH                                               
 Line      354                                                                 
 SRAD =   0.40 MJ.m-2.d-1                                                      

 IPWTH   YEAR DOY = 1986 352
 Warning: SRAD < 1 MJ.m-2.d-1.                                                 
 C:\DSSAT48\Weather\ROR18601.WTH                                               
 Line      357                                                                 
 SRAD =   0.80 MJ.m-2.d-1                                                      

 IPWTH   YEAR DOY = 1986 355
 Warning: SRAD < 1 MJ.m-2.d-1.                                                 
 C:\DSSAT48\Weather\ROR18601.WTH                                               
 Line      360                                                                 
 SRAD =   0.90 MJ.m-2.d-1                                                      

 IPWTH   YEAR DOY = 1986 359
 Warning: SRAD < 1 MJ.m-2.d-1.                                                 
 C:\DSSAT48\Weather\ROR18601.WTH                                               
 Line      364                                                                 
 SRAD =   0.50 MJ.m-2.d-1                                                      

 IPWTH   YEAR DOY = 1986 364
 Warning: SRAD < 1 MJ.m-2.d-1.                                                 
 C:\DSSAT48\Weather\ROR18601.WTH                                               
 Line      369                                                                 
 SRAD =   0.60 MJ.m-2.d-1                                                      

 IPWTH   YEAR DOY = 1987   1
 Warning: SRAD < 1 MJ.m-2.d-1.                                                 
 C:\DSSAT48\Weather\ROR18701.WTH                                               
 Line        6                                                                 
 SRAD =   0.50 MJ.m-2.d-1                                                      

 IPWTH   YEAR DOY = 1987   4
 Warning: SRAD < 1 MJ.m-2.d-1.                                                 
 C:\DSSAT48\Weather\ROR18701.WTH                                               
 Line        9                                                                 
 SRAD =   0.40 MJ.m-2.d-1                                                      

 IPWTH   YEAR DOY = 1987  15
 Warning: SRAD < 1 MJ.m-2.d-1.                                                 
 C:\DSSAT48\Weather\ROR18701.WTH                                               
 Line       20                                                                 
 SRAD =   0.70 MJ.m-2.d-1                                                      

 IPWTH   YEAR DOY = 1987  17
 Warning: SRAD < 1 MJ.m-2.d-1.                                                 
 C:\DSSAT48\Weather\ROR18701.WTH                                               
 Line       22                                                                 
 SRAD =   0.90 MJ.m-2.d-1                                                      

 IPWTH   YEAR DOY = 1987  19
 Warning: SRAD < 1 MJ.m-2.d-1.                                                 
 C:\DSSAT48\Weather\ROR18701.WTH                                               
 Line       24                                                                 
 SRAD =   0.90 MJ.m-2.d-1                                                      

 IPWTH   YEAR DOY = 1987  21
 Warning: SRAD < 1 MJ.m-2.d-1.                                                 
 C:\DSSAT48\Weather\ROR18701.WTH                                               
 Line       26                                                                 
 SRAD =   0.90 MJ.m-2.d-1                                                      

 IPWTH   YEAR DOY = 1987 283
 Warning: SRAD < 1 MJ.m-2.d-1.                                                 
 C:\DSSAT48\Weather\ROR18701.WTH                                               
 Line      288                                                                 
 SRAD =   0.70 MJ.m-2.d-1                                                      

 IPWTH   YEAR DOY = 1987 293
 Warning: SRAD < 1 MJ.m-2.d-1.                                                 
 C:\DSSAT48\Weather\ROR18701.WTH                                               
 Line      298                                                                 
 SRAD =   0.80 MJ.m-2.d-1                                                      

 IPWTH   YEAR DOY = 1987 315
 Warning: SRAD < 1 MJ.m-2.d-1.                                                 
 C:\DSSAT48\Weather\ROR18701.WTH                                               
 Line      320                                                                 
 SRAD =   0.90 MJ.m-2.d-1                                                      

 IPWTH   YEAR DOY = 1987 319
 Warning: SRAD < 1 MJ.m-2.d-1.                                                 
 C:\DSSAT48\Weather\ROR18701.WTH                                               
 Line      324                                                                 
 SRAD =   0.80 MJ.m-2.d-1                                                      

 IPWTH   YEAR DOY = 1987 323
 Warning: SRAD < 1 MJ.m-2.d-1.                                                 
 C:\DSSAT48\Weather\ROR18701.WTH                                               
 Line      328                                                                 
 SRAD =   0.20 MJ.m-2.d-1                                                      

 IPWTH   YEAR DOY = 1987 337
 Warning: SRAD < 1 MJ.m-2.d-1.                                                 
 C:\DSSAT48\Weather\ROR18701.WTH                                               
 Line      342                                                                 
 SRAD =   0.40 MJ.m-2.d-1                                                      

 IPWTH   YEAR DOY = 1987 339
 Warning: SRAD < 1 MJ.m-2.d-1.                                                 
 C:\DSSAT48\Weather\ROR18701.WTH                                               
 Line      344                                                                 
 SRAD =   0.70 MJ.m-2.d-1                                                      

 IPWTH   YEAR DOY = 1987 340
 Warning: SRAD < 1 MJ.m-2.d-1.                                                 
 C:\DSSAT48\Weather\ROR18701.WTH                                               
 Line      345                                                                 
 SRAD =   0.80 MJ.m-2.d-1                                                      

 IPWTH   YEAR DOY = 1987 346
 Warning: SRAD < 1 MJ.m-2.d-1.                                                 
 C:\DSSAT48\Weather\ROR18701.WTH                                               
 Line      351                                                                 
 SRAD =   0.90 MJ.m-2.d-1                                                      

 IPWTH   YEAR DOY = 1987 348
 Warning: SRAD < 1 MJ.m-2.d-1.                                                 
 C:\DSSAT48\Weather\ROR18701.WTH                                               
 Line      353                                                                 
 SRAD =   0.60 MJ.m-2.d-1                                                      

 IPWTH   YEAR DOY = 1987 349
 Warning: SRAD < 1 MJ.m-2.d-1.                                                 
 C:\DSSAT48\Weather\ROR18701.WTH                                               
 Line      354                                                                 
 SRAD =   0.80 MJ.m-2.d-1                                                      

 IPWTH   YEAR DOY = 1987 351
 Warning: SRAD < 1 MJ.m-2.d-1.                                                 
 C:\DSSAT48\Weather\ROR18701.WTH                                               
 Line      356                                                                 
 SRAD =   0.40 MJ.m-2.d-1                                                      

 IPWTH   YEAR DOY = 1987 355
 Warning: SRAD < 1 MJ.m-2.d-1.                                                 
 C:\DSSAT48\Weather\ROR18701.WTH                                               
 Line      360                                                                 
 SRAD =   0.70 MJ.m-2.d-1                                                      

 IPWTH   YEAR DOY = 1987 358
 Warning: SRAD < 1 MJ.m-2.d-1.                                                 
 C:\DSSAT48\Weather\ROR18701.WTH                                               
 Line      363                                                                 
 SRAD =   0.50 MJ.m-2.d-1                                                      

 IPWTH   YEAR DOY = 1987 360
 Warning: SRAD < 1 MJ.m-2.d-1.                                                 
 C:\DSSAT48\Weather\ROR18701.WTH                                               
 Line      365                                                                 
 SRAD =   0.50 MJ.m-2.d-1                                                      

 IPWTH   YEAR DOY = 1987 361
 Warning: SRAD < 1 MJ.m-2.d-1.                                                 
 C:\DSSAT48\Weather\ROR18701.WTH                                               
 Line      366                                                                 
 SRAD =   0.50 MJ.m-2.d-1                                                      

 IPWTH   YEAR DOY = 1987 363
 Warning: SRAD < 1 MJ.m-2.d-1.                                                 
 C:\DSSAT48\Weather\ROR18701.WTH                                               
 Line      368                                                                 
 SRAD =   0.30 MJ.m-2.d-1                                                      

 IPWTH   YEAR DOY = 1988   1
 Warning: SRAD < 1 MJ.m-2.d-1.                                                 
 C:\DSSAT48\Weather\ROR18801.WTH                                               
 Line        6                                                                 
 SRAD =   0.50 MJ.m-2.d-1                                                      

 IPWTH   YEAR DOY = 1988   5
 Warning: SRAD < 1 MJ.m-2.d-1.                                                 
 C:\DSSAT48\Weather\ROR18801.WTH                                               
 Line       10                                                                 
 SRAD =   0.60 MJ.m-2.d-1                                                      

 IPWTH   YEAR DOY = 1988   9
 Warning: SRAD < 1 MJ.m-2.d-1.                                                 
 C:\DSSAT48\Weather\ROR18801.WTH                                               
 Line       14                                                                 
 SRAD =   0.60 MJ.m-2.d-1                                                      

 IPWTH   YEAR DOY = 1988  13
 Warning: SRAD < 1 MJ.m-2.d-1.                                                 
 C:\DSSAT48\Weather\ROR18801.WTH                                               
 Line       18                                                                 
 SRAD =   0.70 MJ.m-2.d-1                                                      

 IPWTH   YEAR DOY = 1988  19
 Warning: SRAD < 1 MJ.m-2.d-1.                                                 
 C:\DSSAT48\Weather\ROR18801.WTH                                               
 Line       24                                                                 
 SRAD =   0.50 MJ.m-2.d-1                                                      

 IPWTH   YEAR DOY = 1988  23
 Warning: SRAD < 1 MJ.m-2.d-1.                                                 
 C:\DSSAT48\Weather\ROR18801.WTH                                               
 Line       28                                                                 
 SRAD =   0.80 MJ.m-2.d-1                                                      

 IPWTH   YEAR DOY = 1988  29
 Warning: SRAD < 1 MJ.m-2.d-1.                                                 
 C:\DSSAT48\Weather\ROR18801.WTH                                               
 Line       34                                                                 
 SRAD =   0.60 MJ.m-2.d-1                                                      

 IPWTH   YEAR DOY = 1988 323
 Warning: SRAD < 1 MJ.m-2.d-1.                                                 
 C:\DSSAT48\Weather\ROR18801.WTH                                               
 Line      328                                                                 
 SRAD =   0.80 MJ.m-2.d-1                                                      

 IPWTH   YEAR DOY = 1988 336
 Warning: SRAD < 1 MJ.m-2.d-1.                                                 
 C:\DSSAT48\Weather\ROR18801.WTH                                               
 Line      341                                                                 
 SRAD =   0.30 MJ.m-2.d-1                                                      

 IPWTH   YEAR DOY = 1988 348
 Warning: SRAD < 1 MJ.m-2.d-1.                                                 
 C:\DSSAT48\Weather\ROR18801.WTH                                               
 Line      353                                                                 
 SRAD =   0.60 MJ.m-2.d-1                                                      

 IPWTH   YEAR DOY = 1988 350
 Warning: SRAD < 1 MJ.m-2.d-1.                                                 
 C:\DSSAT48\Weather\ROR18801.WTH                                               
 Line      355                                                                 
 SRAD =   0.90 MJ.m-2.d-1                                                      

 IPWTH   YEAR DOY = 1988 356
 Warning: SRAD < 1 MJ.m-2.d-1.                                                 
 C:\DSSAT48\Weather\ROR18801.WTH                                               
 Line      361                                                                 
 SRAD =   0.90 MJ.m-2.d-1                                                      

 IPWTH   YEAR DOY = 1988 357
 Warning: SRAD < 1 MJ.m-2.d-1.                                                 
 C:\DSSAT48\Weather\ROR18801.WTH                                               
 Line      362                                                                 
 SRAD =   0.90 MJ.m-2.d-1                                                      

 IPWTH   YEAR DOY = 1989   5
 Warning: SRAD < 1 MJ.m-2.d-1.                                                 
 C:\DSSAT48\Weather\ROR18901.WTH                                               
 Line       10                                                                 
 SRAD =   0.90 MJ.m-2.d-1                                                      

 IPWTH   YEAR DOY = 1989   8
 Warning: SRAD < 1 MJ.m-2.d-1.                                                 
 C:\DSSAT48\Weather\ROR18901.WTH                                               
 Line       13                                                                 
 SRAD =   0.80 MJ.m-2.d-1                                                      

 IPWTH   YEAR DOY = 1989  28
 Warning: SRAD < 1 MJ.m-2.d-1.                                                 
 C:\DSSAT48\Weather\ROR18901.WTH                                               
 Line       33                                                                 
 SRAD =   0.90 MJ.m-2.d-1                                                      

 IPWTH   YEAR DOY = 1989 341
 Warning: SRAD < 1 MJ.m-2.d-1.                                                 
 C:\DSSAT48\Weather\ROR18901.WTH                                               
 Line      346                                                                 
 SRAD =   0.90 MJ.m-2.d-1                                                      

 IPWTH   YEAR DOY = 1989 346
 Warning: SRAD < 1 MJ.m-2.d-1.                                                 
 C:\DSSAT48\Weather\ROR18901.WTH                                               
 Line      351                                                                 
 SRAD =   0.60 MJ.m-2.d-1                                                      

 IPWTH   YEAR DOY = 1989 347
 Warning: SRAD < 1 MJ.m-2.d-1.                                                 
 C:\DSSAT48\Weather\ROR18901.WTH                                               
 Line      352                                                                 
 SRAD =   0.30 MJ.m-2.d-1                                                      

 IPWTH   YEAR DOY = 1989 352
 Warning: SRAD < 1 MJ.m-2.d-1.                                                 
 C:\DSSAT48\Weather\ROR18901.WTH                                               
 Line      357                                                                 
 SRAD =   0.30 MJ.m-2.d-1                                                      

 IPWTH   YEAR DOY = 1989 358
 Warning: SRAD < 1 MJ.m-2.d-1.                                                 
 C:\DSSAT48\Weather\ROR18901.WTH                                               
 Line      363                                                                 
 SRAD =   0.60 MJ.m-2.d-1                                                      

 IPWTH   YEAR DOY = 1989 361
 Warning: SRAD < 1 MJ.m-2.d-1.                                                 
 C:\DSSAT48\Weather\ROR18901.WTH                                               
 Line      366                                                                 
 SRAD =   0.40 MJ.m-2.d-1                                                      

 IPWTH   YEAR DOY = 1989 362
 Warning: SRAD < 1 MJ.m-2.d-1.                                                 
 C:\DSSAT48\Weather\ROR18901.WTH                                               
 Line      367                                                                 
 SRAD =   0.70 MJ.m-2.d-1                                                      

 IPWTH   YEAR DOY = 1989 363
 Warning: SRAD < 1 MJ.m-2.d-1.                                                 
 C:\DSSAT48\Weather\ROR18901.WTH                                               
 Line      368                                                                 
 SRAD =   0.70 MJ.m-2.d-1                                                      

 IPWTH   YEAR DOY = 1989 364
 Warning: SRAD < 1 MJ.m-2.d-1.                                                 
 C:\DSSAT48\Weather\ROR18901.WTH                                               
 Line      369                                                                 
 SRAD =   0.70 MJ.m-2.d-1                                                      

 IPWTH   YEAR DOY = 1990   3
 Warning: SRAD < 1 MJ.m-2.d-1.                                                 
 C:\DSSAT48\Weather\ROR19001.WTH                                               
 Line        8                                                                 
 SRAD =   0.90 MJ.m-2.d-1                                                      

 IPWTH   YEAR DOY = 1990   6
 Warning: SRAD < 1 MJ.m-2.d-1.                                                 
 C:\DSSAT48\Weather\ROR19001.WTH                                               
 Line       11                                                                 
 SRAD =   0.50 MJ.m-2.d-1                                                      

 IPWTH   YEAR DOY = 1990  14
 Warning: SRAD < 1 MJ.m-2.d-1.                                                 
 C:\DSSAT48\Weather\ROR19001.WTH                                               
 Line       19                                                                 
 SRAD =   0.90 MJ.m-2.d-1                                                      

 IPWTH   YEAR DOY = 1990  21
 Warning: SRAD < 1 MJ.m-2.d-1.                                                 
 C:\DSSAT48\Weather\ROR19001.WTH                                               
 Line       26                                                                 
 SRAD =   0.80 MJ.m-2.d-1                                                      

 IPWTH   YEAR DOY = 1990  25
 Warning: SRAD < 1 MJ.m-2.d-1.                                                 
 C:\DSSAT48\Weather\ROR19001.WTH                                               
 Line       30                                                                 
 SRAD =   0.20 MJ.m-2.d-1                                                      

 IPWTH   YEAR DOY = 1990  38
 Warning: SRAD < 1 MJ.m-2.d-1.                                                 
 C:\DSSAT48\Weather\ROR19001.WTH                                               
 Line       43                                                                 
 SRAD =   0.90 MJ.m-2.d-1                                                      

 IPWTH   YEAR DOY = 1990 337
 Warning: SRAD < 1 MJ.m-2.d-1.                                                 
 C:\DSSAT48\Weather\ROR19001.WTH                                               
 Line      342                                                                 
 SRAD =   0.90 MJ.m-2.d-1                                                      

 IPWTH   YEAR DOY = 1990 342
 Warning: SRAD < 1 MJ.m-2.d-1.                                                 
 C:\DSSAT48\Weather\ROR19001.WTH                                               
 Line      347                                                                 
 SRAD =   0.70 MJ.m-2.d-1                                                      

 IPWTH   YEAR DOY = 1990 351
 Warning: SRAD < 1 MJ.m-2.d-1.                                                 
 C:\DSSAT48\Weather\ROR19001.WTH                                               
 Line      356                                                                 
 SRAD =   0.80 MJ.m-2.d-1                                                      

 IPWTH   YEAR DOY = 1990 354
 Warning: SRAD < 1 MJ.m-2.d-1.                                                 
 C:\DSSAT48\Weather\ROR19001.WTH                                               
 Line      359                                                                 
 SRAD =   0.50 MJ.m-2.d-1                                                      

 IPWTH   YEAR DOY = 1990 357
 Warning: SRAD < 1 MJ.m-2.d-1.                                                 
 C:\DSSAT48\Weather\ROR19001.WTH                                               
 Line      362                                                                 
 SRAD =   0.70 MJ.m-2.d-1                                                      

 IPWTH   YEAR DOY = 1990 359
 Warning: SRAD < 1 MJ.m-2.d-1.                                                 
 C:\DSSAT48\Weather\ROR19001.WTH                                               
 Line      364                                                                 
 SRAD =   0.60 MJ.m-2.d-1                                                      

 IPWTH   YEAR DOY = 1990 360
 Warning: SRAD < 1 MJ.m-2.d-1.                                                 
 C:\DSSAT48\Weather\ROR19001.WTH                                               
 Line      365                                                                 
 SRAD =   0.50 MJ.m-2.d-1                                                      

 IPWTH   YEAR DOY = 1990 362
 Warning: SRAD < 1 MJ.m-2.d-1.                                                 
 C:\DSSAT48\Weather\ROR19001.WTH                                               
 Line      367                                                                 
 SRAD =   0.80 MJ.m-2.d-1                                                      

 IPWTH   YEAR DOY = 1990 363
 Warning: SRAD < 1 MJ.m-2.d-1.                                                 
 C:\DSSAT48\Weather\ROR19001.WTH                                               
 Line      368                                                                 
 SRAD =   0.90 MJ.m-2.d-1                                                      

 IPWTH   YEAR DOY = 1991   8
 Warning: SRAD < 1 MJ.m-2.d-1.                                                 
 C:\DSSAT48\Weather\ROR19101.WTH                                               
 Line       13                                                                 
 SRAD =   0.80 MJ.m-2.d-1                                                      

 IPWTH   YEAR DOY = 1991  17
 Warning: SRAD < 1 MJ.m-2.d-1.                                                 
 C:\DSSAT48\Weather\ROR19101.WTH                                               
 Line       22                                                                 
 SRAD =   0.70 MJ.m-2.d-1                                                      

 IPWTH   YEAR DOY = 1991  18
 Warning: SRAD < 1 MJ.m-2.d-1.                                                 
 C:\DSSAT48\Weather\ROR19101.WTH                                               
 Line       23                                                                 
 SRAD =   0.90 MJ.m-2.d-1                                                      

 IPWTH   YEAR DOY = 1991  26
 Warning: SRAD < 1 MJ.m-2.d-1.                                                 
 C:\DSSAT48\Weather\ROR19101.WTH                                               
 Line       31                                                                 
 SRAD =   0.80 MJ.m-2.d-1                                                      

 IPWTH   YEAR DOY = 1991  27
 Warning: SRAD < 1 MJ.m-2.d-1.                                                 
 C:\DSSAT48\Weather\ROR19101.WTH                                               
 Line       32                                                                 
 SRAD =   0.60 MJ.m-2.d-1                                                      

 IPWTH   YEAR DOY = 1991  29
 Warning: SRAD < 1 MJ.m-2.d-1.                                                 
 C:\DSSAT48\Weather\ROR19101.WTH                                               
 Line       34                                                                 
 SRAD =   0.80 MJ.m-2.d-1                                                      

 IPWTH   YEAR DOY = 1991 323
 Warning: SRAD < 1 MJ.m-2.d-1.                                                 
 C:\DSSAT48\Weather\ROR19101.WTH                                               
 Line      328                                                                 
 SRAD =   0.30 MJ.m-2.d-1                                                      

 IPWTH   YEAR DOY = 1991 329
 Warning: SRAD < 1 MJ.m-2.d-1.                                                 
 C:\DSSAT48\Weather\ROR19101.WTH                                               
 Line      334                                                                 
 SRAD =   0.70 MJ.m-2.d-1                                                      

 IPWTH   YEAR DOY = 1991 331
 Warning: SRAD < 1 MJ.m-2.d-1.                                                 
 C:\DSSAT48\Weather\ROR19101.WTH                                               
 Line      336                                                                 
 SRAD =   0.80 MJ.m-2.d-1                                                      

 IPWTH   YEAR DOY = 1991 334
 Warning: SRAD < 1 MJ.m-2.d-1.                                                 
 C:\DSSAT48\Weather\ROR19101.WTH                                               
 Line      339                                                                 
 SRAD =   0.60 MJ.m-2.d-1                                                      

 IPWTH   YEAR DOY = 1991 335
 Warning: SRAD < 1 MJ.m-2.d-1.                                                 
 C:\DSSAT48\Weather\ROR19101.WTH                                               
 Line      340                                                                 
 SRAD =   0.90 MJ.m-2.d-1                                                      

 IPWTH   YEAR DOY = 1991 337
 Warning: SRAD < 1 MJ.m-2.d-1.                                                 
 C:\DSSAT48\Weather\ROR19101.WTH                                               
 Line      342                                                                 
 SRAD =   0.50 MJ.m-2.d-1                                                      

 IPWTH   YEAR DOY = 1991 338
 Warning: SRAD < 1 MJ.m-2.d-1.                                                 
 C:\DSSAT48\Weather\ROR19101.WTH                                               
 Line      343                                                                 
 SRAD =   0.40 MJ.m-2.d-1                                                      

 IPWTH   YEAR DOY = 1991 351
 Warning: SRAD < 1 MJ.m-2.d-1.                                                 
 C:\DSSAT48\Weather\ROR19101.WTH                                               
 Line      356                                                                 
 SRAD =   0.60 MJ.m-2.d-1                                                      

 IPWTH   YEAR DOY = 1991 353
 Warning: SRAD < 1 MJ.m-2.d-1.                                                 
 C:\DSSAT48\Weather\ROR19101.WTH                                               
 Line      358                                                                 
 SRAD =   0.70 MJ.m-2.d-1                                                      

 IPWTH   YEAR DOY = 1991 362
 Warning: SRAD < 1 MJ.m-2.d-1.                                                 
 C:\DSSAT48\Weather\ROR19101.WTH                                               
 Line      367                                                                 
 SRAD =   0.80 MJ.m-2.d-1                                                      

 IPWTH   YEAR DOY = 1991 363
 Warning: SRAD < 1 MJ.m-2.d-1.                                                 
 C:\DSSAT48\Weather\ROR19101.WTH                                               
 Line      368                                                                 
 SRAD =   0.60 MJ.m-2.d-1                                                      

 IPWTH   YEAR DOY = 1991 364
 Warning: SRAD < 1 MJ.m-2.d-1.                                                 
 C:\DSSAT48\Weather\ROR19101.WTH                                               
 Line      369                                                                 
 SRAD =   0.50 MJ.m-2.d-1                                                      

 IPWTH   YEAR DOY = 1991 365
 Warning: SRAD < 1 MJ.m-2.d-1.                                                 
 C:\DSSAT48\Weather\ROR19101.WTH                                               
 Line      370                                                                 
 SRAD =   0.60 MJ.m-2.d-1                                                      

 IPWTH   YEAR DOY = 1992   9
 Warning: SRAD < 1 MJ.m-2.d-1.                                                 
 C:\DSSAT48\Weather\ROR19201.WTH                                               
 Line       14                                                                 
 SRAD =   0.80 MJ.m-2.d-1                                                      

 IPWTH   YEAR DOY = 1992  15
 Warning: SRAD < 1 MJ.m-2.d-1.                                                 
 C:\DSSAT48\Weather\ROR19201.WTH                                               
 Line       20                                                                 
 SRAD =   0.90 MJ.m-2.d-1                                                      

 IPWTH   YEAR DOY = 1992 314
 Warning: SRAD < 1 MJ.m-2.d-1.                                                 
 C:\DSSAT48\Weather\ROR19201.WTH                                               
 Line      319                                                                 
 SRAD =   0.70 MJ.m-2.d-1                                                      

 IPWTH   YEAR DOY = 1992 321
 Warning: SRAD < 1 MJ.m-2.d-1.                                                 
 C:\DSSAT48\Weather\ROR19201.WTH                                               
 Line      326                                                                 
 SRAD =   0.90 MJ.m-2.d-1                                                      

 IPWTH   YEAR DOY = 1992 323
 Warning: SRAD < 1 MJ.m-2.d-1.                                                 
 C:\DSSAT48\Weather\ROR19201.WTH                                               
 Line      328                                                                 
 SRAD =   0.80 MJ.m-2.d-1                                                      

 IPWTH   YEAR DOY = 1992 327
 Warning: SRAD < 1 MJ.m-2.d-1.                                                 
 C:\DSSAT48\Weather\ROR19201.WTH                                               
 Line      332                                                                 
 SRAD =   0.60 MJ.m-2.d-1                                                      

 IPWTH   YEAR DOY = 1992 335
 Warning: SRAD < 1 MJ.m-2.d-1.                                                 
 C:\DSSAT48\Weather\ROR19201.WTH                                               
 Line      340                                                                 
 SRAD =   0.60 MJ.m-2.d-1                                                      

 IPWTH   YEAR DOY = 1992 337
 Warning: SRAD < 1 MJ.m-2.d-1.                                                 
 C:\DSSAT48\Weather\ROR19201.WTH                                               
 Line      342                                                                 
 SRAD =   0.90 MJ.m-2.d-1                                                      

 IPWTH   YEAR DOY = 1992 344
 Warning: SRAD < 1 MJ.m-2.d-1.                                                 
 C:\DSSAT48\Weather\ROR19201.WTH                                               
 Line      349                                                                 
 SRAD =   0.60 MJ.m-2.d-1                                                      

 IPWTH   YEAR DOY = 1992 346
 Warning: SRAD < 1 MJ.m-2.d-1.                                                 
 C:\DSSAT48\Weather\ROR19201.WTH                                               
 Line      351                                                                 
 SRAD =   0.80 MJ.m-2.d-1                                                      

 IPWTH   YEAR DOY = 1992 350
 Warning: SRAD < 1 MJ.m-2.d-1.                                                 
 C:\DSSAT48\Weather\ROR19201.WTH                                               
 Line      355                                                                 
 SRAD =   0.60 MJ.m-2.d-1                                                      

 IPWTH   YEAR DOY = 1992 351
 Warning: SRAD < 1 MJ.m-2.d-1.                                                 
 C:\DSSAT48\Weather\ROR19201.WTH                                               
 Line      356                                                                 
 SRAD =   0.90 MJ.m-2.d-1                                                      

 IPWTH   YEAR DOY = 1992 352
 Warning: SRAD < 1 MJ.m-2.d-1.                                                 
 C:\DSSAT48\Weather\ROR19201.WTH                                               
 Line      357                                                                 
 SRAD =   0.80 MJ.m-2.d-1                                                      

 IPWTH   YEAR DOY = 1992 353
 Warning: SRAD < 1 MJ.m-2.d-1.                                                 
 C:\DSSAT48\Weather\ROR19201.WTH                                               
 Line      358                                                                 
 SRAD =   0.40 MJ.m-2.d-1                                                      

 IPWTH   YEAR DOY = 1992 354
 Warning: SRAD < 1 MJ.m-2.d-1.                                                 
 C:\DSSAT48\Weather\ROR19201.WTH                                               
 Line      359                                                                 
 SRAD =   0.80 MJ.m-2.d-1                                                      

 IPWTH   YEAR DOY = 1992 360
 Warning: SRAD < 1 MJ.m-2.d-1.                                                 
 C:\DSSAT48\Weather\ROR19201.WTH                                               
 Line      365                                                                 
 SRAD =   0.40 MJ.m-2.d-1                                                      

 IPWTH   YEAR DOY = 1992 361
 Warning: SRAD < 1 MJ.m-2.d-1.                                                 
 C:\DSSAT48\Weather\ROR19201.WTH                                               
 Line      366                                                                 
 SRAD =   0.60 MJ.m-2.d-1                                                      

 IPWTH   YEAR DOY = 1992 366
 Warning: SRAD < 1 MJ.m-2.d-1.                                                 
 C:\DSSAT48\Weather\ROR19201.WTH                                               
 Line      371                                                                 
 SRAD =   0.50 MJ.m-2.d-1                                                      

 IPWTH   YEAR DOY = 1993   5
 Warning: SRAD < 1 MJ.m-2.d-1.                                                 
 C:\DSSAT48\Weather\ROR19301.WTH                                               
 Line       10                                                                 
 SRAD =   0.50 MJ.m-2.d-1                                                      

 IPWTH   YEAR DOY = 1993  10
 Warning: SRAD < 1 MJ.m-2.d-1.                                                 
 C:\DSSAT48\Weather\ROR19301.WTH                                               
 Line       15                                                                 
 SRAD =   0.60 MJ.m-2.d-1                                                      

 IPWTH   YEAR DOY = 1993  13
 Warning: SRAD < 1 MJ.m-2.d-1.                                                 
 C:\DSSAT48\Weather\ROR19301.WTH                                               
 Line       18                                                                 
 SRAD =   0.50 MJ.m-2.d-1                                                      

 IPWTH   YEAR DOY = 1993  16
 Warning: SRAD < 1 MJ.m-2.d-1.                                                 
 C:\DSSAT48\Weather\ROR19301.WTH                                               
 Line       21                                                                 
 SRAD =   0.50 MJ.m-2.d-1                                                      

 IPWTH   YEAR DOY = 1993  26
 Warning: SRAD < 1 MJ.m-2.d-1.                                                 
 C:\DSSAT48\Weather\ROR19301.WTH                                               
 Line       31                                                                 
 SRAD =   0.80 MJ.m-2.d-1                                                      

 IPWTH   YEAR DOY = 1993  98
 Warning: SRAD < 1 MJ.m-2.d-1.                                                 
 C:\DSSAT48\Weather\ROR19301.WTH                                               
 Line      103                                                                 
 SRAD =   0.50 MJ.m-2.d-1                                                      

 IPWTH   YEAR DOY = 1993  99
 Warning: SRAD < 1 MJ.m-2.d-1.                                                 
 C:\DSSAT48\Weather\ROR19301.WTH                                               
 Line      104                                                                 
 SRAD =   0.30 MJ.m-2.d-1                                                      

 IPWTH   YEAR DOY = 1993 342
 Warning: SRAD < 1 MJ.m-2.d-1.                                                 
 C:\DSSAT48\Weather\ROR19301.WTH                                               
 Line      347                                                                 
 SRAD =   0.80 MJ.m-2.d-1                                                      

 IPWTH   YEAR DOY = 1993 346
 Warning: SRAD < 1 MJ.m-2.d-1.                                                 
 C:\DSSAT48\Weather\ROR19301.WTH                                               
 Line      351                                                                 
 SRAD =   0.30 MJ.m-2.d-1                                                      

 IPWTH   YEAR DOY = 1993 351
 Warning: SRAD < 1 MJ.m-2.d-1.                                                 
 C:\DSSAT48\Weather\ROR19301.WTH                                               
 Line      356                                                                 
 SRAD =   0.80 MJ.m-2.d-1                                                      

 IPWTH   YEAR DOY = 1993 352
 Warning: SRAD < 1 MJ.m-2.d-1.                                                 
 C:\DSSAT48\Weather\ROR19301.WTH                                               
 Line      357                                                                 
 SRAD =   0.40 MJ.m-2.d-1                                                      

 IPWTH   YEAR DOY = 1993 354
 Warning: SRAD < 1 MJ.m-2.d-1.                                                 
 C:\DSSAT48\Weather\ROR19301.WTH                                               
 Line      359                                                                 
 SRAD =   0.50 MJ.m-2.d-1                                                      

 IPWTH   YEAR DOY = 1993 358
 Warning: SRAD < 1 MJ.m-2.d-1.                                                 
 C:\DSSAT48\Weather\ROR19301.WTH                                               
 Line      363                                                                 
 SRAD =   0.70 MJ.m-2.d-1                                                      

 IPWTH   YEAR DOY = 1993 362
 Warning: SRAD < 1 MJ.m-2.d-1.                                                 
 C:\DSSAT48\Weather\ROR19301.WTH                                               
 Line      367                                                                 
 SRAD =   0.70 MJ.m-2.d-1                                                      

 IPWTH   YEAR DOY = 1993 364
 Warning: SRAD < 1 MJ.m-2.d-1.                                                 
 C:\DSSAT48\Weather\ROR19301.WTH                                               
 Line      369                                                                 
 SRAD =   0.80 MJ.m-2.d-1                                                      

 IPWTH   YEAR DOY = 1994   3
 Warning: SRAD < 1 MJ.m-2.d-1.                                                 
 C:\DSSAT48\Weather\ROR19401.WTH                                               
 Line        8                                                                 
 SRAD =   0.60 MJ.m-2.d-1                                                      

 IPWTH   YEAR DOY = 1994   6
 Warning: SRAD < 1 MJ.m-2.d-1.                                                 
 C:\DSSAT48\Weather\ROR19401.WTH                                               
 Line       11                                                                 
 SRAD =   0.80 MJ.m-2.d-1                                                      

 IPWTH   YEAR DOY = 1994   9
 Warning: SRAD < 1 MJ.m-2.d-1.                                                 
 C:\DSSAT48\Weather\ROR19401.WTH                                               
 Line       14                                                                 
 SRAD =   0.80 MJ.m-2.d-1                                                      

 IPWTH   YEAR DOY = 1994  12
 Warning: SRAD < 1 MJ.m-2.d-1.                                                 
 C:\DSSAT48\Weather\ROR19401.WTH                                               
 Line       17                                                                 
 SRAD =   0.60 MJ.m-2.d-1                                                      

 IPWTH   YEAR DOY = 1994  32
 Warning: SRAD < 1 MJ.m-2.d-1.                                                 
 C:\DSSAT48\Weather\ROR19401.WTH                                               
 Line       37                                                                 
 SRAD =   0.70 MJ.m-2.d-1                                                      

 IPWTH   YEAR DOY = 1994 316
 Warning: SRAD < 1 MJ.m-2.d-1.                                                 
 C:\DSSAT48\Weather\ROR19401.WTH                                               
 Line      321                                                                 
 SRAD =   0.80 MJ.m-2.d-1                                                      

 IPWTH   YEAR DOY = 1994 318
 Warning: SRAD < 1 MJ.m-2.d-1.                                                 
 C:\DSSAT48\Weather\ROR19401.WTH                                               
 Line      323                                                                 
 SRAD =   0.90 MJ.m-2.d-1                                                      

 IPWTH   YEAR DOY = 1994 324
 Warning: SRAD < 1 MJ.m-2.d-1.                                                 
 C:\DSSAT48\Weather\ROR19401.WTH                                               
 Line      329                                                                 
 SRAD =   0.50 MJ.m-2.d-1                                                      

 IPWTH   YEAR DOY = 1994 331
 Warning: SRAD < 1 MJ.m-2.d-1.                                                 
 C:\DSSAT48\Weather\ROR19401.WTH                                               
 Line      336                                                                 
 SRAD =   0.60 MJ.m-2.d-1                                                      

 IPWTH   YEAR DOY = 1994 342
 Warning: SRAD < 1 MJ.m-2.d-1.                                                 
 C:\DSSAT48\Weather\ROR19401.WTH                                               
 Line      347                                                                 
 SRAD =   0.50 MJ.m-2.d-1                                                      

 IPWTH   YEAR DOY = 1994 344
 Warning: SRAD < 1 MJ.m-2.d-1.                                                 
 C:\DSSAT48\Weather\ROR19401.WTH                                               
 Line      349                                                                 
 SRAD =   0.80 MJ.m-2.d-1                                                      

 IPWTH   YEAR DOY = 1994 359
 Warning: SRAD < 1 MJ.m-2.d-1.                                                 
 C:\DSSAT48\Weather\ROR19401.WTH                                               
 Line      364                                                                 
 SRAD =   0.80 MJ.m-2.d-1                                                      

 IPWTH   YEAR DOY = 1994 361
 Warning: SRAD < 1 MJ.m-2.d-1.                                                 
 C:\DSSAT48\Weather\ROR19401.WTH                                               
 Line      366                                                                 
 SRAD =   0.60 MJ.m-2.d-1                                                      

 IPWTH   YEAR DOY = 1994 362
 Warning: SRAD < 1 MJ.m-2.d-1.                                                 
 C:\DSSAT48\Weather\ROR19401.WTH                                               
 Line      367                                                                 
 SRAD =   0.70 MJ.m-2.d-1                                                      

 IPWTH   YEAR DOY = 1995   5
 Warning: SRAD < 1 MJ.m-2.d-1.                                                 
 C:\DSSAT48\Weather\ROR19501.WTH                                               
 Line       10                                                                 
 SRAD =   0.40 MJ.m-2.d-1                                                      

 IPWTH   YEAR DOY = 1995   9
 Warning: SRAD < 1 MJ.m-2.d-1.                                                 
 C:\DSSAT48\Weather\ROR19501.WTH                                               
 Line       14                                                                 
 SRAD =   0.90 MJ.m-2.d-1                                                      

 IPWTH   YEAR DOY = 1995  17
 Warning: SRAD < 1 MJ.m-2.d-1.                                                 
 C:\DSSAT48\Weather\ROR19501.WTH                                               
 Line       22                                                                 
 SRAD =   0.70 MJ.m-2.d-1                                                      

 IPWTH   YEAR DOY = 1995  19
 Warning: SRAD < 1 MJ.m-2.d-1.                                                 
 C:\DSSAT48\Weather\ROR19501.WTH                                               
 Line       24                                                                 
 SRAD =   0.70 MJ.m-2.d-1                                                      

 IPWTH   YEAR DOY = 1995  21
 Warning: SRAD < 1 MJ.m-2.d-1.                                                 
 C:\DSSAT48\Weather\ROR19501.WTH                                               
 Line       26                                                                 
 SRAD =   0.90 MJ.m-2.d-1                                                      

 IPWTH   YEAR DOY = 1995  25
 Warning: SRAD < 1 MJ.m-2.d-1.                                                 
 C:\DSSAT48\Weather\ROR19501.WTH                                               
 Line       30                                                                 
 SRAD =   0.90 MJ.m-2.d-1                                                      

 IPWTH   YEAR DOY = 1995  31
 Warning: SRAD < 1 MJ.m-2.d-1.                                                 
 C:\DSSAT48\Weather\ROR19501.WTH                                               
 Line       36                                                                 
 SRAD =   0.60 MJ.m-2.d-1                                                      

 IPWTH   YEAR DOY = 1995  34
 Warning: SRAD < 1 MJ.m-2.d-1.                                                 
 C:\DSSAT48\Weather\ROR19501.WTH                                               
 Line       39                                                                 
 SRAD =   0.80 MJ.m-2.d-1                                                      

 IPWTH   YEAR DOY = 1995 329
 Warning: SRAD < 1 MJ.m-2.d-1.                                                 
 C:\DSSAT48\Weather\ROR19501.WTH                                               
 Line      334                                                                 
 SRAD =   0.70 MJ.m-2.d-1                                                      

 IPWTH   YEAR DOY = 1995 334
 Warning: SRAD < 1 MJ.m-2.d-1.                                                 
 C:\DSSAT48\Weather\ROR19501.WTH                                               
 Line      339                                                                 
 SRAD =   0.70 MJ.m-2.d-1                                                      

 IPWTH   YEAR DOY = 1995 335
 Warning: SRAD < 1 MJ.m-2.d-1.                                                 
 C:\DSSAT48\Weather\ROR19501.WTH                                               
 Line      340                                                                 
 SRAD =   0.70 MJ.m-2.d-1                                                      

 IPWTH   YEAR DOY = 1995 336
 Warning: SRAD < 1 MJ.m-2.d-1.                                                 
 C:\DSSAT48\Weather\ROR19501.WTH                                               
 Line      341                                                                 
 SRAD =   0.80 MJ.m-2.d-1                                                      

 IPWTH   YEAR DOY = 1995 337
 Warning: SRAD < 1 MJ.m-2.d-1.                                                 
 C:\DSSAT48\Weather\ROR19501.WTH                                               
 Line      342                                                                 
 SRAD =   0.60 MJ.m-2.d-1                                                      

 IPWTH   YEAR DOY = 1995 338
 Warning: SRAD < 1 MJ.m-2.d-1.                                                 
 C:\DSSAT48\Weather\ROR19501.WTH                                               
 Line      343                                                                 
 SRAD =   0.80 MJ.m-2.d-1                                                      

 IPWTH   YEAR DOY = 1995 340
 Warning: SRAD < 1 MJ.m-2.d-1.                                                 
 C:\DSSAT48\Weather\ROR19501.WTH                                               
 Line      345                                                                 
 SRAD =   0.70 MJ.m-2.d-1                                                      

 IPWTH   YEAR DOY = 1995 346
 Warning: SRAD < 1 MJ.m-2.d-1.                                                 
 C:\DSSAT48\Weather\ROR19501.WTH                                               
 Line      351                                                                 
 SRAD =   0.80 MJ.m-2.d-1                                                      

 IPWTH   YEAR DOY = 1995 349
 Warning: SRAD < 1 MJ.m-2.d-1.                                                 
 C:\DSSAT48\Weather\ROR19501.WTH                                               
 Line      354                                                                 
 SRAD =   0.20 MJ.m-2.d-1                                                      

 IPWTH   YEAR DOY = 1995 351
 Warning: SRAD < 1 MJ.m-2.d-1.                                                 
 C:\DSSAT48\Weather\ROR19501.WTH                                               
 Line      356                                                                 
 SRAD =   0.50 MJ.m-2.d-1                                                      

 IPWTH   YEAR DOY = 1995 352
 Warning: SRAD < 1 MJ.m-2.d-1.                                                 
 C:\DSSAT48\Weather\ROR19501.WTH                                               
 Line      357                                                                 
 SRAD =   0.30 MJ.m-2.d-1                                                      

 IPWTH   YEAR DOY = 1995 355
 Warning: SRAD < 1 MJ.m-2.d-1.                                                 
 C:\DSSAT48\Weather\ROR19501.WTH                                               
 Line      360                                                                 
 SRAD =   0.40 MJ.m-2.d-1                                                      

 IPWTH   YEAR DOY = 1995 357
 Warning: SRAD < 1 MJ.m-2.d-1.                                                 
 C:\DSSAT48\Weather\ROR19501.WTH                                               
 Line      362                                                                 
 SRAD =   0.60 MJ.m-2.d-1                                                      

 IPWTH   YEAR DOY = 1995 364
 Warning: SRAD < 1 MJ.m-2.d-1.                                                 
 C:\DSSAT48\Weather\ROR19501.WTH                                               
 Line      369                                                                 
 SRAD =   0.50 MJ.m-2.d-1                                                      

 IPWTH   YEAR DOY = 1995 365
 Warning: SRAD < 1 MJ.m-2.d-1.                                                 
 C:\DSSAT48\Weather\ROR19501.WTH                                               
 Line      370                                                                 
 SRAD =   0.90 MJ.m-2.d-1                                                      

 IPWTH   YEAR DOY = 1996   3
 Warning: SRAD < 1 MJ.m-2.d-1.                                                 
 C:\DSSAT48\Weather\ROR19601.WTH                                               
 Line        8                                                                 
 SRAD =   0.60 MJ.m-2.d-1                                                      

 IPWTH   YEAR DOY = 1996   5
 Warning: SRAD < 1 MJ.m-2.d-1.                                                 
 C:\DSSAT48\Weather\ROR19601.WTH                                               
 Line       10                                                                 
 SRAD =   0.70 MJ.m-2.d-1                                                      

 IPWTH   YEAR DOY = 1996  11
 Warning: SRAD < 1 MJ.m-2.d-1.                                                 
 C:\DSSAT48\Weather\ROR19601.WTH                                               
 Line       16                                                                 
 SRAD =   0.70 MJ.m-2.d-1                                                      

 IPWTH   YEAR DOY = 1996  18
 Warning: SRAD < 1 MJ.m-2.d-1.                                                 
 C:\DSSAT48\Weather\ROR19601.WTH                                               
 Line       23                                                                 
 SRAD =   0.90 MJ.m-2.d-1                                                      

 IPWTH   YEAR DOY = 1996  19
 Warning: SRAD < 1 MJ.m-2.d-1.                                                 
 C:\DSSAT48\Weather\ROR19601.WTH                                               
 Line       24                                                                 
 SRAD =   0.60 MJ.m-2.d-1                                                      

 IPWTH   YEAR DOY = 1996  21
 Warning: SRAD < 1 MJ.m-2.d-1.                                                 
 C:\DSSAT48\Weather\ROR19601.WTH                                               
 Line       26                                                                 
 SRAD =   0.70 MJ.m-2.d-1                                                      

 IPWTH   YEAR DOY = 1996  23
 Warning: SRAD < 1 MJ.m-2.d-1.                                                 
 C:\DSSAT48\Weather\ROR19601.WTH                                               
 Line       28                                                                 
 SRAD =   0.50 MJ.m-2.d-1                                                      

 IPWTH   YEAR DOY = 1996  24
 Warning: SRAD < 1 MJ.m-2.d-1.                                                 
 C:\DSSAT48\Weather\ROR19601.WTH                                               
 Line       29                                                                 
 SRAD =   0.70 MJ.m-2.d-1                                                      

 IPWTH   YEAR DOY = 1996  25
 Warning: SRAD < 1 MJ.m-2.d-1.                                                 
 C:\DSSAT48\Weather\ROR19601.WTH                                               
 Line       30                                                                 
 SRAD =   0.70 MJ.m-2.d-1                                                      

 IPWTH   YEAR DOY = 1996  29
 Warning: SRAD < 1 MJ.m-2.d-1.                                                 
 C:\DSSAT48\Weather\ROR19601.WTH                                               
 Line       34                                                                 
 SRAD =   0.70 MJ.m-2.d-1                                                      

 IPWTH   YEAR DOY = 1996  40
 Warning: SRAD < 1 MJ.m-2.d-1.                                                 
 C:\DSSAT48\Weather\ROR19601.WTH                                               
 Line       45                                                                 
 SRAD =   0.80 MJ.m-2.d-1                                                      

 IPWTH   YEAR DOY = 1996 329
 Warning: SRAD < 1 MJ.m-2.d-1.                                                 
 C:\DSSAT48\Weather\ROR19601.WTH                                               
 Line      334                                                                 
 SRAD =   0.70 MJ.m-2.d-1                                                      

 IPWTH   YEAR DOY = 1996 336
 Warning: SRAD < 1 MJ.m-2.d-1.                                                 
 C:\DSSAT48\Weather\ROR19601.WTH                                               
 Line      341                                                                 
 SRAD =   0.70 MJ.m-2.d-1                                                      

 IPWTH   YEAR DOY = 1996 343
 Warning: SRAD < 1 MJ.m-2.d-1.                                                 
 C:\DSSAT48\Weather\ROR19601.WTH                                               
 Line      348                                                                 
 SRAD =   0.50 MJ.m-2.d-1                                                      

 IPWTH   YEAR DOY = 1996 344
 Warning: SRAD < 1 MJ.m-2.d-1.                                                 
 C:\DSSAT48\Weather\ROR19601.WTH                                               
 Line      349                                                                 
 SRAD =   0.80 MJ.m-2.d-1                                                      

 IPWTH   YEAR DOY = 1996 345
 Warning: SRAD < 1 MJ.m-2.d-1.                                                 
 C:\DSSAT48\Weather\ROR19601.WTH                                               
 Line      350                                                                 
 SRAD =   0.30 MJ.m-2.d-1                                                      

 IPWTH   YEAR DOY = 1996 346
 Warning: SRAD < 1 MJ.m-2.d-1.                                                 
 C:\DSSAT48\Weather\ROR19601.WTH                                               
 Line      351                                                                 
 SRAD =   0.40 MJ.m-2.d-1                                                      

 IPWTH   YEAR DOY = 1996 347
 Warning: SRAD < 1 MJ.m-2.d-1.                                                 
 C:\DSSAT48\Weather\ROR19601.WTH                                               
 Line      352                                                                 
 SRAD =   0.20 MJ.m-2.d-1                                                      

 IPWTH   YEAR DOY = 1996 351
 Warning: SRAD < 1 MJ.m-2.d-1.                                                 
 C:\DSSAT48\Weather\ROR19601.WTH                                               
 Line      356                                                                 
 SRAD =   0.60 MJ.m-2.d-1                                                      

 IPWTH   YEAR DOY = 1996 352
 Warning: SRAD < 1 MJ.m-2.d-1.                                                 
 C:\DSSAT48\Weather\ROR19601.WTH                                               
 Line      357                                                                 
 SRAD =   0.80 MJ.m-2.d-1                                                      

 IPWTH   YEAR DOY = 1996 354
 Warning: SRAD < 1 MJ.m-2.d-1.                                                 
 C:\DSSAT48\Weather\ROR19601.WTH                                               
 Line      359                                                                 
 SRAD =   0.50 MJ.m-2.d-1                                                      

 IPWTH   YEAR DOY = 1996 355
 Warning: SRAD < 1 MJ.m-2.d-1.                                                 
 C:\DSSAT48\Weather\ROR19601.WTH                                               
 Line      360                                                                 
 SRAD =   0.30 MJ.m-2.d-1                                                      

 IPWTH   YEAR DOY = 1996 356
 Warning: SRAD < 1 MJ.m-2.d-1.                                                 
 C:\DSSAT48\Weather\ROR19601.WTH                                               
 Line      361                                                                 
 SRAD =   0.50 MJ.m-2.d-1                                                      

 IPWTH   YEAR DOY = 1997   3
 Warning: SRAD < 1 MJ.m-2.d-1.                                                 
 C:\DSSAT48\Weather\ROR19701.WTH                                               
 Line        8                                                                 
 SRAD =   0.80 MJ.m-2.d-1                                                      

 IPWTH   YEAR DOY = 1997   7
 Warning: SRAD < 1 MJ.m-2.d-1.                                                 
 C:\DSSAT48\Weather\ROR19701.WTH                                               
 Line       12                                                                 
 SRAD =   0.70 MJ.m-2.d-1                                                      

 IPWTH   YEAR DOY = 1997   8
 Warning: SRAD < 1 MJ.m-2.d-1.                                                 
 C:\DSSAT48\Weather\ROR19701.WTH                                               
 Line       13                                                                 
 SRAD =   0.90 MJ.m-2.d-1                                                      

 IPWTH   YEAR DOY = 1997  19
 Warning: SRAD < 1 MJ.m-2.d-1.                                                 
 C:\DSSAT48\Weather\ROR19701.WTH                                               
 Line       24                                                                 
 SRAD =   0.80 MJ.m-2.d-1                                                      

 IPWTH   YEAR DOY = 1997  22
 Warning: SRAD < 1 MJ.m-2.d-1.                                                 
 C:\DSSAT48\Weather\ROR19701.WTH                                               
 Line       27                                                                 
 SRAD =   0.70 MJ.m-2.d-1                                                      

 IPWTH   YEAR DOY = 1997  35
 Warning: SRAD < 1 MJ.m-2.d-1.                                                 
 C:\DSSAT48\Weather\ROR19701.WTH                                               
 Line       40                                                                 
 SRAD =   0.90 MJ.m-2.d-1                                                      

 IPWTH   YEAR DOY = 1997 322
 Warning: SRAD < 1 MJ.m-2.d-1.                                                 
 C:\DSSAT48\Weather\ROR19701.WTH                                               
 Line      327                                                                 
 SRAD =   0.70 MJ.m-2.d-1                                                      

 IPWTH   YEAR DOY = 1997 331
 Warning: SRAD < 1 MJ.m-2.d-1.                                                 
 C:\DSSAT48\Weather\ROR19701.WTH                                               
 Line      336                                                                 
 SRAD =   0.90 MJ.m-2.d-1                                                      

 IPWTH   YEAR DOY = 1997 349
 Warning: SRAD < 1 MJ.m-2.d-1.                                                 
 C:\DSSAT48\Weather\ROR19701.WTH                                               
 Line      354                                                                 
 SRAD =   0.90 MJ.m-2.d-1                                                      

 IPWTH   YEAR DOY = 1997 350
 Warning: SRAD < 1 MJ.m-2.d-1.                                                 
 C:\DSSAT48\Weather\ROR19701.WTH                                               
 Line      355                                                                 
 SRAD =   0.30 MJ.m-2.d-1                                                      

 IPWTH   YEAR DOY = 1997 351
 Warning: SRAD < 1 MJ.m-2.d-1.                                                 
 C:\DSSAT48\Weather\ROR19701.WTH                                               
 Line      356                                                                 
 SRAD =   0.60 MJ.m-2.d-1                                                      

 IPWTH   YEAR DOY = 1997 352
 Warning: SRAD < 1 MJ.m-2.d-1.                                                 
 C:\DSSAT48\Weather\ROR19701.WTH                                               
 Line      357                                                                 
 SRAD =   0.30 MJ.m-2.d-1                                                      

 IPWTH   YEAR DOY = 1997 353
 Warning: SRAD < 1 MJ.m-2.d-1.                                                 
 C:\DSSAT48\Weather\ROR19701.WTH                                               
 Line      358                                                                 
 SRAD =   0.50 MJ.m-2.d-1                                                      

 IPWTH   YEAR DOY = 1997 354
 Warning: SRAD < 1 MJ.m-2.d-1.                                                 
 C:\DSSAT48\Weather\ROR19701.WTH                                               
 Line      359                                                                 
 SRAD =   0.80 MJ.m-2.d-1                                                      

 IPWTH   YEAR DOY = 1997 356
 Warning: SRAD < 1 MJ.m-2.d-1.                                                 
 C:\DSSAT48\Weather\ROR19701.WTH                                               
 Line      361                                                                 
 SRAD =   0.80 MJ.m-2.d-1                                                      

 IPWTH   YEAR DOY = 1997 358
 Warning: SRAD < 1 MJ.m-2.d-1.                                                 
 C:\DSSAT48\Weather\ROR19701.WTH                                               
 Line      363                                                                 
 SRAD =   0.40 MJ.m-2.d-1                                                      

 IPWTH   YEAR DOY = 1998  18
 Warning: SRAD < 1 MJ.m-2.d-1.                                                 
 C:\DSSAT48\Weather\ROR19801.WTH                                               
 Line       23                                                                 
 SRAD =   0.90 MJ.m-2.d-1                                                      

 IPWTH   YEAR DOY = 1998 328
 Warning: SRAD < 1 MJ.m-2.d-1.                                                 
 C:\DSSAT48\Weather\ROR19801.WTH                                               
 Line      333                                                                 
 SRAD =   0.90 MJ.m-2.d-1                                                      

 IPWTH   YEAR DOY = 1998 335
 Warning: SRAD < 1 MJ.m-2.d-1.                                                 
 C:\DSSAT48\Weather\ROR19801.WTH                                               
 Line      340                                                                 
 SRAD =   0.90 MJ.m-2.d-1                                                      

 IPWTH   YEAR DOY = 1998 337
 Warning: SRAD < 1 MJ.m-2.d-1.                                                 
 C:\DSSAT48\Weather\ROR19801.WTH                                               
 Line      342                                                                 
 SRAD =   0.50 MJ.m-2.d-1                                                      

 IPWTH   YEAR DOY = 1998 342
 Warning: SRAD < 1 MJ.m-2.d-1.                                                 
 C:\DSSAT48\Weather\ROR19801.WTH                                               
 Line      347                                                                 
 SRAD =   0.50 MJ.m-2.d-1                                                      

 IPWTH   YEAR DOY = 1998 349
 Warning: SRAD < 1 MJ.m-2.d-1.                                                 
 C:\DSSAT48\Weather\ROR19801.WTH                                               
 Line      354                                                                 
 SRAD =   0.90 MJ.m-2.d-1                                                      

 IPWTH   YEAR DOY = 1998 357
 Warning: SRAD < 1 MJ.m-2.d-1.                                                 
 C:\DSSAT48\Weather\ROR19801.WTH                                               
 Line      362                                                                 
 SRAD =   0.40 MJ.m-2.d-1                                                      

 IPWTH   YEAR DOY = 1998 359
 Warning: SRAD < 1 MJ.m-2.d-1.                                                 
 C:\DSSAT48\Weather\ROR19801.WTH                                               
 Line      364                                                                 
 SRAD =   0.70 MJ.m-2.d-1                                                      

 IPWTH   YEAR DOY = 1998 360
 Warning: SRAD < 1 MJ.m-2.d-1.                                                 
 C:\DSSAT48\Weather\ROR19801.WTH                                               
 Line      365                                                                 
 SRAD =   0.60 MJ.m-2.d-1                                                      

 IPWTH   YEAR DOY = 1998 361
 Warning: SRAD < 1 MJ.m-2.d-1.                                                 
 C:\DSSAT48\Weather\ROR19801.WTH                                               
 Line      366                                                                 
 SRAD =   0.70 MJ.m-2.d-1                                                      

 IPWTH   YEAR DOY = 1998 363
 Warning: SRAD < 1 MJ.m-2.d-1.                                                 
 C:\DSSAT48\Weather\ROR19801.WTH                                               
 Line      368                                                                 
 SRAD =   0.70 MJ.m-2.d-1                                                      

 IPWTH   YEAR DOY = 1998 365
 Warning: SRAD < 1 MJ.m-2.d-1.                                                 
 C:\DSSAT48\Weather\ROR19801.WTH                                               
 Line      370                                                                 
 SRAD =   0.50 MJ.m-2.d-1                                                      

 IPWTH   YEAR DOY = 1999  12
 Warning: SRAD < 1 MJ.m-2.d-1.                                                 
 C:\DSSAT48\Weather\ROR19901.WTH                                               
 Line       17                                                                 
 SRAD =   0.60 MJ.m-2.d-1                                                      

 IPWTH   YEAR DOY = 1999  19
 Warning: SRAD < 1 MJ.m-2.d-1.                                                 
 C:\DSSAT48\Weather\ROR19901.WTH                                               
 Line       24                                                                 
 SRAD =   0.80 MJ.m-2.d-1                                                      

 IPWTH   YEAR DOY = 1999  30
 Warning: SRAD < 1 MJ.m-2.d-1.                                                 
 C:\DSSAT48\Weather\ROR19901.WTH                                               
 Line       35                                                                 
 SRAD =   0.80 MJ.m-2.d-1                                                      

 IPWTH   YEAR DOY = 1999  63
 Warning: SRAD < 1 MJ.m-2.d-1.                                                 
 C:\DSSAT48\Weather\ROR19901.WTH                                               
 Line       68                                                                 
 SRAD =   0.10 MJ.m-2.d-1                                                      

 IPWTH   YEAR DOY = 1999 294
 Warning: SRAD < 1 MJ.m-2.d-1.                                                 
 C:\DSSAT48\Weather\ROR19901.WTH                                               
 Line      299                                                                 
 SRAD =   0.90 MJ.m-2.d-1                                                      

 IPWTH   YEAR DOY = 1999 309
 Warning: SRAD < 1 MJ.m-2.d-1.                                                 
 C:\DSSAT48\Weather\ROR19901.WTH                                               
 Line      314                                                                 
 SRAD =   0.60 MJ.m-2.d-1                                                      

 IPWTH   YEAR DOY = 1999 333
 Warning: SRAD < 1 MJ.m-2.d-1.                                                 
 C:\DSSAT48\Weather\ROR19901.WTH                                               
 Line      338                                                                 
 SRAD =   0.60 MJ.m-2.d-1                                                      

 IPWTH   YEAR DOY = 1999 340
 Warning: SRAD < 1 MJ.m-2.d-1.                                                 
 C:\DSSAT48\Weather\ROR19901.WTH                                               
 Line      345                                                                 
 SRAD =   0.50 MJ.m-2.d-1                                                      

 IPWTH   YEAR DOY = 1999 342
 Warning: SRAD < 1 MJ.m-2.d-1.                                                 
 C:\DSSAT48\Weather\ROR19901.WTH                                               
 Line      347                                                                 
 SRAD =   0.70 MJ.m-2.d-1                                                      
