*SOIL LIST

@#   FILENAME EXT SOIL CODE  TEXTURE  DEPTH DESCRIPTION
   1 AG       SOL AGSP209115 SIC      12      ALFALFA, HYDRANT 209B       
   2 AG       SOL AGSP209113 SIC      12      ALFALFA, HYDRANT 209B       
   3 AG       SOL AGSP209112 L        12      ALFALFA FINCA-CAVERO        
   4 AG       SOL AGFINCAA16 L        12      ALFALFA FINCA               
   5 AG       SOL AGCAVERO12 C        16      ALFALFA CAVERO              
   6 AZ       SOL AZMC920001 CL       210   TRIX CLAY LOAM                
   7 BR       SOL BRPI020002 C        150   TERRA ROXA (IRRIGATED)        
   8 BR       SOL BRPI020001 C        120   TERRA ROXA (RAINFED)          
   9 BR       SOL BRPI020003 C        120   TERRA ROXA                    
  10 BR       SOL BRPA080004 C        30      OXISOL                      
  11 CA       SOL CAON080010 CL       10     CFIA-16                      
  12 CN       SOL CNPA030001 SIC      147   CANTARINA (PACHIC VERTIC HAPLU
  13 CN       SOL CNPA030011 SIC      167   CANTARINA (PACHIC VERTIC HAPLU
  14 CN       SOL CNPA030002 SIC      147   CANTARINA (COMPACTED PACHIC VE
  15 CN       SOL CNPA030021 SIC      167   CANTARINA (COMPACTED PACHIC VE
  16 CN       SOL CNPA030003 SIC      147   CANTARINA (VERY COMPACTED PACH
  17 CN       SOL CNPA030031 SIC      147   CANTARINA (VERY COMPACTED PACH
  18 CO       SOL CORD860001 SALO     195   DEFAULT - DEEP SANDY LOAM     
  19 CO       SOL CORD870001 SALO     195   DEFAULT - DEEP SANDY LOAM     
  20 CO       SOL COSU910045 -99      300   GRANJA SANDY LOAM             
  21 CO       SOL COSU910047          15      GRANJA SANDY LOAMX          
  22 CO       SOL COSU919947          15      GRANJA SANDY LOAMX          
  23 CP       SOL CPLI000021 L        12      LOAM                        
  24 CP       SOL CPLI000020 CL       15      CLAY LOAM                   
  25 CP       SOL CPHY000024 CL       9       CLAY LOAM                   
  26 CP       SOL CPSR000022 SL       9       SILTY LOAM                  
  27 CR       SOL CREC002014 -99      15      CREC SOIL                   
  28 DI       SOL DITY000001 S        20      SAND                        
  29 DI       SOL DIJY000001 S        20      SAND                        
  30 DI       SOL DIJY000002 S        15      SAND                        
  31 DI       SOL DITY000002 S        15      SAND                        
  32 DI       SOL DITT000001 SL       15      SAND                        
  33 EB       SOL EBMZ850001 -99      120   LATOSSOLO VERMELHO AMARELLO   
  34 EB       SOL EBPI080100 SC       450   LATOSSOLO VERMELHO AMARELO    
  35 EB       SOL EBEP170001 C        100   PIRACIBA SOIL                 
  36 ET       SOL ETGA000011 C        21      SHALLOW ROOT STD GARE ARERA 
  37 ET       SOL ET04197341 AYLOAM   200      ISRIC SOILGRIDS + HC27     
  38 ET       SOL ET04197342 AYLOAM   200      ISRIC SOILGRIDS + HC27     
  39 ET       SOL ET04085011 CLAY     200      ISRIC SOILGRIDS + HC27     
  40 ET       SOL ETGA000111          210   SHALLOW ROOT STD GARE ARERA NI
  41 ET       SOL ETGK000161          210   SHALLOW ROOT STD GONJI AREA NI
  42 ET       SOL ETGA000012 C        21      SHALLOW ROOT STD GARE ARERA 
  43 ET       SOL ETGA000212 C        21      SHALLOW ROOT STD GARE ARERA 
  44 ET       SOL ETGA000112 C        21      SHALLOW ROOT STD JAMMA VERTI
  45 ET       SOL ETJD000006 C        21      SHALLOW ROOT STD JAMMA VERTI
  46 ET       SOL ETJD000016 C        21      SHALLOW ROOT STD JAMMA VERTI
  47 ET       SOL ETJD000116 C        21      SHALLOW ROOT STD JAMMA VERTI
  48 ET       SOL ETKJ000004 CL       21      SHALLOW ROOT STD KAJIMA ANDO
  49 ET       SOL ETMK000005 CL       21      SHALLOW ROOT STD MEKELLE CAM
  50 ET       SOL ETOD000002 CL       21      STANDARDIZED VERTISOL IN THE
  51 ET       SOL ETOD000022 CL       21      STANDARDIZED VERTISOL IN THE
  52 ET       SOL ETOD000222 CL       21      STANDARDIZED VERTISOL IN THE
  53 ET       SOL ETUD000007 C        21      SHALLOW ROOT STD UDE 1 VERTI
  54 ET       SOL ETUD000008 C        21      SHALLOW ROOT STD UDE 2 VERTI
  55 ET       SOL ETJD000066 C        21      SHALLOW ROOT STD JAMMA VERTI
  56 GA       SOL GAGI810014 LS       183   TIFTON LOAMY SAND             
  57 GA       SOL GAPL850009 S        300   LUCY, LOAMY SAND              
  58 GA       SOL GAGR040001 S        120   RAINOUT SAND                  
  59 GH       SOL GH00970001 1 SALO   9      SAVANNA OCHROSOL             
  60 GH       SOL GH00970002 3 SALO   9      SAVANNA OCHROSOL             
  61 GH       SOL GH00970003 SALO     90    SAVANNA OCHROSOL              
  62 GH       SOL GHWA040001 LS       90    LOAMY SILT                    
  63 GH       SOL GHWA020001 LS       90    BAMAHU SOIL SERIES            
  64 GH       SOL GHWA030001 LS       90    BAMAHU                        
  65 HC       SOL HC_GEN0001 C        180   HARVESTCHOICE HC27, CLAY HF180
  66 HC       SOL HC_GEN0002 C        120   HARVESTCHOICE HC27, CLAY HF120
  67 HC       SOL HC_GEN0003 C        060   HARVESTCHOICE HC27, CLAY HF060
  68 HC       SOL HC_GEN0004 C        180   HARVESTCHOICE HC27, CLAY MF180
  69 HC       SOL HC_GEN0005 C        120   HARVESTCHOICE HC27, CLAY MF120
  70 HC       SOL HC_GEN0006 C        060   HARVESTCHOICE HC27, CLAY MF060
  71 HC       SOL HC_GEN0007 C        180   HARVESTCHOICE HC27, CLAY LF180
  72 HC       SOL HC_GEN0008 C        120   HARVESTCHOICE HC27, CLAY LF120
  73 HC       SOL HC_GEN0009 C        060   HARVESTCHOICE HC27, CLAY LF060
  74 HC       SOL HC_GEN0010 L        180   HARVESTCHOICE HC27, LOAM HF180
  75 HC       SOL HC_GEN0011 L        120   HARVESTCHOICE HC27, LOAM HF120
  76 HC       SOL HC_GEN0012 L        060   HARVESTCHOICE HC27, LOAM HF060
  77 HC       SOL HC_GEN0013 L        180   HARVESTCHOICE HC27, LOAM MF180
  78 HC       SOL HC_GEN0014 L        120   HARVESTCHOICE HC27, LOAM MF120
  79 HC       SOL HC_GEN0015 L        060   HARVESTCHOICE HC27, LOAM MF060
  80 HC       SOL HC_GEN0016 L        180   HARVESTCHOICE HC27, LOAM LF180
  81 HC       SOL HC_GEN0017 L        120   HARVESTCHOICE HC27, LOAM LF120
  82 HC       SOL HC_GEN0018 L        060   HARVESTCHOICE HC27, LOAM LF060
  83 HC       SOL HC_GEN0019 S        180   HARVESTCHOICE HC27, SAND HF180
  84 HC       SOL HC_GEN0020 S        120   HARVESTCHOICE HC27, SAND HF120
  85 HC       SOL HC_GEN0021 S        060   HARVESTCHOICE HC27, SAND HF060
  86 HC       SOL HC_GEN0022 S        180   HARVESTCHOICE HC27, SAND MF180
  87 HC       SOL HC_GEN0023 S        120   HARVESTCHOICE HC27, SAND MF120
  88 HC       SOL HC_GEN0024 S        060   HARVESTCHOICE HC27, SAND MF060
  89 HC       SOL HC_GEN0025 S        180   HARVESTCHOICE HC27, SAND LF180
  90 HC       SOL HC_GEN0026 S        120   HARVESTCHOICE HC27, SAND LF120
  91 HC       SOL HC_GEN0027 S        060   HARVESTCHOICE HC27, SAND LF060
  92 IC       SOL ICSB910195          0                                   
  93 IC       SOL ICSB910196          0                                   
  94 IC       SOL ICSB910197          0                                   
  95 IC       SOL ICSB910198          0                                   
  96 IC       SOL ICSB910199          0                                   
  97 IC       SOL ICSB910100          0                                   
  98 IC       SOL ICSB910101          0                                   
  99 IC       SOL ICSB910102          0                                   
 100 IC       SOL ICSB910295          0                                   
 101 IC       SOL ICSB910296          0                                   
 102 IC       SOL ICSB910297          0                                   
 103 IC       SOL ICSB910298          0                                   
 104 IC       SOL ICSB910299          0                                   
 105 IC       SOL ICSB910200          0                                   
 106 IC       SOL ICSB910201          0                                   
 107 IC       SOL ICSB910202          0                                   
 108 IC       SOL ICSB910395          0                                   
 109 IC       SOL ICSB910396          0                                   
 110 IC       SOL ICSB910397          0                                   
 111 IC       SOL ICSB910398          0                                   
 112 IC       SOL ICSB910399          0                                   
 113 IC       SOL ICSB910300          0                                   
 114 IC       SOL ICSB910301          0                                   
 115 IC       SOL ICSB910302          0                                   
 116 IC       SOL ICSB910495          0                                   
 117 IC       SOL ICSB910496          0                                   
 118 IC       SOL ICSB910497          0                                   
 119 IC       SOL ICSB910498          0                                   
 120 IC       SOL ICSB910499          0                                   
 121 IC       SOL ICSB910400          0                                   
 122 IC       SOL ICSB910401          0                                   
 123 IC       SOL ICSB910402          0                                   
 124 IC       SOL ICCH910005          0     VERY FINE MONTMORILLONITIC ISO
 125 IC       SOL ICCH910006          0     VERY FINE MONTMORILLONITIC ISO
 126 IC       SOL ICCH910007          0     VERY FINE MONTMORILLONITIC ISO
 127 IC       SOL ICCH910008          0     ERY FINE MONTMORILLONITIC ISOH
 128 IC       SOL ICCH910009          0     VERY FINE MONTMORILLONITIC ISO
 129 IC       SOL ICCH910010          0     VERY FINE MONTMORILLONITIC ISO
 130 IC       SOL ICCH910011          0     VERY FINE MONTMORILLONITIC ISO
 131 IC       SOL ICCH910012          0     VERTISOL, TYPIC PELLUSTERT, KA
 132 IC       SOL ICSB910246 CL       150   VERTISOL, IISS, BHOPAL        
 133 IC       SOL ICIN020001 CL       150   BLACK SOIL, JNKVV, INDORE,MP  
 134 IC       SOL ICML050002 SL       12      ICRI_SAT_CLERG              
 135 IC       SOL ICML130001 SL       12      ICRI_SAT_CLERG              
 136 IR       SOL IRRI920001 99       211   IRRI LOWLAND FARM             
 137 IR       SOL IRRI030001 99       100   CHANGPING 2003                
 138 IR       SOL IRRI200701 99       211   NANJING - USE DEFAULT SHALLOW 
 139 IR       SOL IRRI200701 99       211   SHIZUKUISHI - USE DEFAULT SHAL
 140 IU       SOL IUBF950107          0     CLARION, WELL DRAINED         
 141 IZ       SOL IZBG160001 SCL      5       ABERFORD                    
 142 IZ       SOL IZBG160002 L        5       ABERFORD                    
 143 IZ       SOL IZBG160003 SICL     15      AGNEY                       
 144 IZ       SOL IZBG160004 L        15      ASHLEY                      
 145 IZ       SOL IZBG160005 SCL      6       ASWARBY                     
 146 IZ       SOL IZBG160006 L        15      BADSEY                      
 147 IZ       SOL IZBG160007 L        7       BANBURY                     
 148 IZ       SOL IZBG160008 L        7       BANBURY                     
 149 IZ       SOL IZBG160009 L        15      BECCLES                     
 150 IZ       SOL IZBG160010 SIL      8       BIGNOR                      
 151 IZ       SOL IZBG160011 SIL      8       BIGNOR                      
 152 IZ       SOL IZBG160012 L        10      BISHAMPTON                  
 153 IZ       SOL IZBG160013 L        15      BROCKHURST                  
 154 IZ       SOL IZBG160014 L        15      BURLINGHAM                  
 155 IZ       SOL IZBG160015 L        15      BURLINGHAM                  
 156 IZ       SOL IZBG160016 L        10      CANNAMORE                   
 157 IZ       SOL IZBG160017 L        10      CANNAMORE                   
 158 IZ       SOL IZBG160018 CL       15      CONWAY                      
 159 IZ       SOL IZBG160019 SIC      15      DENCHWORTH                  
 160 IZ       SOL IZBG160020 SIC      15      DENCHWORTH                  
 161 IZ       SOL IZBG160021 SIC      15      DOWNHOLLAND                 
 162 IZ       SOL IZBG160022 L        15      DUNNINGTON HEATH            
 163 IZ       SOL IZBG160023 L        15      DUNNINGTON HEATH            
 164 IZ       SOL IZBG160024 L        15      DUNNINGTON HEATH            
 165 IZ       SOL IZBG160025 L        15      EFFORD                      
 166 IZ       SOL IZBG160026 CL       3       ELMTON                      
 167 IZ       SOL IZBG160027 C        15      EVESHAM                     
 168 IZ       SOL IZBG160028 C        15      EVESHAM                     
 169 IZ       SOL IZBG160029 C        15      FLADBURY                    
 170 IZ       SOL IZBG160030 C        15      FOGGATHORPE                 
 171 IZ       SOL IZBG160032 L        15      HOLDERNESS                  
 172 IZ       SOL IZBG160033 L        15      HOLDERNESS 1                
 173 KK       SOL KKA7020001 S        105   YASOTHORN                     
 174 KZ       SOL KZ02422280 LOAM     200      ALMATY                     
 175 KZ       SOL KZ01826030 LOAM     200      ISRIC SOILGRIDS + HC27     
 176 KZ       SOL KZ01830349 LOAM     200      ISRIC SOILGRIDS + HC27     
 177 KZ       SOL KZ02011812 LOAM     200      ISRIC SOILGRIDS + HC27     
 178 KZ       SOL KZ02016131 LOAM     200      ISRIC SOILGRIDS + HC27     
 179 KZ       SOL KZ02033430 LOAM     200      ISRIC SOILGRIDS + HC27     
 180 KZ       SOL KZ02033431 LOAM     200      ISRIC SOILGRIDS + HC27     
 181 NM       SOL NMCL000001 CL       15      OLTON CLAY LOAM             
 182 NM       SOL NMCL000002 CL       15      OLTON CLAY LOAM             
 183 NM       SOL NMCL202201 CL       15      OLTON CLAY LOAM             
 184 NM       SOL NMLC000001 CL       20      BELEN CLAY                  
 185 NM       SOL NMLC001111 CL       20      BELEN CLAY                  
 186 NM       SOL NMLC002222 CL       20      BELEN CLAY                  
 187 NO       SOL NOTH030001          100   NORTH BAY                     
 188 NO       SOL NOTH030003          100   NORTH BAY                     
 189 PU       SOL PULU010001 SL       150   SILTY LOAM                    
 190 PU       SOL PULU010002 SL       75    SILTY LOAM                    
 191 PU       SOL PULU010011 SL       75    SILTY LOAM                    
 192 PU       SOL PULU000001 SL       75    SILTY LOAM                    
 193 QU       SOL QUKI100004 C        100   KINGAROY                      
 194 RO       SOL ROTH5901   SCL      150   BATCOMBE SERIES               
 195 RO       SOL ROTH5902   L        150   BATCOMBE (SENSITIVITY ANALYSIS
 196 SA       SOL SARA020001          95    ARCADIA                       
 197 SA       SOL SALA900001 -99      165   LAMERCY                       
 198 SA       SOL SAPO070001 -99      272   SHORROCK                      
 199 SA       SOL SRSRKMTP01 SCL      40    SHORTLANDS                    
 200 SA       SOL SAPO080009 SCL      180   HUTTON FORM                   
 201 SA       SOL SAPO080010 SCL      180   HUTTON FORM - LYSIMETER       
 202 SI       SOL SIAZ950001 L        80    SHALLOW LOAM                  
 203 SI       SOL SIAZ950002 L        150   LOAM                          
 204 SOIL     SOL IB00000001 SIC      21      DEFAULT - DEEP SILTY CLAY   
 205 SOIL     SOL IB00000002 SIC      15      DEFAULT - MEDIUM SILTY CLAY 
 206 SOIL     SOL IB00000003 SIC      6       DEFAULT - SHALLOW SILTY CLAY
 207 SOIL     SOL IB00000004 SIL      21      DEFAULT - DEEP SILTY LOAM   
 208 SOIL     SOL IB00000005 SIL      15      DEFAULT - MEDIUM SILTY LOAM 
 209 SOIL     SOL IB00000006 SIL      6       DEFAULT - SHALLOW SILTY LOAM
 210 SOIL     SOL IB00000007 SL       21      DEFAULT - DEEP SANDY LOAM   
 211 SOIL     SOL IB00000008 SL       15      DEFAULT - MEDIUM SANDY LOAM 
 212 SOIL     SOL IB00000009 SL       6       DEFAULT - SHALLOW SANDY LOAM
 213 SOIL     SOL IB00000010 S        21      DEFAULT - DEEP SAND         
 214 SOIL     SOL IB00000011 S        15      DEFAULT - MEDIUM SAND       
 215 SOIL     SOL IB00000012 S        6       DEFAULT - SHALLOW SAND      
 216 SOIL     SOL IBSB910015 S        18      MILLHOPPER FINE SAND        
 217 SOIL     SOL IBCP910015 S        18      KENDRICK (W-2) FINE SAND    
 218 SOIL     SOL IBSB910009 -99      13      NORFOLK SANDY CLAY LOAM (   
 219 SOIL     SOL IBSB910017 -99      20      ORANGEBURG SANDY LOAM       
 220 SOIL     SOL IBSB910026 -99      18      IDA SILT LOAM               
 221 SOIL     SOL IBSB910027 SIL      22      IDA SILT LOAM               
 222 SOIL     SOL IBSB910055 -99      19      TROUP FINE SAND             
 223 SOIL     SOL IBPN910015 S        18      MILLHOPPER FINE SAND        
 224 SOIL     SOL IBPN910016 -99      18      LAKE FINE SAND              
 225 SOIL     SOL IBPN910024 -99      22      NORFOLK SANDY LOAM          
 226 SOIL     SOL IBPN910025 L        17      NORFOLK SANDY LOAM          
 227 SOIL     SOL IBPN910026 L        20      NORFOLK SANDY LOAM          
 228 SOIL     SOL IBPN910040 -99      18      MILLHOPPER FINE SAND        
 229 SOIL     SOL IBMZ910013 -99      11      WAIPIO                      
 230 SOIL     SOL IBMZ913514 -99      18      MILLHOPPER FINE SAND        
 231 SOIL     SOL IBMZ910014 -99      18      MILLHOPPER FINE SAND        
 232 SOIL     SOL IBMZ910114 -99      18      MILLHOPPER FINE SAND        
 233 SOIL     SOL IBMZ910023 -99      15      NORFOLK LOAMY SAND          
 234 SOIL     SOL IBMZ910032 -99      12      CLAYEY, OXIDIC, ISOTHERMIC H
 235 SOIL     SOL IBWH980018 -99      18      HAYNIE                      
 236 SOIL     SOL IBWH980019 -99      15      WOOD MOUNTAIN LOAM          
 237 SOIL     SOL IBWH980020 -99      15      ROTHAMSTED                  
 238 SOIL     SOL IBBN910015 S        18      MILLHOPPER FINE SAND        
 239 SOIL     SOL IBBN910016 S        18      MILLHOPER FINE SAND, W-2, KE
 240 SOIL     SOL IBBN910030 -99      20      CIAT-PLOT M3                
 241 SOIL     SOL IBBN910038 -99      15      SAN_FERNANDO,QUEZADA        
 242 SOIL     SOL GAPN930001 SL       17      FACEVILLE                   
 243 SOIL     SOL IBRI910001 -99      5       ANDAQUEPTIC HAPLAQUOLL      
 244 SOIL     SOL IBRI910002 -99      5       VERTIC TROPAQUEPT           
 245 SOIL     SOL IBRI910023 -99      13      UPLAND SOIL                 
 246 SOIL     SOL IBRI910024 -99      5       SUPHAN LOWLAND              
 247 SOIL     SOL IBWM860001 CL       12      KAWAIHAPAI GRAVELLY CLAY LOA
 248 SOIL     SOL CCPA000030 -99      20      SILTY CLAY LOAM             
 249 SOIL     SOL CCQU000033 -99      26      CLAY                        
 250 SOIL     SOL IBML910001 -99      21      NIGER SANDY SOIL            
 251 SOIL     SOL IBML910083 -99      15      MEDIUM ALFISOL              
 252 SOIL     SOL IBSG910010 -99      21      MILLER CLAY LOAM            
 253 SOIL     SOL IBSG910011 -99      13      WEAKLY SELF-MULCHING GREY ME
 254 SOIL     SOL IBSG910085 -99      17      PATENCHERU                  
 255 SOIL     SOL IBSG910086 -99      20      KASAREDDIPALLI              
 256 SOIL     SOL IBSG910092 -99      5       PATENCHERU                  
 257 SOIL     SOL IBSG910093 -99      13      TINDALL CLAY LOAM           
 258 SOIL     SOL IBSG910096 -99      10      MEDIUM BLACK CALCARIOUS SOIL
 259 SOIL     SOL IBBA980008 -99      10      TYPIC CALCIORTHID           
 260 SOIL     SOL IBBA980060 -99      18      BOZEMAN                     
 261 SOIL     SOL IBBA910009 -99      18      PALEXEROLLIC CHROMOXERERT   
 262 SOIL     SOL IBBA910014 -99      16      TEL HADYA                   
 263 SOIL     SOL IBBA910018 -99      15      KHANASSER                   
 264 SOIL     SOL IBBA910041 -99      16      ROTHHAMSTED                 
 265 SOIL     SOL IBBA910061 -99      19      THE MURRAYS                 
 266 SOIL     SOL IBPT910002 -99      6       SANDY CLAY (AUST.1970 P1, SA
 267 SOIL     SOL IBPT910005 -99      6       SANDY LOAM (ABEDEEN IDAHO, 1
 268 SOIL     SOL IBPT910006 -99      6       MONTCALM MICHIGAN  MCBRIDE S
 269 SOIL     SOL UFPT930001 S        20      EAUGALLIE FINE SAND         
 270 SOIL     SOL UFWH940002 SL       15      CROWLEY FINE SANDY LOAM     
 271 SOIL     SOL UFWH940003 SIL      15      CAPTINA SILT LOAM           
 272 SOIL     SOL UFWH940004 LS       17      EUSTIS LOAMY SAND           
 273 SOIL     SOL UFWH940044 LS       17      EUSTIS LOAMY SAND           
 274 SOIL     SOL UFWH940005 SL       18      GREENVILLE SANDY LOAM       
 275 SOIL     SOL UFWH940010 SL       15      RED BAY SANDY LOAM          
 276 SOIL     SOL UFWH940011 SL       15      RED BAY SANDY LOAM          
 277 SOIL     SOL IBSC910014 -99      30      WARTLAND                    
 278 SOIL     SOL IBWH910999 -99      15      WOOD MOUNTAIN LOAM          
 279 SOIL     SOL IBCH910008 -99      18      VERY FINE MONTMORILLONITIC I
 280 SOIL     SOL IBCH910010 -99      9       KASIREDDIPALLI SERIES       
 281 SOIL     SOL UFBR950001 S        20      EAUGALLIE FINE SAND (IMPERVI
 282 SOIL     SOL IA00940001 SIC      17      LHK                         
 283 SOIL     SOL GA00620001 SL       19      LLOYD SERIES - SPALDING COUN
 284 SOIL     SOL CCBN910030 -99      20      M2N                         
 285 SOIL     SOL CCBN880060 SIL      20      UNKNOWN                     
 286 SOIL     SOL CCPA970001 SICL     14      CIAT                        
 287 SOIL     SOL CI00960001 CL       15      EL BATAN                    
 288 SOIL     SOL CI00970002 SICL     13      SUELO COLORADA              
 289 SOIL     SOL CBAN840001 SCL      12      SANDY-CLAY LOAM EL NUS: CENI
 290 SOIL     SOL CCCA800001 SIL      12      ULTISOL CARIMAGUA-CIAT      
 291 SOIL     SOL CCQU790001 C        6       QUILICHAO                   
 292 SOIL     SOL CCYU820001 SL       12      ULTISOL, TYPIC PALEUDULT AT 
 293 SOIL     SOL CNCH820001 L        12      SANDY LOAM AT LA ROMELIA-CEN
 294 SOIL     SOL SAUR900001 SCL      12      SANDY CLAY LOAM AT URRAO-SEC
 295 SOIL     SOL IB00740011 CL       13      MAKIKI                      
 296 SOIL     SOL IB00830002 SIL      15      UNKNOWN (KULA AG PARK)      
 297 SOIL     SOL IB00830003 L        16      UNKNOWN (PULEHU EXPERIMENTAL
 298 SOIL     SOL IB00720001 CL       5       UNKNOWN (MAUKA CAMPUS)      
 299 SOIL     SOL IBPI910013 -99      11      WAIPIO                      
 300 SOIL     SOL IBAR910030 -99      13      CLAY                        
 301 SOIL     SOL IBAR910034 -99      6       IBAR910034                  
 302 SOIL     SOL IBAR910035 -99      15      IBAR910035                  
 303 SOIL     SOL IBAR910043 -99      22      IBAR910043                  
 304 SOIL     SOL UFON780006 S        20      POMONA FINE SAND            
 305 SOIL     SOL IBSB910032 -99      18      SIOUX LOAM                  
 306 SOIL     SOL IBSB910049 -99      20      NICOLLET CLAY LOAM          
 307 SOIL     SOL IUBF970110 L        21      RITCHIE 6/12/97  LOAM       
 308 SOIL     SOL IUBF970211 L        21      RITCHIE 6/12/97  LOAM       
 309 SOIL     SOL LUGO930001 SCL      15      FINCA DE PRACTICAS EPS CALIC
 310 SOIL     SOL IBSB910046 -99      15      WOOSTER SILT LOAM           
 311 SOIL     SOL IBSB910064 -99      20      DEEP SILT LOAM              
 312 SOIL     SOL ISUV950008 -99      15      CLARION LOAM                
 313 SOIL     SOL MSKB890006 L        12      KALAMAZOO LOAM              
 314 SOIL     SOL IBMZ910214 S        18      MILLHOPPER FINE SAND        
 315 SOIL     SOL UFBG760002 S        7       LAUDERHILL MUCK             
 316 SOIL     SOL IBGB910015 S        18      MILLHOPPER FINE SAND        
 317 SOIL     SOL UFGA010700 S        18      CANDLER                     
 318 SOIL     SOL UFGA017000 S        18      TAVARES                     
 319 SOIL     SOL UFGA950002 S        20      MILLHOPPER FINE SAND (COMPAC
 320 SOIL     SOL UFGA950003 S        20      MILLHOPPER FINE SAND (MULCHE
 321 SOIL     SOL IBTM910017 -99      20      ORANGEBURG SANDY LOAM       
 322 SOIL     SOL IBPP910015 -99      18      MILLHOPPER FINE SAND        
 323 SOIL     SOL IN00020001 -99      16      BLACK SOIL, JNKVV, INDORE,MP
 324 SOIL     SOL AUTA810001 CL       20      RED SODOSOL                 
 325 SOIL     SOL NVFN000002 L        21      STANDARDIZED DIA LOAM       
 326 SOIL     SOL INRAE00001 SL       15      INRAE - MEDIUM SANDY LOAM   
 327 SOIL     SOL YUKU2101   C        10      YUNNAN, KUNMING, CHENGGONG  
 328 SOIL     SOL YUKU2201   C        10      YUNNAN, KUNMING, CHENGGONG  
 329 SOIL     SOL YUFE2101   SIL      20      FENYANG                     
 330 SOIL     SOL YUFE2201   SIL      20      FENYANG                     
 331 SOIL     SOL YUBA2101   SIL      20      BANNA                       
 332 SOIL     SOL YUBA2201   SIL      20      BANNA                       
 333 SOIL     SOL UFCI2101   S        15      ARREDONDO SAND              
 334 SOIL     SOL UFJA2101   SL       15      AH HEMP DOTHAN FINE SANDY LO
 335 SOIL     SOL UFBA2101   S        18      CANDLER                     
 336 SOIL     SOL UFLO2100   S        12      LO1                         
 337 SOIL     SOL UFLO2101   S        12      LO1                         
 338 SOIL     SOL UFEG2101   S        10      PAHOKEE MUCK                
 339 SOIL     SOL UFHO2101   L        2       KROME GRAVELLY LOAM         
 340 SOIL     SOL ITPI2001   SIC      10      UNICATT PIACENZA ITALY      
 341 SOIL     SOL UKAB2101   L        10      ABERYSTWYTH, WALES, UK      
 342 SU       SOL SUMO930001 SACLL    100   ALFSOL, ISOHYPERTHEMIC,  TYPIC
 343 SU       SOL SUMO930002 Z SALO   00    OXISOL ISOHYPERTHEMIC, ARIDIC 
 344 SU       SOL SUMO930999 Z SALO   00    OXISOL ISOHANDEPTYPERTHEMIC, A
 345 TR       SOL TRKON20152 C        20      KONYA-TURKEY !DECR LL BY 0.0
 346 TR       SOL TRKON20162 C        20      KONYA-TURKEY !DECR LL BY 0.0
 347 TR       SOL TRKON20153 C        20      KONYA-TURKEY !DECR LL BY 0.0
 348 TR       SOL TRKON20163 C        20      KONYA-TURKEY !DECR LL BY 0.0
 349 TR       SOL TRKON20154 C        20      KONYA-TURKEY !DECR LL BY 0.0
 350 TR       SOL TRKON20164 C        20      KONYA-TURKEY !DECR LL BY 0.0
 351 TR       SOL TRKON20150 C        20      KONYA-TURKEY !DECR LL BY 0.0
 352 TR       SOL TRKON20160 C        20      KONYA-TURKEY !DECR LL BY 0.0
 353 TR       SOL TRKON20151 C        20      KONYA-TURKEY !ORIGINAL      
 354 TR       SOL TRKON20161 C        20      KONYA-TURKEYY !ORIGINAL     
 355 TX       SOL TXBD000001 SIC      210   TEXAS - DEEP SILTY CLAY       
 356 TX       SOL TXBD000002 SIC      210   TEAXS - DEEP SILTY CLAY       
 357 TX       SOL TXBD000005 SIC      210   DEFAULT - DEEP SILTY CLAY     
 358 TX       SOL TXCL120007 SL       14      ABILENE CLAY LOAM           
 359 TX       SOL TXCL120008 SL       14      ABILENE CLAY LOAM           
 360 TX       SOL TXVERNON01 L        21      TIPTON LOAM                 
 361 TX       SOL TXVERNON04 L        20      ABILENE CLAY LOAM           
 362 UA       SOL UAFD040001 SIL      152   SANDY CLAY LOAM (EXPERIMENTAL 
 363 UA       SOL UAFD049991 SIL      152   SANDY CLAY LOAM (EXPERIMENTAL 
 364 UA       SOL UAFD040002 SIL      152   SANDY CLAY LOAM (EXPERIMENTAL 
 365 UA       SOL UASG040001 SIL      190   BHALWAL                       
 366 UA       SOL UASL040001 SIL      130   PUCCA (SILTY LOAM)            
 367 UA       SOL UAFD040002 SIL      190   LYALLPUR (SILT LOAM)          
 368 UA       SOL UAFDLY0001 SIL      19      SANDY CLAY LOAM (EXPERIMENTA
 369 UC       SOL UCEA880001 L        150   LONDON;GLEYED ORTHIC MELANIC B
 370 UC       SOL UCJG920001 L        100   ARTIFICIAL SOIL FOR TRIAL PURP
 371 UC       SOL UCWK910001 L        150   LONDON;GLEYED ORTHIC MELANIC B
 372 UF       SOL UFBG760001 LS       105   OKEELANTA MUCK                
 373 UF       SOL UFBG760002 S        71    LAUDERHILL MUCK               
 374 UH       SOL UH00002016 SIL      9       DEEP SILTY CLAY (CHIA)      
 375 UH       SOL UHIH002016 SIL      18      SILTY LOAM                  
 376 UH       SOL UHIH012017 SICL     18      SILTY CLAY LOAM             
 377 UH       SOL UHIH022017 SICL     18      SILTY CLAY LOAM             
 378 UH       SOL UH00002020 SICL     9       UHIH2017                    
 379 UH       SOL UH00002018 SICL     9       UHIH2018                    
 380 UH       SOL UHIH150001 SICL     12      BRAUNERDE                   
 381 UH       SOL UHIH150002 SICL     12      BRAUNERDE                   
 382 UH       SOL UHIH150003 SICL     12      BRAUNERDE                   
 383 UH       SOL UHIH150004 SICL     90    CLAY LOAM                     
 384 UP       SOL UP00630001 C        234   COTO:RITCHIE                  
 385 UP       SOL UPIS630002 C        234   COTO:LABORATORY               
 386 UP       SOL UPIS630003 C        234   COTO:LABORATORY, 1/3 BAR      
 387 UP       SOL UPIS630004 C        234   COTO:LABORATORY, DEEPER ROOTS 
 388 US       SOL USOT070001 SCL      30    SANDY CLAY LOAM               
 389 US       SOL USOT070002 SCL      30    SANDY CLAY LOAM               
 390 US       SOL USOT050001 SCL      30    SANDY CLAY LOAM (OTTAVA)      
 391 US       SOL USOT070003 SCL      120   SANDY CLAY LOAM (OTTAVA)      
 392 WA       SOL WAPA920016 -99      6       QUINCY SAND                 
 393 WA       SOL WABE000001 S        -99   SAND                          
 394 WI       SOL WI_CLAF001 L        150   WISE DATABASE, SOIL AF001     
 395 WI       SOL WI_FLAF002 L        170   WISE DATABASE, SOIL AF002     
 396 WI       SOL WI_FLAF003 L        110   WISE DATABASE, SOIL AF003     
 397 WI       SOL WI_FLAL003 SL       170   WISE DATABASE, SOIL AL003     
 398 WI       SOL WI_LVAL029 SICL     110   WISE DATABASE, SOIL AL029     
 399 WI       SOL WI_CMAM002 C        275   WISE DATABASE, SOIL AM002     
 400 WI       SOL WI_KSAM005 CL       166   WISE DATABASE, SOIL AM005     
 401 WI       SOL WI_FRAO001 SCL      155   WISE DATABASE, SOIL AO001     
 402 WI       SOL WI_FRAO002 SL       150   WISE DATABASE, SOIL AO002     
 403 WI       SOL WI_FRAO004 LS       165   WISE DATABASE, SOIL AO004     
 404 WI       SOL WI_FRAO005 SL       125   WISE DATABASE, SOIL AO005     
 405 WI       SOL WI_FRAO006 LS       148   WISE DATABASE, SOIL AO006     
 406 WI       SOL WI_FRAO007 SL       123   WISE DATABASE, SOIL AO007     
 407 WI       SOL WI_FRAO008 SC       170   WISE DATABASE, SOIL AO008     
 408 WI       SOL WI_FRAO009 C        140   WISE DATABASE, SOIL AO009     
 409 WI       SOL WI_FRAO010 C        120   WISE DATABASE, SOIL AO010     
 410 WI       SOL WI_FRAO011 CL       150   WISE DATABASE, SOIL AO011     
 411 WI       SOL WI_FRAO012 SL       126   WISE DATABASE, SOIL AO012     
 412 WI       SOL WI_FRAO013 SCL      170   WISE DATABASE, SOIL AO013     
 413 WI       SOL WI_FRAO014 SL       156   WISE DATABASE, SOIL AO014     
 414 WI       SOL WI_FRAO015 SCL      170   WISE DATABASE, SOIL AO015     
 415 WI       SOL WI_FRAO016 SL       165   WISE DATABASE, SOIL AO016     
 416 WI       SOL WI_FRAO019 C        125   WISE DATABASE, SOIL AO019     
 417 WI       SOL WI_FRAO020 SCL      160   WISE DATABASE, SOIL AO020     
 418 WI       SOL WI_FRAO021 SCL      175   WISE DATABASE, SOIL AO021     
 419 WI       SOL WI_ARAO022 S        160   WISE DATABASE, SOIL AO022     
 420 WI       SOL WI_ARAO030 S        175   WISE DATABASE, SOIL AO030     
 421 WI       SOL WI_LXAO033 C        150   WISE DATABASE, SOIL AO033     
 422 WI       SOL WI_FRAO034 C        145   WISE DATABASE, SOIL AO034     
 423 WI       SOL WI_ACAO035 CL       160   WISE DATABASE, SOIL AO035     
 424 WI       SOL WI_FRAO036 C        177   WISE DATABASE, SOIL AO036     
 425 WI       SOL WI_ARAO037 S        175   WISE DATABASE, SOIL AO037     
 426 WI       SOL WI_PLAR001 SIL      230   WISE DATABASE, SOIL AR001     
 427 WI       SOL WI_PHAR002 L        140   WISE DATABASE, SOIL AR002     
 428 WI       SOL WI_PHAR003 SIL      70    WISE DATABASE, SOIL AR003     
 429 WI       SOL WI_PHAR010 SIL      140   WISE DATABASE, SOIL AR010     
 430 WI       SOL WI_PHAR013 SICL     150   WISE DATABASE, SOIL AR013     
 431 WI       SOL WI_PHAR015 SIL      200   WISE DATABASE, SOIL AR015     
 432 WI       SOL WI_PHAR017 SICL     220   WISE DATABASE, SOIL AR017     
 433 WI       SOL WI_SNAR019 SIL      160   WISE DATABASE, SOIL AR019     
 434 WI       SOL WI_PLAR020 SIL      150   WISE DATABASE, SOIL AR020     
 435 WI       SOL WI_PHAR021 SIL      220   WISE DATABASE, SOIL AR021     
 436 WI       SOL WI_KSAR025 L        100   WISE DATABASE, SOIL AR025     
 437 WI       SOL WI_SCAR027 LS       60    WISE DATABASE, SOIL AR027     
 438 WI       SOL WI_KSAR028 SL       65    WISE DATABASE, SOIL AR028     
 439 WI       SOL WI_ARAR031 LS       60    WISE DATABASE, SOIL AR031     
 440 WI       SOL WI_RGAR033 LS       100   WISE DATABASE, SOIL AR033     
 441 WI       SOL WI_KSAR034 SL       60    WISE DATABASE, SOIL AR034     
 442 WI       SOL WI_RGAR035 LS       40    WISE DATABASE, SOIL AR035     
 443 WI       SOL WI_PHAR038 SIL      119   WISE DATABASE, SOIL AR038     
 444 WI       SOL WI_PHAR041 L        200   WISE DATABASE, SOIL AR041     
 445 WI       SOL WI_VRAU003 C        200   WISE DATABASE, SOIL AU003     
 446 WI       SOL WI_PLAU006 L        150   WISE DATABASE, SOIL AU006     
 447 WI       SOL WI_FRAU007 SCL      210   WISE DATABASE, SOIL AU007     
 448 WI       SOL WI_FRAU008 SL       174   WISE DATABASE, SOIL AU008     
 449 WI       SOL WI_FRAU009 SL       240   WISE DATABASE, SOIL AU009     
 450 WI       SOL WI_FRAU010 SL       250   WISE DATABASE, SOIL AU010     
 451 WI       SOL WI_FRAU011 C        109   WISE DATABASE, SOIL AU011     
 452 WI       SOL WI_FRAU012 C        390   WISE DATABASE, SOIL AU012     
 453 WI       SOL WI_FRAU013 C        200   WISE DATABASE, SOIL AU013     
 454 WI       SOL WI_LVAU016 SL       60    WISE DATABASE, SOIL AU016     
 455 WI       SOL WI_LVAU017 SCL      99    WISE DATABASE, SOIL AU017     
 456 WI       SOL WI_RGAU019 S        180   WISE DATABASE, SOIL AU019     
 457 WI       SOL WI_ARAU020 SL       110   WISE DATABASE, SOIL AU020     
 458 WI       SOL WI_FRAU021 C        150   WISE DATABASE, SOIL AU021     
 459 WI       SOL WI_ACAU022 SCL      120   WISE DATABASE, SOIL AU022     
 460 WI       SOL WI_CMAU025 C        190   WISE DATABASE, SOIL AU025     
 461 WI       SOL WI_ACAU026 L        175   WISE DATABASE, SOIL AU026     
 462 WI       SOL WI_PLAU044 SL       107   WISE DATABASE, SOIL AU044     
 463 WI       SOL WI_YHAU046 SL       48    WISE DATABASE, SOIL AU046     
 464 WI       SOL WI_KSAZ002 C        210   WISE DATABASE, SOIL AZ002     
 465 WI       SOL WI_SCAZ003 SI       157   WISE DATABASE, SOIL AZ003     
 466 WI       SOL WI_FLBD002 SIL      135   WISE DATABASE, SOIL BD002     
 467 WI       SOL WI_FLBD004 CL       115   WISE DATABASE, SOIL BD004     
 468 WI       SOL WI_GLBD005 SL       200   WISE DATABASE, SOIL BD005     
 469 WI       SOL WI_FLBD006 C        120   WISE DATABASE, SOIL BD006     
 470 WI       SOL WI_FLBD007 L        117   WISE DATABASE, SOIL BD007     
 471 WI       SOL WI_FLBD009 CL       132   WISE DATABASE, SOIL BD009     
 472 WI       SOL WI_CMBD010 L        139   WISE DATABASE, SOIL BD010     
 473 WI       SOL WI_ACBD013 SCL      150   WISE DATABASE, SOIL BD013     
 474 WI       SOL WI_NTBD014 SL       155   WISE DATABASE, SOIL BD014     
 475 WI       SOL WI_NTBD015 L        114   WISE DATABASE, SOIL BD015     
 476 WI       SOL WI_GLBD016 L        150   WISE DATABASE, SOIL BD016     
 477 WI       SOL WI_CMBD017 L        137   WISE DATABASE, SOIL BD017     
 478 WI       SOL WI_LVBE007 SL       315   WISE DATABASE, SOIL BE007     
 479 WI       SOL WI_LPBI001 SIL      215   WISE DATABASE, SOIL BI001     
 480 WI       SOL WI_FRBI003 C        140   WISE DATABASE, SOIL BI003     
 481 WI       SOL WI_CMBI010 CL       200   WISE DATABASE, SOIL BI010     
 482 WI       SOL WI_ACBI011 SCL      190   WISE DATABASE, SOIL BI011     
 483 WI       SOL WI_CMBI012 SCL      210   WISE DATABASE, SOIL BI012     
 484 WI       SOL WI_CMBI013 SCL      200   WISE DATABASE, SOIL BI013     
 485 WI       SOL WI_RGBJ001 LS       180   WISE DATABASE, SOIL BJ001     
 486 WI       SOL WI_LVBJ003 L        110   WISE DATABASE, SOIL BJ003     
 487 WI       SOL WI_PLBJ004 SL       200   WISE DATABASE, SOIL BJ004     
 488 WI       SOL WI_FRBR001 SL       160   WISE DATABASE, SOIL BR001     
 489 WI       SOL WI_FLBR002 SIL      120   WISE DATABASE, SOIL BR002     
 490 WI       SOL WI_GLBR006 SIL      120   WISE DATABASE, SOIL BR006     
 491 WI       SOL WI_GLBR010 SL       100   WISE DATABASE, SOIL BR010     
 492 WI       SOL WI_RGBR011 SIL      40    WISE DATABASE, SOIL BR011     
 493 WI       SOL WI_ACBR015 SIC      140   WISE DATABASE, SOIL BR015     
 494 WI       SOL WI_LPBR018 SIC      20    WISE DATABASE, SOIL BR018     
 495 WI       SOL WI_ACBR020 SICL     150   WISE DATABASE, SOIL BR020     
 496 WI       SOL WI_ACBR021 SIL      170   WISE DATABASE, SOIL BR021     
 497 WI       SOL WI_ACBR022 SICL     150   WISE DATABASE, SOIL BR022     
 498 WI       SOL WI_CMBR023 SL       170   WISE DATABASE, SOIL BR023     
 499 WI       SOL WI_FRBR024 SCL      170   WISE DATABASE, SOIL BR024     
 500 WI       SOL WI_LVBR026 L        140   WISE DATABASE, SOIL BR026     
 501 WI       SOL WI_CMBR027 SL       100   WISE DATABASE, SOIL BR027     
 502 WI       SOL WI_ACBR028 L        120   WISE DATABASE, SOIL BR028     
 503 WI       SOL WI_GLBR030 SIC      160   WISE DATABASE, SOIL BR030     
 504 WI       SOL WI_FRBR037 SC       155   WISE DATABASE, SOIL BR037     
 505 WI       SOL WI_FRBR038 C        180   WISE DATABASE, SOIL BR038     
 506 WI       SOL WI_FRBR039 C        105   WISE DATABASE, SOIL BR039     
 507 WI       SOL WI_NTBR040 SL       110   WISE DATABASE, SOIL BR040     
 508 WI       SOL WI_RGBR041 SL       40    WISE DATABASE, SOIL BR041     
 509 WI       SOL WI_LXBR043 SL       160   WISE DATABASE, SOIL BR043     
 510 WI       SOL WI_ACBR045 SL       215   WISE DATABASE, SOIL BR045     
 511 WI       SOL WI_FRBR049 C        280   WISE DATABASE, SOIL BR049     
 512 WI       SOL WI_FRBR051 C        130   WISE DATABASE, SOIL BR051     
 513 WI       SOL WI_NTBR055 C        190   WISE DATABASE, SOIL BR055     
 514 WI       SOL WI_NTBR056 C        250   WISE DATABASE, SOIL BR056     
 515 WI       SOL WI_ACBR060 SCL      150   WISE DATABASE, SOIL BR060     
 516 WI       SOL WI_FRBR064 C        175   WISE DATABASE, SOIL BR064     
 517 WI       SOL WI_FRBR065 C        250   WISE DATABASE, SOIL BR065     
 518 WI       SOL WI_FRBR066 SL       250   WISE DATABASE, SOIL BR066     
 519 WI       SOL WI_FRBR067 LS       310   WISE DATABASE, SOIL BR067     
 520 WI       SOL WI_LXBR068 S        375   WISE DATABASE, SOIL BR068     
 521 WI       SOL WI_LXBR069 SL       180   WISE DATABASE, SOIL BR069     
 522 WI       SOL WI_LXBR070 SCL      175   WISE DATABASE, SOIL BR070     
 523 WI       SOL WI_FRBR071 C        170   WISE DATABASE, SOIL BR071     
 524 WI       SOL WI_FRBR072 SIC      200   WISE DATABASE, SOIL BR072     
 525 WI       SOL WI_FRBR073 C        250   WISE DATABASE, SOIL BR073     
 526 WI       SOL WI_FRBR074 SL       250   WISE DATABASE, SOIL BR074     
 527 WI       SOL WI_FRBR077 C        200   WISE DATABASE, SOIL BR077     
 528 WI       SOL WI_FRBR078 C        200   WISE DATABASE, SOIL BR078     
 529 WI       SOL WI_FRBR080 C        280   WISE DATABASE, SOIL BR080     
 530 WI       SOL WI_PHBR083 SCL      150   WISE DATABASE, SOIL BR083     
 531 WI       SOL WI_ACBR085 S        375   WISE DATABASE, SOIL BR085     
 532 WI       SOL WI_LXBR088 SL       110   WISE DATABASE, SOIL BR088     
 533 WI       SOL WI_FRBR096 C        430   WISE DATABASE, SOIL BR096     
 534 WI       SOL WI_CMBR104 LS       520   WISE DATABASE, SOIL BR104     
 535 WI       SOL WI_CMBR112 C        345   WISE DATABASE, SOIL BR112     
 536 WI       SOL WI_ARBW020 S        110   WISE DATABASE, SOIL BW020     
 537 WI       SOL WI_ARBW027 S        110   WISE DATABASE, SOIL BW027     
 538 WI       SOL WI_ARBW028 S        110   WISE DATABASE, SOIL BW028     
 539 WI       SOL WI_ARBW040 S        120   WISE DATABASE, SOIL BW040     
 540 WI       SOL WI_NTBW052 SL       160   WISE DATABASE, SOIL BW052     
 541 WI       SOL WI_ALBW054 S        160   WISE DATABASE, SOIL BW054     
 542 WI       SOL WI_NTBW057 LS       150   WISE DATABASE, SOIL BW057     
 543 WI       SOL WI_LVBW058 SL       95    WISE DATABASE, SOIL BW058     
 544 WI       SOL WI_LVBW060 CL       110   WISE DATABASE, SOIL BW060     
 545 WI       SOL WI_ARBW093 S        20    WISE DATABASE, SOIL BW093     
 546 WI       SOL WI_LXBW095 SL       120   WISE DATABASE, SOIL BW095     
 547 WI       SOL WI_ARBW097 S        100   WISE DATABASE, SOIL BW097     
 548 WI       SOL WI_NTBW107 LS       120   WISE DATABASE, SOIL BW107     
 549 WI       SOL WI_ARBW113 S        120   WISE DATABASE, SOIL BW113     
 550 WI       SOL WI_XLBW114 S        120   WISE DATABASE, SOIL BW114     
 551 WI       SOL WI_LVBW117 S        120   WISE DATABASE, SOIL BW117     
 552 WI       SOL WI_ARBW118 S        190   WISE DATABASE, SOIL BW118     
 553 WI       SOL WI_ARBW127 S        110   WISE DATABASE, SOIL BW127     
 554 WI       SOL WI_LVBW130 LS       75    WISE DATABASE, SOIL BW130     
 555 WI       SOL WI_ALBW137 S        100   WISE DATABASE, SOIL BW137     
 556 WI       SOL WI_LVBW140 LS       100   WISE DATABASE, SOIL BW140     
 557 WI       SOL WI_ARBW141 S        120   WISE DATABASE, SOIL BW141     
 558 WI       SOL WI_ARBW142 S        120   WISE DATABASE, SOIL BW142     
 559 WI       SOL WI_ARBW152 S        120   WISE DATABASE, SOIL BW152     
 560 WI       SOL WI_ACBW153 LS       190   WISE DATABASE, SOIL BW153     
 561 WI       SOL WI_ALBW161 LS       100   WISE DATABASE, SOIL BW161     
 562 WI       SOL WI_LVBW163 LS       110   WISE DATABASE, SOIL BW163     
 563 WI       SOL WI_ARBW164 LS       200   WISE DATABASE, SOIL BW164     
 564 WI       SOL WI_LFBW167 SL       100   WISE DATABASE, SOIL BW167     
 565 WI       SOL WI_LVBW171 LS       190   WISE DATABASE, SOIL BW171     
 566 WI       SOL WI_LVBW172 LS       115   WISE DATABASE, SOIL BW172     
 567 WI       SOL WI_ACBW173 SL       160   WISE DATABASE, SOIL BW173     
 568 WI       SOL WI_PHBW182 C        125   WISE DATABASE, SOIL BW182     
 569 WI       SOL WI_LVBW190 SL       165   WISE DATABASE, SOIL BW190     
 570 WI       SOL WI_LXBW191 SCL      150   WISE DATABASE, SOIL BW191     
 571 WI       SOL WI_ACBW192 SL       180   WISE DATABASE, SOIL BW192     
 572 WI       SOL WI_RGBW203 LS       60    WISE DATABASE, SOIL BW203     
 573 WI       SOL WI_PTBW205 SL       95    WISE DATABASE, SOIL BW205     
 574 WI       SOL WI_GLBW209 SL       120   WISE DATABASE, SOIL BW209     
 575 WI       SOL WI_GLBW212 SCL      125   WISE DATABASE, SOIL BW212     
 576 WI       SOL WI_GLBW213 SCL      120   WISE DATABASE, SOIL BW213     
 577 WI       SOL WI_GLBW216 SCL      110   WISE DATABASE, SOIL BW216     
 578 WI       SOL WI_GLBW217 SCL      110   WISE DATABASE, SOIL BW217     
 579 WI       SOL WI_FLBW221 LS       100   WISE DATABASE, SOIL BW221     
 580 WI       SOL WI_GLBW223 SL       110   WISE DATABASE, SOIL BW223     
 581 WI       SOL WI_FLBW226 SL       120   WISE DATABASE, SOIL BW226     
 582 WI       SOL WI_FLBW228 SL       100   WISE DATABASE, SOIL BW228     
 583 WI       SOL WI_GLBW229 SL       120   WISE DATABASE, SOIL BW229     
 584 WI       SOL WI_GLBW230 SL       110   WISE DATABASE, SOIL BW230     
 585 WI       SOL WI_GLBW231 SL       120   WISE DATABASE, SOIL BW231     
 586 WI       SOL WI_ARBW236 S        100   WISE DATABASE, SOIL BW236     
 587 WI       SOL WI_ARBW237 S        150   WISE DATABASE, SOIL BW237     
 588 WI       SOL WI_ARBW240 S        100   WISE DATABASE, SOIL BW240     
 589 WI       SOL WI_FLBW247 SL       120   WISE DATABASE, SOIL BW247     
 590 WI       SOL WI_GLBW250 SCL      110   WISE DATABASE, SOIL BW250     
 591 WI       SOL WI_LVBW253 SL       120   WISE DATABASE, SOIL BW253     
 592 WI       SOL WI_GLBW254 SL       120   WISE DATABASE, SOIL BW254     
 593 WI       SOL WI_FLBW255 LS       115   WISE DATABASE, SOIL BW255     
 594 WI       SOL WI_FLBW259 LS       110   WISE DATABASE, SOIL BW259     
 595 WI       SOL WI_GLBW260 C        100   WISE DATABASE, SOIL BW260     
 596 WI       SOL WI_ARBW261 SL       80    WISE DATABASE, SOIL BW261     
 597 WI       SOL WI_FLBW262 SL       110   WISE DATABASE, SOIL BW262     
 598 WI       SOL WI_FLBW264 L        70    WISE DATABASE, SOIL BW264     
 599 WI       SOL WI_ARBW266 LS       90    WISE DATABASE, SOIL BW266     
 600 WI       SOL WI_LVBW267 SL       100   WISE DATABASE, SOIL BW267     
 601 WI       SOL WI_GLBW268 SL       80    WISE DATABASE, SOIL BW268     
 602 WI       SOL WI_ARBW274 S        100   WISE DATABASE, SOIL BW274     
 603 WI       SOL WI_ARBW277 S        100   WISE DATABASE, SOIL BW277     
 604 WI       SOL WI_ARBW288 S        180   WISE DATABASE, SOIL BW288     
 605 WI       SOL WI_LVBW291 SL       90    WISE DATABASE, SOIL BW291     
 606 WI       SOL WI_ARBW292 S        100   WISE DATABASE, SOIL BW292     
 607 WI       SOL WI_ARBW293 LS       140   WISE DATABASE, SOIL BW293     
 608 WI       SOL WI_LVBW294 S        90    WISE DATABASE, SOIL BW294     
 609 WI       SOL WI_GLBW297 SCL      160   WISE DATABASE, SOIL BW297     
 610 WI       SOL WI_GLBW299 SCL      130   WISE DATABASE, SOIL BW299     
 611 WI       SOL WI_ARBW302 S        110   WISE DATABASE, SOIL BW302     
 612 WI       SOL WI_LXBW308 LS       180   WISE DATABASE, SOIL BW308     
 613 WI       SOL WI_LVBW310 LS       160   WISE DATABASE, SOIL BW310     
 614 WI       SOL WI_ARBW311 S        170   WISE DATABASE, SOIL BW311     
 615 WI       SOL WI_LVBW312 SL       160   WISE DATABASE, SOIL BW312     
 616 WI       SOL WI_ARBW313 S        160   WISE DATABASE, SOIL BW313     
 617 WI       SOL WI_LVBW314 LS       160   WISE DATABASE, SOIL BW314     
 618 WI       SOL WI_VRBW319 C        120   WISE DATABASE, SOIL BW319     
 619 WI       SOL WI_ARBW322 S        125   WISE DATABASE, SOIL BW322     
 620 WI       SOL WI_ARBW323 S        125   WISE DATABASE, SOIL BW323     
 621 WI       SOL WI_ARBW325 S        130   WISE DATABASE, SOIL BW325     
 622 WI       SOL WI_ARBW333 S        120   WISE DATABASE, SOIL BW333     
 623 WI       SOL WI_ARBW344 S        150   WISE DATABASE, SOIL BW344     
 624 WI       SOL WI_ARBW347 S        145   WISE DATABASE, SOIL BW347     
 625 WI       SOL WI_ARBW349 S        120   WISE DATABASE, SOIL BW349     
 626 WI       SOL WI_ARBW351 S        120   WISE DATABASE, SOIL BW351     
 627 WI       SOL WI_RGBW358 C        50    WISE DATABASE, SOIL BW358     
 628 WI       SOL WI_LVBW362 S        160   WISE DATABASE, SOIL BW362     
 629 WI       SOL WI_ARBW363 S        160   WISE DATABASE, SOIL BW363     
 630 WI       SOL WI_ARBW366 S        510   WISE DATABASE, SOIL BW366     
 631 WI       SOL WI_ARBW373 S        120   WISE DATABASE, SOIL BW373     
 632 WI       SOL WI_LVBW387 S        100   WISE DATABASE, SOIL BW387     
 633 WI       SOL WI_LXBW395 S        170   WISE DATABASE, SOIL BW395     
 634 WI       SOL WI_ARBW396 S        130   WISE DATABASE, SOIL BW396     
 635 WI       SOL WI_ARBW398 S        110   WISE DATABASE, SOIL BW398     
 636 WI       SOL WI_LVBW400 S        100   WISE DATABASE, SOIL BW400     
 637 WI       SOL WI_ARBW401 S        160   WISE DATABASE, SOIL BW401     
 638 WI       SOL WI_ARBW402 S        120   WISE DATABASE, SOIL BW402     
 639 WI       SOL WI_ARBW403 S        120   WISE DATABASE, SOIL BW403     
 640 WI       SOL WI_ARBW404 S        140   WISE DATABASE, SOIL BW404     
 641 WI       SOL WI_ARBW406 S        100   WISE DATABASE, SOIL BW406     
 642 WI       SOL WI_ARBW407 S        125   WISE DATABASE, SOIL BW407     
 643 WI       SOL WI_LVBW416 S        110   WISE DATABASE, SOIL BW416     
 644 WI       SOL WI_LVBW420 S        135   WISE DATABASE, SOIL BW420     
 645 WI       SOL WI_ARBW422 LS       150   WISE DATABASE, SOIL BW422     
 646 WI       SOL WI_ARBW423 S        160   WISE DATABASE, SOIL BW423     
 647 WI       SOL WI_LVBW424 S        160   WISE DATABASE, SOIL BW424     
 648 WI       SOL WI_ARBW425 S        150   WISE DATABASE, SOIL BW425     
 649 WI       SOL WI_LVBW426 S        160   WISE DATABASE, SOIL BW426     
 650 WI       SOL WI_LVBW427 S        150   WISE DATABASE, SOIL BW427     
 651 WI       SOL WI_ARBW431 S        170   WISE DATABASE, SOIL BW431     
 652 WI       SOL WI_LVBW436 LS       140   WISE DATABASE, SOIL BW436     
 653 WI       SOL WI_ARBW437 S        150   WISE DATABASE, SOIL BW437     
 654 WI       SOL WI_ARBW438 S        120   WISE DATABASE, SOIL BW438     
 655 WI       SOL WI_LVBW439 S        160   WISE DATABASE, SOIL BW439     
 656 WI       SOL WI_ARBW440 S        115   WISE DATABASE, SOIL BW440     
 657 WI       SOL WI_LVBW441 SCL      115   WISE DATABASE, SOIL BW441     
 658 WI       SOL WI_LVBW442 LS       120   WISE DATABASE, SOIL BW442     
 659 WI       SOL WI_ARBW454 S        120   WISE DATABASE, SOIL BW454     
 660 WI       SOL WI_ARBW459 SL       110   WISE DATABASE, SOIL BW459     
 661 WI       SOL WI_PHBW466 SCL      110   WISE DATABASE, SOIL BW466     
 662 WI       SOL WI_LVBW469 SCL      100   WISE DATABASE, SOIL BW469     
 663 WI       SOL WI_ARBW491 S        130   WISE DATABASE, SOIL BW491     
 664 WI       SOL WI_LVBW492 LS       120   WISE DATABASE, SOIL BW492     
 665 WI       SOL WI_LVBW507 SCL      120   WISE DATABASE, SOIL BW507     
 666 WI       SOL WI_ARBW517 S        120   WISE DATABASE, SOIL BW517     
 667 WI       SOL WI_ARBW537 S        166   WISE DATABASE, SOIL BW537     
 668 WI       SOL WI_LXBW545 SL       100   WISE DATABASE, SOIL BW545     
 669 WI       SOL WI_LXBW548 SL       120   WISE DATABASE, SOIL BW548     
 670 WI       SOL WI_ARBW554 S        120   WISE DATABASE, SOIL BW554     
 671 WI       SOL WI_LVBW559 L        140   WISE DATABASE, SOIL BW559     
 672 WI       SOL WI_ARBW574 S        200   WISE DATABASE, SOIL BW574     
 673 WI       SOL WI_ARBW576 LS       130   WISE DATABASE, SOIL BW576     
 674 WI       SOL WI_ARBW579 LS       210   WISE DATABASE, SOIL BW579     
 675 WI       SOL WI_LXBW581 SCL      180   WISE DATABASE, SOIL BW581     
 676 WI       SOL WI_LVBW583 LS       220   WISE DATABASE, SOIL BW583     
 677 WI       SOL WI_ARBW584 S        180   WISE DATABASE, SOIL BW584     
 678 WI       SOL WI_LVBW596 SCL      115   WISE DATABASE, SOIL BW596     
 679 WI       SOL WI_ARBW598 S        125   WISE DATABASE, SOIL BW598     
 680 WI       SOL WI_GLBW599 C        125   WISE DATABASE, SOIL BW599     
 681 WI       SOL WI_ARBW609 S        130   WISE DATABASE, SOIL BW609     
 682 WI       SOL WI_ARBW611 S        130   WISE DATABASE, SOIL BW611     
 683 WI       SOL WI_ARBW612 S        130   WISE DATABASE, SOIL BW612     
 684 WI       SOL WI_LVBW621 SL       125   WISE DATABASE, SOIL BW621     
 685 WI       SOL WI_ARBW632 S        120   WISE DATABASE, SOIL BW632     
 686 WI       SOL WI_ARBW639 S        120   WISE DATABASE, SOIL BW639     
 687 WI       SOL WI_ARBW640 S        120   WISE DATABASE, SOIL BW640     
 688 WI       SOL WI_LVBW641 LS       130   WISE DATABASE, SOIL BW641     
 689 WI       SOL WI_ARBW642 S        120   WISE DATABASE, SOIL BW642     
 690 WI       SOL WI_GLBW645 C        150   WISE DATABASE, SOIL BW645     
 691 WI       SOL WI_PLBW657 SCL      125   WISE DATABASE, SOIL BW657     
 692 WI       SOL WI_LVBW661 LS       130   WISE DATABASE, SOIL BW661     
 693 WI       SOL WI_LVBW663 SL       155   WISE DATABASE, SOIL BW663     
 694 WI       SOL WI_ARBW665 S        100   WISE DATABASE, SOIL BW665     
 695 WI       SOL WI_LVBW673 LS       115   WISE DATABASE, SOIL BW673     
 696 WI       SOL WI_ARBW680 LS       170   WISE DATABASE, SOIL BW680     
 697 WI       SOL WI_ARBW681 LS       190   WISE DATABASE, SOIL BW681     
 698 WI       SOL WI_LVBW687 LS       150   WISE DATABASE, SOIL BW687     
 699 WI       SOL WI_ARBW689 S        110   WISE DATABASE, SOIL BW689     
 700 WI       SOL WI_LVBW696 SL       90    WISE DATABASE, SOIL BW696     
 701 WI       SOL WI_CMBW697 LS       150   WISE DATABASE, SOIL BW697     
 702 WI       SOL WI_LVBW699 SL       130   WISE DATABASE, SOIL BW699     
 703 WI       SOL WI_ARBW701 LS       120   WISE DATABASE, SOIL BW701     
 704 WI       SOL WI_LVBW719 SL       130   WISE DATABASE, SOIL BW719     
 705 WI       SOL WI_ARBW722 S        120   WISE DATABASE, SOIL BW722     
 706 WI       SOL WI_LVBW727 LS       230   WISE DATABASE, SOIL BW727     
 707 WI       SOL WI_ARBW732 S        100   WISE DATABASE, SOIL BW732     
 708 WI       SOL WI_LVBW735 SL       150   WISE DATABASE, SOIL BW735     
 709 WI       SOL WI_GLBW750 C        160   WISE DATABASE, SOIL BW750     
 710 WI       SOL WI_ARBW761 S        120   WISE DATABASE, SOIL BW761     
 711 WI       SOL WI_ARBW762 S        120   WISE DATABASE, SOIL BW762     
 712 WI       SOL WI_ARBW764 S        135   WISE DATABASE, SOIL BW764     
 713 WI       SOL WI_ARBW768 S        140   WISE DATABASE, SOIL BW768     
 714 WI       SOL WI_ARBW773 S        160   WISE DATABASE, SOIL BW773     
 715 WI       SOL WI_ARBW776 S        120   WISE DATABASE, SOIL BW776     
 716 WI       SOL WI_LVBW777 LS       120   WISE DATABASE, SOIL BW777     
 717 WI       SOL WI_ARBW778 S        120   WISE DATABASE, SOIL BW778     
 718 WI       SOL WI_LVBW781 SL       120   WISE DATABASE, SOIL BW781     
 719 WI       SOL WI_ARBW783 S        125   WISE DATABASE, SOIL BW783     
 720 WI       SOL WI_ARBW784 S        130   WISE DATABASE, SOIL BW784     
 721 WI       SOL WI_ARBW785 S        130   WISE DATABASE, SOIL BW785     
 722 WI       SOL WI_ARBW786 S        130   WISE DATABASE, SOIL BW786     
 723 WI       SOL WI_ARBW787 S        120   WISE DATABASE, SOIL BW787     
 724 WI       SOL WI_LVBW788 S        110   WISE DATABASE, SOIL BW788     
 725 WI       SOL WI_ARBW789 S        120   WISE DATABASE, SOIL BW789     
 726 WI       SOL WI_ARBW791 S        110   WISE DATABASE, SOIL BW791     
 727 WI       SOL WI_ARBW795 S        120   WISE DATABASE, SOIL BW795     
 728 WI       SOL WI_ARBW799 S        120   WISE DATABASE, SOIL BW799     
 729 WI       SOL WI_ARBW801 S        120   WISE DATABASE, SOIL BW801     
 730 WI       SOL WI_LVBW810 S        110   WISE DATABASE, SOIL BW810     
 731 WI       SOL WI_LVBW814 S        165   WISE DATABASE, SOIL BW814     
 732 WI       SOL WI_ARBW818 LS       130   WISE DATABASE, SOIL BW818     
 733 WI       SOL WI_ARBW819 S        120   WISE DATABASE, SOIL BW819     
 734 WI       SOL WI_ARBW833 S        185   WISE DATABASE, SOIL BW833     
 735 WI       SOL WI_ARBW839 LS       110   WISE DATABASE, SOIL BW839     
 736 WI       SOL WI_LVBW842 S        170   WISE DATABASE, SOIL BW842     
 737 WI       SOL WI_ARBW844 S        125   WISE DATABASE, SOIL BW844     
 738 WI       SOL WI_ARBW848 S        130   WISE DATABASE, SOIL BW848     
 739 WI       SOL WI_ARBW849 S        120   WISE DATABASE, SOIL BW849     
 740 WI       SOL WI_LVBW852 LS       110   WISE DATABASE, SOIL BW852     
 741 WI       SOL WI_LVBW860 LS       160   WISE DATABASE, SOIL BW860     
 742 WI       SOL WI_LVBW861 LS       130   WISE DATABASE, SOIL BW861     
 743 WI       SOL WI_ACBW865 LS       100   WISE DATABASE, SOIL BW865     
 744 WI       SOL WI_ARBW868 LS       150   WISE DATABASE, SOIL BW868     
 745 WI       SOL WI_LVBW871 LS       158   WISE DATABASE, SOIL BW871     
 746 WI       SOL WI_LXBW872 LS       177   WISE DATABASE, SOIL BW872     
 747 WI       SOL WI_LXBW876 S        166   WISE DATABASE, SOIL BW876     
 748 WI       SOL WI_CMBW882 SL       150   WISE DATABASE, SOIL BW882     
 749 WI       SOL WI_ARBW883 S        170   WISE DATABASE, SOIL BW883     
 750 WI       SOL WI_LVCA005 L        120   WISE DATABASE, SOIL CA005     
 751 WI       SOL WI_CHCA026 L        100   WISE DATABASE, SOIL CA026     
 752 WI       SOL WI_CHCA027 SL       101   WISE DATABASE, SOIL CA027     
 753 WI       SOL WI_PLCA028 L        100   WISE DATABASE, SOIL CA028     
 754 WI       SOL WI_KSCA031 L        190   WISE DATABASE, SOIL CA031     
 755 WI       SOL WI_KSCA037 CL       200   WISE DATABASE, SOIL CA037     
 756 WI       SOL WI_KSCA039 SIL      160   WISE DATABASE, SOIL CA039     
 757 WI       SOL WI_LVCA052 SL       185   WISE DATABASE, SOIL CA052     
 758 WI       SOL WI_CMCA056 SL       130   WISE DATABASE, SOIL CA056     
 759 WI       SOL WI_CMCA057 SL       122   WISE DATABASE, SOIL CA057     
 760 WI       SOL WI_GLCA059 CL       120   WISE DATABASE, SOIL CA059     
 761 WI       SOL WI_CMCA061 SL       100   WISE DATABASE, SOIL CA061     
 762 WI       SOL WI_LVCA066 SIL      70    WISE DATABASE, SOIL CA066     
 763 WI       SOL WI_LVCA067 SL       125   WISE DATABASE, SOIL CA067     
 764 WI       SOL WI_GRCA083 L        76    WISE DATABASE, SOIL CA083     
 765 WI       SOL WI_GRCA084 L        58    WISE DATABASE, SOIL CA084     
 766 WI       SOL WI_GRCA085 SIL      46    WISE DATABASE, SOIL CA085     
 767 WI       SOL WI_LPCF001 SL       30    WISE DATABASE, SOIL CF001     
 768 WI       SOL WI_ACCF003 SL       160   WISE DATABASE, SOIL CF003     
 769 WI       SOL WI_CMCF004 SCL      280   WISE DATABASE, SOIL CF004     
 770 WI       SOL WI_ACCF006 SL       180   WISE DATABASE, SOIL CF006     
 771 WI       SOL WI_LXCF007 S        250   WISE DATABASE, SOIL CF007     
 772 WI       SOL WI_GLCF008 CL       180   WISE DATABASE, SOIL CF008     
 773 WI       SOL WI_RGCF009 L        330   WISE DATABASE, SOIL CF009     
 774 WI       SOL WI_LPCF010 SL       25    WISE DATABASE, SOIL CF010     
 775 WI       SOL WI_LPCF011 SCL      23    WISE DATABASE, SOIL CF011     
 776 WI       SOL WI_FLCF013 CL       168   WISE DATABASE, SOIL CF013     
 777 WI       SOL WI_VRCF015 CL       190   WISE DATABASE, SOIL CF015     
 778 WI       SOL WI_CMCF016 SL       140   WISE DATABASE, SOIL CF016     
 779 WI       SOL WI_GLCF020 L        110   WISE DATABASE, SOIL CF020     
 780 WI       SOL WI_GLCF021 C        143   WISE DATABASE, SOIL CF021     
 781 WI       SOL WI_GLCF022 SL       105   WISE DATABASE, SOIL CF022     
 782 WI       SOL WI_GLCF023 SL       207   WISE DATABASE, SOIL CF023     
 783 WI       SOL WI_FLCF028 LS       100   WISE DATABASE, SOIL CF028     
 784 WI       SOL WI_FRCF030 SCL      368   WISE DATABASE, SOIL CF030     
 785 WI       SOL WI_FRCF031 LS       315   WISE DATABASE, SOIL CF031     
 786 WI       SOL WI_GLCF032 CL       120   WISE DATABASE, SOIL CF032     
 787 WI       SOL WI_FRCG003 C        120   WISE DATABASE, SOIL CG003     
 788 WI       SOL WI_ARCG004 SL       200   WISE DATABASE, SOIL CG004     
 789 WI       SOL WI_ARCG006 S        150   WISE DATABASE, SOIL CG006     
 790 WI       SOL WI_LVCH008 SIL      250   WISE DATABASE, SOIL CH008     
 791 WI       SOL WI_FLCH009 SL       105   WISE DATABASE, SOIL CH009     
 792 WI       SOL WI_CMCH010 L        150   WISE DATABASE, SOIL CH010     
 793 WI       SOL WI_FLCH011 LS       105   WISE DATABASE, SOIL CH011     
 794 WI       SOL WI_LVCH012 SL       160   WISE DATABASE, SOIL CH012     
 795 WI       SOL WI_ARCI001 S        80    WISE DATABASE, SOIL CI001     
 796 WI       SOL WI_ACCI006 SL       104   WISE DATABASE, SOIL CI006     
 797 WI       SOL WI_CMCI007 SCL      116   WISE DATABASE, SOIL CI007     
 798 WI       SOL WI_ACCI008 SCL      125   WISE DATABASE, SOIL CI008     
 799 WI       SOL WI_LXCI009 SCL      65    WISE DATABASE, SOIL CI009     
 800 WI       SOL WI_CMCI017 LS       150   WISE DATABASE, SOIL CI017     
 801 WI       SOL WI_FLCI023 SL       120   WISE DATABASE, SOIL CI023     
 802 WI       SOL WI_ANCL001 L        85    WISE DATABASE, SOIL CL001     
 803 WI       SOL WI_ANCL013 SL       120   WISE DATABASE, SOIL CL013     
 804 WI       SOL WI_NTCL016 SICL     180   WISE DATABASE, SOIL CL016     
 805 WI       SOL WI_NTCL019 C        122   WISE DATABASE, SOIL CL019     
 806 WI       SOL WI_CMCM001 SL       100   WISE DATABASE, SOIL CM001     
 807 WI       SOL WI_CMCM002 SL       110   WISE DATABASE, SOIL CM002     
 808 WI       SOL WI_GLCM003 SL       275   WISE DATABASE, SOIL CM003     
 809 WI       SOL WI_CMCM004 SL       320   WISE DATABASE, SOIL CM004     
 810 WI       SOL WI_FRCM010 SL       400   WISE DATABASE, SOIL CM010     
 811 WI       SOL WI_LVCM012 SL       180   WISE DATABASE, SOIL CM012     
 812 WI       SOL WI_PLCM013 LS       120   WISE DATABASE, SOIL CM013     
 813 WI       SOL WI_GLCM014 C        60    WISE DATABASE, SOIL CM014     
 814 WI       SOL WI_FLCM018 SC       120   WISE DATABASE, SOIL CM018     
 815 WI       SOL WI_CMCM019 SC       70    WISE DATABASE, SOIL CM019     
 816 WI       SOL WI_GLCM021 SL       120   WISE DATABASE, SOIL CM021     
 817 WI       SOL WI_ACCM023 L        200   WISE DATABASE, SOIL CM023     
 818 WI       SOL WI_FRCM024 SICL     200   WISE DATABASE, SOIL CM024     
 819 WI       SOL WI_AHCM032 L        200   WISE DATABASE, SOIL CM032     
 820 WI       SOL WI_ANCM039 L        200   WISE DATABASE, SOIL CM039     
 821 WI       SOL WI_ANCM040 SIL      200   WISE DATABASE, SOIL CM040     
 822 WI       SOL WI_FRCM053 C        175   WISE DATABASE, SOIL CM053     
 823 WI       SOL WI_CMCN001 SIC      100   WISE DATABASE, SOIL CN001     
 824 WI       SOL WI_GLCN002 SIC      100   WISE DATABASE, SOIL CN002     
 825 WI       SOL WI_GLCN003 SICL     90    WISE DATABASE, SOIL CN003     
 826 WI       SOL WI_CMCN004 SIL      100   WISE DATABASE, SOIL CN004     
 827 WI       SOL WI_FLCN007 SIL      100   WISE DATABASE, SOIL CN007     
 828 WI       SOL WI_FLCN008 SIL      100   WISE DATABASE, SOIL CN008     
 829 WI       SOL WI_FLCN009 SIL      100   WISE DATABASE, SOIL CN009     
 830 WI       SOL WI_LVCN011 SICL     120   WISE DATABASE, SOIL CN011     
 831 WI       SOL WI_CMCN014 SICL     150   WISE DATABASE, SOIL CN014     
 832 WI       SOL WI_CMCN018 SCL      120   WISE DATABASE, SOIL CN018     
 833 WI       SOL WI_ACCN028 SCL      200   WISE DATABASE, SOIL CN028     
 834 WI       SOL WI_ALCN031 SCL      180   WISE DATABASE, SOIL CN031     
 835 WI       SOL WI_ACCN032 SL       120   WISE DATABASE, SOIL CN032     
 836 WI       SOL WI_LXCN033 SL       240   WISE DATABASE, SOIL CN033     
 837 WI       SOL WI_ACCN034 SIL      200   WISE DATABASE, SOIL CN034     
 838 WI       SOL WI_CMCN036 CL       80    WISE DATABASE, SOIL CN036     
 839 WI       SOL WI_ALCN037 C        110   WISE DATABASE, SOIL CN037     
 840 WI       SOL WI_CMCN038 SIC      120   WISE DATABASE, SOIL CN038     
 841 WI       SOL WI_CMCN041 SC       220   WISE DATABASE, SOIL CN041     
 842 WI       SOL WI_PHCN044 SICL     140   WISE DATABASE, SOIL CN044     
 843 WI       SOL WI_LVCN045 SIL      120   WISE DATABASE, SOIL CN045     
 844 WI       SOL WI_PHCN050 SICL     150   WISE DATABASE, SOIL CN050     
 845 WI       SOL WI_RGCN051 LS       110   WISE DATABASE, SOIL CN051     
 846 WI       SOL WI_CMCN053 CL       420   WISE DATABASE, SOIL CN053     
 847 WI       SOL WI_ACCN056 C        155   WISE DATABASE, SOIL CN056     
 848 WI       SOL WI_CMCN057 C        250   WISE DATABASE, SOIL CN057     
 849 WI       SOL WI_NTCO002 L        200   WISE DATABASE, SOIL CO002     
 850 WI       SOL WI_PTCO003 SICL     150   WISE DATABASE, SOIL CO003     
 851 WI       SOL WI_FRCO004 SICL     150   WISE DATABASE, SOIL CO004     
 852 WI       SOL WI_FRCO005 SICL     155   WISE DATABASE, SOIL CO005     
 853 WI       SOL WI_GLCO007 SICL     80    WISE DATABASE, SOIL CO007     
 854 WI       SOL WI_GLCO008 SIC      130   WISE DATABASE, SOIL CO008     
 855 WI       SOL WI_FRCO010 SICL     150   WISE DATABASE, SOIL CO010     
 856 WI       SOL WI_FRCO011 SICL     180   WISE DATABASE, SOIL CO011     
 857 WI       SOL WI_NTCO023 C        180   WISE DATABASE, SOIL CO023     
 858 WI       SOL WI_FRCO039 LS       150   WISE DATABASE, SOIL CO039     
 859 WI       SOL WI_CMCO041 SL       150   WISE DATABASE, SOIL CO041     
 860 WI       SOL WI_GLCO042 C        170   WISE DATABASE, SOIL CO042     
 861 WI       SOL WI_GLCO044 C        100   WISE DATABASE, SOIL CO044     
 862 WI       SOL WI_NTCO045 C        180   WISE DATABASE, SOIL CO045     
 863 WI       SOL WI_CMCO046 C        250   WISE DATABASE, SOIL CO046     
 864 WI       SOL WI_ACCO047 SL       150   WISE DATABASE, SOIL CO047     
 865 WI       SOL WI_RGCO048 SIC      150   WISE DATABASE, SOIL CO048     
 866 WI       SOL WI_ALCO049 L        200   WISE DATABASE, SOIL CO049     
 867 WI       SOL WI_ALCO050 SL       150   WISE DATABASE, SOIL CO050     
 868 WI       SOL WI_ACCO051 SCL      185   WISE DATABASE, SOIL CO051     
 869 WI       SOL WI_ACCO052 C        150   WISE DATABASE, SOIL CO052     
 870 WI       SOL WI_ACCO053 SC       130   WISE DATABASE, SOIL CO053     
 871 WI       SOL WI_ACCO059 L        144   WISE DATABASE, SOIL CO059     
 872 WI       SOL WI_CMCO060 L        170   WISE DATABASE, SOIL CO060     
 873 WI       SOL WI_RGCO062 SL       210   WISE DATABASE, SOIL CO062     
 874 WI       SOL WI_CMCO067 SIL      124   WISE DATABASE, SOIL CO067     
 875 WI       SOL WI_CMCO068 SIL      206   WISE DATABASE, SOIL CO068     
 876 WI       SOL WI_CMCO069 L        201   WISE DATABASE, SOIL CO069     
 877 WI       SOL WI_CMCO070 SL       191   WISE DATABASE, SOIL CO070     
 878 WI       SOL WI_ALCR002 C        150   WISE DATABASE, SOIL CR002     
 879 WI       SOL WI_CMCR004 CL       180   WISE DATABASE, SOIL CR004     
 880 WI       SOL WI_CMCR005 CL       170   WISE DATABASE, SOIL CR005     
 881 WI       SOL WI_CMCR006 SIC      120   WISE DATABASE, SOIL CR006     
 882 WI       SOL WI_FRCR011 C        140   WISE DATABASE, SOIL CR011     
 883 WI       SOL WI_CMCR013 SIC      105   WISE DATABASE, SOIL CR013     
 884 WI       SOL WI_LVCR016 C        200   WISE DATABASE, SOIL CR016     
 885 WI       SOL WI_PHCR017 SL       150   WISE DATABASE, SOIL CR017     
 886 WI       SOL WI_PHCR018 SL       155   WISE DATABASE, SOIL CR018     
 887 WI       SOL WI_LVCR019 SL       160   WISE DATABASE, SOIL CR019     
 888 WI       SOL WI_CMCR025 C        200   WISE DATABASE, SOIL CR025     
 889 WI       SOL WI_CMCR027 CL       150   WISE DATABASE, SOIL CR027     
 890 WI       SOL WI_FLCS001 C        135   WISE DATABASE, SOIL CS001     
 891 WI       SOL WI_CMCU003 C        190   WISE DATABASE, SOIL CU003     
 892 WI       SOL WI_FRCU005 C        200   WISE DATABASE, SOIL CU005     
 893 WI       SOL WI_FRCU007 C        150   WISE DATABASE, SOIL CU007     
 894 WI       SOL WI_PDDE001 SL       95    WISE DATABASE, SOIL DE001     
 895 WI       SOL WI_CMDE003 L        140   WISE DATABASE, SOIL DE003     
 896 WI       SOL WI_PZDE004 S        75    WISE DATABASE, SOIL DE004     
 897 WI       SOL WI_ATDE005 SL       150   WISE DATABASE, SOIL DE005     
 898 WI       SOL WI_LVDE012 SIL      100   WISE DATABASE, SOIL DE012     
 899 WI       SOL WI_LVDE013 SIL      150   WISE DATABASE, SOIL DE013     
 900 WI       SOL WI_LVDE015 SIL      100   WISE DATABASE, SOIL DE015     
 901 WI       SOL WI_PZDE017 S        95    WISE DATABASE, SOIL DE017     
 902 WI       SOL WI_LVDE018 L        182   WISE DATABASE, SOIL DE018     
 903 WI       SOL WI_FLDE022 L        190   WISE DATABASE, SOIL DE022     
 904 WI       SOL WI_LVDE026 SIL      120   WISE DATABASE, SOIL DE026     
 905 WI       SOL WI_CHDE035 SIL      170   WISE DATABASE, SOIL DE035     
 906 WI       SOL WI_CMDE037 CL       100   WISE DATABASE, SOIL DE037     
 907 WI       SOL WI_GLDE041 L        80    WISE DATABASE, SOIL DE041     
 908 WI       SOL WI_LVDK001 SL       130   WISE DATABASE, SOIL DK001     
 909 WI       SOL WI_LVDK004 SL       150   WISE DATABASE, SOIL DK004     
 910 WI       SOL WI_CMDK005 L        130   WISE DATABASE, SOIL DK005     
 911 WI       SOL WI_ARDK006 SL       115   WISE DATABASE, SOIL DK006     
 912 WI       SOL WI_GLDK012 S        200   WISE DATABASE, SOIL DK012     
 913 WI       SOL WI_LVDK013 SL       140   WISE DATABASE, SOIL DK013     
 914 WI       SOL WI_RGDK015 S        200   WISE DATABASE, SOIL DK015     
 915 WI       SOL WI_LVDK016 SL       130   WISE DATABASE, SOIL DK016     
 916 WI       SOL WI_CMDK017 SL       135   WISE DATABASE, SOIL DK017     
 917 WI       SOL WI_CMEC002 SIL      105   WISE DATABASE, SOIL EC002     
 918 WI       SOL WI_ANEC004 SIL      82    WISE DATABASE, SOIL EC004     
 919 WI       SOL WI_RGEC010 SICL     50    WISE DATABASE, SOIL EC010     
 920 WI       SOL WI_RGEC012 SICL     60    WISE DATABASE, SOIL EC012     
 921 WI       SOL WI_LPEC013 L        20    WISE DATABASE, SOIL EC013     
 922 WI       SOL WI_RGEC014 CL       50    WISE DATABASE, SOIL EC014     
 923 WI       SOL WI_ANEC016 L        75    WISE DATABASE, SOIL EC016     
 924 WI       SOL WI_ANEC029 SIL      170   WISE DATABASE, SOIL EC029     
 925 WI       SOL WI_ANEC030 SIL      165   WISE DATABASE, SOIL EC030     
 926 WI       SOL WI_FLES001 LS       155   WISE DATABASE, SOIL ES001     
 927 WI       SOL WI_LPES004 SL       30    WISE DATABASE, SOIL ES004     
 928 WI       SOL WI_LVES010 SCL      115   WISE DATABASE, SOIL ES010     
 929 WI       SOL WI_CMES011 SL       125   WISE DATABASE, SOIL ES011     
 930 WI       SOL WI_LVES012 SCL      80    WISE DATABASE, SOIL ES012     
 931 WI       SOL WI_CMES020 SL       110   WISE DATABASE, SOIL ES020     
 932 WI       SOL WI_CMFI003 CL       120   WISE DATABASE, SOIL FI003     
 933 WI       SOL WI_GLFI008 C        120   WISE DATABASE, SOIL FI008     
 934 WI       SOL WI_FRFJ007 SCL      141   WISE DATABASE, SOIL FJ007     
 935 WI       SOL WI_ACFJ009 C        132   WISE DATABASE, SOIL FJ009     
 936 WI       SOL WI_LVFR001 SICL     90    WISE DATABASE, SOIL FR001     
 937 WI       SOL WI_CMFR004 SL       96    WISE DATABASE, SOIL FR004     
 938 WI       SOL WI_FLFR010 SL       100   WISE DATABASE, SOIL FR010     
 939 WI       SOL WI_CMFR012 SCL      100   WISE DATABASE, SOIL FR012     
 940 WI       SOL WI_FLFR016 SIL      140   WISE DATABASE, SOIL FR016     
 941 WI       SOL WI_CMFR020 SIL      40    WISE DATABASE, SOIL FR020     
 942 WI       SOL WI_GLFR021 SICL     140   WISE DATABASE, SOIL FR021     
 943 WI       SOL WI_CMFR022 L        60    WISE DATABASE, SOIL FR022     
 944 WI       SOL WI_CMFR023 SL       90    WISE DATABASE, SOIL FR023     
 945 WI       SOL WI_CMFR024 SL       70    WISE DATABASE, SOIL FR024     
 946 WI       SOL WI_CMFR025 L        130   WISE DATABASE, SOIL FR025     
 947 WI       SOL WI_LVFR034 SIL      80    WISE DATABASE, SOIL FR034     
 948 WI       SOL WI_LVFR035 SIL      170   WISE DATABASE, SOIL FR035     
 949 WI       SOL WI_PLFR039 SL       105   WISE DATABASE, SOIL FR039     
 950 WI       SOL WI_LVFR041 SIL      105   WISE DATABASE, SOIL FR041     
 951 WI       SOL WI_LVFR044 SL       110   WISE DATABASE, SOIL FR044     
 952 WI       SOL WI_LVFR045 SL       110   WISE DATABASE, SOIL FR045     
 953 WI       SOL WI_PLFR046 SL       90    WISE DATABASE, SOIL FR046     
 954 WI       SOL WI_FRGA001 C        170   WISE DATABASE, SOIL GA001     
 955 WI       SOL WI_FRGA002 SL       130   WISE DATABASE, SOIL GA002     
 956 WI       SOL WI_FRGA003 C        100   WISE DATABASE, SOIL GA003     
 957 WI       SOL WI_ACGA004 C        120   WISE DATABASE, SOIL GA004     
 958 WI       SOL WI_ACGA005 C        100   WISE DATABASE, SOIL GA005     
 959 WI       SOL WI_ACGA006 C        135   WISE DATABASE, SOIL GA006     
 960 WI       SOL WI_FRGA007 SL       150   WISE DATABASE, SOIL GA007     
 961 WI       SOL WI_ACGA008 SIC      140   WISE DATABASE, SOIL GA008     
 962 WI       SOL WI_FRGA009 C        120   WISE DATABASE, SOIL GA009     
 963 WI       SOL WI_ACGA010 C        165   WISE DATABASE, SOIL GA010     
 964 WI       SOL WI_FRGA011 SL       140   WISE DATABASE, SOIL GA011     
 965 WI       SOL WI_FRGA012 SC       120   WISE DATABASE, SOIL GA012     
 966 WI       SOL WI_ACGA014 LS       130   WISE DATABASE, SOIL GA014     
 967 WI       SOL WI_FRGA015 C        200   WISE DATABASE, SOIL GA015     
 968 WI       SOL WI_FRGA016 C        200   WISE DATABASE, SOIL GA016     
 969 WI       SOL WI_FRGA017 SC       120   WISE DATABASE, SOIL GA017     
 970 WI       SOL WI_GLGA018 SCL      120   WISE DATABASE, SOIL GA018     
 971 WI       SOL WI_PHGB001 LS       93    WISE DATABASE, SOIL GB001     
 972 WI       SOL WI_LVGB002 SIL      100   WISE DATABASE, SOIL GB002     
 973 WI       SOL WI_LPGB009 C        25    WISE DATABASE, SOIL GB009     
 974 WI       SOL WI_GLGB011 SICL     200   WISE DATABASE, SOIL GB011     
 975 WI       SOL WI_LVGB016 SIL      120   WISE DATABASE, SOIL GB016     
 976 WI       SOL WI_CMGB017 CL       110   WISE DATABASE, SOIL GB017     
 977 WI       SOL WI_LVGB018 CL       120   WISE DATABASE, SOIL GB018     
 978 WI       SOL WI_LVGB026 SIL      104   WISE DATABASE, SOIL GB026     
 979 WI       SOL WI_FLGB027 SIC      110   WISE DATABASE, SOIL GB027     
 980 WI       SOL WI_CMGB029 SIL      100   WISE DATABASE, SOIL GB029     
 981 WI       SOL WI_FLGB032 SICL     160   WISE DATABASE, SOIL GB032     
 982 WI       SOL WI_ACGB034 SIL      170   WISE DATABASE, SOIL GB034     
 983 WI       SOL WI_CMGB044 SCL      125   WISE DATABASE, SOIL GB044     
 984 WI       SOL WI_CMGB050 LS       85    WISE DATABASE, SOIL GB050     
 985 WI       SOL WI_LVGE003 SICL     115   WISE DATABASE, SOIL GE003     
 986 WI       SOL WI_CMGE004 C        130   WISE DATABASE, SOIL GE004     
 987 WI       SOL WI_FRGE006 C        175   WISE DATABASE, SOIL GE006     
 988 WI       SOL WI_FRGE007 SIC      130   WISE DATABASE, SOIL GE007     
 989 WI       SOL WI_CMGE009 L        120   WISE DATABASE, SOIL GE009     
 990 WI       SOL WI_ACGH004 LS       137   WISE DATABASE, SOIL GH004     
 991 WI       SOL WI_NTGH005 SL       147   WISE DATABASE, SOIL GH005     
 992 WI       SOL WI_ACGH009 SCL      151   WISE DATABASE, SOIL GH009     
 993 WI       SOL WI_NTGH010 LS       246   WISE DATABASE, SOIL GH010     
 994 WI       SOL WI_FLGN002 C        115   WISE DATABASE, SOIL GN002     
 995 WI       SOL WI_CMGN003 SIC      90    WISE DATABASE, SOIL GN003     
 996 WI       SOL WI_VRGT006 C        140   WISE DATABASE, SOIL GT006     
 997 WI       SOL WI_FLGT009 C        145   WISE DATABASE, SOIL GT009     
 998 WI       SOL WI_LVGT011 C        120   WISE DATABASE, SOIL GT011     
 999 WI       SOL WI_PHHN003 L        127   WISE DATABASE, SOIL HN003     
1000 WI       SOL WI_ALID002 L        115   WISE DATABASE, SOIL ID002     
1001 WI       SOL WI_ACID003 L        120   WISE DATABASE, SOIL ID003     
1002 WI       SOL WI_CMID005 SICL     120   WISE DATABASE, SOIL ID005     
1003 WI       SOL WI_ALID006 SIL      120   WISE DATABASE, SOIL ID006     
1004 WI       SOL WI_ALID007 SICL     150   WISE DATABASE, SOIL ID007     
1005 WI       SOL WI_ALID009 SIL      140   WISE DATABASE, SOIL ID009     
1006 WI       SOL WI_CMID011 SL       150   WISE DATABASE, SOIL ID011     
1007 WI       SOL WI_ALID014 L        110   WISE DATABASE, SOIL ID014     
1008 WI       SOL WI_ALID015 L        130   WISE DATABASE, SOIL ID015     
1009 WI       SOL WI_ALID016 SL       145   WISE DATABASE, SOIL ID016     
1010 WI       SOL WI_ALID017 SL       140   WISE DATABASE, SOIL ID017     
1011 WI       SOL WI_ALID018 L        130   WISE DATABASE, SOIL ID018     
1012 WI       SOL WI_ALID019 L        150   WISE DATABASE, SOIL ID019     
1013 WI       SOL WI_ALID020 L        150   WISE DATABASE, SOIL ID020     
1014 WI       SOL WI_ALID021 L        150   WISE DATABASE, SOIL ID021     
1015 WI       SOL WI_ALID022 L        150   WISE DATABASE, SOIL ID022     
1016 WI       SOL WI_ALID024 L        140   WISE DATABASE, SOIL ID024     
1017 WI       SOL WI_PHID027 CL       119   WISE DATABASE, SOIL ID027     
1018 WI       SOL WI_CMID028 L        120   WISE DATABASE, SOIL ID028     
1019 WI       SOL WI_GLID036 C        150   WISE DATABASE, SOIL ID036     
1020 WI       SOL WI_CMID037 C        850   WISE DATABASE, SOIL ID037     
1021 WI       SOL WI_NTID043 L        160   WISE DATABASE, SOIL ID043     
1022 WI       SOL WI_CMID044 SICL     120   WISE DATABASE, SOIL ID044     
1023 WI       SOL WI_CMID047 C        115   WISE DATABASE, SOIL ID047     
1024 WI       SOL WI_FRID049 C        200   WISE DATABASE, SOIL ID049     
1025 WI       SOL WI_ACID054 SCL      85    WISE DATABASE, SOIL ID054     
1026 WI       SOL WI_ACID056 C        250   WISE DATABASE, SOIL ID056     
1027 WI       SOL WI_CMID058 CL       140   WISE DATABASE, SOIL ID058     
1028 WI       SOL WI_CMID064 C        125   WISE DATABASE, SOIL ID064     
1029 WI       SOL WI_FRID066 C        90    WISE DATABASE, SOIL ID066     
1030 WI       SOL WI_FRID074 SCL      260   WISE DATABASE, SOIL ID074     
1031 WI       SOL WI_FRID077 C        280   WISE DATABASE, SOIL ID077     
1032 WI       SOL WI_RGID084 SL       150   WISE DATABASE, SOIL ID084     
1033 WI       SOL WI_CMID087 C        107   WISE DATABASE, SOIL ID087     
1034 WI       SOL WI_ACID088 SL       145   WISE DATABASE, SOIL ID088     
1035 WI       SOL WI_ACID089 SL       155   WISE DATABASE, SOIL ID089     
1036 WI       SOL WI_FRID091 C        192   WISE DATABASE, SOIL ID091     
1037 WI       SOL WI_FRID092 C        191   WISE DATABASE, SOIL ID092     
1038 WI       SOL WI_CMID093 C        170   WISE DATABASE, SOIL ID093     
1039 WI       SOL WI_FRID094 C        210   WISE DATABASE, SOIL ID094     
1040 WI       SOL WI_FRID095 C        200   WISE DATABASE, SOIL ID095     
1041 WI       SOL WI_FRID096 C        180   WISE DATABASE, SOIL ID096     
1042 WI       SOL WI_FRID097 C        200   WISE DATABASE, SOIL ID097     
1043 WI       SOL WI_FRID098 SCL      180   WISE DATABASE, SOIL ID098     
1044 WI       SOL WI_FRID099 SC       180   WISE DATABASE, SOIL ID099     
1045 WI       SOL WI_CMID100 C        210   WISE DATABASE, SOIL ID100     
1046 WI       SOL WI_LXID102 C        200   WISE DATABASE, SOIL ID102     
1047 WI       SOL WI_GLIE006 CL       85    WISE DATABASE, SOIL IE006     
1048 WI       SOL WI_GLIE007 SIL      120   WISE DATABASE, SOIL IE007     
1049 WI       SOL WI_GLIE008 CL       91    WISE DATABASE, SOIL IE008     
1050 WI       SOL WI_GLIE009 CL       85    WISE DATABASE, SOIL IE009     
1051 WI       SOL WI_PZIE010 L        60    WISE DATABASE, SOIL IE010     
1052 WI       SOL WI_PZIE011 L        100   WISE DATABASE, SOIL IE011     
1053 WI       SOL WI_CMIE012 L        90    WISE DATABASE, SOIL IE012     
1054 WI       SOL WI_CMIE013 L        170   WISE DATABASE, SOIL IE013     
1055 WI       SOL WI_CMIE014 L        100   WISE DATABASE, SOIL IE014     
1056 WI       SOL WI_CMIE015 SL       75    WISE DATABASE, SOIL IE015     
1057 WI       SOL WI_GLIE019 L        180   WISE DATABASE, SOIL IE019     
1058 WI       SOL WI_GLIE020 L        155   WISE DATABASE, SOIL IE020     
1059 WI       SOL WI_LVIE021 L        100   WISE DATABASE, SOIL IE021     
1060 WI       SOL WI_LVIE022 L        60    WISE DATABASE, SOIL IE022     
1061 WI       SOL WI_CMIE024 SL       40    WISE DATABASE, SOIL IE024     
1062 WI       SOL WI_LVIE028 SL       107   WISE DATABASE, SOIL IE028     
1063 WI       SOL WI_CMIN002 SIL      111   WISE DATABASE, SOIL IN002     
1064 WI       SOL WI_LVIN005 L        61    WISE DATABASE, SOIL IN005     
1065 WI       SOL WI_ALIN006 CL       120   WISE DATABASE, SOIL IN006     
1066 WI       SOL WI_CMIN008 SIL      180   WISE DATABASE, SOIL IN008     
1067 WI       SOL WI_SNIN010 L        140   WISE DATABASE, SOIL IN010     
1068 WI       SOL WI_CMIN011 C        134   WISE DATABASE, SOIL IN011     
1069 WI       SOL WI_LXIN014 SIL      132   WISE DATABASE, SOIL IN014     
1070 WI       SOL WI_CMIN015 SIL      172   WISE DATABASE, SOIL IN015     
1071 WI       SOL WI_CMIN016 SIL      170   WISE DATABASE, SOIL IN016     
1072 WI       SOL WI_FLIN017 SICL     140   WISE DATABASE, SOIL IN017     
1073 WI       SOL WI_FLIN018 SIL      132   WISE DATABASE, SOIL IN018     
1074 WI       SOL WI_CMIN019 C        131   WISE DATABASE, SOIL IN019     
1075 WI       SOL WI_LVIN020 SIL      130   WISE DATABASE, SOIL IN020     
1076 WI       SOL WI_CMIN021 SCL      150   WISE DATABASE, SOIL IN021     
1077 WI       SOL WI_FLIN022 L        128   WISE DATABASE, SOIL IN022     
1078 WI       SOL WI_CMIN023 LS       170   WISE DATABASE, SOIL IN023     
1079 WI       SOL WI_ARIN025 LS       160   WISE DATABASE, SOIL IN025     
1080 WI       SOL WI_FLIN026 SL       150   WISE DATABASE, SOIL IN026     
1081 WI       SOL WI_CMIN030 SCL      190   WISE DATABASE, SOIL IN030     
1082 WI       SOL WI_SNIN031 C        150   WISE DATABASE, SOIL IN031     
1083 WI       SOL WI_PTIN042 SCL      172   WISE DATABASE, SOIL IN042     
1084 WI       SOL WI_FRIN044 SL       160   WISE DATABASE, SOIL IN044     
1085 WI       SOL WI_FRIN045 SL       152   WISE DATABASE, SOIL IN045     
1086 WI       SOL WI_FRIN051 C        190   WISE DATABASE, SOIL IN051     
1087 WI       SOL WI_LXIN056 L        186   WISE DATABASE, SOIL IN056     
1088 WI       SOL WI_LVIN057 SIL      127   WISE DATABASE, SOIL IN057     
1089 WI       SOL WI_ALIN059 SL       88    WISE DATABASE, SOIL IN059     
1090 WI       SOL WI_CMIN064 SCL      150   WISE DATABASE, SOIL IN064     
1091 WI       SOL WI_PHIN066 L        128   WISE DATABASE, SOIL IN066     
1092 WI       SOL WI_ARIN069 LS       160   WISE DATABASE, SOIL IN069     
1093 WI       SOL WI_FLIN070 SL       150   WISE DATABASE, SOIL IN070     
1094 WI       SOL WI_CMIN073 SCL      190   WISE DATABASE, SOIL IN073     
1095 WI       SOL WI_LVIN082 SCL      172   WISE DATABASE, SOIL IN082     
1096 WI       SOL WI_NTIN084 SL       160   WISE DATABASE, SOIL IN084     
1097 WI       SOL WI_LXIN085 SL       152   WISE DATABASE, SOIL IN085     
1098 WI       SOL WI_CMIN090 C        84    WISE DATABASE, SOIL IN090     
1099 WI       SOL WI_FRIN091 SCL      172   WISE DATABASE, SOIL IN091     
1100 WI       SOL WI_NTIN094 SL       186   WISE DATABASE, SOIL IN094     
1101 WI       SOL WI_NTIN096 SL       165   WISE DATABASE, SOIL IN096     
1102 WI       SOL WI_LVIN116 SL       167   WISE DATABASE, SOIL IN116     
1103 WI       SOL WI_LVIN120 SL       193   WISE DATABASE, SOIL IN120     
1104 WI       SOL WI_LXIN121 S        201   WISE DATABASE, SOIL IN121     
1105 WI       SOL WI_FLIQ002 SIC      160   WISE DATABASE, SOIL IQ002     
1106 WI       SOL WI_VRIQ003 SIC      160   WISE DATABASE, SOIL IQ003     
1107 WI       SOL WI_LVIQ007 CL       60    WISE DATABASE, SOIL IQ007     
1108 WI       SOL WI_CLIQ008 SL       50    WISE DATABASE, SOIL IQ008     
1109 WI       SOL WI_ARIQ009 SL       150   WISE DATABASE, SOIL IQ009     
1110 WI       SOL WI_FLIQ010 SICL     150   WISE DATABASE, SOIL IQ010     
1111 WI       SOL WI_CLIQ012 SIL      200   WISE DATABASE, SOIL IQ012     
1112 WI       SOL WI_GYIQ013 L        170   WISE DATABASE, SOIL IQ013     
1113 WI       SOL WI_SNIR001 C        150   WISE DATABASE, SOIL IR001     
1114 WI       SOL WI_CMIR002 CL       150   WISE DATABASE, SOIL IR002     
1115 WI       SOL WI_GLIT003 SL       75    WISE DATABASE, SOIL IT003     
1116 WI       SOL WI_PTIT010 L        115   WISE DATABASE, SOIL IT010     
1117 WI       SOL WI_CMIT013 C        90    WISE DATABASE, SOIL IT013     
1118 WI       SOL WI_LVIT014 L        180   WISE DATABASE, SOIL IT014     
1119 WI       SOL WI_CMIT018 CL       100   WISE DATABASE, SOIL IT018     
1120 WI       SOL WI_VRIT019 SIC      110   WISE DATABASE, SOIL IT019     
1121 WI       SOL WI_ARIT022 LS       110   WISE DATABASE, SOIL IT022     
1122 WI       SOL WI_CMIT023 SICL     130   WISE DATABASE, SOIL IT023     
1123 WI       SOL WI_FLIT024 C        300   WISE DATABASE, SOIL IT024     
1124 WI       SOL WI_FLIT026 SIC      240   WISE DATABASE, SOIL IT026     
1125 WI       SOL WI_FLIT027 L        225   WISE DATABASE, SOIL IT027     
1126 WI       SOL WI_VRIT036 SIC      145   WISE DATABASE, SOIL IT036     
1127 WI       SOL WI_VRIT037 C        150   WISE DATABASE, SOIL IT037     
1128 WI       SOL WI_VRIT038 SIC      160   WISE DATABASE, SOIL IT038     
1129 WI       SOL WI_CMIT043 L        120   WISE DATABASE, SOIL IT043     
1130 WI       SOL WI_LVIT047 L        60    WISE DATABASE, SOIL IT047     
1131 WI       SOL WI_CMIT048 SIC      170   WISE DATABASE, SOIL IT048     
1132 WI       SOL WI_LVIT052 C        180   WISE DATABASE, SOIL IT052     
1133 WI       SOL WI_VRIT058 C        160   WISE DATABASE, SOIL IT058     
1134 WI       SOL WI_ANIT060 SL       80    WISE DATABASE, SOIL IT060     
1135 WI       SOL WI_LVIT061 SL       130   WISE DATABASE, SOIL IT061     
1136 WI       SOL WI_LVIT064 LS       110   WISE DATABASE, SOIL IT064     
1137 WI       SOL WI_NTJM004 SIC      145   WISE DATABASE, SOIL JM004     
1138 WI       SOL WI_ALJM007 C        150   WISE DATABASE, SOIL JM007     
1139 WI       SOL WI_ALJM012 SIL      155   WISE DATABASE, SOIL JM012     
1140 WI       SOL WI_CMJM040 C        150   WISE DATABASE, SOIL JM040     
1141 WI       SOL WI_ACJM042 C        130   WISE DATABASE, SOIL JM042     
1142 WI       SOL WI_LXJM054 L        150   WISE DATABASE, SOIL JM054     
1143 WI       SOL WI_FLJO004 SICL     150   WISE DATABASE, SOIL JO004     
1144 WI       SOL WI_VRJO006 SICL     150   WISE DATABASE, SOIL JO006     
1145 WI       SOL WI_VRJO019 SICL     130   WISE DATABASE, SOIL JO019     
1146 WI       SOL WI_CMJO021 SIL      98    WISE DATABASE, SOIL JO021     
1147 WI       SOL WI_CMJO025 SIL      201   WISE DATABASE, SOIL JO025     
1148 WI       SOL WI_LPJO028 SICL     23    WISE DATABASE, SOIL JO028     
1149 WI       SOL WI_FLJP001 SL       60    WISE DATABASE, SOIL JP001     
1150 WI       SOL WI_GLJP002 C        93    WISE DATABASE, SOIL JP002     
1151 WI       SOL WI_GLJP003 SL       80    WISE DATABASE, SOIL JP003     
1152 WI       SOL WI_GLJP004 CL       88    WISE DATABASE, SOIL JP004     
1153 WI       SOL WI_ANJP005 L        52    WISE DATABASE, SOIL JP005     
1154 WI       SOL WI_CMJP006 CL       71    WISE DATABASE, SOIL JP006     
1155 WI       SOL WI_ACJP008 CL       115   WISE DATABASE, SOIL JP008     
1156 WI       SOL WI_FLJP010 SICL     60    WISE DATABASE, SOIL JP010     
1157 WI       SOL WI_FLJP011 L        65    WISE DATABASE, SOIL JP011     
1158 WI       SOL WI_FLJP013 SL       100   WISE DATABASE, SOIL JP013     
1159 WI       SOL WI_CMJP019 SL       63    WISE DATABASE, SOIL JP019     
1160 WI       SOL WI_CMJP023 C        60    WISE DATABASE, SOIL JP023     
1161 WI       SOL WI_GLJP026 SIL      70    WISE DATABASE, SOIL JP026     
1162 WI       SOL WI_LXKE001 SCL      183   WISE DATABASE, SOIL KE001     
1163 WI       SOL WI_FRKE002 C        150   WISE DATABASE, SOIL KE002     
1164 WI       SOL WI_LXKE003 SCL      155   WISE DATABASE, SOIL KE003     
1165 WI       SOL WI_CMKE005 SC       160   WISE DATABASE, SOIL KE005     
1166 WI       SOL WI_CMKE006 SC       115   WISE DATABASE, SOIL KE006     
1167 WI       SOL WI_LXKE007 C        150   WISE DATABASE, SOIL KE007     
1168 WI       SOL WI_FRKE008 C        140   WISE DATABASE, SOIL KE008     
1169 WI       SOL WI_FRKE009 C        170   WISE DATABASE, SOIL KE009     
1170 WI       SOL WI_LVKE010 SC       150   WISE DATABASE, SOIL KE010     
1171 WI       SOL WI_PHKE015 SCL      160   WISE DATABASE, SOIL KE015     
1172 WI       SOL WI_LVKE018 SC       140   WISE DATABASE, SOIL KE018     
1173 WI       SOL WI_LVKE019 SCL      90    WISE DATABASE, SOIL KE019     
1174 WI       SOL WI_ACKE020 SCL      160   WISE DATABASE, SOIL KE020     
1175 WI       SOL WI_LVKE021 SL       160   WISE DATABASE, SOIL KE021     
1176 WI       SOL WI_FRKE022 SC       180   WISE DATABASE, SOIL KE022     
1177 WI       SOL WI_FRKE023 SCL      200   WISE DATABASE, SOIL KE023     
1178 WI       SOL WI_PHKE024 SCL      130   WISE DATABASE, SOIL KE024     
1179 WI       SOL WI_FRKE025 LS       130   WISE DATABASE, SOIL KE025     
1180 WI       SOL WI_LXKE026 SCL      140   WISE DATABASE, SOIL KE026     
1181 WI       SOL WI_LVKE027 SL       115   WISE DATABASE, SOIL KE027     
1182 WI       SOL WI_FRKE028 SCL      120   WISE DATABASE, SOIL KE028     
1183 WI       SOL WI_LXKE030 SL       115   WISE DATABASE, SOIL KE030     
1184 WI       SOL WI_CMKR001 CL       152   WISE DATABASE, SOIL KR001     
1185 WI       SOL WI_CMKR002 SCL      89    WISE DATABASE, SOIL KR002     
1186 WI       SOL WI_LVKR005 SIC      110   WISE DATABASE, SOIL KR005     
1187 WI       SOL WI_ARKR006 S        190   WISE DATABASE, SOIL KR006     
1188 WI       SOL WI_LVKR007 SIL      150   WISE DATABASE, SOIL KR007     
1189 WI       SOL WI_LVKR008 SIL      125   WISE DATABASE, SOIL KR008     
1190 WI       SOL WI_ALKR010 SIL      190   WISE DATABASE, SOIL KR010     
1191 WI       SOL WI_ARKR013 S        85    WISE DATABASE, SOIL KR013     
1192 WI       SOL WI_ALKR017 SL       175   WISE DATABASE, SOIL KR017     
1193 WI       SOL WI_VRLB006 C        190   WISE DATABASE, SOIL LB006     
1194 WI       SOL WI_FLLK002 SCL      131   WISE DATABASE, SOIL LK002     
1195 WI       SOL WI_PTLK003 SCL      145   WISE DATABASE, SOIL LK003     
1196 WI       SOL WI_LVLK004 C        118   WISE DATABASE, SOIL LK004     
1197 WI       SOL WI_LVLK005 C        117   WISE DATABASE, SOIL LK005     
1198 WI       SOL WI_CMLK006 SC       150   WISE DATABASE, SOIL LK006     
1199 WI       SOL WI_FLLK007 SCL      140   WISE DATABASE, SOIL LK007     
1200 WI       SOL WI_FLLK009 SCL      100   WISE DATABASE, SOIL LK009     
1201 WI       SOL WI_ACLR008 SCL      170   WISE DATABASE, SOIL LR008     
1202 WI       SOL WI_ACLR009 SL       171   WISE DATABASE, SOIL LR009     
1203 WI       SOL WI_CMLR016 SIC      150   WISE DATABASE, SOIL LR016     
1204 WI       SOL WI_FLLS001 LS       94    WISE DATABASE, SOIL LS001     
1205 WI       SOL WI_FLLS002 SL       88    WISE DATABASE, SOIL LS002     
1206 WI       SOL WI_CMLS009 SL       81    WISE DATABASE, SOIL LS009     
1207 WI       SOL WI_CMLS010 CL       127   WISE DATABASE, SOIL LS010     
1208 WI       SOL WI_CMLS011 SL       127   WISE DATABASE, SOIL LS011     
1209 WI       SOL WI_CMLS012 SL       102   WISE DATABASE, SOIL LS012     
1210 WI       SOL WI_PHLS014 SCL      153   WISE DATABASE, SOIL LS014     
1211 WI       SOL WI_LXLS017 SL       159   WISE DATABASE, SOIL LS017     
1212 WI       SOL WI_LVLS019 SL       155   WISE DATABASE, SOIL LS019     
1213 WI       SOL WI_ACLS021 L        180   WISE DATABASE, SOIL LS021     
1214 WI       SOL WI_ACLS024 CL       165   WISE DATABASE, SOIL LS024     
1215 WI       SOL WI_LXLS026 LS       160   WISE DATABASE, SOIL LS026     
1216 WI       SOL WI_LVLY001 SIL      300   WISE DATABASE, SOIL LY001     
1217 WI       SOL WI_VRLY002 CL       300   WISE DATABASE, SOIL LY002     
1218 WI       SOL WI_LPLY003 L        25    WISE DATABASE, SOIL LY003     
1219 WI       SOL WI_LPLY004 CL       28    WISE DATABASE, SOIL LY004     
1220 WI       SOL WI_LVLY005 SIL      250   WISE DATABASE, SOIL LY005     
1221 WI       SOL WI_LPLY008 SIL      29    WISE DATABASE, SOIL LY008     
1222 WI       SOL WI_SCLY010 CL       300   WISE DATABASE, SOIL LY010     
1223 WI       SOL WI_SCLY011 SL       70    WISE DATABASE, SOIL LY011     
1224 WI       SOL WI_SCLY012 LS       140   WISE DATABASE, SOIL LY012     
1225 WI       SOL WI_LVLY014 SL       300   WISE DATABASE, SOIL LY014     
1226 WI       SOL WI_CLLY015 LS       250   WISE DATABASE, SOIL LY015     
1227 WI       SOL WI_CLLY016 S        215   WISE DATABASE, SOIL LY016     
1228 WI       SOL WI_FLMA001 SIL      210   WISE DATABASE, SOIL MA001     
1229 WI       SOL WI_CMMA003 SL       150   WISE DATABASE, SOIL MA003     
1230 WI       SOL WI_RGMA005 SL       225   WISE DATABASE, SOIL MA005     
1231 WI       SOL WI_SNMA006 SIL      140   WISE DATABASE, SOIL MA006     
1232 WI       SOL WI_LPMA010 SL       30    WISE DATABASE, SOIL MA010     
1233 WI       SOL WI_LPMA011 L        25    WISE DATABASE, SOIL MA011     
1234 WI       SOL WI_FLMA015 SL       85    WISE DATABASE, SOIL MA015     
1235 WI       SOL WI_FLMA016 L        120   WISE DATABASE, SOIL MA016     
1236 WI       SOL WI_PHMA019 SL       105   WISE DATABASE, SOIL MA019     
1237 WI       SOL WI_RGMG001 C        150   WISE DATABASE, SOIL MG001     
1238 WI       SOL WI_RGMG002 SL       80    WISE DATABASE, SOIL MG002     
1239 WI       SOL WI_ARMG003 LS       100   WISE DATABASE, SOIL MG003     
1240 WI       SOL WI_FLMG004 SL       120   WISE DATABASE, SOIL MG004     
1241 WI       SOL WI_FLMG006 C        160   WISE DATABASE, SOIL MG006     
1242 WI       SOL WI_GLMG009 C        120   WISE DATABASE, SOIL MG009     
1243 WI       SOL WI_FLMG010 L        100   WISE DATABASE, SOIL MG010     
1244 WI       SOL WI_VRMG012 SCL      70    WISE DATABASE, SOIL MG012     
1245 WI       SOL WI_ACMG013 C        290   WISE DATABASE, SOIL MG013     
1246 WI       SOL WI_FRMG014 SCL      400   WISE DATABASE, SOIL MG014     
1247 WI       SOL WI_RGMG016 L        40    WISE DATABASE, SOIL MG016     
1248 WI       SOL WI_ANMG018 SIL      100   WISE DATABASE, SOIL MG018     
1249 WI       SOL WI_ACMG019 C        200   WISE DATABASE, SOIL MG019     
1250 WI       SOL WI_ACMG020 SIL      100   WISE DATABASE, SOIL MG020     
1251 WI       SOL WI_ACMG021 SICL     150   WISE DATABASE, SOIL MG021     
1252 WI       SOL WI_CMMG022 C        120   WISE DATABASE, SOIL MG022     
1253 WI       SOL WI_FRMG024 SICL     170   WISE DATABASE, SOIL MG024     
1254 WI       SOL WI_FRMG025 CL       160   WISE DATABASE, SOIL MG025     
1255 WI       SOL WI_ALMG026 C        200   WISE DATABASE, SOIL MG026     
1256 WI       SOL WI_CMMG028 C        150   WISE DATABASE, SOIL MG028     
1257 WI       SOL WI_CMMG029 SL       120   WISE DATABASE, SOIL MG029     
1258 WI       SOL WI_CMMG030 SC       120   WISE DATABASE, SOIL MG030     
1259 WI       SOL WI_FRMG034 C        200   WISE DATABASE, SOIL MG034     
1260 WI       SOL WI_ACML001 SIL      145   WISE DATABASE, SOIL ML001     
1261 WI       SOL WI_ACML003 SL       115   WISE DATABASE, SOIL ML003     
1262 WI       SOL WI_LVML004 SL       110   WISE DATABASE, SOIL ML004     
1263 WI       SOL WI_LVML005 LS       110   WISE DATABASE, SOIL ML005     
1264 WI       SOL WI_LVML006 LS       110   WISE DATABASE, SOIL ML006     
1265 WI       SOL WI_LVML007 LS       115   WISE DATABASE, SOIL ML007     
1266 WI       SOL WI_LPML008 L        33    WISE DATABASE, SOIL ML008     
1267 WI       SOL WI_PTML009 SL       201   WISE DATABASE, SOIL ML009     
1268 WI       SOL WI_LXML010 SL       211   WISE DATABASE, SOIL ML010     
1269 WI       SOL WI_ACML011 SL       208   WISE DATABASE, SOIL ML011     
1270 WI       SOL WI_PTML012 LS       201   WISE DATABASE, SOIL ML012     
1271 WI       SOL WI_PTML013 C        201   WISE DATABASE, SOIL ML013     
1272 WI       SOL WI_LXML014 S        201   WISE DATABASE, SOIL ML014     
1273 WI       SOL WI_NTMX005 C        145   WISE DATABASE, SOIL MX005     
1274 WI       SOL WI_ANMX006 L        134   WISE DATABASE, SOIL MX006     
1275 WI       SOL WI_CMMX014 C        293   WISE DATABASE, SOIL MX014     
1276 WI       SOL WI_PLMX016 LS       162   WISE DATABASE, SOIL MX016     
1277 WI       SOL WI_LVMX021 CL       190   WISE DATABASE, SOIL MX021     
1278 WI       SOL WI_ACMY002 SC       152   WISE DATABASE, SOIL MY002     
1279 WI       SOL WI_FRMY003 C        152   WISE DATABASE, SOIL MY003     
1280 WI       SOL WI_FRMY004 C        142   WISE DATABASE, SOIL MY004     
1281 WI       SOL WI_PTMY005 C        138   WISE DATABASE, SOIL MY005     
1282 WI       SOL WI_PTMY006 CL       140   WISE DATABASE, SOIL MY006     
1283 WI       SOL WI_PTMY007 CL       140   WISE DATABASE, SOIL MY007     
1284 WI       SOL WI_GLMY008 C        100   WISE DATABASE, SOIL MY008     
1285 WI       SOL WI_GLMY009 SL       137   WISE DATABASE, SOIL MY009     
1286 WI       SOL WI_FRMY012 SCL      100   WISE DATABASE, SOIL MY012     
1287 WI       SOL WI_NTMY017 CL       250   WISE DATABASE, SOIL MY017     
1288 WI       SOL WI_NTMY019 SL       250   WISE DATABASE, SOIL MY019     
1289 WI       SOL WI_FRMY021 SC       500   WISE DATABASE, SOIL MY021     
1290 WI       SOL WI_FRMY023 SCL      155   WISE DATABASE, SOIL MY023     
1291 WI       SOL WI_CMMY024 C        138   WISE DATABASE, SOIL MY024     
1292 WI       SOL WI_WSMZ002 LS       150   WISE DATABASE, SOIL MZ002     
1293 WI       SOL WI_LVMZ005 SCL      150   WISE DATABASE, SOIL MZ005     
1294 WI       SOL WI_CMMZ007 SCL      150   WISE DATABASE, SOIL MZ007     
1295 WI       SOL WI_CMMZ008 C        150   WISE DATABASE, SOIL MZ008     
1296 WI       SOL WI_FLMZ009 C        140   WISE DATABASE, SOIL MZ009     
1297 WI       SOL WI_FLNE001 C        110   WISE DATABASE, SOIL NE001     
1298 WI       SOL WI_FLNE004 SCL      125   WISE DATABASE, SOIL NE004     
1299 WI       SOL WI_FLNE006 C        130   WISE DATABASE, SOIL NE006     
1300 WI       SOL WI_LVNE007 S        140   WISE DATABASE, SOIL NE007     
1301 WI       SOL WI_ACNE008 S        201   WISE DATABASE, SOIL NE008     
1302 WI       SOL WI_ACNE009 S        211   WISE DATABASE, SOIL NE009     
1303 WI       SOL WI_PTNE010 SL       201   WISE DATABASE, SOIL NE010     
1304 WI       SOL WI_LXNE011 LS       201   WISE DATABASE, SOIL NE011     
1305 WI       SOL WI_ACNE012 LS       201   WISE DATABASE, SOIL NE012     
1306 WI       SOL WI_FLNE015 CL       196   WISE DATABASE, SOIL NE015     
1307 WI       SOL WI_ARNE016 S        201   WISE DATABASE, SOIL NE016     
1308 WI       SOL WI_CMNG001 SL       72    WISE DATABASE, SOIL NG001     
1309 WI       SOL WI_LXNG007 SL       167   WISE DATABASE, SOIL NG007     
1310 WI       SOL WI_LXNG008 SCL      165   WISE DATABASE, SOIL NG008     
1311 WI       SOL WI_PHNG009 SL       160   WISE DATABASE, SOIL NG009     
1312 WI       SOL WI_RGNG010 S        175   WISE DATABASE, SOIL NG010     
1313 WI       SOL WI_ANNI005 LS       30    WISE DATABASE, SOIL NI005     
1314 WI       SOL WI_CMNI016 L        150   WISE DATABASE, SOIL NI016     
1315 WI       SOL WI_PHNI019 L        114   WISE DATABASE, SOIL NI019     
1316 WI       SOL WI_GLNL003 S        140   WISE DATABASE, SOIL NL003     
1317 WI       SOL WI_ARNL004 S        100   WISE DATABASE, SOIL NL004     
1318 WI       SOL WI_LVNL005 SIL      140   WISE DATABASE, SOIL NL005     
1319 WI       SOL WI_PZNL011 LS       120   WISE DATABASE, SOIL NL011     
1320 WI       SOL WI_PZNL012 LS       65    WISE DATABASE, SOIL NL012     
1321 WI       SOL WI_LVNL013 SIL      120   WISE DATABASE, SOIL NL013     
1322 WI       SOL WI_LVNL014 SIL      280   WISE DATABASE, SOIL NL014     
1323 WI       SOL WI_RGNL015 S        65    WISE DATABASE, SOIL NL015     
1324 WI       SOL WI_GLNL017 SL       200   WISE DATABASE, SOIL NL017     
1325 WI       SOL WI_FLNL019 L        120   WISE DATABASE, SOIL NL019     
1326 WI       SOL WI_FLNL020 SIL      110   WISE DATABASE, SOIL NL020     
1327 WI       SOL WI_FLNL021 L        85    WISE DATABASE, SOIL NL021     
1328 WI       SOL WI_CMNO002 L        100   WISE DATABASE, SOIL NO002     
1329 WI       SOL WI_RGNP001 SL       50    WISE DATABASE, SOIL NP001     
1330 WI       SOL WI_CMNP002 L        120   WISE DATABASE, SOIL NP002     
1331 WI       SOL WI_FLNP003 SL       50    WISE DATABASE, SOIL NP003     
1332 WI       SOL WI_FLNP005 SIL      120   WISE DATABASE, SOIL NP005     
1333 WI       SOL WI_CMNP006 SIC      190   WISE DATABASE, SOIL NP006     
1334 WI       SOL WI_PDNP008 SIL      201   WISE DATABASE, SOIL NP008     
1335 WI       SOL WI_FLNP010 SL       137   WISE DATABASE, SOIL NP010     
1336 WI       SOL WI_CMPA001 C        165   WISE DATABASE, SOIL PA001     
1337 WI       SOL WI_PHPA002 SIC      136   WISE DATABASE, SOIL PA002     
1338 WI       SOL WI_GLPA003 SICL     103   WISE DATABASE, SOIL PA003     
1339 WI       SOL WI_ACPA004 SL       180   WISE DATABASE, SOIL PA004     
1340 WI       SOL WI_CMPA011 C        97    WISE DATABASE, SOIL PA011     
1341 WI       SOL WI_ACPA012 C        114   WISE DATABASE, SOIL PA012     
1342 WI       SOL WI_CMPA013 SICL     110   WISE DATABASE, SOIL PA013     
1343 WI       SOL WI_CMPE002 L        100   WISE DATABASE, SOIL PE002     
1344 WI       SOL WI_LVPE003 SL       120   WISE DATABASE, SOIL PE003     
1345 WI       SOL WI_ACPE004 CL       120   WISE DATABASE, SOIL PE004     
1346 WI       SOL WI_LVPE005 SL       120   WISE DATABASE, SOIL PE005     
1347 WI       SOL WI_NTPE007 L        120   WISE DATABASE, SOIL PE007     
1348 WI       SOL WI_ACPE008 L        140   WISE DATABASE, SOIL PE008     
1349 WI       SOL WI_FLPE009 L        200   WISE DATABASE, SOIL PE009     
1350 WI       SOL WI_FLPE010 L        125   WISE DATABASE, SOIL PE010     
1351 WI       SOL WI_FLPE011 SCL      90    WISE DATABASE, SOIL PE011     
1352 WI       SOL WI_ARPE012 LS       80    WISE DATABASE, SOIL PE012     
1353 WI       SOL WI_ALPE013 L        100   WISE DATABASE, SOIL PE013     
1354 WI       SOL WI_GYPE016 S        105   WISE DATABASE, SOIL PE016     
1355 WI       SOL WI_ACPE019 C        180   WISE DATABASE, SOIL PE019     
1356 WI       SOL WI_ACPE020 LS       170   WISE DATABASE, SOIL PE020     
1357 WI       SOL WI_FLPE021 SL       70    WISE DATABASE, SOIL PE021     
1358 WI       SOL WI_LPPE023 SIL      30    WISE DATABASE, SOIL PE023     
1359 WI       SOL WI_ANPE025 L        140   WISE DATABASE, SOIL PE025     
1360 WI       SOL WI_FLPE028 L        200   WISE DATABASE, SOIL PE028     
1361 WI       SOL WI_GLPG004 SL       100   WISE DATABASE, SOIL PG004     
1362 WI       SOL WI_CMPG010 SCL      120   WISE DATABASE, SOIL PG010     
1363 WI       SOL WI_LVPG016 L        180   WISE DATABASE, SOIL PG016     
1364 WI       SOL WI_ACPG017 C        200   WISE DATABASE, SOIL PG017     
1365 WI       SOL WI_FRPG018 C        402   WISE DATABASE, SOIL PG018     
1366 WI       SOL WI_ACPG022 C        200   WISE DATABASE, SOIL PG022     
1367 WI       SOL WI_ACPG024 C        145   WISE DATABASE, SOIL PG024     
1368 WI       SOL WI_CMPG028 C        200   WISE DATABASE, SOIL PG028     
1369 WI       SOL WI_CMPG029 C        220   WISE DATABASE, SOIL PG029     
1370 WI       SOL WI_NTPG031 C        210   WISE DATABASE, SOIL PG031     
1371 WI       SOL WI_ACPH005 C        120   WISE DATABASE, SOIL PH005     
1372 WI       SOL WI_ANPH007 SCL      90    WISE DATABASE, SOIL PH007     
1373 WI       SOL WI_ANPH012 SL       85    WISE DATABASE, SOIL PH012     
1374 WI       SOL WI_ANPH014 SL       75    WISE DATABASE, SOIL PH014     
1375 WI       SOL WI_FRPH026 C        195   WISE DATABASE, SOIL PH026     
1376 WI       SOL WI_GLPH030 SIC      130   WISE DATABASE, SOIL PH030     
1377 WI       SOL WI_FLPH048 SL       154   WISE DATABASE, SOIL PH048     
1378 WI       SOL WI_CMPH049 L        141   WISE DATABASE, SOIL PH049     
1379 WI       SOL WI_ACPH050 C        152   WISE DATABASE, SOIL PH050     
1380 WI       SOL WI_ALPH053 SL       150   WISE DATABASE, SOIL PH053     
1381 WI       SOL WI_FRPH062 C        200   WISE DATABASE, SOIL PH062     
1382 WI       SOL WI_ALPH064 C        136   WISE DATABASE, SOIL PH064     
1383 WI       SOL WI_CMPH067 C        150   WISE DATABASE, SOIL PH067     
1384 WI       SOL WI_ATPK037 L        175   WISE DATABASE, SOIL PK037     
1385 WI       SOL WI_LPPL002 CL       50    WISE DATABASE, SOIL PL002     
1386 WI       SOL WI_CHPL005 SIL      180   WISE DATABASE, SOIL PL005     
1387 WI       SOL WI_LVPL008 SIL      170   WISE DATABASE, SOIL PL008     
1388 WI       SOL WI_CMPL009 SIL      220   WISE DATABASE, SOIL PL009     
1389 WI       SOL WI_LVPL012 SL       125   WISE DATABASE, SOIL PL012     
1390 WI       SOL WI_CHPL015 C        150   WISE DATABASE, SOIL PL015     
1391 WI       SOL WI_CHPL018 SIC      150   WISE DATABASE, SOIL PL018     
1392 WI       SOL WI_ARPL022 LS       106   WISE DATABASE, SOIL PL022     
1393 WI       SOL WI_CMPL029 SL       150   WISE DATABASE, SOIL PL029     
1394 WI       SOL WI_LVPL036 LS       150   WISE DATABASE, SOIL PL036     
1395 WI       SOL WI_PDPL037 LS       118   WISE DATABASE, SOIL PL037     
1396 WI       SOL WI_ACPR001 C        180   WISE DATABASE, SOIL PR001     
1397 WI       SOL WI_ACPT001 SIL      155   WISE DATABASE, SOIL PT001     
1398 WI       SOL WI_LVPT003 C        70    WISE DATABASE, SOIL PT003     
1399 WI       SOL WI_LVPT005 C        90    WISE DATABASE, SOIL PT005     
1400 WI       SOL WI_LVPT006 L        70    WISE DATABASE, SOIL PT006     
1401 WI       SOL WI_LVPT009 SL       85    WISE DATABASE, SOIL PT009     
1402 WI       SOL WI_ANPT011 CL       120   WISE DATABASE, SOIL PT011     
1403 WI       SOL WI_ANPT017 C        60    WISE DATABASE, SOIL PT017     
1404 WI       SOL WI_VRPT018 C        80    WISE DATABASE, SOIL PT018     
1405 WI       SOL WI_CMPT019 CL       75    WISE DATABASE, SOIL PT019     
1406 WI       SOL WI_CMPT020 C        120   WISE DATABASE, SOIL PT020     
1407 WI       SOL WI_CMPT021 CL       80    WISE DATABASE, SOIL PT021     
1408 WI       SOL WI_CMPT022 C        125   WISE DATABASE, SOIL PT022     
1409 WI       SOL WI_CMPT023 CL       90    WISE DATABASE, SOIL PT023     
1410 WI       SOL WI_CMPT025 C        95    WISE DATABASE, SOIL PT025     
1411 WI       SOL WI_CMPT026 C        85    WISE DATABASE, SOIL PT026     
1412 WI       SOL WI_CLPT027 C        42    WISE DATABASE, SOIL PT027     
1413 WI       SOL WI_PHPT028 C        100   WISE DATABASE, SOIL PT028     
1414 WI       SOL WI_PHPT029 CL       85    WISE DATABASE, SOIL PT029     
1415 WI       SOL WI_PHPT031 L        80    WISE DATABASE, SOIL PT031     
1416 WI       SOL WI_KSRO001 SIL      145   WISE DATABASE, SOIL RO001     
1417 WI       SOL WI_PHRO005 CL       105   WISE DATABASE, SOIL RO005     
1418 WI       SOL WI_PHRO006 SIC      160   WISE DATABASE, SOIL RO006     
1419 WI       SOL WI_PHRO016 SCL      120   WISE DATABASE, SOIL RO016     
1420 WI       SOL WI_CMRU004 SL       60    WISE DATABASE, SOIL RU004     
1421 WI       SOL WI_GLRU006 C        44    WISE DATABASE, SOIL RU006     
1422 WI       SOL WI_CMRU010 L        85    WISE DATABASE, SOIL RU010     
1423 WI       SOL WI_CMRW003 C        150   WISE DATABASE, SOIL RW003     
1424 WI       SOL WI_FRRW007 CL       170   WISE DATABASE, SOIL RW007     
1425 WI       SOL WI_FRRW008 SC       176   WISE DATABASE, SOIL RW008     
1426 WI       SOL WI_VRRW009 SCL      198   WISE DATABASE, SOIL RW009     
1427 WI       SOL WI_FRRW012 C        170   WISE DATABASE, SOIL RW012     
1428 WI       SOL WI_FLSD007 SIL      190   WISE DATABASE, SOIL SD007     
1429 WI       SOL WI_RGSD023 SL       55    WISE DATABASE, SOIL SD023     
1430 WI       SOL WI_CMSD024 C        175   WISE DATABASE, SOIL SD024     
1431 WI       SOL WI_VRSD037 C        190   WISE DATABASE, SOIL SD037     
1432 WI       SOL WI_VRSD040 C        200   WISE DATABASE, SOIL SD040     
1433 WI       SOL WI_LVSD057 SCL      80    WISE DATABASE, SOIL SD057     
1434 WI       SOL WI_PHSE002 SL       140   WISE DATABASE, SOIL SE002     
1435 WI       SOL WI_CMSE003 SL       90    WISE DATABASE, SOIL SE003     
1436 WI       SOL WI_CMSE011 SIC      125   WISE DATABASE, SOIL SE011     
1437 WI       SOL WI_CMSL003 SCL      165   WISE DATABASE, SOIL SL003     
1438 WI       SOL WI_ACSL005 SL       130   WISE DATABASE, SOIL SL005     
1439 WI       SOL WI_ACSL007 SL       173   WISE DATABASE, SOIL SL007     
1440 WI       SOL WI_CMSL008 SCL      170   WISE DATABASE, SOIL SL008     
1441 WI       SOL WI_CMSL009 SL       64    WISE DATABASE, SOIL SL009     
1442 WI       SOL WI_CMSN001 LS       110   WISE DATABASE, SOIL SN001     
1443 WI       SOL WI_GLSN003 SL       90    WISE DATABASE, SOIL SN003     
1444 WI       SOL WI_FLSN006 SL       140   WISE DATABASE, SOIL SN006     
1445 WI       SOL WI_FLSN010 C        80    WISE DATABASE, SOIL SN010     
1446 WI       SOL WI_GLSN011 SL       140   WISE DATABASE, SOIL SN011     
1447 WI       SOL WI_FLSO002 SICL     200   WISE DATABASE, SOIL SO002     
1448 WI       SOL WI_VRSO005 C        170   WISE DATABASE, SOIL SO005     
1449 WI       SOL WI_GLSR005 SL       130   WISE DATABASE, SOIL SR005     
1450 WI       SOL WI_NTSR006 SCL      150   WISE DATABASE, SOIL SR006     
1451 WI       SOL WI_FRSR007 SC       150   WISE DATABASE, SOIL SR007     
1452 WI       SOL WI_FRSR009 LS       95    WISE DATABASE, SOIL SR009     
1453 WI       SOL WI_FRSR010 S        220   WISE DATABASE, SOIL SR010     
1454 WI       SOL WI_FRSR012 LS       170   WISE DATABASE, SOIL SR012     
1455 WI       SOL WI_PZSR014 LS       180   WISE DATABASE, SOIL SR014     
1456 WI       SOL WI_PHSV001 C        150   WISE DATABASE, SOIL SV001     
1457 WI       SOL WI_PHSV004 C        120   WISE DATABASE, SOIL SV004     
1458 WI       SOL WI_RGTG001 LS       100   WISE DATABASE, SOIL TG001     
1459 WI       SOL WI_CMTG003 SL       200   WISE DATABASE, SOIL TG003     
1460 WI       SOL WI_VRTG005 SL       140   WISE DATABASE, SOIL TG005     
1461 WI       SOL WI_ACTG008 LS       200   WISE DATABASE, SOIL TG008     
1462 WI       SOL WI_FLTH001 C        80    WISE DATABASE, SOIL TH001     
1463 WI       SOL WI_FLTH005 C        100   WISE DATABASE, SOIL TH005     
1464 WI       SOL WI_GLTH006 SL       100   WISE DATABASE, SOIL TH006     
1465 WI       SOL WI_GLTH008 SL       100   WISE DATABASE, SOIL TH008     
1466 WI       SOL WI_FLTH009 C        100   WISE DATABASE, SOIL TH009     
1467 WI       SOL WI_FLTH010 C        90    WISE DATABASE, SOIL TH010     
1468 WI       SOL WI_FLTH011 C        90    WISE DATABASE, SOIL TH011     
1469 WI       SOL WI_FLTH013 C        100   WISE DATABASE, SOIL TH013     
1470 WI       SOL WI_FLTH015 C        100   WISE DATABASE, SOIL TH015     
1471 WI       SOL WI_GLTH016 L        100   WISE DATABASE, SOIL TH016     
1472 WI       SOL WI_GLTH017 CL       100   WISE DATABASE, SOIL TH017     
1473 WI       SOL WI_GLTH018 CL       100   WISE DATABASE, SOIL TH018     
1474 WI       SOL WI_NTTH020 SL       190   WISE DATABASE, SOIL TH020     
1475 WI       SOL WI_FRTH026 CL       180   WISE DATABASE, SOIL TH026     
1476 WI       SOL WI_FRTH029 SCL      180   WISE DATABASE, SOIL TH029     
1477 WI       SOL WI_ACTH030 SL       180   WISE DATABASE, SOIL TH030     
1478 WI       SOL WI_FLTH036 SIC      130   WISE DATABASE, SOIL TH036     
1479 WI       SOL WI_GLTH041 C        125   WISE DATABASE, SOIL TH041     
1480 WI       SOL WI_LVTH042 SL       80    WISE DATABASE, SOIL TH042     
1481 WI       SOL WI_LVTH043 SIL      70    WISE DATABASE, SOIL TH043     
1482 WI       SOL WI_CMTH045 C        115   WISE DATABASE, SOIL TH045     
1483 WI       SOL WI_FRTH047 C        70    WISE DATABASE, SOIL TH047     
1484 WI       SOL WI_CMTH048 SL       85    WISE DATABASE, SOIL TH048     
1485 WI       SOL WI_ACTH049 LS       150   WISE DATABASE, SOIL TH049     
1486 WI       SOL WI_CMTH050 SL       135   WISE DATABASE, SOIL TH050     
1487 WI       SOL WI_ALTH052 SIL      161   WISE DATABASE, SOIL TH052     
1488 WI       SOL WI_CMTH054 L        68    WISE DATABASE, SOIL TH054     
1489 WI       SOL WI_SNTH057 LS       180   WISE DATABASE, SOIL TH057     
1490 WI       SOL WI_SNTH058 LS       180   WISE DATABASE, SOIL TH058     
1491 WI       SOL WI_ACTH061 SI       180   WISE DATABASE, SOIL TH061     
1492 WI       SOL WI_PLTH062 SIL      170   WISE DATABASE, SOIL TH062     
1493 WI       SOL WI_ARTH065 LS       130   WISE DATABASE, SOIL TH065     
1494 WI       SOL WI_ACTH066 L        127   WISE DATABASE, SOIL TH066     
1495 WI       SOL WI_LVTH067 SL       120   WISE DATABASE, SOIL TH067     
1496 WI       SOL WI_LVTH071 CL       200   WISE DATABASE, SOIL TH071     
1497 WI       SOL WI_ACTH072 SCL      180   WISE DATABASE, SOIL TH072     
1498 WI       SOL WI_FLTH073 SL       180   WISE DATABASE, SOIL TH073     
1499 WI       SOL WI_VRTN009 C        145   WISE DATABASE, SOIL TN009     
1500 WI       SOL WI_CLTR001 C        57    WISE DATABASE, SOIL TR001     
1501 WI       SOL WI_VRTR007 C        135   WISE DATABASE, SOIL TR007     
1502 WI       SOL WI_CLTR008 SIC      136   WISE DATABASE, SOIL TR008     
1503 WI       SOL WI_CLTR009 C        150   WISE DATABASE, SOIL TR009     
1504 WI       SOL WI_LVTR011 L        55    WISE DATABASE, SOIL TR011     
1505 WI       SOL WI_PHTR013 L        150   WISE DATABASE, SOIL TR013     
1506 WI       SOL WI_CMTR019 SIL      50    WISE DATABASE, SOIL TR019     
1507 WI       SOL WI_RGTR020 L        150   WISE DATABASE, SOIL TR020     
1508 WI       SOL WI_LVTR021 CL       110   WISE DATABASE, SOIL TR021     
1509 WI       SOL WI_CMTR023 L        150   WISE DATABASE, SOIL TR023     
1510 WI       SOL WI_LVTR024 L        350   WISE DATABASE, SOIL TR024     
1511 WI       SOL WI_ANTR026 SL       40    WISE DATABASE, SOIL TR026     
1512 WI       SOL WI_FLTR028 SICL     150   WISE DATABASE, SOIL TR028     
1513 WI       SOL WI_FLTR031 C        120   WISE DATABASE, SOIL TR031     
1514 WI       SOL WI_FLTR032 SIC      100   WISE DATABASE, SOIL TR032     
1515 WI       SOL WI_FLTR033 L        120   WISE DATABASE, SOIL TR033     
1516 WI       SOL WI_CMTR038 L        51    WISE DATABASE, SOIL TR038     
1517 WI       SOL WI_LVTR041 L        85    WISE DATABASE, SOIL TR041     
1518 WI       SOL WI_CMTR042 L        69    WISE DATABASE, SOIL TR042     
1519 WI       SOL WI_LVTR043 L        100   WISE DATABASE, SOIL TR043     
1520 WI       SOL WI_PHTR047 C        85    WISE DATABASE, SOIL TR047     
1521 WI       SOL WI_FRTW001 CL       217   WISE DATABASE, SOIL TW001     
1522 WI       SOL WI_ACTZ001 LS       200   WISE DATABASE, SOIL TZ001     
1523 WI       SOL WI_ACTZ002 S        200   WISE DATABASE, SOIL TZ002     
1524 WI       SOL WI_GLTZ006 L        80    WISE DATABASE, SOIL TZ006     
1525 WI       SOL WI_PHTZ021 CL       123   WISE DATABASE, SOIL TZ021     
1526 WI       SOL WI_PHTZ024 C        225   WISE DATABASE, SOIL TZ024     
1527 WI       SOL WI_PHTZ026 CL       172   WISE DATABASE, SOIL TZ026     
1528 WI       SOL WI_PHTZ029 CL       200   WISE DATABASE, SOIL TZ029     
1529 WI       SOL WI_PHTZ030 C        140   WISE DATABASE, SOIL TZ030     
1530 WI       SOL WI_PHTZ032 CL       200   WISE DATABASE, SOIL TZ032     
1531 WI       SOL WI_LVTZ034 C        200   WISE DATABASE, SOIL TZ034     
1532 WI       SOL WI_LVTZ036 C        120   WISE DATABASE, SOIL TZ036     
1533 WI       SOL WI_LVTZ037 CL       170   WISE DATABASE, SOIL TZ037     
1534 WI       SOL WI_LVTZ038 C        198   WISE DATABASE, SOIL TZ038     
1535 WI       SOL WI_LVTZ039 C        160   WISE DATABASE, SOIL TZ039     
1536 WI       SOL WI_LVTZ041 C        205   WISE DATABASE, SOIL TZ041     
1537 WI       SOL WI_LVTZ042 CL       108   WISE DATABASE, SOIL TZ042     
1538 WI       SOL WI_LVTZ043 C        75    WISE DATABASE, SOIL TZ043     
1539 WI       SOL WI_CMTZ045 LS       140   WISE DATABASE, SOIL TZ045     
1540 WI       SOL WI_CMTZ046 SL       85    WISE DATABASE, SOIL TZ046     
1541 WI       SOL WI_LVTZ048 SL       140   WISE DATABASE, SOIL TZ048     
1542 WI       SOL WI_PHTZ049 SCL      200   WISE DATABASE, SOIL TZ049     
1543 WI       SOL WI_PHTZ051 SCL      205   WISE DATABASE, SOIL TZ051     
1544 WI       SOL WI_RGTZ053 LS       100   WISE DATABASE, SOIL TZ053     
1545 WI       SOL WI_RGTZ055 SL       25    WISE DATABASE, SOIL TZ055     
1546 WI       SOL WI_ARTZ058 LS       185   WISE DATABASE, SOIL TZ058     
1547 WI       SOL WI_ARTZ059 LS       145   WISE DATABASE, SOIL TZ059     
1548 WI       SOL WI_ARTZ060 LS       150   WISE DATABASE, SOIL TZ060     
1549 WI       SOL WI_CMTZ061 LS       110   WISE DATABASE, SOIL TZ061     
1550 WI       SOL WI_CMTZ062 LS       175   WISE DATABASE, SOIL TZ062     
1551 WI       SOL WI_CMTZ065 SL       105   WISE DATABASE, SOIL TZ065     
1552 WI       SOL WI_CMTZ067 SL       135   WISE DATABASE, SOIL TZ067     
1553 WI       SOL WI_CMTZ068 SL       120   WISE DATABASE, SOIL TZ068     
1554 WI       SOL WI_CMTZ069 SCL      180   WISE DATABASE, SOIL TZ069     
1555 WI       SOL WI_FRTZ070 SL       140   WISE DATABASE, SOIL TZ070     
1556 WI       SOL WI_FRTZ071 SL       110   WISE DATABASE, SOIL TZ071     
1557 WI       SOL WI_FRTZ072 SL       180   WISE DATABASE, SOIL TZ072     
1558 WI       SOL WI_FRTZ073 SCL      200   WISE DATABASE, SOIL TZ073     
1559 WI       SOL WI_FRTZ074 SL       150   WISE DATABASE, SOIL TZ074     
1560 WI       SOL WI_FRTZ075 SL       150   WISE DATABASE, SOIL TZ075     
1561 WI       SOL WI_CMTZ076 SL       140   WISE DATABASE, SOIL TZ076     
1562 WI       SOL WI_ARTZ090 S        130   WISE DATABASE, SOIL TZ090     
1563 WI       SOL WI_CMTZ091 LS       100   WISE DATABASE, SOIL TZ091     
1564 WI       SOL WI_CMTZ092 LS       95    WISE DATABASE, SOIL TZ092     
1565 WI       SOL WI_GLTZ093 SL       155   WISE DATABASE, SOIL TZ093     
1566 WI       SOL WI_GLTZ094 SC       135   WISE DATABASE, SOIL TZ094     
1567 WI       SOL WI_GLTZ095 LS       140   WISE DATABASE, SOIL TZ095     
1568 WI       SOL WI_GLUA006 SIC      230   WISE DATABASE, SOIL UA006     
1569 WI       SOL WI_FRUG002 C        195   WISE DATABASE, SOIL UG002     
1570 WI       SOL WI_FRUG005 SCL      142   WISE DATABASE, SOIL UG005     
1571 WI       SOL WI_GLUG006 SCL      205   WISE DATABASE, SOIL UG006     
1572 WI       SOL WI_LXUG007 SCL      200   WISE DATABASE, SOIL UG007     
1573 WI       SOL WI_FRUG008 C        200   WISE DATABASE, SOIL UG008     
1574 WI       SOL WI_ACUG010 SL       160   WISE DATABASE, SOIL UG010     
1575 WI       SOL WI_ACUG012 C        191   WISE DATABASE, SOIL UG012     
1576 WI       SOL WI_ACUS013 SL       375   WISE DATABASE, SOIL US013     
1577 WI       SOL WI_ACUS014 SL       283   WISE DATABASE, SOIL US014     
1578 WI       SOL WI_PDUS015 L        150   WISE DATABASE, SOIL US015     
1579 WI       SOL WI_ACUS029 S        216   WISE DATABASE, SOIL US029     
1580 WI       SOL WI_NTUS032 L        178   WISE DATABASE, SOIL US032     
1581 WI       SOL WI_CMUS033 SL       187   WISE DATABASE, SOIL US033     
1582 WI       SOL WI_CHUS035 SICL     203   WISE DATABASE, SOIL US035     
1583 WI       SOL WI_PDUS037 SIL      284   WISE DATABASE, SOIL US037     
1584 WI       SOL WI_ACUS038 SL       203   WISE DATABASE, SOIL US038     
1585 WI       SOL WI_ACUS048 SL       200   WISE DATABASE, SOIL US048     
1586 WI       SOL WI_GLUS049 SIL      152   WISE DATABASE, SOIL US049     
1587 WI       SOL WI_RGUS051 SIL      152   WISE DATABASE, SOIL US051     
1588 WI       SOL WI_ACUS055 LS       215   WISE DATABASE, SOIL US055     
1589 WI       SOL WI_LXUS056 LS       200   WISE DATABASE, SOIL US056     
1590 WI       SOL WI_LVUS059 SIL      170   WISE DATABASE, SOIL US059     
1591 WI       SOL WI_CMUS079 SICL     152   WISE DATABASE, SOIL US079     
1592 WI       SOL WI_FRUS089 S        203   WISE DATABASE, SOIL US089     
1593 WI       SOL WI_LVUS090 L        152   WISE DATABASE, SOIL US090     
1594 WI       SOL WI_LVUS093 L        178   WISE DATABASE, SOIL US093     
1595 WI       SOL WI_ACUS096 SL       200   WISE DATABASE, SOIL US096     
1596 WI       SOL WI_PHUS116 SL       152   WISE DATABASE, SOIL US116     
1597 WI       SOL WI_ARUS118 S        180   WISE DATABASE, SOIL US118     
1598 WI       SOL WI_LVUS122 SIL      152   WISE DATABASE, SOIL US122     
1599 WI       SOL WI_PHUS124 SICL     152   WISE DATABASE, SOIL US124     
1600 WI       SOL WI_PHUS126 SIL      168   WISE DATABASE, SOIL US126     
1601 WI       SOL WI_ALUS129 SIL      61    WISE DATABASE, SOIL US129     
1602 WI       SOL WI_CLUS131 L        152   WISE DATABASE, SOIL US131     
1603 WI       SOL WI_ALUS136 SL       325   WISE DATABASE, SOIL US136     
1604 WI       SOL WI_CMUS138 SIC      206   WISE DATABASE, SOIL US138     
1605 WI       SOL WI_PHUS141 SIL      236   WISE DATABASE, SOIL US141     
1606 WI       SOL WI_CMUS143 SL       152   WISE DATABASE, SOIL US143     
1607 WI       SOL WI_ALUS146 SIL      203   WISE DATABASE, SOIL US146     
1608 WI       SOL WI_ACUY001 LS       77    WISE DATABASE, SOIL UY001     
1609 WI       SOL WI_CMUY002 C        70    WISE DATABASE, SOIL UY002     
1610 WI       SOL WI_PHUY005 L        95    WISE DATABASE, SOIL UY005     
1611 WI       SOL WI_SNUY006 SIL      90    WISE DATABASE, SOIL UY006     
1612 WI       SOL WI_PLUY008 SIL      110   WISE DATABASE, SOIL UY008     
1613 WI       SOL WI_GLUY010 SL       110   WISE DATABASE, SOIL UY010     
1614 WI       SOL WI_PHUY011 SIL      73    WISE DATABASE, SOIL UY011     
1615 WI       SOL WI_PHUY013 SL       100   WISE DATABASE, SOIL UY013     
1616 WI       SOL WI_LVUY018 SL       152   WISE DATABASE, SOIL UY018     
1617 WI       SOL WI_ACUY019 SCL      114   WISE DATABASE, SOIL UY019     
1618 WI       SOL WI_PHUY022 SICL     42    WISE DATABASE, SOIL UY022     
1619 WI       SOL WI_ARUY024 S        100   WISE DATABASE, SOIL UY024     
1620 WI       SOL WI_PLUY025 SIC      154   WISE DATABASE, SOIL UY025     
1621 WI       SOL WI_PHUY028 SCL      104   WISE DATABASE, SOIL UY028     
1622 WI       SOL WI_LVUY032 L        102   WISE DATABASE, SOIL UY032     
1623 WI       SOL WI_LPUY034 SL       20    WISE DATABASE, SOIL UY034     
1624 WI       SOL WI_LPUY035 LS       30    WISE DATABASE, SOIL UY035     
1625 WI       SOL WI_PHUY036 SCL      120   WISE DATABASE, SOIL UY036     
1626 WI       SOL WI_VRUY037 CL       111   WISE DATABASE, SOIL UY037     
1627 WI       SOL WI_PHUY039 CL       58    WISE DATABASE, SOIL UY039     
1628 WI       SOL WI_PHUY040 SL       115   WISE DATABASE, SOIL UY040     
1629 WI       SOL WI_PHUY042 SL       129   WISE DATABASE, SOIL UY042     
1630 WI       SOL WI_PHUY044 SL       82    WISE DATABASE, SOIL UY044     
1631 WI       SOL WI_LVUY045 CL       34    WISE DATABASE, SOIL UY045     
1632 WI       SOL WI_PHUY047 SCL      100   WISE DATABASE, SOIL UY047     
1633 WI       SOL WI_VRUY048 C        90    WISE DATABASE, SOIL UY048     
1634 WI       SOL WI_LPUY053 CL       25    WISE DATABASE, SOIL UY053     
1635 WI       SOL WI_GLUY060 SICL     195   WISE DATABASE, SOIL UY060     
1636 WI       SOL WI_PHUY065 L        100   WISE DATABASE, SOIL UY065     
1637 WI       SOL WI_PHUY072 SL       60    WISE DATABASE, SOIL UY072     
1638 WI       SOL WI_CLUZ001 SIL      205   WISE DATABASE, SOIL UZ001     
1639 WI       SOL WI_FLUZ002 SICL     170   WISE DATABASE, SOIL UZ002     
1640 WI       SOL WI_GYUZ003 L        176   WISE DATABASE, SOIL UZ003     
1641 WI       SOL WI_CMUZ005 SIL      215   WISE DATABASE, SOIL UZ005     
1642 WI       SOL WI_FLUZ006 C        110   WISE DATABASE, SOIL UZ006     
1643 WI       SOL WI_CMVE003 CL       95    WISE DATABASE, SOIL VE003     
1644 WI       SOL WI_ACVE005 SL       130   WISE DATABASE, SOIL VE005     
1645 WI       SOL WI_ACVE007 SL       190   WISE DATABASE, SOIL VE007     
1646 WI       SOL WI_ACVE008 L        142   WISE DATABASE, SOIL VE008     
1647 WI       SOL WI_ACVE009 SL       250   WISE DATABASE, SOIL VE009     
1648 WI       SOL WI_ACVE010 SIC      180   WISE DATABASE, SOIL VE010     
1649 WI       SOL WI_ACVE012 S        200   WISE DATABASE, SOIL VE012     
1650 WI       SOL WI_ACVE013 S        170   WISE DATABASE, SOIL VE013     
1651 WI       SOL WI_VRVE015 C        150   WISE DATABASE, SOIL VE015     
1652 WI       SOL WI_ALVE016 SICL     120   WISE DATABASE, SOIL VE016     
1653 WI       SOL WI_CMVE017 SICL     119   WISE DATABASE, SOIL VE017     
1654 WI       SOL WI_ALVE018 L        160   WISE DATABASE, SOIL VE018     
1655 WI       SOL WI_FLVE019 CL       140   WISE DATABASE, SOIL VE019     
1656 WI       SOL WI_ACVE021 S        200   WISE DATABASE, SOIL VE021     
1657 WI       SOL WI_FLYE014 LS       150   WISE DATABASE, SOIL YE014     
1658 WI       SOL WI_CMYE017 SL       120   WISE DATABASE, SOIL YE017     
1659 WI       SOL WI_CMYE034 L        110   WISE DATABASE, SOIL YE034     
1660 WI       SOL WI_CLYE035 SL       100   WISE DATABASE, SOIL YE035     
1661 WI       SOL WI_CMYE041 SL       120   WISE DATABASE, SOIL YE041     
1662 WI       SOL WI_FLYE042 SL       120   WISE DATABASE, SOIL YE042     
1663 WI       SOL WI_FLYE043 SIL      120   WISE DATABASE, SOIL YE043     
1664 WI       SOL WI_CLYE045 SIL      110   WISE DATABASE, SOIL YE045     
1665 WI       SOL WI_FLYE047 L        115   WISE DATABASE, SOIL YE047     
1666 WI       SOL WI_CLYE048 SICL     100   WISE DATABASE, SOIL YE048     
1667 WI       SOL WI_FLYE059 SIL      105   WISE DATABASE, SOIL YE059     
1668 WI       SOL WI_CMYE062 L        90    WISE DATABASE, SOIL YE062     
1669 WI       SOL WI_CMYE064 SCL      140   WISE DATABASE, SOIL YE064     
1670 WI       SOL WI_CMYE065 CL       100   WISE DATABASE, SOIL YE065     
1671 WI       SOL WI_CLYE066 SIL      150   WISE DATABASE, SOIL YE066     
1672 WI       SOL WI_CLYE067 SL       110   WISE DATABASE, SOIL YE067     
1673 WI       SOL WI_CMYE069 SL       130   WISE DATABASE, SOIL YE069     
1674 WI       SOL WI_CLYE072 SL       120   WISE DATABASE, SOIL YE072     
1675 WI       SOL WI_CMYE073 L        120   WISE DATABASE, SOIL YE073     
1676 WI       SOL WI_FLYE074 SL       120   WISE DATABASE, SOIL YE074     
1677 WI       SOL WI_CMYE076 SIL      120   WISE DATABASE, SOIL YE076     
1678 WI       SOL WI_CLYE078 SL       120   WISE DATABASE, SOIL YE078     
1679 WI       SOL WI_CMYE087 SCL      120   WISE DATABASE, SOIL YE087     
1680 WI       SOL WI_CMYE088 SCL      100   WISE DATABASE, SOIL YE088     
1681 WI       SOL WI_CMYE090 L        160   WISE DATABASE, SOIL YE090     
1682 WI       SOL WI_CMYE092 CL       150   WISE DATABASE, SOIL YE092     
1683 WI       SOL WI_CMYE093 L        198   WISE DATABASE, SOIL YE093     
1684 WI       SOL WI_CMYE094 SL       205   WISE DATABASE, SOIL YE094     
1685 WI       SOL WI_FLYE096 SL       120   WISE DATABASE, SOIL YE096     
1686 WI       SOL WI_FLYE099 L        120   WISE DATABASE, SOIL YE099     
1687 WI       SOL WI_CLYE102 L        120   WISE DATABASE, SOIL YE102     
1688 WI       SOL WI_FLYE103 SL       20    WISE DATABASE, SOIL YE103     
1689 WI       SOL WI_FLYE105 CL       20    WISE DATABASE, SOIL YE105     
1690 WI       SOL WI_FLYE106 L        20    WISE DATABASE, SOIL YE106     
1691 WI       SOL WI_CMYE108 CL       40    WISE DATABASE, SOIL YE108     
1692 WI       SOL WI_CMYE109 L        80    WISE DATABASE, SOIL YE109     
1693 WI       SOL WI_FLYE120 LS       150   WISE DATABASE, SOIL YE120     
1694 WI       SOL WI_FLYE121 SL       40    WISE DATABASE, SOIL YE121     
1695 WI       SOL WI_FLYE122 SIL      120   WISE DATABASE, SOIL YE122     
1696 WI       SOL WI_FLYE123 L        110   WISE DATABASE, SOIL YE123     
1697 WI       SOL WI_FLYE124 L        120   WISE DATABASE, SOIL YE124     
1698 WI       SOL WI_CMYE125 LS       30    WISE DATABASE, SOIL YE125     
1699 WI       SOL WI_FLYE137 L        20    WISE DATABASE, SOIL YE137     
1700 WI       SOL WI_FLYE138 CL       20    WISE DATABASE, SOIL YE138     
1701 WI       SOL WI_FLYE139 L        120   WISE DATABASE, SOIL YE139     
1702 WI       SOL WI_FLYE141 SL       20    WISE DATABASE, SOIL YE141     
1703 WI       SOL WI_FLYE143 L        20    WISE DATABASE, SOIL YE143     
1704 WI       SOL WI_FLYE157 L        140   WISE DATABASE, SOIL YE157     
1705 WI       SOL WI_FLYE167 CL       30    WISE DATABASE, SOIL YE167     
1706 WI       SOL WI_ARYE168 LS       20    WISE DATABASE, SOIL YE168     
1707 WI       SOL WI_FLYE169 L        120   WISE DATABASE, SOIL YE169     
1708 WI       SOL WI_FLYE171 SL       95    WISE DATABASE, SOIL YE171     
1709 WI       SOL WI_FLYE172 SL       107   WISE DATABASE, SOIL YE172     
1710 WI       SOL WI_SNYE175 L        154   WISE DATABASE, SOIL YE175     
1711 WI       SOL WI_FLYE179 LS       150   WISE DATABASE, SOIL YE179     
1712 WI       SOL WI_FLYE180 S        160   WISE DATABASE, SOIL YE180     
1713 WI       SOL WI_FLYE182 S        125   WISE DATABASE, SOIL YE182     
1714 WI       SOL WI_FLYE183 S        150   WISE DATABASE, SOIL YE183     
1715 WI       SOL WI_FLYE185 S        150   WISE DATABASE, SOIL YE185     
1716 WI       SOL WI_FLYE187 SIL      155   WISE DATABASE, SOIL YE187     
1717 WI       SOL WI_FLYE189 LS       115   WISE DATABASE, SOIL YE189     
1718 WI       SOL WI_FLYE190 S        160   WISE DATABASE, SOIL YE190     
1719 WI       SOL WI_FLYE191 LS       150   WISE DATABASE, SOIL YE191     
1720 WI       SOL WI_FLYE192 SL       150   WISE DATABASE, SOIL YE192     
1721 WI       SOL WI_FLYE193 LS       160   WISE DATABASE, SOIL YE193     
1722 WI       SOL WI_FLYE194 SL       170   WISE DATABASE, SOIL YE194     
1723 WI       SOL WI_FLYE195 S        106   WISE DATABASE, SOIL YE195     
1724 WI       SOL WI_FLYE196 S        150   WISE DATABASE, SOIL YE196     
1725 WI       SOL WI_FLYE199 SL       25    WISE DATABASE, SOIL YE199     
1726 WI       SOL WI_FLYE201 LS       125   WISE DATABASE, SOIL YE201     
1727 WI       SOL WI_FLYE202 SIL      91    WISE DATABASE, SOIL YE202     
1728 WI       SOL WI_FLYE205 LS       150   WISE DATABASE, SOIL YE205     
1729 WI       SOL WI_FLYE210 SL       150   WISE DATABASE, SOIL YE210     
1730 WI       SOL WI_FLYE216 LS       150   WISE DATABASE, SOIL YE216     
1731 WI       SOL WI_ATYE218 SIL      110   WISE DATABASE, SOIL YE218     
1732 WI       SOL WI_KSYE229 SL       180   WISE DATABASE, SOIL YE229     
1733 WI       SOL WI_CHYE235 L        150   WISE DATABASE, SOIL YE235     
1734 WI       SOL WI_RGYE236 SCL      160   WISE DATABASE, SOIL YE236     
1735 WI       SOL WI_CLYE246 SCL      100   WISE DATABASE, SOIL YE246     
1736 WI       SOL WI_ARYE252 SL       30    WISE DATABASE, SOIL YE252     
1737 WI       SOL WI_CLYE253 SCL      120   WISE DATABASE, SOIL YE253     
1738 WI       SOL WI_LPYE255 L        50    WISE DATABASE, SOIL YE255     
1739 WI       SOL WI_ATYE286 L        170   WISE DATABASE, SOIL YE286     
1740 WI       SOL WI_CMYE289 SL       177   WISE DATABASE, SOIL YE289     
1741 WI       SOL WI_PHYE290 SL       162   WISE DATABASE, SOIL YE290     
1742 WI       SOL WI_RGYE291 LS       48    WISE DATABASE, SOIL YE291     
1743 WI       SOL WI_CLYE292 SIL      200   WISE DATABASE, SOIL YE292     
1744 WI       SOL WI_CLYE293 L        45    WISE DATABASE, SOIL YE293     
1745 WI       SOL WI_CLYE294 SIL      160   WISE DATABASE, SOIL YE294     
1746 WI       SOL WI_FLYE295 L        261   WISE DATABASE, SOIL YE295     
1747 WI       SOL WI_CMYE298 L        87    WISE DATABASE, SOIL YE298     
1748 WI       SOL WI_ARZA006 S        140   WISE DATABASE, SOIL ZA006     
1749 WI       SOL WI_ARZA008 S        122   WISE DATABASE, SOIL ZA008     
1750 WI       SOL WI_FRZA011 SC       120   WISE DATABASE, SOIL ZA011     
1751 WI       SOL WI_LVZA013 LS       90    WISE DATABASE, SOIL ZA013     
1752 WI       SOL WI_FRZA014 SCL      60    WISE DATABASE, SOIL ZA014     
1753 WI       SOL WI_PTZA020 SL       90    WISE DATABASE, SOIL ZA020     
1754 WI       SOL WI_PLZA024 SL       127   WISE DATABASE, SOIL ZA024     
1755 WI       SOL WI_FRZM001 SC       285   WISE DATABASE, SOIL ZM001     
1756 WI       SOL WI_FRZM002 C        180   WISE DATABASE, SOIL ZM002     
1757 WI       SOL WI_ACZM003 SCL      220   WISE DATABASE, SOIL ZM003     
1758 WI       SOL WI_FRZM004 C        190   WISE DATABASE, SOIL ZM004     
1759 WI       SOL WI_FRZM005 C        190   WISE DATABASE, SOIL ZM005     
1760 WI       SOL WI_LVZM008 C        200   WISE DATABASE, SOIL ZM008     
1761 WI       SOL WI_ACZM009 SL       165   WISE DATABASE, SOIL ZM009     
1762 WI       SOL WI_ACZM010 SL       155   WISE DATABASE, SOIL ZM010     
1763 WI       SOL WI_FRZM011 CL       170   WISE DATABASE, SOIL ZM011     
1764 WI       SOL WI_FRZM012 C        200   WISE DATABASE, SOIL ZM012     
1765 WI       SOL WI_ACZM013 CL       200   WISE DATABASE, SOIL ZM013     
1766 WI       SOL WI_FRZM014 SCL      130   WISE DATABASE, SOIL ZM014     
1767 WI       SOL WI_LVZM015 L        155   WISE DATABASE, SOIL ZM015     
1768 WI       SOL WI_ARZM016 LS       160   WISE DATABASE, SOIL ZM016     
1769 WI       SOL WI_FRZM018 SL       180   WISE DATABASE, SOIL ZM018     
1770 WI       SOL WI_GLZM019 S        130   WISE DATABASE, SOIL ZM019     
1771 WI       SOL WI_FLZM020 CL       120   WISE DATABASE, SOIL ZM020     
1772 WI       SOL WI_LVZM021 C        102   WISE DATABASE, SOIL ZM021     
1773 WI       SOL WI_FRZM024 L        97    WISE DATABASE, SOIL ZM024     
1774 WI       SOL WI_FRZM025 C        200   WISE DATABASE, SOIL ZM025     
1775 WI       SOL WI_FRZM026 LS       269   WISE DATABASE, SOIL ZM026     
1776 WI       SOL WI_CMZM030 SL       110   WISE DATABASE, SOIL ZM030     
1777 WI       SOL WI_FRZM032 SL       117   WISE DATABASE, SOIL ZM032     
1778 WI       SOL WI_GLZM037 L        90    WISE DATABASE, SOIL ZM037     
1779 WI       SOL WI_GLZM038 SL       100   WISE DATABASE, SOIL ZM038     
1780 WI       SOL WI_PZZM044 S        132   WISE DATABASE, SOIL ZM044     
1781 WI       SOL WI_PZZM045 S        85    WISE DATABASE, SOIL ZM045     
1782 WI       SOL WI_ARZM046 LS       135   WISE DATABASE, SOIL ZM046     
1783 WI       SOL WI_SNZM047 LS       100   WISE DATABASE, SOIL ZM047     
1784 WI       SOL WI_FRZM050 SC       143   WISE DATABASE, SOIL ZM050     
1785 WI       SOL WI_ACZM051 C        154   WISE DATABASE, SOIL ZM051     
1786 WI       SOL WI_ACZM052 CL       144   WISE DATABASE, SOIL ZM052     
1787 WI       SOL WI_FRZM053 SL       158   WISE DATABASE, SOIL ZM053     
1788 WI       SOL WI_PHZM054 CL       179   WISE DATABASE, SOIL ZM054     
1789 WI       SOL WI_LXZM055 SCL      195   WISE DATABASE, SOIL ZM055     
1790 WI       SOL WI_FRZM060 SL       160   WISE DATABASE, SOIL ZM060     
1791 WI       SOL WI_CMZM061 LS       150   WISE DATABASE, SOIL ZM061     
1792 WI       SOL WI_FRZM063 SCL      130   WISE DATABASE, SOIL ZM063     
1793 WI       SOL WI_FRZM065 C        315   WISE DATABASE, SOIL ZM065     
1794 WI       SOL WI_FRZM067 SL       153   WISE DATABASE, SOIL ZM067     
1795 WI       SOL WI_FRZM068 SL       148   WISE DATABASE, SOIL ZM068     
1796 WI       SOL WI_FRZM069 SL       146   WISE DATABASE, SOIL ZM069     
1797 WI       SOL WI_FRZM070 SC       143   WISE DATABASE, SOIL ZM070     
1798 WI       SOL WI_ACZM071 C        154   WISE DATABASE, SOIL ZM071     
1799 WI       SOL WI_FRZM072 SL       158   WISE DATABASE, SOIL ZM072     
1800 WI       SOL WI_FRZM073 LS       169   WISE DATABASE, SOIL ZM073     
1801 WI       SOL WI_FRZM074 LS       174   WISE DATABASE, SOIL ZM074     
1802 WI       SOL WI_CMZM075 CL       144   WISE DATABASE, SOIL ZM075     
1803 WI       SOL WI_ACZM076 SL       170   WISE DATABASE, SOIL ZM076     
1804 WI       SOL WI_FRZM077 SL       182   WISE DATABASE, SOIL ZM077     
1805 WI       SOL WI_CMZM078 C        187   WISE DATABASE, SOIL ZM078     
1806 WI       SOL WI_LXZM079 SCL      195   WISE DATABASE, SOIL ZM079     
1807 WI       SOL WI_ACZM081 SL       186   WISE DATABASE, SOIL ZM081     
1808 WI       SOL WI_LXZM082 LS       198   WISE DATABASE, SOIL ZM082     
1809 WI       SOL WI_ACZM085 SCL      173   WISE DATABASE, SOIL ZM085     
1810 WI       SOL WI_NTZM086 CL       179   WISE DATABASE, SOIL ZM086     
1811 WI       SOL WI_ACZR002 SC       135   WISE DATABASE, SOIL ZR002     
1812 WI       SOL WI_CMZR003 SCL      160   WISE DATABASE, SOIL ZR003     
1813 WI       SOL WI_CMZR005 C        150   WISE DATABASE, SOIL ZR005     
1814 WI       SOL WI_FRZR007 C        143   WISE DATABASE, SOIL ZR007     
1815 WI       SOL WI_FRZR008 C        190   WISE DATABASE, SOIL ZR008     
1816 WI       SOL WI_FRZR010 SC       185   WISE DATABASE, SOIL ZR010     
1817 WI       SOL WI_FRZR015 SC       125   WISE DATABASE, SOIL ZR015     
1818 WI       SOL WI_FRZR016 LS       105   WISE DATABASE, SOIL ZR016     
1819 WI       SOL WI_FLZR018 SCL      135   WISE DATABASE, SOIL ZR018     
1820 WI       SOL WI_FRZR019 SL       120   WISE DATABASE, SOIL ZR019     
1821 WI       SOL WI_ARZR020 LS       83    WISE DATABASE, SOIL ZR020     
1822 WI       SOL WI_ARZR021 LS       105   WISE DATABASE, SOIL ZR021     
1823 WI       SOL WI_ACZR022 C        90    WISE DATABASE, SOIL ZR022     
1824 WI       SOL WI_ACZR023 SC       105   WISE DATABASE, SOIL ZR023     
1825 WI       SOL WI_FRZR024 SC       116   WISE DATABASE, SOIL ZR024     
1826 WI       SOL WI_FRZR025 SL       102   WISE DATABASE, SOIL ZR025     
1827 WI       SOL WI_ACZR026 C        105   WISE DATABASE, SOIL ZR026     
1828 WI       SOL WI_FRZR027 SIL      95    WISE DATABASE, SOIL ZR027     
1829 WI       SOL WI_FRZR028 L        120   WISE DATABASE, SOIL ZR028     
1830 WI       SOL WI_FRZR029 SL       111   WISE DATABASE, SOIL ZR029     
1831 WI       SOL WI_CMZR030 L        115   WISE DATABASE, SOIL ZR030     
1832 WI       SOL WI_RGZR034 SCL      85    WISE DATABASE, SOIL ZR034     
1833 WI       SOL WI_CHZR035 C        70    WISE DATABASE, SOIL ZR035     
1834 WI       SOL WI_ACZR038 SL       112   WISE DATABASE, SOIL ZR038     
1835 WI       SOL WI_ACZR039 SC       100   WISE DATABASE, SOIL ZR039     
1836 WI       SOL WI_ACZR041 C        95    WISE DATABASE, SOIL ZR041     
1837 WI       SOL WI_FRZR042 SCL      120   WISE DATABASE, SOIL ZR042     
1838 WI       SOL WI_FRZR043 SCL      87    WISE DATABASE, SOIL ZR043     
1839 WI       SOL WI_ARZR044 SL       200   WISE DATABASE, SOIL ZR044     
1840 WI       SOL WI_ARZR045 SL       200   WISE DATABASE, SOIL ZR045     
1841 WI       SOL WI_LXZR046 SCL      120   WISE DATABASE, SOIL ZR046     
1842 WI       SOL WI_GLZR047 C        100   WISE DATABASE, SOIL ZR047     
1843 WI       SOL WI_ACZR049 C        135   WISE DATABASE, SOIL ZR049     
1844 WI       SOL WI_ACZR055 SICL     65    WISE DATABASE, SOIL ZR055     
1845 WI       SOL WI_ACZR056 SL       90    WISE DATABASE, SOIL ZR056     
1846 WI       SOL WI_RGZR058 SCL      75    WISE DATABASE, SOIL ZR058     
1847 WI       SOL WI_ACZR059 C        200   WISE DATABASE, SOIL ZR059     
1848 WI       SOL WI_ARZW003 S        200   WISE DATABASE, SOIL ZW003     
1849 WI       SOL WI_LVZW005 SCL      94    WISE DATABASE, SOIL ZW005     
1850 WI       SOL WI_ARZW007 LS       150   WISE DATABASE, SOIL ZW007     
1851 WI       SOL WI_LXZW008 LS       200   WISE DATABASE, SOIL ZW008     
1852 WI       SOL WI_LXZW009 C        138   WISE DATABASE, SOIL ZW009     
1853 WI       SOL WI_ACZW010 LS       115   WISE DATABASE, SOIL ZW010     
1854 WI       SOL WI_ACZW011 SL       150   WISE DATABASE, SOIL ZW011     
1855 WI       SOL WI_ACZW012 SCL      161   WISE DATABASE, SOIL ZW012     
1856 WI       SOL WI_ACZW014 SL       150   WISE DATABASE, SOIL ZW014     
1857 WI       SOL WI_FRZW015 C        200   WISE DATABASE, SOIL ZW015     
1858 WI       SOL WI_FRZW019 SL       200   WISE DATABASE, SOIL ZW019     
1859 WI       SOL WI_ARZW022 S        200   WISE DATABASE, SOIL ZW022     
1860 WI       SOL WI_LXZW025 LS       200   WISE DATABASE, SOIL ZW025     
1861 WI       SOL WI_ACZW026 LS       220   WISE DATABASE, SOIL ZW026     
1862 WI       SOL WI_ACZW027 SCL      200   WISE DATABASE, SOIL ZW027     
1863 WI       SOL WI_CMZW028 C        200   WISE DATABASE, SOIL ZW028     
1864 WI       SOL WI_ACZW030 SL       200   WISE DATABASE, SOIL ZW030     
1865 WI       SOL WI_SCAF004 SICL     190   WISE DATABASE, SOIL AF004     
1866 WI       SOL WI_CMAL002 SC       120   WISE DATABASE, SOIL AL002     
1867 WI       SOL WI_KSAL008 L        110   WISE DATABASE, SOIL AL008     
1868 WI       SOL WI_CMAL010 C        100   WISE DATABASE, SOIL AL010     
1869 WI       SOL WI_KSAL012 SICL     110   WISE DATABASE, SOIL AL012     
1870 WI       SOL WI_PHAL013 C        121   WISE DATABASE, SOIL AL013     
1871 WI       SOL WI_CMAL014 SIL      160   WISE DATABASE, SOIL AL014     
1872 WI       SOL WI_VRAL015 SIC      175   WISE DATABASE, SOIL AL015     
1873 WI       SOL WI_PHAL016 L        153   WISE DATABASE, SOIL AL016     
1874 WI       SOL WI_VRAL017 CL       120   WISE DATABASE, SOIL AL017     
1875 WI       SOL WI_LVAL018 C        130   WISE DATABASE, SOIL AL018     
1876 WI       SOL WI_VRAL019 C        180   WISE DATABASE, SOIL AL019     
1877 WI       SOL WI_LVAL028 SIL      170   WISE DATABASE, SOIL AL028     
1878 WI       SOL WI_SCAL030 SIL      126   WISE DATABASE, SOIL AL030     
1879 WI       SOL WI_GLAL031 SICL     170   WISE DATABASE, SOIL AL031     
1880 WI       SOL WI_CMAL032 SIC      140   WISE DATABASE, SOIL AL032     
1881 WI       SOL WI_CMAL033 SIL      180   WISE DATABASE, SOIL AL033     
1882 WI       SOL WI_CMAM001 CL       143   WISE DATABASE, SOIL AM001     
1883 WI       SOL WI_PHAM003 C        180   WISE DATABASE, SOIL AM003     
1884 WI       SOL WI_CHAM004 SICL     258   WISE DATABASE, SOIL AM004     
1885 WI       SOL WI_CMAM006 L        140   WISE DATABASE, SOIL AM006     
1886 WI       SOL WI_FRAO003 LS       170   WISE DATABASE, SOIL AO003     
1887 WI       SOL WI_FRAO017 C        160   WISE DATABASE, SOIL AO017     
1888 WI       SOL WI_FRAO018 C        160   WISE DATABASE, SOIL AO018     
1889 WI       SOL WI_VRAO025 C        105   WISE DATABASE, SOIL AO025     
1890 WI       SOL WI_VRAO027 C        90    WISE DATABASE, SOIL AO027     
1891 WI       SOL WI_LVAO032 S        110   WISE DATABASE, SOIL AO032     
1892 WI       SOL WI_LPAR004 L        23    WISE DATABASE, SOIL AR004     
1893 WI       SOL WI_SNAR007 SIL      90    WISE DATABASE, SOIL AR007     
1894 WI       SOL WI_SNAR008 CL       120   WISE DATABASE, SOIL AR008     
1895 WI       SOL WI_SNAR011 SIL      65    WISE DATABASE, SOIL AR011     
1896 WI       SOL WI_SNAR014 SIL      130   WISE DATABASE, SOIL AR014     
1897 WI       SOL WI_FRAU023 C        270   WISE DATABASE, SOIL AU023     
1898 WI       SOL WI_PZAU024 S        350   WISE DATABASE, SOIL AU024     
1899 WI       SOL WI_LVAZ001 L        150   WISE DATABASE, SOIL AZ001     
1900 WI       SOL WI_KSAZ004 C        250   WISE DATABASE, SOIL AZ004     
1901 WI       SOL WI_CMAZ005 C        210   WISE DATABASE, SOIL AZ005     
1902 WI       SOL WI_FLBD001 L        73    WISE DATABASE, SOIL BD001     
1903 WI       SOL WI_CMBD011 SL       137   WISE DATABASE, SOIL BD011     
1904 WI       SOL WI_CMBD012 SCL      182   WISE DATABASE, SOIL BD012     
1905 WI       SOL WI_VRBG002 C        210   WISE DATABASE, SOIL BG002     
1906 WI       SOL WI_PLBG003 L        200   WISE DATABASE, SOIL BG003     
1907 WI       SOL WI_SCBH001 SL       130   WISE DATABASE, SOIL BH001     
1908 WI       SOL WI_SCBH003 S        60    WISE DATABASE, SOIL BH003     
1909 WI       SOL WI_ARBI002 LS       65    WISE DATABASE, SOIL BI002     
1910 WI       SOL WI_FRBI004 C        235   WISE DATABASE, SOIL BI004     
1911 WI       SOL WI_PZBI008 SL       200   WISE DATABASE, SOIL BI008     
1912 WI       SOL WI_ALBI009 SCL      220   WISE DATABASE, SOIL BI009     
1913 WI       SOL WI_ACBI014 SL       185   WISE DATABASE, SOIL BI014     
1914 WI       SOL WI_ACBI015 SL       168   WISE DATABASE, SOIL BI015     
1915 WI       SOL WI_ACBI016 SCL      190   WISE DATABASE, SOIL BI016     
1916 WI       SOL WI_ACBJ002 SCL      200   WISE DATABASE, SOIL BJ002     
1917 WI       SOL WI_CMBJ005 SCL      200   WISE DATABASE, SOIL BJ005     
1918 WI       SOL WI_CMBJ006 SL       200   WISE DATABASE, SOIL BJ006     
1919 WI       SOL WI_ACBJ007 SL       200   WISE DATABASE, SOIL BJ007     
1920 WI       SOL WI_CMBJ008 LS       220   WISE DATABASE, SOIL BJ008     
1921 WI       SOL WI_ACBR003 L        180   WISE DATABASE, SOIL BR003     
1922 WI       SOL WI_FRBR004 SL       170   WISE DATABASE, SOIL BR004     
1923 WI       SOL WI_FRBR005 C        170   WISE DATABASE, SOIL BR005     
1924 WI       SOL WI_PZBR007 SL       170   WISE DATABASE, SOIL BR007     
1925 WI       SOL WI_ACBR019 SIL      160   WISE DATABASE, SOIL BR019     
1926 WI       SOL WI_NTBR025 SL       160   WISE DATABASE, SOIL BR025     
1927 WI       SOL WI_FRBR029 SC       160   WISE DATABASE, SOIL BR029     
1928 WI       SOL WI_ACBR031 SL       160   WISE DATABASE, SOIL BR031     
1929 WI       SOL WI_FRBR032 C        160   WISE DATABASE, SOIL BR032     
1930 WI       SOL WI_ACBR033 SIL      150   WISE DATABASE, SOIL BR033     
1931 WI       SOL WI_FRBR035 SC       170   WISE DATABASE, SOIL BR035     
1932 WI       SOL WI_FRBR036 C        150   WISE DATABASE, SOIL BR036     
1933 WI       SOL WI_FRBR044 C        220   WISE DATABASE, SOIL BR044     
1934 WI       SOL WI_CMBR046 SL       300   WISE DATABASE, SOIL BR046     
1935 WI       SOL WI_LVBR054 S        209   WISE DATABASE, SOIL BR054     
1936 WI       SOL WI_ARBR087 S        275   WISE DATABASE, SOIL BR087     
1937 WI       SOL WI_CMBR101 SL       300   WISE DATABASE, SOIL BR101     
1938 WI       SOL WI_ACBR106 SCL      175   WISE DATABASE, SOIL BR106     
1939 WI       SOL WI_CMBR107 SCL      400   WISE DATABASE, SOIL BR107     
1940 WI       SOL WI_CMBR109 CL       400   WISE DATABASE, SOIL BR109     
1941 WI       SOL WI_ACBR110 SCL      360   WISE DATABASE, SOIL BR110     
1942 WI       SOL WI_PTBR113 C        220   WISE DATABASE, SOIL BR113     
1943 WI       SOL WI_ARBW021 S        150   WISE DATABASE, SOIL BW021     
1944 WI       SOL WI_ARBW046 S        170   WISE DATABASE, SOIL BW046     
1945 WI       SOL WI_LXBW066 SL       200   WISE DATABASE, SOIL BW066     
1946 WI       SOL WI_LVBW091 C        120   WISE DATABASE, SOIL BW091     
1947 WI       SOL WI_LVBW099 C        120   WISE DATABASE, SOIL BW099     
1948 WI       SOL WI_ARBW108 S        120   WISE DATABASE, SOIL BW108     
1949 WI       SOL WI_ARBW110 S        120   WISE DATABASE, SOIL BW110     
1950 WI       SOL WI_XLBW111 S        120   WISE DATABASE, SOIL BW111     
1951 WI       SOL WI_ARBW112 S        120   WISE DATABASE, SOIL BW112     
1952 WI       SOL WI_ARBW135 S        200   WISE DATABASE, SOIL BW135     
1953 WI       SOL WI_ARBW146 S        120   WISE DATABASE, SOIL BW146     
1954 WI       SOL WI_LVBW157 LS       150   WISE DATABASE, SOIL BW157     
1955 WI       SOL WI_ARBW180 S        125   WISE DATABASE, SOIL BW180     
1956 WI       SOL WI_ARBW181 S        125   WISE DATABASE, SOIL BW181     
1957 WI       SOL WI_LVBW188 SCL      125   WISE DATABASE, SOIL BW188     
1958 WI       SOL WI_SNBW202 LS       80    WISE DATABASE, SOIL BW202     
1959 WI       SOL WI_LXBW207 S        150   WISE DATABASE, SOIL BW207     
1960 WI       SOL WI_GLBW224 SCL      110   WISE DATABASE, SOIL BW224     
1961 WI       SOL WI_ARBW232 S        110   WISE DATABASE, SOIL BW232     
1962 WI       SOL WI_ARBW245 S        100   WISE DATABASE, SOIL BW245     
1963 WI       SOL WI_ARBW280 S        130   WISE DATABASE, SOIL BW280     
1964 WI       SOL WI_VRBW378 C        100   WISE DATABASE, SOIL BW378     
1965 WI       SOL WI_LVBW397 SL       100   WISE DATABASE, SOIL BW397     
1966 WI       SOL WI_LVBW408 S        155   WISE DATABASE, SOIL BW408     
1967 WI       SOL WI_ARBW409 S        100   WISE DATABASE, SOIL BW409     
1968 WI       SOL WI_ARBW415 S        160   WISE DATABASE, SOIL BW415     
1969 WI       SOL WI_LVBW418 LS       140   WISE DATABASE, SOIL BW418     
1970 WI       SOL WI_ARBW429 S        160   WISE DATABASE, SOIL BW429     
1971 WI       SOL WI_LVBW434 S        160   WISE DATABASE, SOIL BW434     
1972 WI       SOL WI_ARBW435 S        300   WISE DATABASE, SOIL BW435     
1973 WI       SOL WI_VRBW445 C        120   WISE DATABASE, SOIL BW445     
1974 WI       SOL WI_GLBW455 SCL      120   WISE DATABASE, SOIL BW455     
1975 WI       SOL WI_VRBW461 C        140   WISE DATABASE, SOIL BW461     
1976 WI       SOL WI_ARBW464 S        120   WISE DATABASE, SOIL BW464     
1977 WI       SOL WI_ARBW465 S        120   WISE DATABASE, SOIL BW465     
1978 WI       SOL WI_VRBW468 C        100   WISE DATABASE, SOIL BW468     
1979 WI       SOL WI_VRBW483 SCL      120   WISE DATABASE, SOIL BW483     
1980 WI       SOL WI_VRBW485 SC       120   WISE DATABASE, SOIL BW485     
1981 WI       SOL WI_PLBW510 S        100   WISE DATABASE, SOIL BW510     
1982 WI       SOL WI_ARBW516 S        130   WISE DATABASE, SOIL BW516     
1983 WI       SOL WI_LVBW550 SCL      130   WISE DATABASE, SOIL BW550     
1984 WI       SOL WI_LXBW551 SL       177   WISE DATABASE, SOIL BW551     
1985 WI       SOL WI_ARBW557 S        120   WISE DATABASE, SOIL BW557     
1986 WI       SOL WI_RGBW566 LS       100   WISE DATABASE, SOIL BW566     
1987 WI       SOL WI_ARBW575 S        180   WISE DATABASE, SOIL BW575     
1988 WI       SOL WI_ARBW582 LS       300   WISE DATABASE, SOIL BW582     
1989 WI       SOL WI_ARBW613 S        130   WISE DATABASE, SOIL BW613     
1990 WI       SOL WI_ARBW616 S        125   WISE DATABASE, SOIL BW616     
1991 WI       SOL WI_LVBW619 S        110   WISE DATABASE, SOIL BW619     
1992 WI       SOL WI_LVBW630 S        125   WISE DATABASE, SOIL BW630     
1993 WI       SOL WI_LVBW652 LS       158   WISE DATABASE, SOIL BW652     
1994 WI       SOL WI_LVBW655 SCL      210   WISE DATABASE, SOIL BW655     
1995 WI       SOL WI_LVBW676 SL       150   WISE DATABASE, SOIL BW676     
1996 WI       SOL WI_LVBW713 S        158   WISE DATABASE, SOIL BW713     
1997 WI       SOL WI_LVBW725 SL       130   WISE DATABASE, SOIL BW725     
1998 WI       SOL WI_GLBW742 C        210   WISE DATABASE, SOIL BW742     
1999 WI       SOL WI_GLBW743 C        170   WISE DATABASE, SOIL BW743     
2000 WI       SOL WI_GLBW745 C        115   WISE DATABASE, SOIL BW745     
2001 WI       SOL WI_GLBW746 C        120   WISE DATABASE, SOIL BW746     
2002 WI       SOL WI_GLBW747 C        120   WISE DATABASE, SOIL BW747     
2003 WI       SOL WI_GLBW749 C        130   WISE DATABASE, SOIL BW749     
2004 WI       SOL WI_GLBW752 C        215   WISE DATABASE, SOIL BW752     
2005 WI       SOL WI_GLBW754 C        120   WISE DATABASE, SOIL BW754     
2006 WI       SOL WI_GLBW756 C        120   WISE DATABASE, SOIL BW756     
2007 WI       SOL WI_GLBW758 C        110   WISE DATABASE, SOIL BW758     
2008 WI       SOL WI_CLBW774 LS       105   WISE DATABASE, SOIL BW774     
2009 WI       SOL WI_ARBW812 S        150   WISE DATABASE, SOIL BW812     
2010 WI       SOL WI_ARBW815 S        170   WISE DATABASE, SOIL BW815     
2011 WI       SOL WI_ARBW837 S        110   WISE DATABASE, SOIL BW837     
2012 WI       SOL WI_LVBW838 S        100   WISE DATABASE, SOIL BW838     
2013 WI       SOL WI_ARBW841 S        120   WISE DATABASE, SOIL BW841     
2014 WI       SOL WI_CMBW856 C        100   WISE DATABASE, SOIL BW856     
2015 WI       SOL WI_GLBW858 C        150   WISE DATABASE, SOIL BW858     
2016 WI       SOL WI_LVBW867 SL       90    WISE DATABASE, SOIL BW867     
2017 WI       SOL WI_CLBW870 LS       86    WISE DATABASE, SOIL BW870     
2018 WI       SOL WI_CMBW875 C        150   WISE DATABASE, SOIL BW875     
2019 WI       SOL WI_RGBW879 LS       100   WISE DATABASE, SOIL BW879     
2020 WI       SOL WI_LVBW880 SL       150   WISE DATABASE, SOIL BW880     
2021 WI       SOL WI_CMBW881 LS       150   WISE DATABASE, SOIL BW881     
2022 WI       SOL WI_CHCA002 SICL     135   WISE DATABASE, SOIL CA002     
2023 WI       SOL WI_LVCA004 SIL      110   WISE DATABASE, SOIL CA004     
2024 WI       SOL WI_CHCA008 SICL     80    WISE DATABASE, SOIL CA008     
2025 WI       SOL WI_GLCA011 L        110   WISE DATABASE, SOIL CA011     
2026 WI       SOL WI_CMCA014 L        100   WISE DATABASE, SOIL CA014     
2027 WI       SOL WI_CHCA029 C        100   WISE DATABASE, SOIL CA029     
2028 WI       SOL WI_SNCA030 CL       94    WISE DATABASE, SOIL CA030     
2029 WI       SOL WI_SCCA034 SICL     50    WISE DATABASE, SOIL CA034     
2030 WI       SOL WI_PHCA054 SIC      100   WISE DATABASE, SOIL CA054     
2031 WI       SOL WI_PZCA058 LS       120   WISE DATABASE, SOIL CA058     
2032 WI       SOL WI_CMCA062 LS       150   WISE DATABASE, SOIL CA062     
2033 WI       SOL WI_CMCA072 LS       60    WISE DATABASE, SOIL CA072     
2034 WI       SOL WI_CMCA074 SIL      60    WISE DATABASE, SOIL CA074     
2035 WI       SOL WI_CMCA091 SIC      100   WISE DATABASE, SOIL CA091     
2036 WI       SOL WI_LPCF002 SCL      20    WISE DATABASE, SOIL CF002     
2037 WI       SOL WI_LXCF005 CL       170   WISE DATABASE, SOIL CF005     
2038 WI       SOL WI_PHCF014 L        178   WISE DATABASE, SOIL CF014     
2039 WI       SOL WI_ACCF017 SL       185   WISE DATABASE, SOIL CF017     
2040 WI       SOL WI_FRCF018 CL       308   WISE DATABASE, SOIL CF018     
2041 WI       SOL WI_FRCF019 SCL      220   WISE DATABASE, SOIL CF019     
2042 WI       SOL WI_LPCF025 LS       110   WISE DATABASE, SOIL CF025     
2043 WI       SOL WI_RGCF026 CL       165   WISE DATABASE, SOIL CF026     
2044 WI       SOL WI_CMCF027 C        35    WISE DATABASE, SOIL CF027     
2045 WI       SOL WI_FRCF029 SCL      335   WISE DATABASE, SOIL CF029     
2046 WI       SOL WI_PZCG001 S        145   WISE DATABASE, SOIL CG001     
2047 WI       SOL WI_PZCG002 C        120   WISE DATABASE, SOIL CG002     
2048 WI       SOL WI_ARCG005 S        170   WISE DATABASE, SOIL CG005     
2049 WI       SOL WI_CMCH006 L        210   WISE DATABASE, SOIL CH006     
2050 WI       SOL WI_GLCH007 C        180   WISE DATABASE, SOIL CH007     
2051 WI       SOL WI_LPCH013 C        80    WISE DATABASE, SOIL CH013     
2052 WI       SOL WI_LPCH014 CL       80    WISE DATABASE, SOIL CH014     
2053 WI       SOL WI_ACCI002 SCL      78    WISE DATABASE, SOIL CI002     
2054 WI       SOL WI_ACCI003 SCL      60    WISE DATABASE, SOIL CI003     
2055 WI       SOL WI_ACCI004 SL       52    WISE DATABASE, SOIL CI004     
2056 WI       SOL WI_ACCI005 SL       50    WISE DATABASE, SOIL CI005     
2057 WI       SOL WI_ACCI010 SCL      150   WISE DATABASE, SOIL CI010     
2058 WI       SOL WI_ACCI012 SCL      140   WISE DATABASE, SOIL CI012     
2059 WI       SOL WI_ACCI013 SCL      65    WISE DATABASE, SOIL CI013     
2060 WI       SOL WI_ACCI014 SCL      60    WISE DATABASE, SOIL CI014     
2061 WI       SOL WI_LXCI018 SCL      110   WISE DATABASE, SOIL CI018     
2062 WI       SOL WI_ACCI021 LS       151   WISE DATABASE, SOIL CI021     
2063 WI       SOL WI_ACCI022 SL       110   WISE DATABASE, SOIL CI022     
2064 WI       SOL WI_ACCI025 SCL      150   WISE DATABASE, SOIL CI025     
2065 WI       SOL WI_ACCI026 SL       160   WISE DATABASE, SOIL CI026     
2066 WI       SOL WI_ANCL002 L        65    WISE DATABASE, SOIL CL002     
2067 WI       SOL WI_ANCL003 SIL      73    WISE DATABASE, SOIL CL003     
2068 WI       SOL WI_ANCL004 SIL      46    WISE DATABASE, SOIL CL004     
2069 WI       SOL WI_ANCL005 CL       250   WISE DATABASE, SOIL CL005     
2070 WI       SOL WI_ANCL006 L        190   WISE DATABASE, SOIL CL006     
2071 WI       SOL WI_ANCL007 SIL      140   WISE DATABASE, SOIL CL007     
2072 WI       SOL WI_ANCL008 SICL     160   WISE DATABASE, SOIL CL008     
2073 WI       SOL WI_ANCL009 SIL      78    WISE DATABASE, SOIL CL009     
2074 WI       SOL WI_ANCL010 L        72    WISE DATABASE, SOIL CL010     
2075 WI       SOL WI_ANCL011 SIL      63    WISE DATABASE, SOIL CL011     
2076 WI       SOL WI_ANCL012 SIL      52    WISE DATABASE, SOIL CL012     
2077 WI       SOL WI_CMCL014 SICL     50    WISE DATABASE, SOIL CL014     
2078 WI       SOL WI_NTCL015 SIC      175   WISE DATABASE, SOIL CL015     
2079 WI       SOL WI_NTCL017 C        140   WISE DATABASE, SOIL CL017     
2080 WI       SOL WI_NTCL018 SIC      120   WISE DATABASE, SOIL CL018     
2081 WI       SOL WI_ANCL020 SIL      68    WISE DATABASE, SOIL CL020     
2082 WI       SOL WI_ANCL021 SICL     120   WISE DATABASE, SOIL CL021     
2083 WI       SOL WI_ANCL022 SIL      50    WISE DATABASE, SOIL CL022     
2084 WI       SOL WI_CMCM005 SL       110   WISE DATABASE, SOIL CM005     
2085 WI       SOL WI_LVCM011 SL       130   WISE DATABASE, SOIL CM011     
2086 WI       SOL WI_GLCM015 SL       200   WISE DATABASE, SOIL CM015     
2087 WI       SOL WI_FRCM022 C        85    WISE DATABASE, SOIL CM022     
2088 WI       SOL WI_ACCM025 SICL     200   WISE DATABASE, SOIL CM025     
2089 WI       SOL WI_FLCM030 L        140   WISE DATABASE, SOIL CM030     
2090 WI       SOL WI_ANCM041 SIL      170   WISE DATABASE, SOIL CM041     
2091 WI       SOL WI_ANCM051 L        220   WISE DATABASE, SOIL CM051     
2092 WI       SOL WI_ANCM055 LS       175   WISE DATABASE, SOIL CM055     
2093 WI       SOL WI_CMCN005 SICL     100   WISE DATABASE, SOIL CN005     
2094 WI       SOL WI_GLCN006 SIL      85    WISE DATABASE, SOIL CN006     
2095 WI       SOL WI_FLCN010 SIL      100   WISE DATABASE, SOIL CN010     
2096 WI       SOL WI_CMCN015 SIC      70    WISE DATABASE, SOIL CN015     
2097 WI       SOL WI_CMCN017 SCL      150   WISE DATABASE, SOIL CN017     
2098 WI       SOL WI_ACCN026 SL       180   WISE DATABASE, SOIL CN026     
2099 WI       SOL WI_FRCN027 C        300   WISE DATABASE, SOIL CN027     
2100 WI       SOL WI_CMCN029 SCL      180   WISE DATABASE, SOIL CN029     
2101 WI       SOL WI_CMCN035 CL       100   WISE DATABASE, SOIL CN035     
2102 WI       SOL WI_CMCN039 C        200   WISE DATABASE, SOIL CN039     
2103 WI       SOL WI_LVCN046 SICL     150   WISE DATABASE, SOIL CN046     
2104 WI       SOL WI_LXCN052 C        280   WISE DATABASE, SOIL CN052     
2105 WI       SOL WI_NTCO001 SL       160   WISE DATABASE, SOIL CO001     
2106 WI       SOL WI_FRCO006 SICL     152   WISE DATABASE, SOIL CO006     
2107 WI       SOL WI_ANCO020 L        180   WISE DATABASE, SOIL CO020     
2108 WI       SOL WI_CMCO021 CL       192   WISE DATABASE, SOIL CO021     
2109 WI       SOL WI_ANCO022 CL       119   WISE DATABASE, SOIL CO022     
2110 WI       SOL WI_CMCO024 C        81    WISE DATABASE, SOIL CO024     
2111 WI       SOL WI_ANCO025 L        153   WISE DATABASE, SOIL CO025     
2112 WI       SOL WI_ANCO026 SL       110   WISE DATABASE, SOIL CO026     
2113 WI       SOL WI_ANCO027 SCL      126   WISE DATABASE, SOIL CO027     
2114 WI       SOL WI_CMCO036 CL       89    WISE DATABASE, SOIL CO036     
2115 WI       SOL WI_GLCO043 L        100   WISE DATABASE, SOIL CO043     
2116 WI       SOL WI_ARCO054 S        130   WISE DATABASE, SOIL CO054     
2117 WI       SOL WI_ANCO056 SL       150   WISE DATABASE, SOIL CO056     
2118 WI       SOL WI_ANCO057 SIL      150   WISE DATABASE, SOIL CO057     
2119 WI       SOL WI_FLCO061 LS       117   WISE DATABASE, SOIL CO061     
2120 WI       SOL WI_ALCR001 C        190   WISE DATABASE, SOIL CR001     
2121 WI       SOL WI_ANCR003 CL       175   WISE DATABASE, SOIL CR003     
2122 WI       SOL WI_ANCR007 C        180   WISE DATABASE, SOIL CR007     
2123 WI       SOL WI_FRCR012 C        140   WISE DATABASE, SOIL CR012     
2124 WI       SOL WI_ALCR014 SL       120   WISE DATABASE, SOIL CR014     
2125 WI       SOL WI_ANCR015 SL       120   WISE DATABASE, SOIL CR015     
2126 WI       SOL WI_RGCR020 CL       100   WISE DATABASE, SOIL CR020     
2127 WI       SOL WI_ALCR022 LS       75    WISE DATABASE, SOIL CR022     
2128 WI       SOL WI_ACCR026 C        200   WISE DATABASE, SOIL CR026     
2129 WI       SOL WI_FLCS002 C        135   WISE DATABASE, SOIL CS002     
2130 WI       SOL WI_GLCU004 C        175   WISE DATABASE, SOIL CU004     
2131 WI       SOL WI_CMCU011 L        160   WISE DATABASE, SOIL CU011     
2132 WI       SOL WI_FRCU021 SCL      150   WISE DATABASE, SOIL CU021     
2133 WI       SOL WI_CHDE002 SIL      140   WISE DATABASE, SOIL DE002     
2134 WI       SOL WI_LVDE010 SIL      125   WISE DATABASE, SOIL DE010     
2135 WI       SOL WI_ATDE016 S        120   WISE DATABASE, SOIL DE016     
2136 WI       SOL WI_FLDE020 SICL     140   WISE DATABASE, SOIL DE020     
2137 WI       SOL WI_FLDE021 SIC      145   WISE DATABASE, SOIL DE021     
2138 WI       SOL WI_PDDE025 SL       200   WISE DATABASE, SOIL DE025     
2139 WI       SOL WI_PZDE027 S        200   WISE DATABASE, SOIL DE027     
2140 WI       SOL WI_LVDE028 SIL      150   WISE DATABASE, SOIL DE028     
2141 WI       SOL WI_LPDE031 L        30    WISE DATABASE, SOIL DE031     
2142 WI       SOL WI_CMDE032 C        60    WISE DATABASE, SOIL DE032     
2143 WI       SOL WI_CMDE033 L        150   WISE DATABASE, SOIL DE033     
2144 WI       SOL WI_CMDE034 SL       90    WISE DATABASE, SOIL DE034     
2145 WI       SOL WI_PZDE036 S        60    WISE DATABASE, SOIL DE036     
2146 WI       SOL WI_CMDE038 SIC      100   WISE DATABASE, SOIL DE038     
2147 WI       SOL WI_LVDE039 C        120   WISE DATABASE, SOIL DE039     
2148 WI       SOL WI_CLDE040 CL       45    WISE DATABASE, SOIL DE040     
2149 WI       SOL WI_PZDK003 LS       89    WISE DATABASE, SOIL DK003     
2150 WI       SOL WI_GLDK007 SL       120   WISE DATABASE, SOIL DK007     
2151 WI       SOL WI_FLDK008 SL       85    WISE DATABASE, SOIL DK008     
2152 WI       SOL WI_CMDK009 SL       125   WISE DATABASE, SOIL DK009     
2153 WI       SOL WI_CMDK011 SL       200   WISE DATABASE, SOIL DK011     
2154 WI       SOL WI_FLDK014 SIL      115   WISE DATABASE, SOIL DK014     
2155 WI       SOL WI_SCEC001 SIL      132   WISE DATABASE, SOIL EC001     
2156 WI       SOL WI_ANEC005 SIL      165   WISE DATABASE, SOIL EC005     
2157 WI       SOL WI_ANEC006 SIL      165   WISE DATABASE, SOIL EC006     
2158 WI       SOL WI_SCEG007 SL       80    WISE DATABASE, SOIL EG007     
2159 WI       SOL WI_SCEG008 S        55    WISE DATABASE, SOIL EG008     
2160 WI       SOL WI_AREG009 S        100   WISE DATABASE, SOIL EG009     
2161 WI       SOL WI_RGES002 S        100   WISE DATABASE, SOIL ES002     
2162 WI       SOL WI_LPES003 SL       30    WISE DATABASE, SOIL ES003     
2163 WI       SOL WI_LPES005 SCL      50    WISE DATABASE, SOIL ES005     
2164 WI       SOL WI_CMES006 SL       150   WISE DATABASE, SOIL ES006     
2165 WI       SOL WI_CMES008 SL       45    WISE DATABASE, SOIL ES008     
2166 WI       SOL WI_LVES009 CL       50    WISE DATABASE, SOIL ES009     
2167 WI       SOL WI_PZES016 SL       170   WISE DATABASE, SOIL ES016     
2168 WI       SOL WI_PZES017 SL       400   WISE DATABASE, SOIL ES017     
2169 WI       SOL WI_VRES018 SIC      95    WISE DATABASE, SOIL ES018     
2170 WI       SOL WI_LVES022 SICL     75    WISE DATABASE, SOIL ES022     
2171 WI       SOL WI_CMFI007 C        120   WISE DATABASE, SOIL FI007     
2172 WI       SOL WI_FLFJ001 SIC      126   WISE DATABASE, SOIL FJ001     
2173 WI       SOL WI_CMFJ002 SIC      143   WISE DATABASE, SOIL FJ002     
2174 WI       SOL WI_LVFJ003 L        151   WISE DATABASE, SOIL FJ003     
2175 WI       SOL WI_FLFJ004 SL       111   WISE DATABASE, SOIL FJ004     
2176 WI       SOL WI_LVFJ005 L        65    WISE DATABASE, SOIL FJ005     
2177 WI       SOL WI_VRFJ006 C        110   WISE DATABASE, SOIL FJ006     
2178 WI       SOL WI_CMFR003 SL       130   WISE DATABASE, SOIL FR003     
2179 WI       SOL WI_PZFR007 SL       60    WISE DATABASE, SOIL FR007     
2180 WI       SOL WI_ANFR014 SIL      95    WISE DATABASE, SOIL FR014     
2181 WI       SOL WI_FLFR017 CL       60    WISE DATABASE, SOIL FR017     
2182 WI       SOL WI_PZFR018 SL       170   WISE DATABASE, SOIL FR018     
2183 WI       SOL WI_GLFR026 SL       83    WISE DATABASE, SOIL FR026     
2184 WI       SOL WI_GLFR027 SIL      90    WISE DATABASE, SOIL FR027     
2185 WI       SOL WI_LVFR038 SIL      124   WISE DATABASE, SOIL FR038     
2186 WI       SOL WI_PZGA013 SL       120   WISE DATABASE, SOIL GA013     
2187 WI       SOL WI_FRGA019 SCL      200   WISE DATABASE, SOIL GA019     
2188 WI       SOL WI_LVGB007 SIL      180   WISE DATABASE, SOIL GB007     
2189 WI       SOL WI_LVGB008 C        135   WISE DATABASE, SOIL GB008     
2190 WI       SOL WI_PZGB012 LS       90    WISE DATABASE, SOIL GB012     
2191 WI       SOL WI_CMGB021 L        50    WISE DATABASE, SOIL GB021     
2192 WI       SOL WI_PHGB022 SL       80    WISE DATABASE, SOIL GB022     
2193 WI       SOL WI_CMGB025 LS       150   WISE DATABASE, SOIL GB025     
2194 WI       SOL WI_CMGB028 SIL      120   WISE DATABASE, SOIL GB028     
2195 WI       SOL WI_CMGB033 CL       105   WISE DATABASE, SOIL GB033     
2196 WI       SOL WI_GLGB041 SL       86    WISE DATABASE, SOIL GB041     
2197 WI       SOL WI_GLGB042 L        105   WISE DATABASE, SOIL GB042     
2198 WI       SOL WI_PZGB047 LS       140   WISE DATABASE, SOIL GB047     
2199 WI       SOL WI_GLGB048 SCL      80    WISE DATABASE, SOIL GB048     
2200 WI       SOL WI_CMGB049 LS       85    WISE DATABASE, SOIL GB049     
2201 WI       SOL WI_PZGB051 LS       80    WISE DATABASE, SOIL GB051     
2202 WI       SOL WI_PLGB053 SIL      95    WISE DATABASE, SOIL GB053     
2203 WI       SOL WI_CMGE002 C        160   WISE DATABASE, SOIL GE002     
2204 WI       SOL WI_CLGE008 C        205   WISE DATABASE, SOIL GE008     
2205 WI       SOL WI_NTGH003 SL       206   WISE DATABASE, SOIL GH003     
2206 WI       SOL WI_ACGH006 LS       177   WISE DATABASE, SOIL GH006     
2207 WI       SOL WI_CMGH007 SL       145   WISE DATABASE, SOIL GH007     
2208 WI       SOL WI_LXGH008 SIL      134   WISE DATABASE, SOIL GH008     
2209 WI       SOL WI_PHGT002 CL       140   WISE DATABASE, SOIL GT002     
2210 WI       SOL WI_ALGT003 CL       175   WISE DATABASE, SOIL GT003     
2211 WI       SOL WI_FLGT005 C        150   WISE DATABASE, SOIL GT005     
2212 WI       SOL WI_LVGT010 CL       120   WISE DATABASE, SOIL GT010     
2213 WI       SOL WI_PHHN005 SL       90    WISE DATABASE, SOIL HN005     
2214 WI       SOL WI_PHHN006 CL       120   WISE DATABASE, SOIL HN006     
2215 WI       SOL WI_ALID010 SL       120   WISE DATABASE, SOIL ID010     
2216 WI       SOL WI_LVID029 CL       102   WISE DATABASE, SOIL ID029     
2217 WI       SOL WI_CMID030 L        116   WISE DATABASE, SOIL ID030     
2218 WI       SOL WI_CMID039 C        260   WISE DATABASE, SOIL ID039     
2219 WI       SOL WI_ANID050 SL       70    WISE DATABASE, SOIL ID050     
2220 WI       SOL WI_GLID051 SICL     110   WISE DATABASE, SOIL ID051     
2221 WI       SOL WI_ANID052 SL       65    WISE DATABASE, SOIL ID052     
2222 WI       SOL WI_ANID055 SIL      210   WISE DATABASE, SOIL ID055     
2223 WI       SOL WI_PHID057 C        105   WISE DATABASE, SOIL ID057     
2224 WI       SOL WI_RGID060 SIL      120   WISE DATABASE, SOIL ID060     
2225 WI       SOL WI_ANID062 L        125   WISE DATABASE, SOIL ID062     
2226 WI       SOL WI_FRID063 CL       110   WISE DATABASE, SOIL ID063     
2227 WI       SOL WI_ANID067 SL       155   WISE DATABASE, SOIL ID067     
2228 WI       SOL WI_ANID068 L        180   WISE DATABASE, SOIL ID068     
2229 WI       SOL WI_CMID070 L        150   WISE DATABASE, SOIL ID070     
2230 WI       SOL WI_ANID073 SICL     160   WISE DATABASE, SOIL ID073     
2231 WI       SOL WI_FRID076 C        400   WISE DATABASE, SOIL ID076     
2232 WI       SOL WI_ANID078 L        170   WISE DATABASE, SOIL ID078     
2233 WI       SOL WI_ACID080 SL       150   WISE DATABASE, SOIL ID080     
2234 WI       SOL WI_PZID081 LS       63    WISE DATABASE, SOIL ID081     
2235 WI       SOL WI_CMID082 SL       160   WISE DATABASE, SOIL ID082     
2236 WI       SOL WI_GLID083 SIC      120   WISE DATABASE, SOIL ID083     
2237 WI       SOL WI_CMID085 SICL     132   WISE DATABASE, SOIL ID085     
2238 WI       SOL WI_CMID086 C        84    WISE DATABASE, SOIL ID086     
2239 WI       SOL WI_GLIE005 SCL      75    WISE DATABASE, SOIL IE005     
2240 WI       SOL WI_PZIE016 L        80    WISE DATABASE, SOIL IE016     
2241 WI       SOL WI_PZIE017 SL       53    WISE DATABASE, SOIL IE017     
2242 WI       SOL WI_CMIE025 L        44    WISE DATABASE, SOIL IE025     
2243 WI       SOL WI_SCIL030 SL       160   WISE DATABASE, SOIL IL030     
2244 WI       SOL WI_SCIL031 L        79    WISE DATABASE, SOIL IL031     
2245 WI       SOL WI_SCIL032 CL       61    WISE DATABASE, SOIL IL032     
2246 WI       SOL WI_SCIL033 SIL      210   WISE DATABASE, SOIL IL033     
2247 WI       SOL WI_LPIN003 L        34    WISE DATABASE, SOIL IN003     
2248 WI       SOL WI_LPIN004 SICL     39    WISE DATABASE, SOIL IN004     
2249 WI       SOL WI_ARIN007 LS       165   WISE DATABASE, SOIL IN007     
2250 WI       SOL WI_SCIN012 SL       150   WISE DATABASE, SOIL IN012     
2251 WI       SOL WI_SNIN013 SL       142   WISE DATABASE, SOIL IN013     
2252 WI       SOL WI_CLIN024 L        34    WISE DATABASE, SOIL IN024     
2253 WI       SOL WI_VRIN028 C        160   WISE DATABASE, SOIL IN028     
2254 WI       SOL WI_VRIN029 C        45    WISE DATABASE, SOIL IN029     
2255 WI       SOL WI_VRIN032 C        150   WISE DATABASE, SOIL IN032     
2256 WI       SOL WI_VRIN033 SIC      180   WISE DATABASE, SOIL IN033     
2257 WI       SOL WI_VRIN034 C        240   WISE DATABASE, SOIL IN034     
2258 WI       SOL WI_VRIN035 C        140   WISE DATABASE, SOIL IN035     
2259 WI       SOL WI_VRIN036 C        167   WISE DATABASE, SOIL IN036     
2260 WI       SOL WI_LVIN037 SCL      127   WISE DATABASE, SOIL IN037     
2261 WI       SOL WI_VRIN041 C        150   WISE DATABASE, SOIL IN041     
2262 WI       SOL WI_LVIN046 SL       146   WISE DATABASE, SOIL IN046     
2263 WI       SOL WI_PTIN052 C        84    WISE DATABASE, SOIL IN052     
2264 WI       SOL WI_PTIN053 SCL      172   WISE DATABASE, SOIL IN053     
2265 WI       SOL WI_LXIN054 SL       68    WISE DATABASE, SOIL IN054     
2266 WI       SOL WI_CMIN055 C        124   WISE DATABASE, SOIL IN055     
2267 WI       SOL WI_ACIN058 SL       165   WISE DATABASE, SOIL IN058     
2268 WI       SOL WI_SCIN063 C        155   WISE DATABASE, SOIL IN063     
2269 WI       SOL WI_VRIN074 C        150   WISE DATABASE, SOIL IN074     
2270 WI       SOL WI_VRIN075 C        240   WISE DATABASE, SOIL IN075     
2271 WI       SOL WI_VRIN076 C        140   WISE DATABASE, SOIL IN076     
2272 WI       SOL WI_VRIN077 C        167   WISE DATABASE, SOIL IN077     
2273 WI       SOL WI_CMIN093 C        124   WISE DATABASE, SOIL IN093     
2274 WI       SOL WI_SCIN100 C        155   WISE DATABASE, SOIL IN100     
2275 WI       SOL WI_VRIN104 C        135   WISE DATABASE, SOIL IN104     
2276 WI       SOL WI_VRIN105 C        86    WISE DATABASE, SOIL IN105     
2277 WI       SOL WI_CMIN106 C        57    WISE DATABASE, SOIL IN106     
2278 WI       SOL WI_VRIN107 C        143   WISE DATABASE, SOIL IN107     
2279 WI       SOL WI_KSIN108 C        64    WISE DATABASE, SOIL IN108     
2280 WI       SOL WI_LPIN109 C        24    WISE DATABASE, SOIL IN109     
2281 WI       SOL WI_VRIN111 C        152   WISE DATABASE, SOIL IN111     
2282 WI       SOL WI_CMIN112 C        69    WISE DATABASE, SOIL IN112     
2283 WI       SOL WI_FLIQ001 SIL      130   WISE DATABASE, SOIL IQ001     
2284 WI       SOL WI_VRIQ004 SIC      160   WISE DATABASE, SOIL IQ004     
2285 WI       SOL WI_SCIQ005 SICL     100   WISE DATABASE, SOIL IQ005     
2286 WI       SOL WI_SCIQ006 SIC      170   WISE DATABASE, SOIL IQ006     
2287 WI       SOL WI_VRIQ011 C        140   WISE DATABASE, SOIL IQ011     
2288 WI       SOL WI_SCIQ014 SIC      130   WISE DATABASE, SOIL IQ014     
2289 WI       SOL WI_CMIT004 SL       205   WISE DATABASE, SOIL IT004     
2290 WI       SOL WI_CMIT005 SL       230   WISE DATABASE, SOIL IT005     
2291 WI       SOL WI_FLIT025 SICL     240   WISE DATABASE, SOIL IT025     
2292 WI       SOL WI_CMIT029 SL       140   WISE DATABASE, SOIL IT029     
2293 WI       SOL WI_FLIT031 CL       180   WISE DATABASE, SOIL IT031     
2294 WI       SOL WI_FLIT032 SICL     140   WISE DATABASE, SOIL IT032     
2295 WI       SOL WI_FLIT033 CL       150   WISE DATABASE, SOIL IT033     
2296 WI       SOL WI_CMIT034 L        210   WISE DATABASE, SOIL IT034     
2297 WI       SOL WI_LVIT035 SL       200   WISE DATABASE, SOIL IT035     
2298 WI       SOL WI_PLIT039 SL       220   WISE DATABASE, SOIL IT039     
2299 WI       SOL WI_LPIT045 SIL      30    WISE DATABASE, SOIL IT045     
2300 WI       SOL WI_FLIT046 SL       75    WISE DATABASE, SOIL IT046     
2301 WI       SOL WI_HSIT050 SIC      130   WISE DATABASE, SOIL IT050     
2302 WI       SOL WI_PHIT051 SICL     100   WISE DATABASE, SOIL IT051     
2303 WI       SOL WI_ANIT053 CL       115   WISE DATABASE, SOIL IT053     
2304 WI       SOL WI_ANIT056 CL       120   WISE DATABASE, SOIL IT056     
2305 WI       SOL WI_CMIT057 C        75    WISE DATABASE, SOIL IT057     
2306 WI       SOL WI_FLIT059 CL       115   WISE DATABASE, SOIL IT059     
2307 WI       SOL WI_ANIT062 SL       150   WISE DATABASE, SOIL IT062     
2308 WI       SOL WI_ANIT063 SL       165   WISE DATABASE, SOIL IT063     
2309 WI       SOL WI_LVIT065 C        90    WISE DATABASE, SOIL IT065     
2310 WI       SOL WI_VRIT066 C        100   WISE DATABASE, SOIL IT066     
2311 WI       SOL WI_LPIT068 LS       35    WISE DATABASE, SOIL IT068     
2312 WI       SOL WI_ANIT069 SL       220   WISE DATABASE, SOIL IT069     
2313 WI       SOL WI_CMJM001 SL       105   WISE DATABASE, SOIL JM001     
2314 WI       SOL WI_ACJM002 C        95    WISE DATABASE, SOIL JM002     
2315 WI       SOL WI_PHJM005 C        120   WISE DATABASE, SOIL JM005     
2316 WI       SOL WI_NTJM006 CL       98    WISE DATABASE, SOIL JM006     
2317 WI       SOL WI_ALJM008 L        130   WISE DATABASE, SOIL JM008     
2318 WI       SOL WI_ACJM010 SIL      115   WISE DATABASE, SOIL JM010     
2319 WI       SOL WI_LVJM011 C        85    WISE DATABASE, SOIL JM011     
2320 WI       SOL WI_NTJM013 L        150   WISE DATABASE, SOIL JM013     
2321 WI       SOL WI_LVJM016 C        150   WISE DATABASE, SOIL JM016     
2322 WI       SOL WI_HSJM022 C        158   WISE DATABASE, SOIL JM022     
2323 WI       SOL WI_HSJM035 C        110   WISE DATABASE, SOIL JM035     
2324 WI       SOL WI_LXJM043 SIC      135   WISE DATABASE, SOIL JM043     
2325 WI       SOL WI_CMJM045 SIC      95    WISE DATABASE, SOIL JM045     
2326 WI       SOL WI_LVJM046 SICL     140   WISE DATABASE, SOIL JM046     
2327 WI       SOL WI_FRJM051 SIC      165   WISE DATABASE, SOIL JM051     
2328 WI       SOL WI_FRJM052 SIC      100   WISE DATABASE, SOIL JM052     
2329 WI       SOL WI_CLJO001 L        150   WISE DATABASE, SOIL JO001     
2330 WI       SOL WI_CLJO002 L        150   WISE DATABASE, SOIL JO002     
2331 WI       SOL WI_FLJO003 L        150   WISE DATABASE, SOIL JO003     
2332 WI       SOL WI_VRJO005 C        150   WISE DATABASE, SOIL JO005     
2333 WI       SOL WI_VRJO007 C        105   WISE DATABASE, SOIL JO007     
2334 WI       SOL WI_SNJO010 SICL     150   WISE DATABASE, SOIL JO010     
2335 WI       SOL WI_SCJO011 SICL     100   WISE DATABASE, SOIL JO011     
2336 WI       SOL WI_GYJO012 SL       150   WISE DATABASE, SOIL JO012     
2337 WI       SOL WI_VRJO014 C        150   WISE DATABASE, SOIL JO014     
2338 WI       SOL WI_GYJO015 SICL     170   WISE DATABASE, SOIL JO015     
2339 WI       SOL WI_GYJO016 SIL      96    WISE DATABASE, SOIL JO016     
2340 WI       SOL WI_VRJO018 C        145   WISE DATABASE, SOIL JO018     
2341 WI       SOL WI_CLJO020 SICL     150   WISE DATABASE, SOIL JO020     
2342 WI       SOL WI_FLJO022 SICL     190   WISE DATABASE, SOIL JO022     
2343 WI       SOL WI_SCJO023 L        120   WISE DATABASE, SOIL JO023     
2344 WI       SOL WI_CMJO024 SICL     165   WISE DATABASE, SOIL JO024     
2345 WI       SOL WI_FLJO026 CL       90    WISE DATABASE, SOIL JO026     
2346 WI       SOL WI_FLJO027 L        160   WISE DATABASE, SOIL JO027     
2347 WI       SOL WI_FLJP007 L        22    WISE DATABASE, SOIL JP007     
2348 WI       SOL WI_ACJP009 L        150   WISE DATABASE, SOIL JP009     
2349 WI       SOL WI_GLJP012 SL       90    WISE DATABASE, SOIL JP012     
2350 WI       SOL WI_PZJP014 LS       51    WISE DATABASE, SOIL JP014     
2351 WI       SOL WI_PZJP015 L        40    WISE DATABASE, SOIL JP015     
2352 WI       SOL WI_PZJP016 SIL      52    WISE DATABASE, SOIL JP016     
2353 WI       SOL WI_CMJP017 SL       60    WISE DATABASE, SOIL JP017     
2354 WI       SOL WI_ANJP021 SL       60    WISE DATABASE, SOIL JP021     
2355 WI       SOL WI_GLJP024 SIC      48    WISE DATABASE, SOIL JP024     
2356 WI       SOL WI_GLJP025 CL       66    WISE DATABASE, SOIL JP025     
2357 WI       SOL WI_CMJP027 CL       70    WISE DATABASE, SOIL JP027     
2358 WI       SOL WI_GLJP029 L        85    WISE DATABASE, SOIL JP029     
2359 WI       SOL WI_ANJP030 CL       125   WISE DATABASE, SOIL JP030     
2360 WI       SOL WI_ANJP031 SL       100   WISE DATABASE, SOIL JP031     
2361 WI       SOL WI_FLJP034 SIC      110   WISE DATABASE, SOIL JP034     
2362 WI       SOL WI_FLJP035 L        126   WISE DATABASE, SOIL JP035     
2363 WI       SOL WI_CMKR003 CL       180   WISE DATABASE, SOIL KR003     
2364 WI       SOL WI_PHKR004 L        100   WISE DATABASE, SOIL KR004     
2365 WI       SOL WI_CMKR014 SL       220   WISE DATABASE, SOIL KR014     
2366 WI       SOL WI_FLKR016 L        135   WISE DATABASE, SOIL KR016     
2367 WI       SOL WI_CMLB004 SICL     75    WISE DATABASE, SOIL LB004     
2368 WI       SOL WI_LVLB005 C        55    WISE DATABASE, SOIL LB005     
2369 WI       SOL WI_CMLK001 S        66    WISE DATABASE, SOIL LK001     
2370 WI       SOL WI_FLLK008 SCL      140   WISE DATABASE, SOIL LK008     
2371 WI       SOL WI_FLLK010 SCL      133   WISE DATABASE, SOIL LK010     
2372 WI       SOL WI_ACLR001 LS       137   WISE DATABASE, SOIL LR001     
2373 WI       SOL WI_ACLR002 SCL      161   WISE DATABASE, SOIL LR002     
2374 WI       SOL WI_ACLR003 SL       156   WISE DATABASE, SOIL LR003     
2375 WI       SOL WI_ACLR004 SCL      170   WISE DATABASE, SOIL LR004     
2376 WI       SOL WI_ACLR005 C        200   WISE DATABASE, SOIL LR005     
2377 WI       SOL WI_ACLR006 SCL      172   WISE DATABASE, SOIL LR006     
2378 WI       SOL WI_ACLR011 SL       120   WISE DATABASE, SOIL LR011     
2379 WI       SOL WI_ACLR012 LS       180   WISE DATABASE, SOIL LR012     
2380 WI       SOL WI_ACLR018 SL       185   WISE DATABASE, SOIL LR018     
2381 WI       SOL WI_VRLS004 CL       61    WISE DATABASE, SOIL LS004     
2382 WI       SOL WI_LVLS007 SL       100   WISE DATABASE, SOIL LS007     
2383 WI       SOL WI_LVLS008 SCL      102   WISE DATABASE, SOIL LS008     
2384 WI       SOL WI_LXLS013 L        205   WISE DATABASE, SOIL LS013     
2385 WI       SOL WI_ACLS020 SCL      160   WISE DATABASE, SOIL LS020     
2386 WI       SOL WI_CMLS023 C        165   WISE DATABASE, SOIL LS023     
2387 WI       SOL WI_PHLS025 CL       165   WISE DATABASE, SOIL LS025     
2388 WI       SOL WI_ACLS027 SIL      165   WISE DATABASE, SOIL LS027     
2389 WI       SOL WI_LVLU001 SIL      127   WISE DATABASE, SOIL LU001     
2390 WI       SOL WI_RGLY006 SIL      300   WISE DATABASE, SOIL LY006     
2391 WI       SOL WI_LPLY007 SIL      23    WISE DATABASE, SOIL LY007     
2392 WI       SOL WI_ARLY013 S        120   WISE DATABASE, SOIL LY013     
2393 WI       SOL WI_LPLY017 SL       28    WISE DATABASE, SOIL LY017     
2394 WI       SOL WI_SCMA013 SL       100   WISE DATABASE, SOIL MA013     
2395 WI       SOL WI_PHMA018 SCL      105   WISE DATABASE, SOIL MA018     
2396 WI       SOL WI_FLMA020 L        120   WISE DATABASE, SOIL MA020     
2397 WI       SOL WI_FLMG005 CL       100   WISE DATABASE, SOIL MG005     
2398 WI       SOL WI_CMMG007 CL       60    WISE DATABASE, SOIL MG007     
2399 WI       SOL WI_ANMG008 CL       180   WISE DATABASE, SOIL MG008     
2400 WI       SOL WI_CMMG023 SICL     75    WISE DATABASE, SOIL MG023     
2401 WI       SOL WI_CMMG027 SIC      180   WISE DATABASE, SOIL MG027     
2402 WI       SOL WI_GLMG031 C        200   WISE DATABASE, SOIL MG031     
2403 WI       SOL WI_GLMG032 C        180   WISE DATABASE, SOIL MG032     
2404 WI       SOL WI_GLMG033 L        200   WISE DATABASE, SOIL MG033     
2405 WI       SOL WI_CMMX001 C        130   WISE DATABASE, SOIL MX001     
2406 WI       SOL WI_FLMX003 CL       200   WISE DATABASE, SOIL MX003     
2407 WI       SOL WI_PHMX015 C        73    WISE DATABASE, SOIL MX015     
2408 WI       SOL WI_CMMX017 CL       224   WISE DATABASE, SOIL MX017     
2409 WI       SOL WI_CMMX018 L        159   WISE DATABASE, SOIL MX018     
2410 WI       SOL WI_FLMX020 S        200   WISE DATABASE, SOIL MX020     
2411 WI       SOL WI_CMMY001 C        100   WISE DATABASE, SOIL MY001     
2412 WI       SOL WI_FLMY010 CL       71    WISE DATABASE, SOIL MY010     
2413 WI       SOL WI_FRMY011 C        150   WISE DATABASE, SOIL MY011     
2414 WI       SOL WI_ACMY013 C        165   WISE DATABASE, SOIL MY013     
2415 WI       SOL WI_PZMY014 LS       110   WISE DATABASE, SOIL MY014     
2416 WI       SOL WI_FLMY015 SIC      137   WISE DATABASE, SOIL MY015     
2417 WI       SOL WI_FRMY020 C        200   WISE DATABASE, SOIL MY020     
2418 WI       SOL WI_FRMY022 SC       150   WISE DATABASE, SOIL MY022     
2419 WI       SOL WI_ALMY027 SIL      160   WISE DATABASE, SOIL MY027     
2420 WI       SOL WI_ATMY028 SL       200   WISE DATABASE, SOIL MY028     
2421 WI       SOL WI_PLMZ001 S        140   WISE DATABASE, SOIL MZ001     
2422 WI       SOL WI_PLMZ003 SL       80    WISE DATABASE, SOIL MZ003     
2423 WI       SOL WI_PLMZ004 SL       150   WISE DATABASE, SOIL MZ004     
2424 WI       SOL WI_CMMZ006 SCL      170   WISE DATABASE, SOIL MZ006     
2425 WI       SOL WI_FLMZ010 SIC      130   WISE DATABASE, SOIL MZ010     
2426 WI       SOL WI_LXNG004 SL       155   WISE DATABASE, SOIL NG004     
2427 WI       SOL WI_CMNI002 C        100   WISE DATABASE, SOIL NI002     
2428 WI       SOL WI_LVNI008 C        116   WISE DATABASE, SOIL NI008     
2429 WI       SOL WI_VRNI009 C        90    WISE DATABASE, SOIL NI009     
2430 WI       SOL WI_CMNI013 C        180   WISE DATABASE, SOIL NI013     
2431 WI       SOL WI_VRNI017 CL       100   WISE DATABASE, SOIL NI017     
2432 WI       SOL WI_VRNI018 C        102   WISE DATABASE, SOIL NI018     
2433 WI       SOL WI_VRNI020 SIC      127   WISE DATABASE, SOIL NI020     
2434 WI       SOL WI_CMNL001 SIL      120   WISE DATABASE, SOIL NL001     
2435 WI       SOL WI_GLNL002 SICL     75    WISE DATABASE, SOIL NL002     
2436 WI       SOL WI_HSNL009 SL       70    WISE DATABASE, SOIL NL009     
2437 WI       SOL WI_PZNL010 S        120   WISE DATABASE, SOIL NL010     
2438 WI       SOL WI_FLNL018 S        120   WISE DATABASE, SOIL NL018     
2439 WI       SOL WI_PZNO001 S        90    WISE DATABASE, SOIL NO001     
2440 WI       SOL WI_GLNO003 L        100   WISE DATABASE, SOIL NO003     
2441 WI       SOL WI_FLNP004 SICL     90    WISE DATABASE, SOIL NP004     
2442 WI       SOL WI_PZNZ003 SIL      94    WISE DATABASE, SOIL NZ003     
2443 WI       SOL WI_PZNZ009 SIL      180   WISE DATABASE, SOIL NZ009     
2444 WI       SOL WI_CMPA007 C        180   WISE DATABASE, SOIL PA007     
2445 WI       SOL WI_CMPA010 C        108   WISE DATABASE, SOIL PA010     
2446 WI       SOL WI_SCPE014 LS       75    WISE DATABASE, SOIL PE014     
2447 WI       SOL WI_CLPE015 S        20    WISE DATABASE, SOIL PE015     
2448 WI       SOL WI_CLPE017 SL       130   WISE DATABASE, SOIL PE017     
2449 WI       SOL WI_SCPE022 SL       110   WISE DATABASE, SOIL PE022     
2450 WI       SOL WI_ANPE024 SL       160   WISE DATABASE, SOIL PE024     
2451 WI       SOL WI_LXPE026 SL       150   WISE DATABASE, SOIL PE026     
2452 WI       SOL WI_FLPE027 SIL      120   WISE DATABASE, SOIL PE027     
2453 WI       SOL WI_FLPG005 SL       120   WISE DATABASE, SOIL PG005     
2454 WI       SOL WI_CMPG008 SICL     120   WISE DATABASE, SOIL PG008     
2455 WI       SOL WI_CMPG009 C        72    WISE DATABASE, SOIL PG009     
2456 WI       SOL WI_VRPG012 C        65    WISE DATABASE, SOIL PG012     
2457 WI       SOL WI_LPPG013 L        25    WISE DATABASE, SOIL PG013     
2458 WI       SOL WI_LVPG015 C        55    WISE DATABASE, SOIL PG015     
2459 WI       SOL WI_FLPG020 C        165   WISE DATABASE, SOIL PG020     
2460 WI       SOL WI_ANPG023 SIL      130   WISE DATABASE, SOIL PG023     
2461 WI       SOL WI_ANPG025 SIL      140   WISE DATABASE, SOIL PG025     
2462 WI       SOL WI_ANPH002 SL       136   WISE DATABASE, SOIL PH002     
2463 WI       SOL WI_ANPH003 SCL      150   WISE DATABASE, SOIL PH003     
2464 WI       SOL WI_ANPH008 LS       109   WISE DATABASE, SOIL PH008     
2465 WI       SOL WI_VRPH021 C        130   WISE DATABASE, SOIL PH021     
2466 WI       SOL WI_GLPH027 C        135   WISE DATABASE, SOIL PH027     
2467 WI       SOL WI_GLPH041 C        125   WISE DATABASE, SOIL PH041     
2468 WI       SOL WI_GLPH042 SL       136   WISE DATABASE, SOIL PH042     
2469 WI       SOL WI_VRPH043 C        147   WISE DATABASE, SOIL PH043     
2470 WI       SOL WI_ALPH045 C        165   WISE DATABASE, SOIL PH045     
2471 WI       SOL WI_LVPH063 SIL      108   WISE DATABASE, SOIL PH063     
2472 WI       SOL WI_CMPK022 SL       170   WISE DATABASE, SOIL PK022     
2473 WI       SOL WI_ATPK025 SIL      200   WISE DATABASE, SOIL PK025     
2474 WI       SOL WI_CMPK036 SL       191   WISE DATABASE, SOIL PK036     
2475 WI       SOL WI_CHPL017 C        185   WISE DATABASE, SOIL PL017     
2476 WI       SOL WI_CHPL019 L        250   WISE DATABASE, SOIL PL019     
2477 WI       SOL WI_FLPL020 C        170   WISE DATABASE, SOIL PL020     
2478 WI       SOL WI_ANPT012 C        150   WISE DATABASE, SOIL PT012     
2479 WI       SOL WI_ANPT013 CL       120   WISE DATABASE, SOIL PT013     
2480 WI       SOL WI_ANPT014 C        105   WISE DATABASE, SOIL PT014     
2481 WI       SOL WI_ANPT015 CL       120   WISE DATABASE, SOIL PT015     
2482 WI       SOL WI_CMPT024 C        105   WISE DATABASE, SOIL PT024     
2483 WI       SOL WI_PHPT030 C        100   WISE DATABASE, SOIL PT030     
2484 WI       SOL WI_LVRO008 CL       165   WISE DATABASE, SOIL RO008     
2485 WI       SOL WI_PLRO012 CL       98    WISE DATABASE, SOIL RO012     
2486 WI       SOL WI_PZRO014 L        48    WISE DATABASE, SOIL RO014     
2487 WI       SOL WI_GLRU003 SL       60    WISE DATABASE, SOIL RU003     
2488 WI       SOL WI_CMRU005 CL       53    WISE DATABASE, SOIL RU005     
2489 WI       SOL WI_CMRU007 SCL      50    WISE DATABASE, SOIL RU007     
2490 WI       SOL WI_CMRU008 SL       95    WISE DATABASE, SOIL RU008     
2491 WI       SOL WI_PZRU009 CL       75    WISE DATABASE, SOIL RU009     
2492 WI       SOL WI_FLRU011 SICL     40    WISE DATABASE, SOIL RU011     
2493 WI       SOL WI_CMRU012 L        70    WISE DATABASE, SOIL RU012     
2494 WI       SOL WI_PDRU013 SIL      120   WISE DATABASE, SOIL RU013     
2495 WI       SOL WI_GRRU014 SICL     190   WISE DATABASE, SOIL RU014     
2496 WI       SOL WI_CHRU016 SICL     280   WISE DATABASE, SOIL RU016     
2497 WI       SOL WI_CMRW001 C        150   WISE DATABASE, SOIL RW001     
2498 WI       SOL WI_CMRW002 C        210   WISE DATABASE, SOIL RW002     
2499 WI       SOL WI_FRRW010 SCL      215   WISE DATABASE, SOIL RW010     
2500 WI       SOL WI_FRRW011 C        210   WISE DATABASE, SOIL RW011     
2501 WI       SOL WI_VRSD001 C        175   WISE DATABASE, SOIL SD001     
2502 WI       SOL WI_VRSD002 C        140   WISE DATABASE, SOIL SD002     
2503 WI       SOL WI_VRSD003 C        205   WISE DATABASE, SOIL SD003     
2504 WI       SOL WI_VRSD004 C        180   WISE DATABASE, SOIL SD004     
2505 WI       SOL WI_LVSD005 SCL      190   WISE DATABASE, SOIL SD005     
2506 WI       SOL WI_VRSD006 C        175   WISE DATABASE, SOIL SD006     
2507 WI       SOL WI_VRSD009 C        175   WISE DATABASE, SOIL SD009     
2508 WI       SOL WI_LVSD019 SCL      120   WISE DATABASE, SOIL SD019     
2509 WI       SOL WI_VRSD021 C        130   WISE DATABASE, SOIL SD021     
2510 WI       SOL WI_VRSD022 C        190   WISE DATABASE, SOIL SD022     
2511 WI       SOL WI_NTSD025 LS       135   WISE DATABASE, SOIL SD025     
2512 WI       SOL WI_VRSD026 C        240   WISE DATABASE, SOIL SD026     
2513 WI       SOL WI_VRSD029 C        200   WISE DATABASE, SOIL SD029     
2514 WI       SOL WI_VRSD036 C        200   WISE DATABASE, SOIL SD036     
2515 WI       SOL WI_VRSD045 C        180   WISE DATABASE, SOIL SD045     
2516 WI       SOL WI_PZSE008 S        53    WISE DATABASE, SOIL SE008     
2517 WI       SOL WI_GLSE012 SICL     110   WISE DATABASE, SOIL SE012     
2518 WI       SOL WI_FLSE013 C        110   WISE DATABASE, SOIL SE013     
2519 WI       SOL WI_CMSE016 SIC      92    WISE DATABASE, SOIL SE016     
2520 WI       SOL WI_ACSL001 SCL      170   WISE DATABASE, SOIL SL001     
2521 WI       SOL WI_FRSL002 SL       179   WISE DATABASE, SOIL SL002     
2522 WI       SOL WI_CMSL006 SL       138   WISE DATABASE, SOIL SL006     
2523 WI       SOL WI_FLSN002 SCL      120   WISE DATABASE, SOIL SN002     
2524 WI       SOL WI_FLSN004 S        130   WISE DATABASE, SOIL SN004     
2525 WI       SOL WI_FLSN005 SCL      120   WISE DATABASE, SOIL SN005     
2526 WI       SOL WI_FLSN007 C        120   WISE DATABASE, SOIL SN007     
2527 WI       SOL WI_FLSN008 C        80    WISE DATABASE, SOIL SN008     
2528 WI       SOL WI_FLSN009 C        125   WISE DATABASE, SOIL SN009     
2529 WI       SOL WI_FLSN012 C        100   WISE DATABASE, SOIL SN012     
2530 WI       SOL WI_FRSR001 SC       200   WISE DATABASE, SOIL SR001     
2531 WI       SOL WI_FRSR002 LS       350   WISE DATABASE, SOIL SR002     
2532 WI       SOL WI_PTSR003 LS       250   WISE DATABASE, SOIL SR003     
2533 WI       SOL WI_PZSR004 S        190   WISE DATABASE, SOIL SR004     
2534 WI       SOL WI_FRSR011 LS       150   WISE DATABASE, SOIL SR011     
2535 WI       SOL WI_RGTG002 S        100   WISE DATABASE, SOIL TG002     
2536 WI       SOL WI_VRTG004 SC       180   WISE DATABASE, SOIL TG004     
2537 WI       SOL WI_CMTG006 SL       200   WISE DATABASE, SOIL TG006     
2538 WI       SOL WI_LVTG007 SL       175   WISE DATABASE, SOIL TG007     
2539 WI       SOL WI_NTTH019 SIC      200   WISE DATABASE, SOIL TH019     
2540 WI       SOL WI_NTTH021 SL       210   WISE DATABASE, SOIL TH021     
2541 WI       SOL WI_ACTH022 SL       210   WISE DATABASE, SOIL TH022     
2542 WI       SOL WI_FRTH024 C        220   WISE DATABASE, SOIL TH024     
2543 WI       SOL WI_ACTH028 SL       180   WISE DATABASE, SOIL TH028     
2544 WI       SOL WI_FRTH031 C        180   WISE DATABASE, SOIL TH031     
2545 WI       SOL WI_NTTH032 L        210   WISE DATABASE, SOIL TH032     
2546 WI       SOL WI_ACTH033 SL       150   WISE DATABASE, SOIL TH033     
2547 WI       SOL WI_ACTH034 SL       180   WISE DATABASE, SOIL TH034     
2548 WI       SOL WI_ACTH035 S        190   WISE DATABASE, SOIL TH035     
2549 WI       SOL WI_LVTH037 SL       96    WISE DATABASE, SOIL TH037     
2550 WI       SOL WI_ACTH038 SL       180   WISE DATABASE, SOIL TH038     
2551 WI       SOL WI_FLTH039 C        120   WISE DATABASE, SOIL TH039     
2552 WI       SOL WI_LVTH044 C        85    WISE DATABASE, SOIL TH044     
2553 WI       SOL WI_CMTH046 C        150   WISE DATABASE, SOIL TH046     
2554 WI       SOL WI_PZTH051 S        147   WISE DATABASE, SOIL TH051     
2555 WI       SOL WI_LPTH060 SICL     130   WISE DATABASE, SOIL TH060     
2556 WI       SOL WI_FLTH063 SL       200   WISE DATABASE, SOIL TH063     
2557 WI       SOL WI_CMTH064 L        160   WISE DATABASE, SOIL TH064     
2558 WI       SOL WI_LVTH069 SL       86    WISE DATABASE, SOIL TH069     
2559 WI       SOL WI_CMTN008 L        155   WISE DATABASE, SOIL TN008     
2560 WI       SOL WI_CLTR002 CL       146   WISE DATABASE, SOIL TR002     
2561 WI       SOL WI_VRTR003 C        135   WISE DATABASE, SOIL TR003     
2562 WI       SOL WI_VRTR004 C        160   WISE DATABASE, SOIL TR004     
2563 WI       SOL WI_VRTR005 C        177   WISE DATABASE, SOIL TR005     
2564 WI       SOL WI_VRTR006 SIC      109   WISE DATABASE, SOIL TR006     
2565 WI       SOL WI_CMTR015 L        150   WISE DATABASE, SOIL TR015     
2566 WI       SOL WI_RGTR022 SL       40    WISE DATABASE, SOIL TR022     
2567 WI       SOL WI_RGTR025 S        150   WISE DATABASE, SOIL TR025     
2568 WI       SOL WI_FLTR030 SIL      150   WISE DATABASE, SOIL TR030     
2569 WI       SOL WI_LVTR034 C        84    WISE DATABASE, SOIL TR034     
2570 WI       SOL WI_PHTR035 C        61    WISE DATABASE, SOIL TR035     
2571 WI       SOL WI_CMTR036 CL       92    WISE DATABASE, SOIL TR036     
2572 WI       SOL WI_PHTR037 L        57    WISE DATABASE, SOIL TR037     
2573 WI       SOL WI_PHTR039 C        69    WISE DATABASE, SOIL TR039     
2574 WI       SOL WI_FLTR044 SICL     156   WISE DATABASE, SOIL TR044     
2575 WI       SOL WI_VRTR046 C        81    WISE DATABASE, SOIL TR046     
2576 WI       SOL WI_KSTR048 C        67    WISE DATABASE, SOIL TR048     
2577 WI       SOL WI_SCTR049 C        155   WISE DATABASE, SOIL TR049     
2578 WI       SOL WI_CLTR050 CL       100   WISE DATABASE, SOIL TR050     
2579 WI       SOL WI_GYTR051 SIL      140   WISE DATABASE, SOIL TR051     
2580 WI       SOL WI_SCTR053 SIL      110   WISE DATABASE, SOIL TR053     
2581 WI       SOL WI_ARTZ003 S        125   WISE DATABASE, SOIL TZ003     
2582 WI       SOL WI_VRTZ007 C        155   WISE DATABASE, SOIL TZ007     
2583 WI       SOL WI_VRTZ008 C        175   WISE DATABASE, SOIL TZ008     
2584 WI       SOL WI_VRTZ009 C        200   WISE DATABASE, SOIL TZ009     
2585 WI       SOL WI_VRTZ010 C        210   WISE DATABASE, SOIL TZ010     
2586 WI       SOL WI_VRTZ012 C        200   WISE DATABASE, SOIL TZ012     
2587 WI       SOL WI_VRTZ013 C        210   WISE DATABASE, SOIL TZ013     
2588 WI       SOL WI_VRTZ014 C        200   WISE DATABASE, SOIL TZ014     
2589 WI       SOL WI_VRTZ015 C        210   WISE DATABASE, SOIL TZ015     
2590 WI       SOL WI_VRTZ016 C        200   WISE DATABASE, SOIL TZ016     
2591 WI       SOL WI_VRTZ017 C        180   WISE DATABASE, SOIL TZ017     
2592 WI       SOL WI_VRTZ018 C        95    WISE DATABASE, SOIL TZ018     
2593 WI       SOL WI_VRTZ019 C        117   WISE DATABASE, SOIL TZ019     
2594 WI       SOL WI_PHTZ020 CL       130   WISE DATABASE, SOIL TZ020     
2595 WI       SOL WI_PHTZ022 CL       190   WISE DATABASE, SOIL TZ022     
2596 WI       SOL WI_PHTZ023 C        158   WISE DATABASE, SOIL TZ023     
2597 WI       SOL WI_PHTZ025 C        171   WISE DATABASE, SOIL TZ025     
2598 WI       SOL WI_PHTZ027 C        225   WISE DATABASE, SOIL TZ027     
2599 WI       SOL WI_PHTZ028 C        188   WISE DATABASE, SOIL TZ028     
2600 WI       SOL WI_PHTZ031 C        195   WISE DATABASE, SOIL TZ031     
2601 WI       SOL WI_PHTZ033 C        99    WISE DATABASE, SOIL TZ033     
2602 WI       SOL WI_LVTZ035 C        97    WISE DATABASE, SOIL TZ035     
2603 WI       SOL WI_LVTZ040 C        180   WISE DATABASE, SOIL TZ040     
2604 WI       SOL WI_PHTZ044 SCL      200   WISE DATABASE, SOIL TZ044     
2605 WI       SOL WI_LVTZ047 SCL      185   WISE DATABASE, SOIL TZ047     
2606 WI       SOL WI_CMTZ050 SCL      148   WISE DATABASE, SOIL TZ050     
2607 WI       SOL WI_LVTZ052 CL       170   WISE DATABASE, SOIL TZ052     
2608 WI       SOL WI_RGTZ054 L        35    WISE DATABASE, SOIL TZ054     
2609 WI       SOL WI_LPTZ056 C        25    WISE DATABASE, SOIL TZ056     
2610 WI       SOL WI_VRTZ077 C        65    WISE DATABASE, SOIL TZ077     
2611 WI       SOL WI_ARTZ089 LS       75    WISE DATABASE, SOIL TZ089     
2612 WI       SOL WI_FRUG001 SC       175   WISE DATABASE, SOIL UG001     
2613 WI       SOL WI_FRUG004 C        160   WISE DATABASE, SOIL UG004     
2614 WI       SOL WI_FRUG009 SCL      163   WISE DATABASE, SOIL UG009     
2615 WI       SOL WI_ACUG011 C        185   WISE DATABASE, SOIL UG011     
2616 WI       SOL WI_VRUS012 C        284   WISE DATABASE, SOIL US012     
2617 WI       SOL WI_NTUS018 SIL      203   WISE DATABASE, SOIL US018     
2618 WI       SOL WI_LVUS019 SL       101   WISE DATABASE, SOIL US019     
2619 WI       SOL WI_ARUS028 S        254   WISE DATABASE, SOIL US028     
2620 WI       SOL WI_ACUS036 LS       183   WISE DATABASE, SOIL US036     
2621 WI       SOL WI_CMUS084 SIL      152   WISE DATABASE, SOIL US084     
2622 WI       SOL WI_PHUS091 SIL      203   WISE DATABASE, SOIL US091     
2623 WI       SOL WI_PHUS101 SIL      160   WISE DATABASE, SOIL US101     
2624 WI       SOL WI_ALUS120 LS       200   WISE DATABASE, SOIL US120     
2625 WI       SOL WI_CMUS134 SL       152   WISE DATABASE, SOIL US134     
2626 WI       SOL WI_PHUS147 SL       43    WISE DATABASE, SOIL US147     
2627 WI       SOL WI_NTUY003 LS       235   WISE DATABASE, SOIL UY003     
2628 WI       SOL WI_PHUY020 L        65    WISE DATABASE, SOIL UY020     
2629 WI       SOL WI_PHUY027 SCL      120   WISE DATABASE, SOIL UY027     
2630 WI       SOL WI_VRUY029 C        140   WISE DATABASE, SOIL UY029     
2631 WI       SOL WI_PHUY030 CL       90    WISE DATABASE, SOIL UY030     
2632 WI       SOL WI_FLUY038 SIC      210   WISE DATABASE, SOIL UY038     
2633 WI       SOL WI_PHUY043 L        130   WISE DATABASE, SOIL UY043     
2634 WI       SOL WI_PHUY056 CL       100   WISE DATABASE, SOIL UY056     
2635 WI       SOL WI_VRUY062 SIC      92    WISE DATABASE, SOIL UY062     
2636 WI       SOL WI_VRUY063 C        95    WISE DATABASE, SOIL UY063     
2637 WI       SOL WI_LVUY071 SL       175   WISE DATABASE, SOIL UY071     
2638 WI       SOL WI_ACVE011 SC       150   WISE DATABASE, SOIL VE011     
2639 WI       SOL WI_PHWS001 SIC      193   WISE DATABASE, SOIL WS001     
2640 WI       SOL WI_CMWS004 L        210   WISE DATABASE, SOIL WS004     
2641 WI       SOL WI_CMWS006 L        173   WISE DATABASE, SOIL WS006     
2642 WI       SOL WI_CMWS007 SIL      200   WISE DATABASE, SOIL WS007     
2643 WI       SOL WI_CMWS008 SIL      196   WISE DATABASE, SOIL WS008     
2644 WI       SOL WI_CMWS010 SICL     193   WISE DATABASE, SOIL WS010     
2645 WI       SOL WI_CMWS011 SIL      228   WISE DATABASE, SOIL WS011     
2646 WI       SOL WI_ANWS013 SL       206   WISE DATABASE, SOIL WS013     
2647 WI       SOL WI_CMYE001 SIL      125   WISE DATABASE, SOIL YE001     
2648 WI       SOL WI_FLYE015 S        110   WISE DATABASE, SOIL YE015     
2649 WI       SOL WI_CLYE016 LS       120   WISE DATABASE, SOIL YE016     
2650 WI       SOL WI_CLYE018 LS       115   WISE DATABASE, SOIL YE018     
2651 WI       SOL WI_CMYE019 L        150   WISE DATABASE, SOIL YE019     
2652 WI       SOL WI_CLYE020 LS       140   WISE DATABASE, SOIL YE020     
2653 WI       SOL WI_CLYE022 SL       165   WISE DATABASE, SOIL YE022     
2654 WI       SOL WI_CMYE023 L        120   WISE DATABASE, SOIL YE023     
2655 WI       SOL WI_CMYE024 SIL      120   WISE DATABASE, SOIL YE024     
2656 WI       SOL WI_FLYE025 SIL      120   WISE DATABASE, SOIL YE025     
2657 WI       SOL WI_CLYE026 SL       120   WISE DATABASE, SOIL YE026     
2658 WI       SOL WI_CLYE027 SIL      120   WISE DATABASE, SOIL YE027     
2659 WI       SOL WI_FLYE028 SICL     120   WISE DATABASE, SOIL YE028     
2660 WI       SOL WI_CMYE029 SICL     120   WISE DATABASE, SOIL YE029     
2661 WI       SOL WI_CMYE030 L        100   WISE DATABASE, SOIL YE030     
2662 WI       SOL WI_CMYE031 SIL      120   WISE DATABASE, SOIL YE031     
2663 WI       SOL WI_CMYE032 L        100   WISE DATABASE, SOIL YE032     
2664 WI       SOL WI_FLYE033 SIL      120   WISE DATABASE, SOIL YE033     
2665 WI       SOL WI_CMYE036 L        120   WISE DATABASE, SOIL YE036     
2666 WI       SOL WI_CMYE038 SL       120   WISE DATABASE, SOIL YE038     
2667 WI       SOL WI_CLYE039 CL       120   WISE DATABASE, SOIL YE039     
2668 WI       SOL WI_CLYE040 L        120   WISE DATABASE, SOIL YE040     
2669 WI       SOL WI_FLYE046 L        60    WISE DATABASE, SOIL YE046     
2670 WI       SOL WI_FLYE049 L        120   WISE DATABASE, SOIL YE049     
2671 WI       SOL WI_FLYE050 SICL     120   WISE DATABASE, SOIL YE050     
2672 WI       SOL WI_FLYE051 SIL      120   WISE DATABASE, SOIL YE051     
2673 WI       SOL WI_CMYE052 SI       120   WISE DATABASE, SOIL YE052     
2674 WI       SOL WI_FLYE053 SICL     105   WISE DATABASE, SOIL YE053     
2675 WI       SOL WI_CMYE054 SICL     120   WISE DATABASE, SOIL YE054     
2676 WI       SOL WI_CMYE055 SIL      75    WISE DATABASE, SOIL YE055     
2677 WI       SOL WI_FLYE056 L        120   WISE DATABASE, SOIL YE056     
2678 WI       SOL WI_FLYE057 CL       110   WISE DATABASE, SOIL YE057     
2679 WI       SOL WI_FLYE058 SICL     90    WISE DATABASE, SOIL YE058     
2680 WI       SOL WI_FLYE060 L        110   WISE DATABASE, SOIL YE060     
2681 WI       SOL WI_SCYE063 SCL      95    WISE DATABASE, SOIL YE063     
2682 WI       SOL WI_FLYE070 LS       140   WISE DATABASE, SOIL YE070     
2683 WI       SOL WI_CLYE071 SL       125   WISE DATABASE, SOIL YE071     
2684 WI       SOL WI_CMYE075 SIL      90    WISE DATABASE, SOIL YE075     
2685 WI       SOL WI_CMYE077 SIL      120   WISE DATABASE, SOIL YE077     
2686 WI       SOL WI_CMYE079 L        120   WISE DATABASE, SOIL YE079     
2687 WI       SOL WI_FLYE081 SL       120   WISE DATABASE, SOIL YE081     
2688 WI       SOL WI_CMYE082 L        120   WISE DATABASE, SOIL YE082     
2689 WI       SOL WI_CMYE083 SIL      120   WISE DATABASE, SOIL YE083     
2690 WI       SOL WI_CMYE084 SL       120   WISE DATABASE, SOIL YE084     
2691 WI       SOL WI_CMYE085 SL       90    WISE DATABASE, SOIL YE085     
2692 WI       SOL WI_FLYE089 SIL      130   WISE DATABASE, SOIL YE089     
2693 WI       SOL WI_FLYE097 SL       120   WISE DATABASE, SOIL YE097     
2694 WI       SOL WI_FLYE098 CL       120   WISE DATABASE, SOIL YE098     
2695 WI       SOL WI_FLYE104 L        50    WISE DATABASE, SOIL YE104     
2696 WI       SOL WI_CMYE107 L        100   WISE DATABASE, SOIL YE107     
2697 WI       SOL WI_FLYE170 SL       155   WISE DATABASE, SOIL YE170     
2698 WI       SOL WI_CLYE176 L        211   WISE DATABASE, SOIL YE176     
2699 WI       SOL WI_ATYE177 SICL     190   WISE DATABASE, SOIL YE177     
2700 WI       SOL WI_ATYE178 SIL      224   WISE DATABASE, SOIL YE178     
2701 WI       SOL WI_FLYE186 SL       150   WISE DATABASE, SOIL YE186     
2702 WI       SOL WI_FLYE188 SL       150   WISE DATABASE, SOIL YE188     
2703 WI       SOL WI_FLYE197 S        113   WISE DATABASE, SOIL YE197     
2704 WI       SOL WI_FLYE200 S        38    WISE DATABASE, SOIL YE200     
2705 WI       SOL WI_FLYE203 L        150   WISE DATABASE, SOIL YE203     
2706 WI       SOL WI_FLYE204 SL       160   WISE DATABASE, SOIL YE204     
2707 WI       SOL WI_FLYE206 SL       150   WISE DATABASE, SOIL YE206     
2708 WI       SOL WI_FLYE207 L        160   WISE DATABASE, SOIL YE207     
2709 WI       SOL WI_FLYE208 S        123   WISE DATABASE, SOIL YE208     
2710 WI       SOL WI_FLYE209 L        108   WISE DATABASE, SOIL YE209     
2711 WI       SOL WI_FLYE211 SL       100   WISE DATABASE, SOIL YE211     
2712 WI       SOL WI_FLYE212 SL       150   WISE DATABASE, SOIL YE212     
2713 WI       SOL WI_FLYE213 SL       120   WISE DATABASE, SOIL YE213     
2714 WI       SOL WI_FLYE215 L        150   WISE DATABASE, SOIL YE215     
2715 WI       SOL WI_FLYE217 L        130   WISE DATABASE, SOIL YE217     
2716 WI       SOL WI_FLYE219 SL       180   WISE DATABASE, SOIL YE219     
2717 WI       SOL WI_FLYE220 SL       155   WISE DATABASE, SOIL YE220     
2718 WI       SOL WI_LVYE221 SL       125   WISE DATABASE, SOIL YE221     
2719 WI       SOL WI_CHYE223 L        120   WISE DATABASE, SOIL YE223     
2720 WI       SOL WI_CLYE224 SCL      120   WISE DATABASE, SOIL YE224     
2721 WI       SOL WI_CHYE225 SL       150   WISE DATABASE, SOIL YE225     
2722 WI       SOL WI_CLYE226 L        160   WISE DATABASE, SOIL YE226     
2723 WI       SOL WI_CMYE227 SIL      110   WISE DATABASE, SOIL YE227     
2724 WI       SOL WI_KSYE228 SL       180   WISE DATABASE, SOIL YE228     
2725 WI       SOL WI_KSYE230 SL       140   WISE DATABASE, SOIL YE230     
2726 WI       SOL WI_CHYE232 L        190   WISE DATABASE, SOIL YE232     
2727 WI       SOL WI_CHYE233 L        100   WISE DATABASE, SOIL YE233     
2728 WI       SOL WI_CHYE234 L        125   WISE DATABASE, SOIL YE234     
2729 WI       SOL WI_CLYE237 SIL      90    WISE DATABASE, SOIL YE237     
2730 WI       SOL WI_CLYE240 SL       170   WISE DATABASE, SOIL YE240     
2731 WI       SOL WI_CLYE241 L        120   WISE DATABASE, SOIL YE241     
2732 WI       SOL WI_CLYE245 SCL      200   WISE DATABASE, SOIL YE245     
2733 WI       SOL WI_CLYE247 SL       150   WISE DATABASE, SOIL YE247     
2734 WI       SOL WI_CMYE249 C        90    WISE DATABASE, SOIL YE249     
2735 WI       SOL WI_CHYE250 CL       120   WISE DATABASE, SOIL YE250     
2736 WI       SOL WI_RGYE251 SL       65    WISE DATABASE, SOIL YE251     
2737 WI       SOL WI_FLYE254 SL       100   WISE DATABASE, SOIL YE254     
2738 WI       SOL WI_CHYE256 L        170   WISE DATABASE, SOIL YE256     
2739 WI       SOL WI_CHYE257 LS       150   WISE DATABASE, SOIL YE257     
2740 WI       SOL WI_PHYE258 SIL      160   WISE DATABASE, SOIL YE258     
2741 WI       SOL WI_PHYE259 SL       171   WISE DATABASE, SOIL YE259     
2742 WI       SOL WI_ATYE260 SIL      128   WISE DATABASE, SOIL YE260     
2743 WI       SOL WI_ATYE284 L        190   WISE DATABASE, SOIL YE284     
2744 WI       SOL WI_ATYE285 SL       150   WISE DATABASE, SOIL YE285     
2745 WI       SOL WI_CMYE288 SCL      140   WISE DATABASE, SOIL YE288     
2746 WI       SOL WI_LVZA004 S        140   WISE DATABASE, SOIL ZA004     
2747 WI       SOL WI_FRZA012 SCL      140   WISE DATABASE, SOIL ZA012     
2748 WI       SOL WI_PZZA017 S        115   WISE DATABASE, SOIL ZA017     
2749 WI       SOL WI_FRZM006 C        190   WISE DATABASE, SOIL ZM006     
2750 WI       SOL WI_FRZM007 C        190   WISE DATABASE, SOIL ZM007     
2751 WI       SOL WI_FRZM017 C        150   WISE DATABASE, SOIL ZM017     
2752 WI       SOL WI_LXZM022 SL       95    WISE DATABASE, SOIL ZM022     
2753 WI       SOL WI_PHZM028 SL       100   WISE DATABASE, SOIL ZM028     
2754 WI       SOL WI_PHZM029 SL       118   WISE DATABASE, SOIL ZM029     
2755 WI       SOL WI_FRZM033 CL       142   WISE DATABASE, SOIL ZM033     
2756 WI       SOL WI_GLZM034 SL       100   WISE DATABASE, SOIL ZM034     
2757 WI       SOL WI_GLZM035 SIL      100   WISE DATABASE, SOIL ZM035     
2758 WI       SOL WI_GLZM036 SIL      100   WISE DATABASE, SOIL ZM036     
2759 WI       SOL WI_VRZM040 SICL     125   WISE DATABASE, SOIL ZM040     
2760 WI       SOL WI_VRZM041 CL       102   WISE DATABASE, SOIL ZM041     
2761 WI       SOL WI_PLZM042 CL       98    WISE DATABASE, SOIL ZM042     
2762 WI       SOL WI_PZZM043 S        115   WISE DATABASE, SOIL ZM043     
2763 WI       SOL WI_PZZM056 S        120   WISE DATABASE, SOIL ZM056     
2764 WI       SOL WI_FRZM057 SCL      155   WISE DATABASE, SOIL ZM057     
2765 WI       SOL WI_RGZR001 SC       100   WISE DATABASE, SOIL ZR001     
2766 WI       SOL WI_CMZR004 SC       180   WISE DATABASE, SOIL ZR004     
2767 WI       SOL WI_CMZR006 C        119   WISE DATABASE, SOIL ZR006     
2768 WI       SOL WI_ACZR011 L        100   WISE DATABASE, SOIL ZR011     
2769 WI       SOL WI_FRZR013 SL       140   WISE DATABASE, SOIL ZR013     
2770 WI       SOL WI_FRZR014 SL       122   WISE DATABASE, SOIL ZR014     
2771 WI       SOL WI_ARZR017 SL       117   WISE DATABASE, SOIL ZR017     
2772 WI       SOL WI_GLZR033 C        100   WISE DATABASE, SOIL ZR033     
2773 WI       SOL WI_VRZR036 C        150   WISE DATABASE, SOIL ZR036     
2774 WI       SOL WI_ANZR037 C        105   WISE DATABASE, SOIL ZR037     
2775 WI       SOL WI_ACZR040 C        120   WISE DATABASE, SOIL ZR040     
2776 WI       SOL WI_ACZR048 C        100   WISE DATABASE, SOIL ZR048     
2777 WI       SOL WI_ACZR050 SIC      145   WISE DATABASE, SOIL ZR050     
2778 WI       SOL WI_ACZR051 SIC      80    WISE DATABASE, SOIL ZR051     
2779 WI       SOL WI_ACZR052 C        100   WISE DATABASE, SOIL ZR052     
2780 WI       SOL WI_ACZR053 C        180   WISE DATABASE, SOIL ZR053     
2781 WI       SOL WI_ACZR054 C        110   WISE DATABASE, SOIL ZR054     
2782 WI       SOL WI_CMZR057 SC       120   WISE DATABASE, SOIL ZR057     
2783 WI       SOL WI_ACZR060 C        130   WISE DATABASE, SOIL ZR060     
2784 WI       SOL WI_LPZR062 C        105   WISE DATABASE, SOIL ZR062     
2785 WI       SOL WI_GLZR063 C        40    WISE DATABASE, SOIL ZR063     
2786 WI       SOL WI_ANZR064 SCL      80    WISE DATABASE, SOIL ZR064     
2787 WI       SOL WI_ANZR065 C        50    WISE DATABASE, SOIL ZR065     
2788 WI       SOL WI_ANZR066 C        150   WISE DATABASE, SOIL ZR066     
2789 WI       SOL WI_GLZR067 C        65    WISE DATABASE, SOIL ZR067     
2790 WI       SOL WI_VRZW004 C        92    WISE DATABASE, SOIL ZW004     
2791 WI       SOL WI_PHZW006 CL       68    WISE DATABASE, SOIL ZW006     
2792 WI       SOL WI_FRZW013 C        200   WISE DATABASE, SOIL ZW013     
2793 WI       SOL WI_CMZW018 C        200   WISE DATABASE, SOIL ZW018     
2794 WI       SOL WI_SCAR036 LS       58    WISE DATABASE, SOIL AR036     
2795 WI       SOL WI_PHAR039 L        145   WISE DATABASE, SOIL AR039     
2796 WI       SOL WI_RGAR042 LS       220   WISE DATABASE, SOIL AR042     
2797 WI       SOL WI_PLAR043 L        125   WISE DATABASE, SOIL AR043     
2798 WI       SOL WI_PLAR044 SL       135   WISE DATABASE, SOIL AR044     
2799 WI       SOL WI_CLAR045 SL       180   WISE DATABASE, SOIL AR045     
2800 WI       SOL WI_VRAU001 C        220   WISE DATABASE, SOIL AU001     
2801 WI       SOL WI_VRAU002 SCL      210   WISE DATABASE, SOIL AU002     
2802 WI       SOL WI_SNAU005 SL       90    WISE DATABASE, SOIL AU005     
2803 WI       SOL WI_LVAU014 LS       100   WISE DATABASE, SOIL AU014     
2804 WI       SOL WI_LVAU015 SL       93    WISE DATABASE, SOIL AU015     
2805 WI       SOL WI_SNAU027 SL       120   WISE DATABASE, SOIL AU027     
2806 WI       SOL WI_VRAU030 C        108   WISE DATABASE, SOIL AU030     
2807 WI       SOL WI_LVAU031 SCL      100   WISE DATABASE, SOIL AU031     
2808 WI       SOL WI_KSAU036 SCL      76    WISE DATABASE, SOIL AU036     
2809 WI       SOL WI_FLBD008 C        130   WISE DATABASE, SOIL BD008     
2810 WI       SOL WI_SNBI005 SL       210   WISE DATABASE, SOIL BI005     
2811 WI       SOL WI_VRBI006 C        180   WISE DATABASE, SOIL BI006     
2812 WI       SOL WI_NTBR008 SIL      90    WISE DATABASE, SOIL BR008     
2813 WI       SOL WI_ACBR009 SL       160   WISE DATABASE, SOIL BR009     
2814 WI       SOL WI_ARBR012 SL       150   WISE DATABASE, SOIL BR012     
2815 WI       SOL WI_PZBR013 S        170   WISE DATABASE, SOIL BR013     
2816 WI       SOL WI_PLBR016 LS       140   WISE DATABASE, SOIL BR016     
2817 WI       SOL WI_FRBR017 SCL      165   WISE DATABASE, SOIL BR017     
2818 WI       SOL WI_GLBR034 SIL      150   WISE DATABASE, SOIL BR034     
2819 WI       SOL WI_FRBR042 C        170   WISE DATABASE, SOIL BR042     
2820 WI       SOL WI_VRBR059 C        142   WISE DATABASE, SOIL BR059     
2821 WI       SOL WI_PLBR062 SL       90    WISE DATABASE, SOIL BR062     
2822 WI       SOL WI_NTBR075 C        275   WISE DATABASE, SOIL BR075     
2823 WI       SOL WI_FRBR079 LS       300   WISE DATABASE, SOIL BR079     
2824 WI       SOL WI_SNBR084 SL       90    WISE DATABASE, SOIL BR084     
2825 WI       SOL WI_PZBR086 S        150   WISE DATABASE, SOIL BR086     
2826 WI       SOL WI_PLBR089 LS       70    WISE DATABASE, SOIL BR089     
2827 WI       SOL WI_ALBR090 SCL      250   WISE DATABASE, SOIL BR090     
2828 WI       SOL WI_GLBR095 SIL      335   WISE DATABASE, SOIL BR095     
2829 WI       SOL WI_FRBR097 C        320   WISE DATABASE, SOIL BR097     
2830 WI       SOL WI_CMBR100 SL       285   WISE DATABASE, SOIL BR100     
2831 WI       SOL WI_FRBR102 SCL      280   WISE DATABASE, SOIL BR102     
2832 WI       SOL WI_LXBW003 SL       100   WISE DATABASE, SOIL BW003     
2833 WI       SOL WI_LVBW006 SL       125   WISE DATABASE, SOIL BW006     
2834 WI       SOL WI_CLBW007 SC       60    WISE DATABASE, SOIL BW007     
2835 WI       SOL WI_LXBW013 SL       100   WISE DATABASE, SOIL BW013     
2836 WI       SOL WI_ARBW031 S        120   WISE DATABASE, SOIL BW031     
2837 WI       SOL WI_LVBW032 SL       160   WISE DATABASE, SOIL BW032     
2838 WI       SOL WI_ARBW034 LS       120   WISE DATABASE, SOIL BW034     
2839 WI       SOL WI_ARBW035 S        130   WISE DATABASE, SOIL BW035     
2840 WI       SOL WI_SCBW037 C        120   WISE DATABASE, SOIL BW037     
2841 WI       SOL WI_LVBW065 SL       165   WISE DATABASE, SOIL BW065     
2842 WI       SOL WI_LVBW077 SC       120   WISE DATABASE, SOIL BW077     
2843 WI       SOL WI_SNBW078 SCL      120   WISE DATABASE, SOIL BW078     
2844 WI       SOL WI_CLBW083 LS       120   WISE DATABASE, SOIL BW083     
2845 WI       SOL WI_ARBW086 S        120   WISE DATABASE, SOIL BW086     
2846 WI       SOL WI_ARBW087 S        120   WISE DATABASE, SOIL BW087     
2847 WI       SOL WI_PLBW092 SL       120   WISE DATABASE, SOIL BW092     
2848 WI       SOL WI_CLBW103 LS       130   WISE DATABASE, SOIL BW103     
2849 WI       SOL WI_SCBW104 SL       100   WISE DATABASE, SOIL BW104     
2850 WI       SOL WI_LVBW115 S        120   WISE DATABASE, SOIL BW115     
2851 WI       SOL WI_LVBW160 SL       100   WISE DATABASE, SOIL BW160     
2852 WI       SOL WI_CLBW186 LS       145   WISE DATABASE, SOIL BW186     
2853 WI       SOL WI_CHBW208 SL       100   WISE DATABASE, SOIL BW208     
2854 WI       SOL WI_GLBW210 SL       120   WISE DATABASE, SOIL BW210     
2855 WI       SOL WI_GLBW211 SCL      125   WISE DATABASE, SOIL BW211     
2856 WI       SOL WI_FLBW214 LS       110   WISE DATABASE, SOIL BW214     
2857 WI       SOL WI_FLBW218 SCL      115   WISE DATABASE, SOIL BW218     
2858 WI       SOL WI_LVBW220 LS       115   WISE DATABASE, SOIL BW220     
2859 WI       SOL WI_ARBW222 LS       100   WISE DATABASE, SOIL BW222     
2860 WI       SOL WI_ARBW225 LS       120   WISE DATABASE, SOIL BW225     
2861 WI       SOL WI_ARBW227 S        100   WISE DATABASE, SOIL BW227     
2862 WI       SOL WI_ARBW233 S        110   WISE DATABASE, SOIL BW233     
2863 WI       SOL WI_ARBW239 S        100   WISE DATABASE, SOIL BW239     
2864 WI       SOL WI_CHBW241 SL       110   WISE DATABASE, SOIL BW241     
2865 WI       SOL WI_LVBW243 LS       100   WISE DATABASE, SOIL BW243     
2866 WI       SOL WI_FLBW248 SL       110   WISE DATABASE, SOIL BW248     
2867 WI       SOL WI_FLBW249 SL       110   WISE DATABASE, SOIL BW249     
2868 WI       SOL WI_CLBW251 SL       110   WISE DATABASE, SOIL BW251     
2869 WI       SOL WI_CLBW252 S        110   WISE DATABASE, SOIL BW252     
2870 WI       SOL WI_CLBW256 SCL      100   WISE DATABASE, SOIL BW256     
2871 WI       SOL WI_CLBW258 S        120   WISE DATABASE, SOIL BW258     
2872 WI       SOL WI_GLBW263 SCL      270   WISE DATABASE, SOIL BW263     
2873 WI       SOL WI_LVBW265 SCL      100   WISE DATABASE, SOIL BW265     
2874 WI       SOL WI_LVBW269 SL       80    WISE DATABASE, SOIL BW269     
2875 WI       SOL WI_LVBW271 C        90    WISE DATABASE, SOIL BW271     
2876 WI       SOL WI_LVBW272 LS       100   WISE DATABASE, SOIL BW272     
2877 WI       SOL WI_LVBW282 SL       170   WISE DATABASE, SOIL BW282     
2878 WI       SOL WI_CLBW283 LS       180   WISE DATABASE, SOIL BW283     
2879 WI       SOL WI_ARBW285 LS       160   WISE DATABASE, SOIL BW285     
2880 WI       SOL WI_LVBW289 SL       80    WISE DATABASE, SOIL BW289     
2881 WI       SOL WI_LVBW295 SL       130   WISE DATABASE, SOIL BW295     
2882 WI       SOL WI_LVBW296 SL       200   WISE DATABASE, SOIL BW296     
2883 WI       SOL WI_CLBW318 CL       110   WISE DATABASE, SOIL BW318     
2884 WI       SOL WI_CLBW321 CL       110   WISE DATABASE, SOIL BW321     
2885 WI       SOL WI_CHBW328 SCL      120   WISE DATABASE, SOIL BW328     
2886 WI       SOL WI_ARBW332 LS       120   WISE DATABASE, SOIL BW332     
2887 WI       SOL WI_ARBW334 LS       110   WISE DATABASE, SOIL BW334     
2888 WI       SOL WI_LVBW345 SL       120   WISE DATABASE, SOIL BW345     
2889 WI       SOL WI_CLBW352 LS       120   WISE DATABASE, SOIL BW352     
2890 WI       SOL WI_CLBW361 SCL      150   WISE DATABASE, SOIL BW361     
2891 WI       SOL WI_VRBW367 C        140   WISE DATABASE, SOIL BW367     
2892 WI       SOL WI_LVBW370 SL       110   WISE DATABASE, SOIL BW370     
2893 WI       SOL WI_VRBW375 C        100   WISE DATABASE, SOIL BW375     
2894 WI       SOL WI_VRBW386 C        100   WISE DATABASE, SOIL BW386     
2895 WI       SOL WI_CHBW392 C        90    WISE DATABASE, SOIL BW392     
2896 WI       SOL WI_LVBW410 SL       160   WISE DATABASE, SOIL BW410     
2897 WI       SOL WI_CLBW411 SL       135   WISE DATABASE, SOIL BW411     
2898 WI       SOL WI_CLBW419 S        160   WISE DATABASE, SOIL BW419     
2899 WI       SOL WI_VRBW432 C        90    WISE DATABASE, SOIL BW432     
2900 WI       SOL WI_VRBW444 SC       120   WISE DATABASE, SOIL BW444     
2901 WI       SOL WI_VRBW446 C        90    WISE DATABASE, SOIL BW446     
2902 WI       SOL WI_LVBW447 SCL      110   WISE DATABASE, SOIL BW447     
2903 WI       SOL WI_VRBW448 C        120   WISE DATABASE, SOIL BW448     
2904 WI       SOL WI_LVBW449 SCL      120   WISE DATABASE, SOIL BW449     
2905 WI       SOL WI_VRBW450 C        120   WISE DATABASE, SOIL BW450     
2906 WI       SOL WI_LVBW452 SL       110   WISE DATABASE, SOIL BW452     
2907 WI       SOL WI_VRBW457 C        110   WISE DATABASE, SOIL BW457     
2908 WI       SOL WI_LVBW460 S        100   WISE DATABASE, SOIL BW460     
2909 WI       SOL WI_LVBW462 LS       110   WISE DATABASE, SOIL BW462     
2910 WI       SOL WI_LVBW477 SCL      140   WISE DATABASE, SOIL BW477     
2911 WI       SOL WI_PLBW484 LS       120   WISE DATABASE, SOIL BW484     
2912 WI       SOL WI_VRBW488 C        120   WISE DATABASE, SOIL BW488     
2913 WI       SOL WI_VRBW489 C        120   WISE DATABASE, SOIL BW489     
2914 WI       SOL WI_LVBW494 S        120   WISE DATABASE, SOIL BW494     
2915 WI       SOL WI_LVBW501 SCL      120   WISE DATABASE, SOIL BW501     
2916 WI       SOL WI_VRBW502 SC       130   WISE DATABASE, SOIL BW502     
2917 WI       SOL WI_LVBW503 SCL      135   WISE DATABASE, SOIL BW503     
2918 WI       SOL WI_VRBW509 C        130   WISE DATABASE, SOIL BW509     
2919 WI       SOL WI_VRBW513 SC       120   WISE DATABASE, SOIL BW513     
2920 WI       SOL WI_CHBW515 LS       130   WISE DATABASE, SOIL BW515     
2921 WI       SOL WI_ARBW555 S        130   WISE DATABASE, SOIL BW555     
2922 WI       SOL WI_LVBW558 SCL      90    WISE DATABASE, SOIL BW558     
2923 WI       SOL WI_GLBW562 SCL      150   WISE DATABASE, SOIL BW562     
2924 WI       SOL WI_LVBW565 SCL      150   WISE DATABASE, SOIL BW565     
2925 WI       SOL WI_LVBW568 SL       160   WISE DATABASE, SOIL BW568     
2926 WI       SOL WI_LVBW570 LS       260   WISE DATABASE, SOIL BW570     
2927 WI       SOL WI_ARBW578 S        200   WISE DATABASE, SOIL BW578     
2928 WI       SOL WI_GLBW592 C        120   WISE DATABASE, SOIL BW592     
2929 WI       SOL WI_GLBW593 C        115   WISE DATABASE, SOIL BW593     
2930 WI       SOL WI_LVBW600 CL       120   WISE DATABASE, SOIL BW600     
2931 WI       SOL WI_GLBW601 C        125   WISE DATABASE, SOIL BW601     
2932 WI       SOL WI_LVBW602 SL       50    WISE DATABASE, SOIL BW602     
2933 WI       SOL WI_GLBW603 SIL      135   WISE DATABASE, SOIL BW603     
2934 WI       SOL WI_LVBW604 S        130   WISE DATABASE, SOIL BW604     
2935 WI       SOL WI_GLBW607 SICL     140   WISE DATABASE, SOIL BW607     
2936 WI       SOL WI_GLBW608 SIL      120   WISE DATABASE, SOIL BW608     
2937 WI       SOL WI_SNBW610 S        120   WISE DATABASE, SOIL BW610     
2938 WI       SOL WI_LVBW618 S        125   WISE DATABASE, SOIL BW618     
2939 WI       SOL WI_LVBW620 SL       125   WISE DATABASE, SOIL BW620     
2940 WI       SOL WI_CMBW625 SL       120   WISE DATABASE, SOIL BW625     
2941 WI       SOL WI_LVBW627 SL       125   WISE DATABASE, SOIL BW627     
2942 WI       SOL WI_CHBW629 C        120   WISE DATABASE, SOIL BW629     
2943 WI       SOL WI_LVBW635 SCL      150   WISE DATABASE, SOIL BW635     
2944 WI       SOL WI_CHBW637 SCL      120   WISE DATABASE, SOIL BW637     
2945 WI       SOL WI_SNBW649 SC       120   WISE DATABASE, SOIL BW649     
2946 WI       SOL WI_VRBW660 C        90    WISE DATABASE, SOIL BW660     
2947 WI       SOL WI_LVBW662 SL       95    WISE DATABASE, SOIL BW662     
2948 WI       SOL WI_SNBW664 SL       150   WISE DATABASE, SOIL BW664     
2949 WI       SOL WI_LVBW669 LS       165   WISE DATABASE, SOIL BW669     
2950 WI       SOL WI_LVBW670 CL       85    WISE DATABASE, SOIL BW670     
2951 WI       SOL WI_XLBW671 SL       165   WISE DATABASE, SOIL BW671     
2952 WI       SOL WI_CLBW679 SL       190   WISE DATABASE, SOIL BW679     
2953 WI       SOL WI_VRBW683 C        100   WISE DATABASE, SOIL BW683     
2954 WI       SOL WI_LVBW685 SCL      150   WISE DATABASE, SOIL BW685     
2955 WI       SOL WI_RGBW690 SCL      115   WISE DATABASE, SOIL BW690     
2956 WI       SOL WI_CLBW691 SCL      150   WISE DATABASE, SOIL BW691     
2957 WI       SOL WI_LVBW694 SC       150   WISE DATABASE, SOIL BW694     
2958 WI       SOL WI_LVBW698 SL       130   WISE DATABASE, SOIL BW698     
2959 WI       SOL WI_RGBW709 LS       85    WISE DATABASE, SOIL BW709     
2960 WI       SOL WI_LVBW711 S        170   WISE DATABASE, SOIL BW711     
2961 WI       SOL WI_RGBW715 SL       55    WISE DATABASE, SOIL BW715     
2962 WI       SOL WI_LVBW718 SL       130   WISE DATABASE, SOIL BW718     
2963 WI       SOL WI_LVBW733 S        100   WISE DATABASE, SOIL BW733     
2964 WI       SOL WI_LVBW734 SCL      150   WISE DATABASE, SOIL BW734     
2965 WI       SOL WI_GLBW748 C        150   WISE DATABASE, SOIL BW748     
2966 WI       SOL WI_GLBW759 C        100   WISE DATABASE, SOIL BW759     
2967 WI       SOL WI_LVBW763 SC       100   WISE DATABASE, SOIL BW763     
2968 WI       SOL WI_CLBW767 LS       125   WISE DATABASE, SOIL BW767     
2969 WI       SOL WI_LVBW769 S        160   WISE DATABASE, SOIL BW769     
2970 WI       SOL WI_ARBW770 LS       110   WISE DATABASE, SOIL BW770     
2971 WI       SOL WI_ARBW779 LS       110   WISE DATABASE, SOIL BW779     
2972 WI       SOL WI_CLBW790 LS       130   WISE DATABASE, SOIL BW790     
2973 WI       SOL WI_LVBW820 S        120   WISE DATABASE, SOIL BW820     
2974 WI       SOL WI_CLBW823 LS       120   WISE DATABASE, SOIL BW823     
2975 WI       SOL WI_ARBW824 S        170   WISE DATABASE, SOIL BW824     
2976 WI       SOL WI_CLBW850 S        120   WISE DATABASE, SOIL BW850     
2977 WI       SOL WI_LVBW855 SCL      120   WISE DATABASE, SOIL BW855     
2978 WI       SOL WI_CLBW857 S        120   WISE DATABASE, SOIL BW857     
2979 WI       SOL WI_SNBW873 SL       168   WISE DATABASE, SOIL BW873     
2980 WI       SOL WI_VRBW877 C        150   WISE DATABASE, SOIL BW877     
2981 WI       SOL WI_PHBW878 SL       150   WISE DATABASE, SOIL BW878     
2982 WI       SOL WI_CLBW885 S        120   WISE DATABASE, SOIL BW885     
2983 WI       SOL WI_CLBW886 LS       150   WISE DATABASE, SOIL BW886     
2984 WI       SOL WI_GLBW887 SCL      160   WISE DATABASE, SOIL BW887     
2985 WI       SOL WI_CHCA001 SIL      130   WISE DATABASE, SOIL CA001     
2986 WI       SOL WI_CHCA019 SL       120   WISE DATABASE, SOIL CA019     
2987 WI       SOL WI_CHCA020 L        103   WISE DATABASE, SOIL CA020     
2988 WI       SOL WI_KSCA021 SIL      220   WISE DATABASE, SOIL CA021     
2989 WI       SOL WI_KSCA022 C        180   WISE DATABASE, SOIL CA022     
2990 WI       SOL WI_KSCA023 C        120   WISE DATABASE, SOIL CA023     
2991 WI       SOL WI_SNCA024 L        124   WISE DATABASE, SOIL CA024     
2992 WI       SOL WI_KSCA035 SIL      70    WISE DATABASE, SOIL CA035     
2993 WI       SOL WI_KSCA036 L        135   WISE DATABASE, SOIL CA036     
2994 WI       SOL WI_KSCA038 SCL      163   WISE DATABASE, SOIL CA038     
2995 WI       SOL WI_CHCA040 CL       80    WISE DATABASE, SOIL CA040     
2996 WI       SOL WI_GRCA086 L        40    WISE DATABASE, SOIL CA086     
2997 WI       SOL WI_RGCF024 C        169   WISE DATABASE, SOIL CF024     
2998 WI       SOL WI_VRCM007 C        100   WISE DATABASE, SOIL CM007     
2999 WI       SOL WI_VRCM008 SIC      120   WISE DATABASE, SOIL CM008     
3000 WI       SOL WI_CMCM009 SL       115   WISE DATABASE, SOIL CM009     
3001 WI       SOL WI_PLCM016 LS       160   WISE DATABASE, SOIL CM016     
3002 WI       SOL WI_CMCN012 SICL     100   WISE DATABASE, SOIL CN012     
3003 WI       SOL WI_LXCN013 SIL      120   WISE DATABASE, SOIL CN013     
3004 WI       SOL WI_LVCN016 C        120   WISE DATABASE, SOIL CN016     
3005 WI       SOL WI_GYCN020 SIL      190   WISE DATABASE, SOIL CN020     
3006 WI       SOL WI_ARCN025 S        100   WISE DATABASE, SOIL CN025     
3007 WI       SOL WI_CMCN043 SICL     140   WISE DATABASE, SOIL CN043     
3008 WI       SOL WI_SNCN047 CL       140   WISE DATABASE, SOIL CN047     
3009 WI       SOL WI_CHCN048 SICL     220   WISE DATABASE, SOIL CN048     
3010 WI       SOL WI_GRCN049 SIL      220   WISE DATABASE, SOIL CN049     
3011 WI       SOL WI_CMCN054 C        80    WISE DATABASE, SOIL CN054     
3012 WI       SOL WI_LVCN055 SCL      119   WISE DATABASE, SOIL CN055     
3013 WI       SOL WI_CMCN059 SIL      40    WISE DATABASE, SOIL CN059     
3014 WI       SOL WI_CMCN060 SIC      120   WISE DATABASE, SOIL CN060     
3015 WI       SOL WI_FRCO009 SIC      150   WISE DATABASE, SOIL CO009     
3016 WI       SOL WI_ANCO028 L        160   WISE DATABASE, SOIL CO028     
3017 WI       SOL WI_CMCO029 CL       166   WISE DATABASE, SOIL CO029     
3018 WI       SOL WI_ANCO030 L        190   WISE DATABASE, SOIL CO030     
3019 WI       SOL WI_ANCO031 L        131   WISE DATABASE, SOIL CO031     
3020 WI       SOL WI_ANCO032 CL       130   WISE DATABASE, SOIL CO032     
3021 WI       SOL WI_NTCO033 SL       82    WISE DATABASE, SOIL CO033     
3022 WI       SOL WI_CMCO034 CL       120   WISE DATABASE, SOIL CO034     
3023 WI       SOL WI_ACCO035 L        205   WISE DATABASE, SOIL CO035     
3024 WI       SOL WI_FRCO037 C        150   WISE DATABASE, SOIL CO037     
3025 WI       SOL WI_FRCO040 SL       150   WISE DATABASE, SOIL CO040     
3026 WI       SOL WI_ANCO055 L        150   WISE DATABASE, SOIL CO055     
3027 WI       SOL WI_PHCO063 SICL     184   WISE DATABASE, SOIL CO063     
3028 WI       SOL WI_FRCO066 C        180   WISE DATABASE, SOIL CO066     
3029 WI       SOL WI_CMCO071 SICL     196   WISE DATABASE, SOIL CO071     
3030 WI       SOL WI_VRCR028 C        200   WISE DATABASE, SOIL CR028     
3031 WI       SOL WI_LVCS003 C        140   WISE DATABASE, SOIL CS003     
3032 WI       SOL WI_GLCS004 C        140   WISE DATABASE, SOIL CS004     
3033 WI       SOL WI_SNCS005 SICL     100   WISE DATABASE, SOIL CS005     
3034 WI       SOL WI_VRCU006 C        170   WISE DATABASE, SOIL CU006     
3035 WI       SOL WI_VRCU009 SICL     150   WISE DATABASE, SOIL CU009     
3036 WI       SOL WI_GLCU012 C        150   WISE DATABASE, SOIL CU012     
3037 WI       SOL WI_SCCU014 SIC      180   WISE DATABASE, SOIL CU014     
3038 WI       SOL WI_KSCU015 C        150   WISE DATABASE, SOIL CU015     
3039 WI       SOL WI_PHCU017 C        150   WISE DATABASE, SOIL CU017     
3040 WI       SOL WI_VRCU018 C        150   WISE DATABASE, SOIL CU018     
3041 WI       SOL WI_VRCU020 C        150   WISE DATABASE, SOIL CU020     
3042 WI       SOL WI_ATDE006 CL       150   WISE DATABASE, SOIL DE006     
3043 WI       SOL WI_PHDE007 SIL      150   WISE DATABASE, SOIL DE007     
3044 WI       SOL WI_PHDE008 SIL      105   WISE DATABASE, SOIL DE008     
3045 WI       SOL WI_PHDE009 SIL      95    WISE DATABASE, SOIL DE009     
3046 WI       SOL WI_LVDE014 SIL      120   WISE DATABASE, SOIL DE014     
3047 WI       SOL WI_LVDE029 SI       170   WISE DATABASE, SOIL DE029     
3048 WI       SOL WI_LVDE030 SIL      120   WISE DATABASE, SOIL DE030     
3049 WI       SOL WI_KSEC003 SIL      110   WISE DATABASE, SOIL EC003     
3050 WI       SOL WI_LPEC007 SIL      20    WISE DATABASE, SOIL EC007     
3051 WI       SOL WI_RGEC008 CL       90    WISE DATABASE, SOIL EC008     
3052 WI       SOL WI_RGEC009 C        40    WISE DATABASE, SOIL EC009     
3053 WI       SOL WI_CMEC015 SL       130   WISE DATABASE, SOIL EC015     
3054 WI       SOL WI_RGEC017 SICL     46    WISE DATABASE, SOIL EC017     
3055 WI       SOL WI_GLEC019 SICL     150   WISE DATABASE, SOIL EC019     
3056 WI       SOL WI_FLEC020 SICL     130   WISE DATABASE, SOIL EC020     
3057 WI       SOL WI_ANEC022 SIL      185   WISE DATABASE, SOIL EC022     
3058 WI       SOL WI_RGEC023 LS       205   WISE DATABASE, SOIL EC023     
3059 WI       SOL WI_ANEC024 SL       220   WISE DATABASE, SOIL EC024     
3060 WI       SOL WI_ANEC025 SL       205   WISE DATABASE, SOIL EC025     
3061 WI       SOL WI_ANEC026 SL       207   WISE DATABASE, SOIL EC026     
3062 WI       SOL WI_ANEC027 SL       202   WISE DATABASE, SOIL EC027     
3063 WI       SOL WI_ANEC033 SL       184   WISE DATABASE, SOIL EC033     
3064 WI       SOL WI_ANEC034 SL       180   WISE DATABASE, SOIL EC034     
3065 WI       SOL WI_GLEG004 S        140   WISE DATABASE, SOIL EG004     
3066 WI       SOL WI_VREG005 SC       160   WISE DATABASE, SOIL EG005     
3067 WI       SOL WI_VREG006 LS       150   WISE DATABASE, SOIL EG006     
3068 WI       SOL WI_SCEG010 LS       100   WISE DATABASE, SOIL EG010     
3069 WI       SOL WI_SCEG011 SCL      140   WISE DATABASE, SOIL EG011     
3070 WI       SOL WI_CLEG013 S        160   WISE DATABASE, SOIL EG013     
3071 WI       SOL WI_VRES013 C        180   WISE DATABASE, SOIL ES013     
3072 WI       SOL WI_VRES014 C        150   WISE DATABASE, SOIL ES014     
3073 WI       SOL WI_CMES019 SIC      95    WISE DATABASE, SOIL ES019     
3074 WI       SOL WI_LVES021 L        135   WISE DATABASE, SOIL ES021     
3075 WI       SOL WI_VRET006 C        140   WISE DATABASE, SOIL ET006     
3076 WI       SOL WI_SCET007 C        200   WISE DATABASE, SOIL ET007     
3077 WI       SOL WI_VRET008 SIC      150   WISE DATABASE, SOIL ET008     
3078 WI       SOL WI_VRET009 SICL     200   WISE DATABASE, SOIL ET009     
3079 WI       SOL WI_CMFR002 C        75    WISE DATABASE, SOIL FR002     
3080 WI       SOL WI_CMFR013 L        120   WISE DATABASE, SOIL FR013     
3081 WI       SOL WI_PDFR033 L        150   WISE DATABASE, SOIL FR033     
3082 WI       SOL WI_CMFR036 SIC      90    WISE DATABASE, SOIL FR036     
3083 WI       SOL WI_CMGB045 SCL      95    WISE DATABASE, SOIL GB045     
3084 WI       SOL WI_CMGE001 SIC      150   WISE DATABASE, SOIL GE001     
3085 WI       SOL WI_GLGE005 C        140   WISE DATABASE, SOIL GE005     
3086 WI       SOL WI_VRGH001 C        140   WISE DATABASE, SOIL GH001     
3087 WI       SOL WI_SNGH002 L        175   WISE DATABASE, SOIL GH002     
3088 WI       SOL WI_FLGN001 C        100   WISE DATABASE, SOIL GN001     
3089 WI       SOL WI_FLGN005 SC       100   WISE DATABASE, SOIL GN005     
3090 WI       SOL WI_VRGR001 C        147   WISE DATABASE, SOIL GR001     
3091 WI       SOL WI_VRGT007 SIC      140   WISE DATABASE, SOIL GT007     
3092 WI       SOL WI_PHHN002 SIL      140   WISE DATABASE, SOIL HN002     
3093 WI       SOL WI_PHHN004 L        137   WISE DATABASE, SOIL HN004     
3094 WI       SOL WI_FLHN007 SIL      140   WISE DATABASE, SOIL HN007     
3095 WI       SOL WI_PHHN008 CL       110   WISE DATABASE, SOIL HN008     
3096 WI       SOL WI_ALID001 L        110   WISE DATABASE, SOIL ID001     
3097 WI       SOL WI_ALID004 SIL      120   WISE DATABASE, SOIL ID004     
3098 WI       SOL WI_ALID012 SL       120   WISE DATABASE, SOIL ID012     
3099 WI       SOL WI_ALID013 L        125   WISE DATABASE, SOIL ID013     
3100 WI       SOL WI_ALID023 L        145   WISE DATABASE, SOIL ID023     
3101 WI       SOL WI_CMID038 SICL     53    WISE DATABASE, SOIL ID038     
3102 WI       SOL WI_CMID040 C        160   WISE DATABASE, SOIL ID040     
3103 WI       SOL WI_CMID041 C        150   WISE DATABASE, SOIL ID041     
3104 WI       SOL WI_ANID042 SCL      139   WISE DATABASE, SOIL ID042     
3105 WI       SOL WI_FRID046 C        125   WISE DATABASE, SOIL ID046     
3106 WI       SOL WI_CMID061 CL       102   WISE DATABASE, SOIL ID061     
3107 WI       SOL WI_FRID065 SCL      120   WISE DATABASE, SOIL ID065     
3108 WI       SOL WI_PHID079 C        280   WISE DATABASE, SOIL ID079     
3109 WI       SOL WI_CMID101 C        210   WISE DATABASE, SOIL ID101     
3110 WI       SOL WI_LPIL003 CL       25    WISE DATABASE, SOIL IL003     
3111 WI       SOL WI_LVIL004 CL       150   WISE DATABASE, SOIL IL004     
3112 WI       SOL WI_CLIL006 L        123   WISE DATABASE, SOIL IL006     
3113 WI       SOL WI_CLIL007 SIL      180   WISE DATABASE, SOIL IL007     
3114 WI       SOL WI_LVIL009 L        95    WISE DATABASE, SOIL IL009     
3115 WI       SOL WI_LPIL010 SL       20    WISE DATABASE, SOIL IL010     
3116 WI       SOL WI_FLIL011 SL       116   WISE DATABASE, SOIL IL011     
3117 WI       SOL WI_FLIL012 SL       113   WISE DATABASE, SOIL IL012     
3118 WI       SOL WI_FLIL013 SL       128   WISE DATABASE, SOIL IL013     
3119 WI       SOL WI_VRIL016 C        207   WISE DATABASE, SOIL IL016     
3120 WI       SOL WI_LVIL017 CL       200   WISE DATABASE, SOIL IL017     
3121 WI       SOL WI_LVIL018 SL       165   WISE DATABASE, SOIL IL018     
3122 WI       SOL WI_LVIL019 L        185   WISE DATABASE, SOIL IL019     
3123 WI       SOL WI_CMIL020 SCL      150   WISE DATABASE, SOIL IL020     
3124 WI       SOL WI_SCIL021 SIC      155   WISE DATABASE, SOIL IL021     
3125 WI       SOL WI_LVIL023 SL       132   WISE DATABASE, SOIL IL023     
3126 WI       SOL WI_LVIL025 L        105   WISE DATABASE, SOIL IL025     
3127 WI       SOL WI_FLIL027 L        126   WISE DATABASE, SOIL IL027     
3128 WI       SOL WI_SCIL029 C        60    WISE DATABASE, SOIL IL029     
3129 WI       SOL WI_LXIN001 SIL      140   WISE DATABASE, SOIL IN001     
3130 WI       SOL WI_CMIN009 SIL      156   WISE DATABASE, SOIL IN009     
3131 WI       SOL WI_CMIN027 S        170   WISE DATABASE, SOIL IN027     
3132 WI       SOL WI_VRIN038 C        170   WISE DATABASE, SOIL IN038     
3133 WI       SOL WI_VRIN039 CL       133   WISE DATABASE, SOIL IN039     
3134 WI       SOL WI_VRIN040 C        200   WISE DATABASE, SOIL IN040     
3135 WI       SOL WI_LVIN043 SL       176   WISE DATABASE, SOIL IN043     
3136 WI       SOL WI_LXIN050 SL       145   WISE DATABASE, SOIL IN050     
3137 WI       SOL WI_FLIN060 SICL     129   WISE DATABASE, SOIL IN060     
3138 WI       SOL WI_VRIN061 CL       120   WISE DATABASE, SOIL IN061     
3139 WI       SOL WI_ARIN071 S        170   WISE DATABASE, SOIL IN071     
3140 WI       SOL WI_VRIN079 C        170   WISE DATABASE, SOIL IN079     
3141 WI       SOL WI_VRIN080 CL       133   WISE DATABASE, SOIL IN080     
3142 WI       SOL WI_VRIN081 C        200   WISE DATABASE, SOIL IN081     
3143 WI       SOL WI_NTIN083 SL       176   WISE DATABASE, SOIL IN083     
3144 WI       SOL WI_VRIN088 C        180   WISE DATABASE, SOIL IN088     
3145 WI       SOL WI_GLIN098 SICL     129   WISE DATABASE, SOIL IN098     
3146 WI       SOL WI_VRIN099 CL       120   WISE DATABASE, SOIL IN099     
3147 WI       SOL WI_VRIN103 C        140   WISE DATABASE, SOIL IN103     
3148 WI       SOL WI_VRIN113 SIC      144   WISE DATABASE, SOIL IN113     
3149 WI       SOL WI_VRIN114 SIC      220   WISE DATABASE, SOIL IN114     
3150 WI       SOL WI_VRIN115 C        210   WISE DATABASE, SOIL IN115     
3151 WI       SOL WI_VRIN117 SIC      190   WISE DATABASE, SOIL IN117     
3152 WI       SOL WI_VRIN118 C        130   WISE DATABASE, SOIL IN118     
3153 WI       SOL WI_LVIN119 SL       203   WISE DATABASE, SOIL IN119     
3154 WI       SOL WI_SNIN122 SL       150   WISE DATABASE, SOIL IN122     
3155 WI       SOL WI_ALIT001 SIL      350   WISE DATABASE, SOIL IT001     
3156 WI       SOL WI_ALIT002 SL       300   WISE DATABASE, SOIL IT002     
3157 WI       SOL WI_ALIT006 L        230   WISE DATABASE, SOIL IT006     
3158 WI       SOL WI_PDIT007 L        300   WISE DATABASE, SOIL IT007     
3159 WI       SOL WI_ALIT008 L        210   WISE DATABASE, SOIL IT008     
3160 WI       SOL WI_ALIT009 L        220   WISE DATABASE, SOIL IT009     
3161 WI       SOL WI_CMIT011 SL       105   WISE DATABASE, SOIL IT011     
3162 WI       SOL WI_LVIT012 L        110   WISE DATABASE, SOIL IT012     
3163 WI       SOL WI_CMIT015 CL       82    WISE DATABASE, SOIL IT015     
3164 WI       SOL WI_CMIT016 SICL     150   WISE DATABASE, SOIL IT016     
3165 WI       SOL WI_LVIT017 L        90    WISE DATABASE, SOIL IT017     
3166 WI       SOL WI_CMIT020 SCL      70    WISE DATABASE, SOIL IT020     
3167 WI       SOL WI_CLIT021 SCL      160   WISE DATABASE, SOIL IT021     
3168 WI       SOL WI_PHIT054 SL       115   WISE DATABASE, SOIL IT054     
3169 WI       SOL WI_FLIT055 C        88    WISE DATABASE, SOIL IT055     
3170 WI       SOL WI_LVIT067 SCL      80    WISE DATABASE, SOIL IT067     
3171 WI       SOL WI_FLJM020 C        121   WISE DATABASE, SOIL JM020     
3172 WI       SOL WI_PHJM023 L        144   WISE DATABASE, SOIL JM023     
3173 WI       SOL WI_PHJM024 L        150   WISE DATABASE, SOIL JM024     
3174 WI       SOL WI_PHJM025 CL       140   WISE DATABASE, SOIL JM025     
3175 WI       SOL WI_VRJM026 CL       140   WISE DATABASE, SOIL JM026     
3176 WI       SOL WI_VRJM027 C        150   WISE DATABASE, SOIL JM027     
3177 WI       SOL WI_VRJM028 CL       140   WISE DATABASE, SOIL JM028     
3178 WI       SOL WI_VRJM029 C        150   WISE DATABASE, SOIL JM029     
3179 WI       SOL WI_VRJM030 C        140   WISE DATABASE, SOIL JM030     
3180 WI       SOL WI_CMJM037 C        90    WISE DATABASE, SOIL JM037     
3181 WI       SOL WI_CMJM039 C        135   WISE DATABASE, SOIL JM039     
3182 WI       SOL WI_LPJM041 C        46    WISE DATABASE, SOIL JM041     
3183 WI       SOL WI_CMJM044 SIC      95    WISE DATABASE, SOIL JM044     
3184 WI       SOL WI_LPJM047 C        25    WISE DATABASE, SOIL JM047     
3185 WI       SOL WI_FLJM048 SIC      112   WISE DATABASE, SOIL JM048     
3186 WI       SOL WI_FLJM049 CL       150   WISE DATABASE, SOIL JM049     
3187 WI       SOL WI_FRJM050 SIC      160   WISE DATABASE, SOIL JM050     
3188 WI       SOL WI_FRJM053 SIC      150   WISE DATABASE, SOIL JM053     
3189 WI       SOL WI_PHJM056 SIC      154   WISE DATABASE, SOIL JM056     
3190 WI       SOL WI_LXJM057 C        80    WISE DATABASE, SOIL JM057     
3191 WI       SOL WI_LVJO013 C        150   WISE DATABASE, SOIL JO013     
3192 WI       SOL WI_CLJO030 L        150   WISE DATABASE, SOIL JO030     
3193 WI       SOL WI_ATJO032 L        150   WISE DATABASE, SOIL JO032     
3194 WI       SOL WI_CMJO033 SICL     350   WISE DATABASE, SOIL JO033     
3195 WI       SOL WI_VRJO034 C        150   WISE DATABASE, SOIL JO034     
3196 WI       SOL WI_VRJO035 SICL     150   WISE DATABASE, SOIL JO035     
3197 WI       SOL WI_CLJO038 SIL      154   WISE DATABASE, SOIL JO038     
3198 WI       SOL WI_SCJO040 SICL     100   WISE DATABASE, SOIL JO040     
3199 WI       SOL WI_SNJO041 SL       150   WISE DATABASE, SOIL JO041     
3200 WI       SOL WI_PHJO042 C        150   WISE DATABASE, SOIL JO042     
3201 WI       SOL WI_VRJO043 C        150   WISE DATABASE, SOIL JO043     
3202 WI       SOL WI_PHKE013 SCL      150   WISE DATABASE, SOIL KE013     
3203 WI       SOL WI_CMKE014 SCL      126   WISE DATABASE, SOIL KE014     
3204 WI       SOL WI_CMKE016 SCL      150   WISE DATABASE, SOIL KE016     
3205 WI       SOL WI_LVKE031 LS       130   WISE DATABASE, SOIL KE031     
3206 WI       SOL WI_ANKE032 SIL      160   WISE DATABASE, SOIL KE032     
3207 WI       SOL WI_ALKR011 SICL     170   WISE DATABASE, SOIL KR011     
3208 WI       SOL WI_FLKR012 SICL     145   WISE DATABASE, SOIL KR012     
3209 WI       SOL WI_VRLB003 C        50    WISE DATABASE, SOIL LB003     
3210 WI       SOL WI_GLLB007 C        150   WISE DATABASE, SOIL LB007     
3211 WI       SOL WI_ACLR010 SL       180   WISE DATABASE, SOIL LR010     
3212 WI       SOL WI_ACLR013 SL       170   WISE DATABASE, SOIL LR013     
3213 WI       SOL WI_FLLR014 SCL      42    WISE DATABASE, SOIL LR014     
3214 WI       SOL WI_CMLR015 C        170   WISE DATABASE, SOIL LR015     
3215 WI       SOL WI_ACLR017 SCL      112   WISE DATABASE, SOIL LR017     
3216 WI       SOL WI_PHLS015 SCL      176   WISE DATABASE, SOIL LS015     
3217 WI       SOL WI_LVLS018 SL       155   WISE DATABASE, SOIL LS018     
3218 WI       SOL WI_VRLS022 SIC      160   WISE DATABASE, SOIL LS022     
3219 WI       SOL WI_RGMA002 SL       120   WISE DATABASE, SOIL MA002     
3220 WI       SOL WI_LVMA004 SL       75    WISE DATABASE, SOIL MA004     
3221 WI       SOL WI_SNMA007 L        120   WISE DATABASE, SOIL MA007     
3222 WI       SOL WI_SCMA008 SIL      105   WISE DATABASE, SOIL MA008     
3223 WI       SOL WI_SCMA009 SL       330   WISE DATABASE, SOIL MA009     
3224 WI       SOL WI_SCMA012 SIL      135   WISE DATABASE, SOIL MA012     
3225 WI       SOL WI_CMMA014 SL       120   WISE DATABASE, SOIL MA014     
3226 WI       SOL WI_PHMA017 SL       100   WISE DATABASE, SOIL MA017     
3227 WI       SOL WI_PHMA022 CL       120   WISE DATABASE, SOIL MA022     
3228 WI       SOL WI_VRMA023 C        140   WISE DATABASE, SOIL MA023     
3229 WI       SOL WI_VRMA024 CL       160   WISE DATABASE, SOIL MA024     
3230 WI       SOL WI_VRMA025 CL       140   WISE DATABASE, SOIL MA025     
3231 WI       SOL WI_PLMW001 C        87    WISE DATABASE, SOIL MW001     
3232 WI       SOL WI_PLMW002 C        83    WISE DATABASE, SOIL MW002     
3233 WI       SOL WI_PLMW003 SC       130   WISE DATABASE, SOIL MW003     
3234 WI       SOL WI_VRMX008 SIC      177   WISE DATABASE, SOIL MX008     
3235 WI       SOL WI_ATMX009 SIC      150   WISE DATABASE, SOIL MX009     
3236 WI       SOL WI_CMMX011 C        96    WISE DATABASE, SOIL MX011     
3237 WI       SOL WI_NTMX013 SIC      145   WISE DATABASE, SOIL MX013     
3238 WI       SOL WI_FLMX022 SL       175   WISE DATABASE, SOIL MX022     
3239 WI       SOL WI_FLMY016 CL       106   WISE DATABASE, SOIL MY016     
3240 WI       SOL WI_FRMY018 C        200   WISE DATABASE, SOIL MY018     
3241 WI       SOL WI_FRMY025 C        550   WISE DATABASE, SOIL MY025     
3242 WI       SOL WI_FRMY026 L        483   WISE DATABASE, SOIL MY026     
3243 WI       SOL WI_FLNE002 CL       109   WISE DATABASE, SOIL NE002     
3244 WI       SOL WI_FLNE003 CL       87    WISE DATABASE, SOIL NE003     
3245 WI       SOL WI_FLNE005 C        88    WISE DATABASE, SOIL NE005     
3246 WI       SOL WI_VRNE013 CL       201   WISE DATABASE, SOIL NE013     
3247 WI       SOL WI_LXNE014 S        201   WISE DATABASE, SOIL NE014     
3248 WI       SOL WI_LXNG002 SL       185   WISE DATABASE, SOIL NG002     
3249 WI       SOL WI_LXNG003 SCL      110   WISE DATABASE, SOIL NG003     
3250 WI       SOL WI_LXNG005 SCL      181   WISE DATABASE, SOIL NG005     
3251 WI       SOL WI_ARNG006 SL       178   WISE DATABASE, SOIL NG006     
3252 WI       SOL WI_FLNI001 L        160   WISE DATABASE, SOIL NI001     
3253 WI       SOL WI_LVNI003 C        150   WISE DATABASE, SOIL NI003     
3254 WI       SOL WI_ANNI006 L        115   WISE DATABASE, SOIL NI006     
3255 WI       SOL WI_PHNI007 SIC      81    WISE DATABASE, SOIL NI007     
3256 WI       SOL WI_PHNI011 L        150   WISE DATABASE, SOIL NI011     
3257 WI       SOL WI_FLNI015 L        155   WISE DATABASE, SOIL NI015     
3258 WI       SOL WI_GLNL016 SIL      101   WISE DATABASE, SOIL NL016     
3259 WI       SOL WI_CMNP007 L        201   WISE DATABASE, SOIL NP007     
3260 WI       SOL WI_LVNP009 SIL      191   WISE DATABASE, SOIL NP009     
3261 WI       SOL WI_FLNP011 SL       188   WISE DATABASE, SOIL NP011     
3262 WI       SOL WI_GLNZ001 SIL      155   WISE DATABASE, SOIL NZ001     
3263 WI       SOL WI_CMNZ002 SIL      130   WISE DATABASE, SOIL NZ002     
3264 WI       SOL WI_ACNZ005 SIC      106   WISE DATABASE, SOIL NZ005     
3265 WI       SOL WI_ANNZ006 SIL      100   WISE DATABASE, SOIL NZ006     
3266 WI       SOL WI_NTNZ007 SICL     105   WISE DATABASE, SOIL NZ007     
3267 WI       SOL WI_LVPA005 SL       164   WISE DATABASE, SOIL PA005     
3268 WI       SOL WI_CMPA006 L        182   WISE DATABASE, SOIL PA006     
3269 WI       SOL WI_ANPA008 SL       180   WISE DATABASE, SOIL PA008     
3270 WI       SOL WI_ANPA009 SIL      115   WISE DATABASE, SOIL PA009     
3271 WI       SOL WI_LVPA014 SL       138   WISE DATABASE, SOIL PA014     
3272 WI       SOL WI_FLPE001 SIL      120   WISE DATABASE, SOIL PE001     
3273 WI       SOL WI_CMPE006 L        120   WISE DATABASE, SOIL PE006     
3274 WI       SOL WI_ARPE018 LS       170   WISE DATABASE, SOIL PE018     
3275 WI       SOL WI_VRPG011 SIC      120   WISE DATABASE, SOIL PG011     
3276 WI       SOL WI_VRPG019 SIC      190   WISE DATABASE, SOIL PG019     
3277 WI       SOL WI_CMPG021 C        285   WISE DATABASE, SOIL PG021     
3278 WI       SOL WI_SNPG026 L        130   WISE DATABASE, SOIL PG026     
3279 WI       SOL WI_LVPG030 L        135   WISE DATABASE, SOIL PG030     
3280 WI       SOL WI_ANPH001 CL       120   WISE DATABASE, SOIL PH001     
3281 WI       SOL WI_CMPH004 CL       100   WISE DATABASE, SOIL PH004     
3282 WI       SOL WI_CMPH009 SCL      120   WISE DATABASE, SOIL PH009     
3283 WI       SOL WI_ANPH010 SL       125   WISE DATABASE, SOIL PH010     
3284 WI       SOL WI_ANPH011 SL       115   WISE DATABASE, SOIL PH011     
3285 WI       SOL WI_ANPH013 S        90    WISE DATABASE, SOIL PH013     
3286 WI       SOL WI_ANPH017 SL       115   WISE DATABASE, SOIL PH017     
3287 WI       SOL WI_VRPH018 C        122   WISE DATABASE, SOIL PH018     
3288 WI       SOL WI_VRPH019 SIC      140   WISE DATABASE, SOIL PH019     
3289 WI       SOL WI_VRPH020 SIC      148   WISE DATABASE, SOIL PH020     
3290 WI       SOL WI_VRPH022 C        146   WISE DATABASE, SOIL PH022     
3291 WI       SOL WI_GLPH025 SICL     132   WISE DATABASE, SOIL PH025     
3292 WI       SOL WI_GLPH028 SIC      118   WISE DATABASE, SOIL PH028     
3293 WI       SOL WI_VRPH031 C        122   WISE DATABASE, SOIL PH031     
3294 WI       SOL WI_GLPH032 SIC      132   WISE DATABASE, SOIL PH032     
3295 WI       SOL WI_VRPH033 SIC      140   WISE DATABASE, SOIL PH033     
3296 WI       SOL WI_GLPH034 SIL      122   WISE DATABASE, SOIL PH034     
3297 WI       SOL WI_GLPH035 SICL     132   WISE DATABASE, SOIL PH035     
3298 WI       SOL WI_VRPH036 SIC      148   WISE DATABASE, SOIL PH036     
3299 WI       SOL WI_GLPH038 CL       117   WISE DATABASE, SOIL PH038     
3300 WI       SOL WI_GLPH039 SICL     119   WISE DATABASE, SOIL PH039     
3301 WI       SOL WI_GLPH040 L        106   WISE DATABASE, SOIL PH040     
3302 WI       SOL WI_VRPH044 C        193   WISE DATABASE, SOIL PH044     
3303 WI       SOL WI_CMPH046 L        142   WISE DATABASE, SOIL PH046     
3304 WI       SOL WI_PHPH047 CL       144   WISE DATABASE, SOIL PH047     
3305 WI       SOL WI_CMPH051 C        172   WISE DATABASE, SOIL PH051     
3306 WI       SOL WI_PHPH055 SCL      146   WISE DATABASE, SOIL PH055     
3307 WI       SOL WI_CMPH056 CL       179   WISE DATABASE, SOIL PH056     
3308 WI       SOL WI_CMPH057 C        139   WISE DATABASE, SOIL PH057     
3309 WI       SOL WI_CMPH058 SL       150   WISE DATABASE, SOIL PH058     
3310 WI       SOL WI_CMPH059 SIC      150   WISE DATABASE, SOIL PH059     
3311 WI       SOL WI_PHPH060 SICL     150   WISE DATABASE, SOIL PH060     
3312 WI       SOL WI_CMPH061 SICL     110   WISE DATABASE, SOIL PH061     
3313 WI       SOL WI_LVPH066 C        190   WISE DATABASE, SOIL PH066     
3314 WI       SOL WI_CMPK003 SIL      160   WISE DATABASE, SOIL PK003     
3315 WI       SOL WI_CMPK004 SIC      165   WISE DATABASE, SOIL PK004     
3316 WI       SOL WI_SNPK007 SIL      202   WISE DATABASE, SOIL PK007     
3317 WI       SOL WI_SNPK008 SIC      184   WISE DATABASE, SOIL PK008     
3318 WI       SOL WI_CMPK009 SIL      185   WISE DATABASE, SOIL PK009     
3319 WI       SOL WI_CMPK010 SL       215   WISE DATABASE, SOIL PK010     
3320 WI       SOL WI_CMPK011 SIL      205   WISE DATABASE, SOIL PK011     
3321 WI       SOL WI_CMPK012 SIL      195   WISE DATABASE, SOIL PK012     
3322 WI       SOL WI_CMPK013 LS       195   WISE DATABASE, SOIL PK013     
3323 WI       SOL WI_LVPK014 SIL      280   WISE DATABASE, SOIL PK014     
3324 WI       SOL WI_LVPK015 SL       180   WISE DATABASE, SOIL PK015     
3325 WI       SOL WI_SNPK016 SIL      200   WISE DATABASE, SOIL PK016     
3326 WI       SOL WI_VRPK017 SIC      190   WISE DATABASE, SOIL PK017     
3327 WI       SOL WI_SNPK018 SIL      158   WISE DATABASE, SOIL PK018     
3328 WI       SOL WI_LVPK019 SIL      190   WISE DATABASE, SOIL PK019     
3329 WI       SOL WI_RGPK020 SI       200   WISE DATABASE, SOIL PK020     
3330 WI       SOL WI_CMPK023 SIL      200   WISE DATABASE, SOIL PK023     
3331 WI       SOL WI_ATPK024 SICL     200   WISE DATABASE, SOIL PK024     
3332 WI       SOL WI_CLPK026 SL       185   WISE DATABASE, SOIL PK026     
3333 WI       SOL WI_CMPK027 SIL      180   WISE DATABASE, SOIL PK027     
3334 WI       SOL WI_SCPK028 SIL      145   WISE DATABASE, SOIL PK028     
3335 WI       SOL WI_FLPK029 SIL      231   WISE DATABASE, SOIL PK029     
3336 WI       SOL WI_LVPK030 SL       211   WISE DATABASE, SOIL PK030     
3337 WI       SOL WI_SNPK031 L        191   WISE DATABASE, SOIL PK031     
3338 WI       SOL WI_LVPK032 SL       175   WISE DATABASE, SOIL PK032     
3339 WI       SOL WI_LVPK033 SIL      216   WISE DATABASE, SOIL PK033     
3340 WI       SOL WI_FLPK034 SIL      140   WISE DATABASE, SOIL PK034     
3341 WI       SOL WI_CMPK035 SIL      140   WISE DATABASE, SOIL PK035     
3342 WI       SOL WI_LPPL001 SIC      30    WISE DATABASE, SOIL PL001     
3343 WI       SOL WI_CHPL004 SIL      135   WISE DATABASE, SOIL PL004     
3344 WI       SOL WI_CHPL006 SL       100   WISE DATABASE, SOIL PL006     
3345 WI       SOL WI_GLPL007 SL       150   WISE DATABASE, SOIL PL007     
3346 WI       SOL WI_CMPL010 SIL      145   WISE DATABASE, SOIL PL010     
3347 WI       SOL WI_FLPL021 S        103   WISE DATABASE, SOIL PL021     
3348 WI       SOL WI_GLPL024 SIL      170   WISE DATABASE, SOIL PL024     
3349 WI       SOL WI_GLPL025 L        150   WISE DATABASE, SOIL PL025     
3350 WI       SOL WI_GLPL027 CL       150   WISE DATABASE, SOIL PL027     
3351 WI       SOL WI_VRPL028 C        200   WISE DATABASE, SOIL PL028     
3352 WI       SOL WI_CMPL030 CL       60    WISE DATABASE, SOIL PL030     
3353 WI       SOL WI_PHPL034 SL       118   WISE DATABASE, SOIL PL034     
3354 WI       SOL WI_LVPL035 L        120   WISE DATABASE, SOIL PL035     
3355 WI       SOL WI_LVPT002 SIL      65    WISE DATABASE, SOIL PT002     
3356 WI       SOL WI_CMPT004 CL       90    WISE DATABASE, SOIL PT004     
3357 WI       SOL WI_LVPT007 SL       65    WISE DATABASE, SOIL PT007     
3358 WI       SOL WI_VRPT008 SIC      55    WISE DATABASE, SOIL PT008     
3359 WI       SOL WI_VRPT010 SICL     155   WISE DATABASE, SOIL PT010     
3360 WI       SOL WI_ANPT016 L        150   WISE DATABASE, SOIL PT016     
3361 WI       SOL WI_ARPT032 S        125   WISE DATABASE, SOIL PT032     
3362 WI       SOL WI_CLPT034 SCL      43    WISE DATABASE, SOIL PT034     
3363 WI       SOL WI_CLPT035 CL       100   WISE DATABASE, SOIL PT035     
3364 WI       SOL WI_CHRO002 SICL     170   WISE DATABASE, SOIL RO002     
3365 WI       SOL WI_CHRO003 SICL     140   WISE DATABASE, SOIL RO003     
3366 WI       SOL WI_CHRO004 SIL      145   WISE DATABASE, SOIL RO004     
3367 WI       SOL WI_PHRO007 SICL     116   WISE DATABASE, SOIL RO007     
3368 WI       SOL WI_LVRO009 SICL     158   WISE DATABASE, SOIL RO009     
3369 WI       SOL WI_LVRO010 L        130   WISE DATABASE, SOIL RO010     
3370 WI       SOL WI_PDRO011 L        150   WISE DATABASE, SOIL RO011     
3371 WI       SOL WI_VRRO015 SICL     155   WISE DATABASE, SOIL RO015     
3372 WI       SOL WI_LVSD008 S        175   WISE DATABASE, SOIL SD008     
3373 WI       SOL WI_FLSD010 SL       175   WISE DATABASE, SOIL SD010     
3374 WI       SOL WI_LVSD011 SL       160   WISE DATABASE, SOIL SD011     
3375 WI       SOL WI_LVSD012 SCL      190   WISE DATABASE, SOIL SD012     
3376 WI       SOL WI_CMSD013 SCL      185   WISE DATABASE, SOIL SD013     
3377 WI       SOL WI_FLSD014 CL       165   WISE DATABASE, SOIL SD014     
3378 WI       SOL WI_SNSD015 SL       170   WISE DATABASE, SOIL SD015     
3379 WI       SOL WI_CLSD016 LS       165   WISE DATABASE, SOIL SD016     
3380 WI       SOL WI_FLSD017 C        160   WISE DATABASE, SOIL SD017     
3381 WI       SOL WI_VRSD018 C        150   WISE DATABASE, SOIL SD018     
3382 WI       SOL WI_CLSD020 SC       135   WISE DATABASE, SOIL SD020     
3383 WI       SOL WI_VRSD046 C        275   WISE DATABASE, SOIL SD046     
3384 WI       SOL WI_VRSD047 C        165   WISE DATABASE, SOIL SD047     
3385 WI       SOL WI_VRSD048 C        165   WISE DATABASE, SOIL SD048     
3386 WI       SOL WI_CMSD049 SC       165   WISE DATABASE, SOIL SD049     
3387 WI       SOL WI_VRSD050 C        175   WISE DATABASE, SOIL SD050     
3388 WI       SOL WI_VRSD051 C        180   WISE DATABASE, SOIL SD051     
3389 WI       SOL WI_VRSD053 C        170   WISE DATABASE, SOIL SD053     
3390 WI       SOL WI_VRSD054 C        147   WISE DATABASE, SOIL SD054     
3391 WI       SOL WI_VRSD055 C        150   WISE DATABASE, SOIL SD055     
3392 WI       SOL WI_VRSD056 C        150   WISE DATABASE, SOIL SD056     
3393 WI       SOL WI_VRSD058 C        50    WISE DATABASE, SOIL SD058     
3394 WI       SOL WI_VRSD059 C        45    WISE DATABASE, SOIL SD059     
3395 WI       SOL WI_VRSD060 C        160   WISE DATABASE, SOIL SD060     
3396 WI       SOL WI_SNSD061 SCL      200   WISE DATABASE, SOIL SD061     
3397 WI       SOL WI_SNSD062 SL       185   WISE DATABASE, SOIL SD062     
3398 WI       SOL WI_VRSD063 C        185   WISE DATABASE, SOIL SD063     
3399 WI       SOL WI_SNSD064 SL       135   WISE DATABASE, SOIL SD064     
3400 WI       SOL WI_SNSD065 S        125   WISE DATABASE, SOIL SD065     
3401 WI       SOL WI_VRSD066 C        160   WISE DATABASE, SOIL SD066     
3402 WI       SOL WI_VRSD067 C        175   WISE DATABASE, SOIL SD067     
3403 WI       SOL WI_VRSD068 C        175   WISE DATABASE, SOIL SD068     
3404 WI       SOL WI_VRSD069 C        152   WISE DATABASE, SOIL SD069     
3405 WI       SOL WI_VRSD070 CL       260   WISE DATABASE, SOIL SD070     
3406 WI       SOL WI_VRSD071 C        200   WISE DATABASE, SOIL SD071     
3407 WI       SOL WI_CMSE001 SCL      110   WISE DATABASE, SOIL SE001     
3408 WI       SOL WI_CMSE004 C        100   WISE DATABASE, SOIL SE004     
3409 WI       SOL WI_FLSE005 C        100   WISE DATABASE, SOIL SE005     
3410 WI       SOL WI_CMSE007 SCL      100   WISE DATABASE, SOIL SE007     
3411 WI       SOL WI_PHSE010 SIL      100   WISE DATABASE, SOIL SE010     
3412 WI       SOL WI_ACSL004 SL       150   WISE DATABASE, SOIL SL004     
3413 WI       SOL WI_FRSL010 C        188   WISE DATABASE, SOIL SL010     
3414 WI       SOL WI_FLSO001 L        200   WISE DATABASE, SOIL SO001     
3415 WI       SOL WI_FLSO004 SIC      200   WISE DATABASE, SOIL SO004     
3416 WI       SOL WI_VRSO006 C        200   WISE DATABASE, SOIL SO006     
3417 WI       SOL WI_VRSO007 C        200   WISE DATABASE, SOIL SO007     
3418 WI       SOL WI_VRSO008 C        200   WISE DATABASE, SOIL SO008     
3419 WI       SOL WI_VRSO009 C        190   WISE DATABASE, SOIL SO009     
3420 WI       SOL WI_VRSO010 C        200   WISE DATABASE, SOIL SO010     
3421 WI       SOL WI_PTSR008 LS       130   WISE DATABASE, SOIL SR008     
3422 WI       SOL WI_FLSY001 SIL      97    WISE DATABASE, SOIL SY001     
3423 WI       SOL WI_FLSY002 SIC      200   WISE DATABASE, SOIL SY002     
3424 WI       SOL WI_CMSY003 SIL      100   WISE DATABASE, SOIL SY003     
3425 WI       SOL WI_CLSY005 L        140   WISE DATABASE, SOIL SY005     
3426 WI       SOL WI_SCTH025 SL       166   WISE DATABASE, SOIL TH025     
3427 WI       SOL WI_LVTH056 L        170   WISE DATABASE, SOIL TH056     
3428 WI       SOL WI_VRTH059 C        170   WISE DATABASE, SOIL TH059     
3429 WI       SOL WI_VRTH068 SIC      160   WISE DATABASE, SOIL TH068     
3430 WI       SOL WI_FLTJ001 L        171   WISE DATABASE, SOIL TJ001     
3431 WI       SOL WI_FLTJ002 SICL     146   WISE DATABASE, SOIL TJ002     
3432 WI       SOL WI_CLTJ003 SICL     150   WISE DATABASE, SOIL TJ003     
3433 WI       SOL WI_GYTJ004 L        180   WISE DATABASE, SOIL TJ004     
3434 WI       SOL WI_FLTJ005 SIC      150   WISE DATABASE, SOIL TJ005     
3435 WI       SOL WI_LVTN001 C        127   WISE DATABASE, SOIL TN001     
3436 WI       SOL WI_PHTN002 C        125   WISE DATABASE, SOIL TN002     
3437 WI       SOL WI_CMTN004 C        185   WISE DATABASE, SOIL TN004     
3438 WI       SOL WI_VRTN005 C        120   WISE DATABASE, SOIL TN005     
3439 WI       SOL WI_VRTN007 C        127   WISE DATABASE, SOIL TN007     
3440 WI       SOL WI_VRTN010 C        200   WISE DATABASE, SOIL TN010     
3441 WI       SOL WI_GYTN012 SL       117   WISE DATABASE, SOIL TN012     
3442 WI       SOL WI_CLTN013 S        145   WISE DATABASE, SOIL TN013     
3443 WI       SOL WI_FLTN014 SCL      229   WISE DATABASE, SOIL TN014     
3444 WI       SOL WI_CLTN015 SCL      150   WISE DATABASE, SOIL TN015     
3445 WI       SOL WI_LVTR010 SIL      150   WISE DATABASE, SOIL TR010     
3446 WI       SOL WI_LVTR012 SICL     180   WISE DATABASE, SOIL TR012     
3447 WI       SOL WI_PHTR014 L        50    WISE DATABASE, SOIL TR014     
3448 WI       SOL WI_CHTR016 L        150   WISE DATABASE, SOIL TR016     
3449 WI       SOL WI_CMTR017 CL       250   WISE DATABASE, SOIL TR017     
3450 WI       SOL WI_CMTR018 L        110   WISE DATABASE, SOIL TR018     
3451 WI       SOL WI_FLTR029 SIL      150   WISE DATABASE, SOIL TR029     
3452 WI       SOL WI_ACTZ004 S        200   WISE DATABASE, SOIL TZ004     
3453 WI       SOL WI_GLTZ005 SL       100   WISE DATABASE, SOIL TZ005     
3454 WI       SOL WI_ARTZ057 S        150   WISE DATABASE, SOIL TZ057     
3455 WI       SOL WI_CMTZ063 SCL      75    WISE DATABASE, SOIL TZ063     
3456 WI       SOL WI_CMTZ064 L        85    WISE DATABASE, SOIL TZ064     
3457 WI       SOL WI_CMTZ066 SL       145   WISE DATABASE, SOIL TZ066     
3458 WI       SOL WI_CMTZ078 SCL      150   WISE DATABASE, SOIL TZ078     
3459 WI       SOL WI_CMTZ079 SCL      130   WISE DATABASE, SOIL TZ079     
3460 WI       SOL WI_VRTZ080 C        120   WISE DATABASE, SOIL TZ080     
3461 WI       SOL WI_CMTZ081 C        150   WISE DATABASE, SOIL TZ081     
3462 WI       SOL WI_SCTZ082 C        120   WISE DATABASE, SOIL TZ082     
3463 WI       SOL WI_CMTZ083 C        60    WISE DATABASE, SOIL TZ083     
3464 WI       SOL WI_CMTZ084 C        60    WISE DATABASE, SOIL TZ084     
3465 WI       SOL WI_CMTZ085 C        50    WISE DATABASE, SOIL TZ085     
3466 WI       SOL WI_SCTZ086 LS       140   WISE DATABASE, SOIL TZ086     
3467 WI       SOL WI_PLTZ087 S        155   WISE DATABASE, SOIL TZ087     
3468 WI       SOL WI_PLTZ088 LS       150   WISE DATABASE, SOIL TZ088     
3469 WI       SOL WI_CHUA001 SIC      200   WISE DATABASE, SOIL UA001     
3470 WI       SOL WI_CHUA002 SIC      160   WISE DATABASE, SOIL UA002     
3471 WI       SOL WI_CHUA003 SIC      160   WISE DATABASE, SOIL UA003     
3472 WI       SOL WI_SNUA005 SIC      170   WISE DATABASE, SOIL UA005     
3473 WI       SOL WI_ARUS009 S        150   WISE DATABASE, SOIL US009     
3474 WI       SOL WI_SNUS021 SIL      122   WISE DATABASE, SOIL US021     
3475 WI       SOL WI_LVUS022 SL       203   WISE DATABASE, SOIL US022     
3476 WI       SOL WI_CLUS025 SIL      152   WISE DATABASE, SOIL US025     
3477 WI       SOL WI_LVUS026 SIL      155   WISE DATABASE, SOIL US026     
3478 WI       SOL WI_PHUS027 SICL     224   WISE DATABASE, SOIL US027     
3479 WI       SOL WI_GLUS031 SIL      60    WISE DATABASE, SOIL US031     
3480 WI       SOL WI_LVUS039 S        221   WISE DATABASE, SOIL US039     
3481 WI       SOL WI_GYUS040 SIC      100   WISE DATABASE, SOIL US040     
3482 WI       SOL WI_PHUS042 SIL      150   WISE DATABASE, SOIL US042     
3483 WI       SOL WI_FLUS047 C        201   WISE DATABASE, SOIL US047     
3484 WI       SOL WI_LVUS052 LS       152   WISE DATABASE, SOIL US052     
3485 WI       SOL WI_LVUS053 L        152   WISE DATABASE, SOIL US053     
3486 WI       SOL WI_GLUS054 SIL      152   WISE DATABASE, SOIL US054     
3487 WI       SOL WI_SCUS057 SIL      190   WISE DATABASE, SOIL US057     
3488 WI       SOL WI_CMUS058 SIC      206   WISE DATABASE, SOIL US058     
3489 WI       SOL WI_PHUS063 SICL     152   WISE DATABASE, SOIL US063     
3490 WI       SOL WI_GLUS067 C        152   WISE DATABASE, SOIL US067     
3491 WI       SOL WI_FLUS074 SICL     152   WISE DATABASE, SOIL US074     
3492 WI       SOL WI_PHUS075 SIL      152   WISE DATABASE, SOIL US075     
3493 WI       SOL WI_GLUS082 L        160   WISE DATABASE, SOIL US082     
3494 WI       SOL WI_ALUS085 L        157   WISE DATABASE, SOIL US085     
3495 WI       SOL WI_PHUS092 SIL      155   WISE DATABASE, SOIL US092     
3496 WI       SOL WI_VRUS095 C        203   WISE DATABASE, SOIL US095     
3497 WI       SOL WI_CLUS097 L        185   WISE DATABASE, SOIL US097     
3498 WI       SOL WI_CLUS098 LS       168   WISE DATABASE, SOIL US098     
3499 WI       SOL WI_PHUS100 SIL      152   WISE DATABASE, SOIL US100     
3500 WI       SOL WI_ARUS102 LS       145   WISE DATABASE, SOIL US102     
3501 WI       SOL WI_PHUS103 LS       56    WISE DATABASE, SOIL US103     
3502 WI       SOL WI_CLUS105 SIL      162   WISE DATABASE, SOIL US105     
3503 WI       SOL WI_CLUS107 L        152   WISE DATABASE, SOIL US107     
3504 WI       SOL WI_PHUS108 L        152   WISE DATABASE, SOIL US108     
3505 WI       SOL WI_LVUS110 S        165   WISE DATABASE, SOIL US110     
3506 WI       SOL WI_CLUS113 L        89    WISE DATABASE, SOIL US113     
3507 WI       SOL WI_VRUS115 C        150   WISE DATABASE, SOIL US115     
3508 WI       SOL WI_LVUS117 SIL      152   WISE DATABASE, SOIL US117     
3509 WI       SOL WI_PHUS125 SIL      178   WISE DATABASE, SOIL US125     
3510 WI       SOL WI_CLUS127 SL       201   WISE DATABASE, SOIL US127     
3511 WI       SOL WI_CLUS135 L        152   WISE DATABASE, SOIL US135     
3512 WI       SOL WI_LVUS139 L        274   WISE DATABASE, SOIL US139     
3513 WI       SOL WI_LVUS140 SL       650   WISE DATABASE, SOIL US140     
3514 WI       SOL WI_LVUS142 SL       203   WISE DATABASE, SOIL US142     
3515 WI       SOL WI_SNUS144 SIL      239   WISE DATABASE, SOIL US144     
3516 WI       SOL WI_GYUS145 L        203   WISE DATABASE, SOIL US145     
3517 WI       SOL WI_LVUS148 SL       170   WISE DATABASE, SOIL US148     
3518 WI       SOL WI_LVUS149 SL       163   WISE DATABASE, SOIL US149     
3519 WI       SOL WI_LVUS150 SIL      152   WISE DATABASE, SOIL US150     
3520 WI       SOL WI_LVUS151 SIL      262   WISE DATABASE, SOIL US151     
3521 WI       SOL WI_PHUS152 SIL      150   WISE DATABASE, SOIL US152     
3522 WI       SOL WI_CLUS153 SL       140   WISE DATABASE, SOIL US153     
3523 WI       SOL WI_LVUS154 S        190   WISE DATABASE, SOIL US154     
3524 WI       SOL WI_PLUY004 SL       170   WISE DATABASE, SOIL UY004     
3525 WI       SOL WI_SNUY007 SIL      120   WISE DATABASE, SOIL UY007     
3526 WI       SOL WI_PHUY009 SIL      95    WISE DATABASE, SOIL UY009     
3527 WI       SOL WI_PHUY012 SIL      87    WISE DATABASE, SOIL UY012     
3528 WI       SOL WI_PLUY014 SL       145   WISE DATABASE, SOIL UY014     
3529 WI       SOL WI_PLUY017 SL       135   WISE DATABASE, SOIL UY017     
3530 WI       SOL WI_PHUY021 CL       80    WISE DATABASE, SOIL UY021     
3531 WI       SOL WI_PHUY023 SL       107   WISE DATABASE, SOIL UY023     
3532 WI       SOL WI_PHUY026 L        65    WISE DATABASE, SOIL UY026     
3533 WI       SOL WI_LVUY031 SCL      115   WISE DATABASE, SOIL UY031     
3534 WI       SOL WI_PHUY033 SL       85    WISE DATABASE, SOIL UY033     
3535 WI       SOL WI_PHUY041 SL       140   WISE DATABASE, SOIL UY041     
3536 WI       SOL WI_LXUY046 SL       150   WISE DATABASE, SOIL UY046     
3537 WI       SOL WI_NTUY050 SL       118   WISE DATABASE, SOIL UY050     
3538 WI       SOL WI_PHUY051 SL       96    WISE DATABASE, SOIL UY051     
3539 WI       SOL WI_PLUY052 SICL     111   WISE DATABASE, SOIL UY052     
3540 WI       SOL WI_PHUY054 CL       97    WISE DATABASE, SOIL UY054     
3541 WI       SOL WI_SNUY055 SIL      115   WISE DATABASE, SOIL UY055     
3542 WI       SOL WI_PHUY057 L        122   WISE DATABASE, SOIL UY057     
3543 WI       SOL WI_VRUY058 SIC      115   WISE DATABASE, SOIL UY058     
3544 WI       SOL WI_PHUY059 SICL     103   WISE DATABASE, SOIL UY059     
3545 WI       SOL WI_PHUY061 L        145   WISE DATABASE, SOIL UY061     
3546 WI       SOL WI_PHUY066 SIL      125   WISE DATABASE, SOIL UY066     
3547 WI       SOL WI_PHUY067 SIL      105   WISE DATABASE, SOIL UY067     
3548 WI       SOL WI_PHUY068 CL       120   WISE DATABASE, SOIL UY068     
3549 WI       SOL WI_PLUY069 SIL      120   WISE DATABASE, SOIL UY069     
3550 WI       SOL WI_PHUY070 SL       151   WISE DATABASE, SOIL UY070     
3551 WI       SOL WI_CMUZ004 L        215   WISE DATABASE, SOIL UZ004     
3552 WI       SOL WI_GYUZ007 SL       140   WISE DATABASE, SOIL UZ007     
3553 WI       SOL WI_ACVE001 SL       140   WISE DATABASE, SOIL VE001     
3554 WI       SOL WI_ACVE002 SL       150   WISE DATABASE, SOIL VE002     
3555 WI       SOL WI_NTVE004 L        145   WISE DATABASE, SOIL VE004     
3556 WI       SOL WI_ACVE006 SL       225   WISE DATABASE, SOIL VE006     
3557 WI       SOL WI_LVVE014 L        135   WISE DATABASE, SOIL VE014     
3558 WI       SOL WI_FLVE023 SL       200   WISE DATABASE, SOIL VE023     
3559 WI       SOL WI_CMVE024 SICL     190   WISE DATABASE, SOIL VE024     
3560 WI       SOL WI_VRYE004 SICL     160   WISE DATABASE, SOIL YE004     
3561 WI       SOL WI_VRYE005 SIC      100   WISE DATABASE, SOIL YE005     
3562 WI       SOL WI_LVYE006 SICL     150   WISE DATABASE, SOIL YE006     
3563 WI       SOL WI_ATYE007 SL       130   WISE DATABASE, SOIL YE007     
3564 WI       SOL WI_CMYE008 SICL     160   WISE DATABASE, SOIL YE008     
3565 WI       SOL WI_SCYE009 SICL     110   WISE DATABASE, SOIL YE009     
3566 WI       SOL WI_LPYE010 SIL      45    WISE DATABASE, SOIL YE010     
3567 WI       SOL WI_LPYE011 L        30    WISE DATABASE, SOIL YE011     
3568 WI       SOL WI_CMYE012 SIL      80    WISE DATABASE, SOIL YE012     
3569 WI       SOL WI_LPYE013 SIL      130   WISE DATABASE, SOIL YE013     
3570 WI       SOL WI_CMYE101 CL       120   WISE DATABASE, SOIL YE101     
3571 WI       SOL WI_CLYE111 SIL      110   WISE DATABASE, SOIL YE111     
3572 WI       SOL WI_CMYE112 L        110   WISE DATABASE, SOIL YE112     
3573 WI       SOL WI_CMYE113 L        95    WISE DATABASE, SOIL YE113     
3574 WI       SOL WI_CMYE114 CL       100   WISE DATABASE, SOIL YE114     
3575 WI       SOL WI_CMYE115 L        90    WISE DATABASE, SOIL YE115     
3576 WI       SOL WI_CMYE116 L        125   WISE DATABASE, SOIL YE116     
3577 WI       SOL WI_CMYE117 SL       130   WISE DATABASE, SOIL YE117     
3578 WI       SOL WI_CMYE118 SL       120   WISE DATABASE, SOIL YE118     
3579 WI       SOL WI_ARYE126 LS       120   WISE DATABASE, SOIL YE126     
3580 WI       SOL WI_CMYE127 SL       55    WISE DATABASE, SOIL YE127     
3581 WI       SOL WI_FLYE128 SL       70    WISE DATABASE, SOIL YE128     
3582 WI       SOL WI_FLYE129 L        60    WISE DATABASE, SOIL YE129     
3583 WI       SOL WI_FLYE130 SL       80    WISE DATABASE, SOIL YE130     
3584 WI       SOL WI_FLYE131 SL       100   WISE DATABASE, SOIL YE131     
3585 WI       SOL WI_FLYE132 L        100   WISE DATABASE, SOIL YE132     
3586 WI       SOL WI_FLYE133 SIL      90    WISE DATABASE, SOIL YE133     
3587 WI       SOL WI_FLYE134 SL       90    WISE DATABASE, SOIL YE134     
3588 WI       SOL WI_FLYE135 CL       120   WISE DATABASE, SOIL YE135     
3589 WI       SOL WI_FLYE136 SCL      80    WISE DATABASE, SOIL YE136     
3590 WI       SOL WI_FLYE140 L        20    WISE DATABASE, SOIL YE140     
3591 WI       SOL WI_FLYE142 L        120   WISE DATABASE, SOIL YE142     
3592 WI       SOL WI_FLYE144 SCL      80    WISE DATABASE, SOIL YE144     
3593 WI       SOL WI_CMYE145 SICL     90    WISE DATABASE, SOIL YE145     
3594 WI       SOL WI_FLYE146 SIL      110   WISE DATABASE, SOIL YE146     
3595 WI       SOL WI_FLYE147 SL       75    WISE DATABASE, SOIL YE147     
3596 WI       SOL WI_FLYE148 L        120   WISE DATABASE, SOIL YE148     
3597 WI       SOL WI_CMYE153 L        110   WISE DATABASE, SOIL YE153     
3598 WI       SOL WI_CMYE154 SIL      145   WISE DATABASE, SOIL YE154     
3599 WI       SOL WI_CMYE156 L        130   WISE DATABASE, SOIL YE156     
3600 WI       SOL WI_FLYE158 SL       50    WISE DATABASE, SOIL YE158     
3601 WI       SOL WI_FLYE159 L        90    WISE DATABASE, SOIL YE159     
3602 WI       SOL WI_CMYE160 CL       160   WISE DATABASE, SOIL YE160     
3603 WI       SOL WI_FLYE161 SL       65    WISE DATABASE, SOIL YE161     
3604 WI       SOL WI_FLYE163 L        110   WISE DATABASE, SOIL YE163     
3605 WI       SOL WI_CMYE164 L        120   WISE DATABASE, SOIL YE164     
3606 WI       SOL WI_CMYE165 CL       150   WISE DATABASE, SOIL YE165     
3607 WI       SOL WI_CMYE166 SIC      80    WISE DATABASE, SOIL YE166     
3608 WI       SOL WI_CLYE262 CL       100   WISE DATABASE, SOIL YE262     
3609 WI       SOL WI_CLYE264 SIC      35    WISE DATABASE, SOIL YE264     
3610 WI       SOL WI_CHYE266 SICL     100   WISE DATABASE, SOIL YE266     
3611 WI       SOL WI_CMYE267 C        100   WISE DATABASE, SOIL YE267     
3612 WI       SOL WI_CLYE268 C        75    WISE DATABASE, SOIL YE268     
3613 WI       SOL WI_CLYE269 C        40    WISE DATABASE, SOIL YE269     
3614 WI       SOL WI_CMYE270 SIC      50    WISE DATABASE, SOIL YE270     
3615 WI       SOL WI_CLYE272 SICL     50    WISE DATABASE, SOIL YE272     
3616 WI       SOL WI_CLYE273 SL       70    WISE DATABASE, SOIL YE273     
3617 WI       SOL WI_CLYE274 SICL     90    WISE DATABASE, SOIL YE274     
3618 WI       SOL WI_ATYE275 SIC      100   WISE DATABASE, SOIL YE275     
3619 WI       SOL WI_ATYE276 SICL     25    WISE DATABASE, SOIL YE276     
3620 WI       SOL WI_CLYE277 SIC      90    WISE DATABASE, SOIL YE277     
3621 WI       SOL WI_CLYE278 SIC      100   WISE DATABASE, SOIL YE278     
3622 WI       SOL WI_CLYE279 L        38    WISE DATABASE, SOIL YE279     
3623 WI       SOL WI_CLYE280 L        90    WISE DATABASE, SOIL YE280     
3624 WI       SOL WI_CMYE281 SIC      32    WISE DATABASE, SOIL YE281     
3625 WI       SOL WI_CMYE282 SICL     100   WISE DATABASE, SOIL YE282     
3626 WI       SOL WI_CLYE283 SICL     55    WISE DATABASE, SOIL YE283     
3627 WI       SOL WI_VRZA001 C        120   WISE DATABASE, SOIL ZA001     
3628 WI       SOL WI_VRZA002 C        100   WISE DATABASE, SOIL ZA002     
3629 WI       SOL WI_VRZA003 C        65    WISE DATABASE, SOIL ZA003     
3630 WI       SOL WI_ARZA005 S        60    WISE DATABASE, SOIL ZA005     
3631 WI       SOL WI_LVZA007 C        110   WISE DATABASE, SOIL ZA007     
3632 WI       SOL WI_RGZA010 S        30    WISE DATABASE, SOIL ZA010     
3633 WI       SOL WI_SNZA015 SL       70    WISE DATABASE, SOIL ZA015     
3634 WI       SOL WI_LVZA016 C        120   WISE DATABASE, SOIL ZA016     
3635 WI       SOL WI_FRZM059 C        145   WISE DATABASE, SOIL ZM059     
3636 WI       SOL WI_RGZM062 LS       120   WISE DATABASE, SOIL ZM062     
3637 WI       SOL WI_FRZM064 SL       110   WISE DATABASE, SOIL ZM064     
3638 WI       SOL WI_VRZM080 C        154   WISE DATABASE, SOIL ZM080     
3639 WI       SOL WI_LVZW001 SL       180   WISE DATABASE, SOIL ZW001     
3640 WI       SOL WI_VRZW002 C        100   WISE DATABASE, SOIL ZW002     
3641 WI       SOL WI_LVZW016 SL       180   WISE DATABASE, SOIL ZW016     
3642 WI       SOL WI_PZDE019 LS       160   WISE DATABASE, SOIL DE019     
3643 WI       SOL WI_LVAL011 SIL      180   WISE DATABASE, SOIL AL011     
3644 WI       SOL WI_PHAL020 SIL      180   WISE DATABASE, SOIL AL020     
3645 WI       SOL WI_LVAL021 SICL     130   WISE DATABASE, SOIL AL021     
3646 WI       SOL WI_LVAL023 SIL      173   WISE DATABASE, SOIL AL023     
3647 WI       SOL WI_LVAL024 L        170   WISE DATABASE, SOIL AL024     
3648 WI       SOL WI_LVAL025 L        190   WISE DATABASE, SOIL AL025     
3649 WI       SOL WI_LVAL026 C        163   WISE DATABASE, SOIL AL026     
3650 WI       SOL WI_VRAL027 C        180   WISE DATABASE, SOIL AL027     
3651 WI       SOL WI_FLAL034 SIL      185   WISE DATABASE, SOIL AL034     
3652 WI       SOL WI_ARAO024 LS       150   WISE DATABASE, SOIL AO024     
3653 WI       SOL WI_VRAO026 C        120   WISE DATABASE, SOIL AO026     
3654 WI       SOL WI_VRAO028 C        90    WISE DATABASE, SOIL AO028     
3655 WI       SOL WI_VRAO029 SCL      150   WISE DATABASE, SOIL AO029     
3656 WI       SOL WI_VRAO031 C        135   WISE DATABASE, SOIL AO031     
3657 WI       SOL WI_SNAR005 L        120   WISE DATABASE, SOIL AR005     
3658 WI       SOL WI_SNAR006 SIL      120   WISE DATABASE, SOIL AR006     
3659 WI       SOL WI_SNAR012 SIL      170   WISE DATABASE, SOIL AR012     
3660 WI       SOL WI_PHAR016 SIL      190   WISE DATABASE, SOIL AR016     
3661 WI       SOL WI_RGAR023 LS       105   WISE DATABASE, SOIL AR023     
3662 WI       SOL WI_KSAR026 L        125   WISE DATABASE, SOIL AR026     
3663 WI       SOL WI_KSAR029 SL       50    WISE DATABASE, SOIL AR029     
3664 WI       SOL WI_PHAR030 SL       170   WISE DATABASE, SOIL AR030     
3665 WI       SOL WI_ARAR032 SL       200   WISE DATABASE, SOIL AR032     
3666 WI       SOL WI_PLCA033 C        106   WISE DATABASE, SOIL CA033     
3667 WI       SOL WI_ACCI020 SL       150   WISE DATABASE, SOIL CI020     
3668 WI       SOL WI_ATCN019 SIL      300   WISE DATABASE, SOIL CN019     
3669 WI       SOL WI_RGCN021 SIL      160   WISE DATABASE, SOIL CN021     
3670 WI       SOL WI_GYCN022 SIL      160   WISE DATABASE, SOIL CN022     
3671 WI       SOL WI_ATCN023 SICL     150   WISE DATABASE, SOIL CN023     
3672 WI       SOL WI_NTCN040 C        165   WISE DATABASE, SOIL CN040     
3673 WI       SOL WI_PHCN058 SIC      140   WISE DATABASE, SOIL CN058     
3674 WI       SOL WI_FRCO038 L        150   WISE DATABASE, SOIL CO038     
3675 WI       SOL WI_ANCO058 SL       150   WISE DATABASE, SOIL CO058     
3676 WI       SOL WI_PHCO065 SIC      128   WISE DATABASE, SOIL CO065     
3677 WI       SOL WI_GLCU001 C        200   WISE DATABASE, SOIL CU001     
3678 WI       SOL WI_CMCU002 CL       190   WISE DATABASE, SOIL CU002     
3679 WI       SOL WI_PHCU010 C        120   WISE DATABASE, SOIL CU010     
3680 WI       SOL WI_CMCU013 C        150   WISE DATABASE, SOIL CU013     
3681 WI       SOL WI_CMCU016 C        180   WISE DATABASE, SOIL CU016     
3682 WI       SOL WI_VRCU019 C        150   WISE DATABASE, SOIL CU019     
3683 WI       SOL WI_SCEG012 SCL      130   WISE DATABASE, SOIL EG012     
3684 WI       SOL WI_RGEG014 S        90    WISE DATABASE, SOIL EG014     
3685 WI       SOL WI_RGEG015 CL       55    WISE DATABASE, SOIL EG015     
3686 WI       SOL WI_AREG016 S        160   WISE DATABASE, SOIL EG016     
3687 WI       SOL WI_RGEG017 S        160   WISE DATABASE, SOIL EG017     
3688 WI       SOL WI_RGEG018 S        80    WISE DATABASE, SOIL EG018     
3689 WI       SOL WI_SCEG019 S        160   WISE DATABASE, SOIL EG019     
3690 WI       SOL WI_FLET001 SIL      220   WISE DATABASE, SOIL ET001     
3691 WI       SOL WI_FLET002 SICL     150   WISE DATABASE, SOIL ET002     
3692 WI       SOL WI_FLET004 SICL     115   WISE DATABASE, SOIL ET004     
3693 WI       SOL WI_FLFR029 SICL     120   WISE DATABASE, SOIL FR029     
3694 WI       SOL WI_PLFR032 SL       115   WISE DATABASE, SOIL FR032     
3695 WI       SOL WI_VRFR043 C        90    WISE DATABASE, SOIL FR043     
3696 WI       SOL WI_LVBE001 SIL      120   WISE DATABASE, SOIL BE001     
3697 WI       SOL WI_CMBE002 SIL      110   WISE DATABASE, SOIL BE002     
3698 WI       SOL WI_GLBE003 SIL      120   WISE DATABASE, SOIL BE003     
3699 WI       SOL WI_CMBE004 SICL     110   WISE DATABASE, SOIL BE004     
3700 WI       SOL WI_CMBE005 CL       64    WISE DATABASE, SOIL BE005     
3701 WI       SOL WI_SCBW047 SCL      90    WISE DATABASE, SOIL BW047     
3702 WI       SOL WI_CHBW279 CL       130   WISE DATABASE, SOIL BW279     
3703 WI       SOL WI_LVBW506 SL       120   WISE DATABASE, SOIL BW506     
3704 WI       SOL WI_GLBW606 SIC      120   WISE DATABASE, SOIL BW606     
3705 WI       SOL WI_GLBW633 C        125   WISE DATABASE, SOIL BW633     
3706 WI       SOL WI_ARBW634 S        130   WISE DATABASE, SOIL BW634     
3707 WI       SOL WI_CMBW672 CL       150   WISE DATABASE, SOIL BW672     
3708 WI       SOL WI_VRBW726 C        100   WISE DATABASE, SOIL BW726     
3709 WI       SOL WI_LVBW765 SL       160   WISE DATABASE, SOIL BW765     
3710 WI       SOL WI_LVBW811 SL       120   WISE DATABASE, SOIL BW811     
3711 WI       SOL WI_SNBW816 C        80    WISE DATABASE, SOIL BW816     
3712 WI       SOL WI_ARBW817 S        130   WISE DATABASE, SOIL BW817     
3713 WI       SOL WI_CLBW826 SL       120   WISE DATABASE, SOIL BW826     
3714 WI       SOL WI_LVBW828 S        190   WISE DATABASE, SOIL BW828     
3715 WI       SOL WI_CLBW851 S        130   WISE DATABASE, SOIL BW851     
3716 WI       SOL WI_VRBW869 C        200   WISE DATABASE, SOIL BW869     
3717 WI       SOL WI_LVBW874 SL       200   WISE DATABASE, SOIL BW874     
3718 WI       SOL WI_SCBW884 SCL      90    WISE DATABASE, SOIL BW884     
3719 WI       SOL WI_SNCA007 SICL     100   WISE DATABASE, SOIL CA007     
3720 WI       SOL WI_PLCA032 L        94    WISE DATABASE, SOIL CA032     
3721 WI       SOL WI_ALID008 CL       145   WISE DATABASE, SOIL ID008     
3722 WI       SOL WI_VRID069 C        150   WISE DATABASE, SOIL ID069     
3723 WI       SOL WI_ANID090 L        198   WISE DATABASE, SOIL ID090     
3724 WI       SOL WI_SCIL014 SIL      140   WISE DATABASE, SOIL IL014     
3725 WI       SOL WI_RGIL022 LS       250   WISE DATABASE, SOIL IL022     
3726 WI       SOL WI_RGIL024 S        250   WISE DATABASE, SOIL IL024     
3727 WI       SOL WI_SCIL026 L        94    WISE DATABASE, SOIL IL026     
3728 WI       SOL WI_SCIL028 L        76    WISE DATABASE, SOIL IL028     
3729 WI       SOL WI_LVIT028 SL       230   WISE DATABASE, SOIL IT028     
3730 WI       SOL WI_CMIT030 SL       140   WISE DATABASE, SOIL IT030     
3731 WI       SOL WI_FLJM019 C        150   WISE DATABASE, SOIL JM019     
3732 WI       SOL WI_FLJM032 CL       140   WISE DATABASE, SOIL JM032     
3733 WI       SOL WI_SNJO031 L        150   WISE DATABASE, SOIL JO031     
3734 WI       SOL WI_ANNZ004 SIL      102   WISE DATABASE, SOIL NZ004     
3735 WI       SOL WI_FLSO003 C        190   WISE DATABASE, SOIL SO003     
3736 WI       SOL WI_ACTH023 LS       200   WISE DATABASE, SOIL TH023     
3737 WI       SOL WI_LVTH027 SIL      175   WISE DATABASE, SOIL TH027     
3738 WI       SOL WI_FLTH053 CL       120   WISE DATABASE, SOIL TH053     
3739 WI       SOL WI_FLTH055 S        110   WISE DATABASE, SOIL TH055     
3740 WI       SOL WI_SCTR027 SI       150   WISE DATABASE, SOIL TR027     
3741 WI       SOL WI_LVUS068 L        104   WISE DATABASE, SOIL US068     
3742 WI       SOL WI_ATUZ008 SICL     220   WISE DATABASE, SOIL UZ008     
3743 WI       SOL WI_LXVE022 L        160   WISE DATABASE, SOIL VE022     
3744 WI       SOL WI_VRZM066 C        154   WISE DATABASE, SOIL ZM066     
3745 WI       SOL WI_SCAF005 SIL      270   WISE DATABASE, SOIL AF005     
3746 WI       SOL WI_GLBR014 SIC      170   WISE DATABASE, SOIL BR014     
3747 WI       SOL WI_SCAL007 C        137   WISE DATABASE, SOIL AL007     
3748 WI       SOL WI_PHAL035 C        160   WISE DATABASE, SOIL AL035     
3749 WI       SOL WI_SCMX010 L        104   WISE DATABASE, SOIL MX010     
3750 WI       SOL WI_LPMX012 SIC      30    WISE DATABASE, SOIL MX012     
3751 WI       SOL WI_FLMX019 LS       200   WISE DATABASE, SOIL MX019     
3752 WI       SOL WI_VRAU028 C        190   WISE DATABASE, SOIL AU028     
3753 WI       SOL WI_ACCN030 SICL     450   WISE DATABASE, SOIL CN030     
3754 WI       SOL WI_ARBR058 LS       600   WISE DATABASE, SOIL BR058     
3755 WI       SOL WI_ARBR091 LS       500   WISE DATABASE, SOIL BR091     
3756 WI       SOL WI_ATYE263 SIL      15    WISE DATABASE, SOIL YE263     
3757 WI       SOL WI_ATYE271 SIC      15    WISE DATABASE, SOIL YE271     
3758 WI       SOL WI_CLYE261 SIL      10    WISE DATABASE, SOIL YE261     
3759 WI       SOL WI_CMYE086 SL       15    WISE DATABASE, SOIL YE086     
3760 WI       SOL WI_CMYE300 SIL      14    WISE DATABASE, SOIL YE300     
3761 WI       SOL WI_CMZA009 S        15    WISE DATABASE, SOIL ZA009     
3762 WI       SOL WI_FLYE061 SL       10    WISE DATABASE, SOIL YE061     
3763 WI       SOL WI_FRBR076 C        650   WISE DATABASE, SOIL BR076     
3764 WI       SOL WI_FRBR081 C        470   WISE DATABASE, SOIL BR081     
3765 WI       SOL WI_FRBR082 C        470   WISE DATABASE, SOIL BR082     
3766 WI       SOL WI_FRBR092 SCL      450   WISE DATABASE, SOIL BR092     
3767 WI       SOL WI_FRBR093 C        550   WISE DATABASE, SOIL BR093     
3768 WI       SOL WI_LPCF012 LS       18    WISE DATABASE, SOIL CF012     
3769 WI       SOL WI_LPCM006 SICL     10    WISE DATABASE, SOIL CM006     
3770 WI       SOL WI_LPCM017 LS       13    WISE DATABASE, SOIL CM017     
3771 WI       SOL WI_LPEC011 CL       15    WISE DATABASE, SOIL EC011     
3772 WI       SOL WI_LPEC018 SCL      16    WISE DATABASE, SOIL EC018     
3773 WI       SOL WI_LPGB004 SICL     16    WISE DATABASE, SOIL GB004     
3774 WI       SOL WI_LPIL001 SL       12    WISE DATABASE, SOIL IL001     
3775 WI       SOL WI_LPIL002 L        14    WISE DATABASE, SOIL IL002     
3776 WI       SOL WI_LPIL005 L        15    WISE DATABASE, SOIL IL005     
3777 WI       SOL WI_LPJO029 SL       5     WISE DATABASE, SOIL JO029     
3778 WI       SOL WI_LPLY009 CL       15    WISE DATABASE, SOIL LY009     
3779 WI       SOL WI_LPPT033 SCL      18    WISE DATABASE, SOIL PT033     
3780 WI       SOL WI_LPUY049 CL       5     WISE DATABASE, SOIL UY049     
3781 WI       SOL WI_LPZR061 C        10    WISE DATABASE, SOIL ZR061     
3782 WI       SOL WI_LXBR099 CL       450   WISE DATABASE, SOIL BR099     
3783 WI       SOL WI_LXBR105 SIC      450   WISE DATABASE, SOIL BR105     
3784 WI       SOL WI_LXBR108 SC       430   WISE DATABASE, SOIL BR108     
3785 WI       SOL WI_PTBR094 C        430   WISE DATABASE, SOIL BR094     
3786 WI       SOL WI_SNET011 CL       130   WISE DATABASE, SOIL ET011     
3787 WI       SOL WI_VRIN047 SL       103   WISE DATABASE, SOIL IN047     
3788 WI       SOL WI_CMIN048 C        47    WISE DATABASE, SOIL IN048     
3789 WI       SOL WI_VRIN049 C        182   WISE DATABASE, SOIL IN049     
3790 WI       SOL WI_CMFI002 SIL      120   WISE DATABASE, SOIL FI002     
3791 WI       SOL WI_GLPH023 C        123   WISE DATABASE, SOIL PH023     
3792 WI       SOL WI_GLPH024 SIC      87    WISE DATABASE, SOIL PH024     
3793 WI       SOL WI_PZZA018 SL       90    WISE DATABASE, SOIL ZA018     
3794 WI       SOL WI_ARZA019 LS       100   WISE DATABASE, SOIL ZA019     
3795 WI       SOL WI_CMZR031 L        108   WISE DATABASE, SOIL ZR031     
3796 WI       SOL WI_FLZR032 CL       120   WISE DATABASE, SOIL ZR032     
3797 WI       SOL WI_LXZW031 LS       200   WISE DATABASE, SOIL ZW031     
