"","TRNO","location","cultivar","density","nitrogen","harvest","Mean_CWAD","Median_CWAD","SD_CWAD","Min_CWAD","Max_CWAD","Mean_GWAD","Median_GWAD","SD_GWAD","Min_GWAD","Max_GWAD","Count","planting","avg_planting_to_harvest"
"1",1,"Belle Glade (EREC)","IH Williams","40/m2 (3.7/sqft)","280 Kg/ha (250 LB/acre)","Grain Maturity",8926.8947368421,9175,1391.79164687251,5712,11150,1122.42105263158,1152,233.354359954858,641,1540,19,"01-March",130.263157894737
"2",2,"Belle Glade (EREC)","IH Williams","40/m2 (3.7/sqft)","280 Kg/ha (250 LB/acre)","Grain Maturity",9059.47368421053,9346,1317.46572244767,5887,11165,1146.78947368421,1193,236.797282958176,644,1526,19,"15-March",127.684210526316
"3",3,"Belle Glade (EREC)","IH Williams","40/m2 (3.7/sqft)","280 Kg/ha (250 LB/acre)","Grain Maturity",9230.15789473684,9303,1115.45517680541,6528,11002,1102.73684210526,1227,232.635585819267,561,1436,19,"01-April",123.894736842105
"4",4,"Belle Glade (EREC)","IH Williams","40/m2 (3.7/sqft)","280 Kg/ha (250 LB/acre)","Grain Maturity",9197.52631578947,9406,1059.93869678188,6905,10729,1074.15789473684,1138,245.03180364051,424,1413,19,"15-April",122.473684210526
"5",5,"Belle Glade (EREC)","IH Williams","40/m2 (3.7/sqft)","280 Kg/ha (250 LB/acre)","Grain Maturity",8898.36842105263,8800,1012.06577577889,7185,10432,1042.52631578947,1077,211.888956353467,439,1302,19,"01-May",121.052631578947
"6",6,"Belle Glade (EREC)","IH Williams","40/m2 (3.7/sqft)","280 Kg/ha (250 LB/acre)","Grain Maturity",8856.21052631579,8893,1033.51017728405,6967,10414,1052.05263157895,1093,195.648628834736,556,1333,19,"15-May",122.210526315789
"7",7,"Belle Glade (EREC)","IH Williams","40/m2 (3.7/sqft)","280 Kg/ha (250 LB/acre)","Grain Maturity",8959.21052631579,9202,947.811137946993,7538,10275,1138.57894736842,1128,194.542002259859,745,1475,19,"01-June",125
"8",8,"Belle Glade (EREC)","IH Williams","40/m2 (3.7/sqft)","280 Kg/ha (250 LB/acre)","Grain Maturity",8602,8929,928.76321584735,7042,9803,1118.78947368421,1144,197.394016274098,652,1364,19,"15-June",124.631578947368
"9",9,"Belle Glade (EREC)","IH Williams","40/m2 (3.7/sqft)","280 Kg/ha (250 LB/acre)","Grain Maturity",7753.68421052632,8140,836.038612387914,6056,8812,1016.63157894737,1026,146.712951229534,702,1286,19,"30-June",121.947368421053
"10",11,"Belle Glade (EREC)","IH Williams","40/m2 (3.7/sqft)","280 Kg/ha (250 LB/acre)","Flowering",469.421052631579,466,131.614046780507,260,691,0,0,0,0,0,19,"01-March",44.4210526315789
"11",12,"Belle Glade (EREC)","IH Williams","40/m2 (3.7/sqft)","280 Kg/ha (250 LB/acre)","Flowering",498.157894736842,519,128.570025519124,284,684,0,0,0,0,0,19,"15-March",42.2631578947368
"12",13,"Belle Glade (EREC)","IH Williams","40/m2 (3.7/sqft)","280 Kg/ha (250 LB/acre)","Flowering",551.157894736842,585,127.127784863147,259,782,0,0,0,0,0,19,"01-April",39.2105263157895
"13",14,"Belle Glade (EREC)","IH Williams","40/m2 (3.7/sqft)","280 Kg/ha (250 LB/acre)","Flowering",554.842105263158,553,123.910479853578,257,759,0,0,0,0,0,19,"15-April",37.7894736842105
"14",15,"Belle Glade (EREC)","IH Williams","40/m2 (3.7/sqft)","280 Kg/ha (250 LB/acre)","Flowering",521.368421052632,565,138.279993943977,255,736,0,0,0,0,0,19,"01-May",36.2631578947368
"15",16,"Belle Glade (EREC)","IH Williams","40/m2 (3.7/sqft)","280 Kg/ha (250 LB/acre)","Flowering",563.526315789474,589,149.868968109943,348,817,0,0,0,0,0,19,"15-May",37
"16",17,"Belle Glade (EREC)","IH Williams","40/m2 (3.7/sqft)","280 Kg/ha (250 LB/acre)","Flowering",762.684210526316,756,212.629320814829,322,1177,0,0,0,0,0,19,"01-June",39.8947368421053
"17",18,"Belle Glade (EREC)","IH Williams","40/m2 (3.7/sqft)","280 Kg/ha (250 LB/acre)","Flowering",756.210526315789,762,204.676052702087,299,1085,0,0,0,0,0,19,"15-June",39.5789473684211
"18",19,"Belle Glade (EREC)","IH Williams","40/m2 (3.7/sqft)","280 Kg/ha (250 LB/acre)","Flowering",586.947368421053,585,111.584284877302,386,770,0,0,0,0,0,19,"30-June",37.2105263157895
"19",21,"Belle Glade (EREC)","NWG 2730","40/m2 (3.7/sqft)","280 Kg/ha (250 LB/acre)","Grain Maturity",2318.84210526316,2518,605.776018669707,1063,3337,680.842105263158,713,193.164657210686,327,1010,19,"01-March",92.4210526315789
"20",22,"Belle Glade (EREC)","NWG 2730","40/m2 (3.7/sqft)","280 Kg/ha (250 LB/acre)","Grain Maturity",2415.63157894737,2588,631.436036219234,987,3517,731.894736842105,808,199.7361856541,322,1043,19,"15-March",90.1052631578947
"21",23,"Belle Glade (EREC)","NWG 2730","40/m2 (3.7/sqft)","280 Kg/ha (250 LB/acre)","Grain Maturity",2511.68421052632,2610,628.360216280048,1079,3673,772,836,192.574660846125,347,1105,19,"01-April",86.1578947368421
"22",24,"Belle Glade (EREC)","NWG 2730","40/m2 (3.7/sqft)","280 Kg/ha (250 LB/acre)","Grain Maturity",2500.84210526316,2536,580.03460271856,1043,3437,745.526315789474,751,203.143454627253,324,1108,19,"15-April",84.5263157894737
"23",25,"Belle Glade (EREC)","NWG 2730","40/m2 (3.7/sqft)","280 Kg/ha (250 LB/acre)","Grain Maturity",2462.94736842105,2442,593.158445544247,1194,3392,687.789473684211,694,196.997343170852,352,1004,19,"01-May",83.1578947368421
"24",26,"Belle Glade (EREC)","NWG 2730","40/m2 (3.7/sqft)","280 Kg/ha (250 LB/acre)","Grain Maturity",2277.89473684211,2182,566.541446432929,1382,3158,604.263157894737,641,186.116105370714,212,916,19,"15-May",82.3157894736842
"25",27,"Belle Glade (EREC)","NWG 2730","40/m2 (3.7/sqft)","280 Kg/ha (250 LB/acre)","Grain Maturity",2382.15789473684,2298,564.168046591901,1432,3310,647.789473684211,643,158.017080281907,328,880,19,"01-June",82.9473684210526
"26",28,"Belle Glade (EREC)","NWG 2730","40/m2 (3.7/sqft)","280 Kg/ha (250 LB/acre)","Grain Maturity",2390,2370,607.55036371024,1234,3312,668.157894736842,680,174.046054938818,308,954,19,"15-June",83.3684210526316
"27",29,"Belle Glade (EREC)","NWG 2730","40/m2 (3.7/sqft)","280 Kg/ha (250 LB/acre)","Grain Maturity",2242.68421052632,2181,446.791034008266,1530,3244,618,595,141.839894090328,270,858,19,"30-June",83.1052631578947
"28",31,"Belle Glade (EREC)","NWG 2730","40/m2 (3.7/sqft)","280 Kg/ha (250 LB/acre)","Flowering",252,255,65.1442843062826,142,358,0,0,0,0,0,19,"01-March",39.9473684210526
"29",32,"Belle Glade (EREC)","NWG 2730","40/m2 (3.7/sqft)","280 Kg/ha (250 LB/acre)","Flowering",266.473684210526,270,72.1736858950166,150,389,0,0,0,0,0,19,"15-March",38
"30",33,"Belle Glade (EREC)","NWG 2730","40/m2 (3.7/sqft)","280 Kg/ha (250 LB/acre)","Flowering",284,292,64.7499463749242,142,382,0,0,0,0,0,19,"01-April",35
"31",34,"Belle Glade (EREC)","NWG 2730","40/m2 (3.7/sqft)","280 Kg/ha (250 LB/acre)","Flowering",301.526315789474,303,59.7358708734195,139,401,0,0,0,0,0,19,"15-April",33.8947368421053
"32",35,"Belle Glade (EREC)","NWG 2730","40/m2 (3.7/sqft)","280 Kg/ha (250 LB/acre)","Flowering",289.315789473684,313,76.3719353861082,143,402,0,0,0,0,0,19,"01-May",32.4736842105263
"33",36,"Belle Glade (EREC)","NWG 2730","40/m2 (3.7/sqft)","280 Kg/ha (250 LB/acre)","Flowering",255,274,71.2257756090526,146,375,0,0,0,0,0,19,"15-May",31.7368421052632
"34",37,"Belle Glade (EREC)","NWG 2730","40/m2 (3.7/sqft)","280 Kg/ha (250 LB/acre)","Flowering",268.473684210526,256,61.1567825084318,164,360,0,0,0,0,0,19,"01-June",31.9473684210526
"35",38,"Belle Glade (EREC)","NWG 2730","40/m2 (3.7/sqft)","280 Kg/ha (250 LB/acre)","Flowering",273.789473684211,296,78.179692551745,108,392,0,0,0,0,0,19,"15-June",32.1578947368421
"36",39,"Belle Glade (EREC)","NWG 2730","40/m2 (3.7/sqft)","280 Kg/ha (250 LB/acre)","Flowering",269.210526315789,278,52.4145642899719,176,366,0,0,0,0,0,19,"30-June",32
"37",1,"Belle Glade (EREC)","IH Williams","80/m2 (7.4/sqft)","280 Kg/ha (250 LB/acre)","Grain Maturity",10170.0526315789,10403,1378.57561247044,6986,12208,1415.68421052632,1423,249.92400014395,883,1848,19,"01-March",130.263157894737
"38",2,"Belle Glade (EREC)","IH Williams","80/m2 (7.4/sqft)","280 Kg/ha (250 LB/acre)","Grain Maturity",10271,10531,1313.71868289135,7190,12354,1427.47368421053,1467,249.976969699444,892,1829,19,"15-March",127.684210526316
"39",3,"Belle Glade (EREC)","IH Williams","80/m2 (7.4/sqft)","280 Kg/ha (250 LB/acre)","Grain Maturity",10370.6842105263,10393,1081.49911658831,7841,12111,1366.21052631579,1488,250.893199710193,774,1723,19,"01-April",123.894736842105
"40",4,"Belle Glade (EREC)","IH Williams","80/m2 (7.4/sqft)","280 Kg/ha (250 LB/acre)","Grain Maturity",10348.7368421053,10490,1030.09599564017,8217,11837,1319.36842105263,1395,275.101841854635,605,1689,19,"15-April",122.473684210526
"41",5,"Belle Glade (EREC)","IH Williams","80/m2 (7.4/sqft)","280 Kg/ha (250 LB/acre)","Grain Maturity",10031.4210526316,9974,952.804475441343,8408,11461,1281.73684210526,1327,224.175487337057,628,1544,19,"01-May",121.052631578947
"42",6,"Belle Glade (EREC)","IH Williams","80/m2 (7.4/sqft)","280 Kg/ha (250 LB/acre)","Grain Maturity",9957.47368421053,9897,985.113776193787,8136,11505,1300.10526315789,1312,172.600983239391,999,1590,19,"15-May",122.210526315789
"43",7,"Belle Glade (EREC)","IH Williams","80/m2 (7.4/sqft)","280 Kg/ha (250 LB/acre)","Grain Maturity",9970.05263157895,10162,860.458629238837,8622,11146,1354.21052631579,1353,188.828722787895,952,1692,19,"01-June",125
"44",8,"Belle Glade (EREC)","IH Williams","80/m2 (7.4/sqft)","280 Kg/ha (250 LB/acre)","Grain Maturity",9634.1052631579,9939,813.556451277479,8151,10692,1319.05263157895,1343,197.277715609299,876,1578,19,"15-June",124.631578947368
"45",9,"Belle Glade (EREC)","IH Williams","80/m2 (7.4/sqft)","280 Kg/ha (250 LB/acre)","Grain Maturity",8834.63157894737,9190,769.61745262943,7361,9813,1241.05263157895,1256,145.738911788708,926,1480,19,"30-June",121.947368421053
"46",11,"Belle Glade (EREC)","IH Williams","80/m2 (7.4/sqft)","280 Kg/ha (250 LB/acre)","Flowering",835.789473684211,836,214.616603620753,489,1194,0,0,0,0,0,19,"01-March",44.4210526315789
"47",12,"Belle Glade (EREC)","IH Williams","80/m2 (7.4/sqft)","280 Kg/ha (250 LB/acre)","Flowering",880.526315789474,900,206.670797921357,524,1180,0,0,0,0,0,19,"15-March",42.2631578947368
"48",13,"Belle Glade (EREC)","IH Williams","80/m2 (7.4/sqft)","280 Kg/ha (250 LB/acre)","Flowering",969.263157894737,1022,206.100256645822,478,1330,0,0,0,0,0,19,"01-April",39.2105263157895
"49",14,"Belle Glade (EREC)","IH Williams","80/m2 (7.4/sqft)","280 Kg/ha (250 LB/acre)","Flowering",973.631578947368,971,199.854449961943,475,1289,0,0,0,0,0,19,"15-April",37.7894736842105
"50",15,"Belle Glade (EREC)","IH Williams","80/m2 (7.4/sqft)","280 Kg/ha (250 LB/acre)","Flowering",913.947368421053,957,225.179551490265,471,1255,0,0,0,0,0,19,"01-May",36.2631578947368
"51",16,"Belle Glade (EREC)","IH Williams","80/m2 (7.4/sqft)","280 Kg/ha (250 LB/acre)","Flowering",978.684210526316,1013,236.522973427666,629,1370,0,0,0,0,0,19,"15-May",37
"52",17,"Belle Glade (EREC)","IH Williams","80/m2 (7.4/sqft)","280 Kg/ha (250 LB/acre)","Flowering",1269.42105263158,1272,309.318303476366,611,1844,0,0,0,0,0,19,"01-June",39.8947368421053
"53",18,"Belle Glade (EREC)","IH Williams","80/m2 (7.4/sqft)","280 Kg/ha (250 LB/acre)","Flowering",1262.21052631579,1275,281.367213391912,701,1647,0,0,0,0,0,19,"15-June",39.5789473684211
"54",19,"Belle Glade (EREC)","IH Williams","80/m2 (7.4/sqft)","280 Kg/ha (250 LB/acre)","Flowering",1013.84210526316,1014,168.079763854974,702,1299,0,0,0,0,0,19,"30-June",37.2105263157895
"55",21,"Belle Glade (EREC)","NWG 2730","80/m2 (7.4/sqft)","280 Kg/ha (250 LB/acre)","Grain Maturity",3667.05263157895,3992,823.852297555293,1836,4802,1117.47368421053,1175,275.779172612407,574,1513,19,"01-March",92.4210526315789
"56",22,"Belle Glade (EREC)","NWG 2730","80/m2 (7.4/sqft)","280 Kg/ha (250 LB/acre)","Grain Maturity",3789.21052631579,4084,857.441580708263,1710,5179,1190.42105263158,1234,289.156304480903,569,1634,19,"15-March",90.1052631578947
"57",23,"Belle Glade (EREC)","NWG 2730","80/m2 (7.4/sqft)","280 Kg/ha (250 LB/acre)","Grain Maturity",3903.94736842105,4073,843.732216186853,1864,5376,1234.21052631579,1332,293.074995890769,602,1714,19,"01-April",86.1578947368421
"58",24,"Belle Glade (EREC)","NWG 2730","80/m2 (7.4/sqft)","280 Kg/ha (250 LB/acre)","Grain Maturity",3867.73684210526,3925,782.756797912584,1795,5051,1189.78947368421,1223,300.737718682902,573,1725,19,"15-April",84.5263157894737
"59",25,"Belle Glade (EREC)","NWG 2730","80/m2 (7.4/sqft)","280 Kg/ha (250 LB/acre)","Grain Maturity",3804.36842105263,3886,785.849802621787,2048,4955,1100.89473684211,1090,292.112971817572,619,1558,19,"01-May",83.1578947368421
"60",26,"Belle Glade (EREC)","NWG 2730","80/m2 (7.4/sqft)","280 Kg/ha (250 LB/acre)","Grain Maturity",3561.52631578947,3557,738.944470054795,2402,4680,982.157894736842,1035,285.894165180422,384,1431,19,"15-May",82.3157894736842
"61",27,"Belle Glade (EREC)","NWG 2730","80/m2 (7.4/sqft)","280 Kg/ha (250 LB/acre)","Grain Maturity",3677.52631578947,3588,718.012021597058,2514,4873,1051.26315789474,1061,223.338020375012,597,1390,19,"01-June",82.9473684210526
"62",28,"Belle Glade (EREC)","NWG 2730","80/m2 (7.4/sqft)","280 Kg/ha (250 LB/acre)","Grain Maturity",3685.84210526316,3677,744.933872021007,2354,4855,1083.47368421053,1076,231.888710956368,676,1485,19,"15-June",83.3684210526316
"63",29,"Belle Glade (EREC)","NWG 2730","80/m2 (7.4/sqft)","280 Kg/ha (250 LB/acre)","Grain Maturity",3485.78947368421,3411,558.898478054762,2556,4596,991.368421052632,978,209.674141500651,470,1359,19,"30-June",83.1052631578947
"64",31,"Belle Glade (EREC)","NWG 2730","80/m2 (7.4/sqft)","280 Kg/ha (250 LB/acre)","Flowering",470.789473684211,480,113.26300707614,274,652,0,0,0,0,0,19,"01-March",39.9473684210526
"65",32,"Belle Glade (EREC)","NWG 2730","80/m2 (7.4/sqft)","280 Kg/ha (250 LB/acre)","Flowering",497.736842105263,506,127.503743781752,288,713,0,0,0,0,0,19,"15-March",38
"66",33,"Belle Glade (EREC)","NWG 2730","80/m2 (7.4/sqft)","280 Kg/ha (250 LB/acre)","Flowering",530.368421052632,546,115.540858826995,272,702,0,0,0,0,0,19,"01-April",35
"67",34,"Belle Glade (EREC)","NWG 2730","80/m2 (7.4/sqft)","280 Kg/ha (250 LB/acre)","Flowering",561.421052631579,567,106.670997719089,265,735,0,0,0,0,0,19,"15-April",33.8947368421053
"68",35,"Belle Glade (EREC)","NWG 2730","80/m2 (7.4/sqft)","280 Kg/ha (250 LB/acre)","Flowering",539.105263157895,582,136.157137462093,273,732,0,0,0,0,0,19,"01-May",32.4736842105263
"69",36,"Belle Glade (EREC)","NWG 2730","80/m2 (7.4/sqft)","280 Kg/ha (250 LB/acre)","Flowering",477.631578947368,514,127.893276048741,278,689,0,0,0,0,0,19,"15-May",31.7368421052632
"70",37,"Belle Glade (EREC)","NWG 2730","80/m2 (7.4/sqft)","280 Kg/ha (250 LB/acre)","Flowering",500.526315789474,481,108.371976913393,317,664,0,0,0,0,0,19,"01-June",31.9473684210526
"71",38,"Belle Glade (EREC)","NWG 2730","80/m2 (7.4/sqft)","280 Kg/ha (250 LB/acre)","Flowering",512.473684210526,547,131.14341954985,256,715,0,0,0,0,0,19,"15-June",32.1578947368421
"72",39,"Belle Glade (EREC)","NWG 2730","80/m2 (7.4/sqft)","280 Kg/ha (250 LB/acre)","Flowering",501.578947368421,520,89.4845211875425,337,649,0,0,0,0,0,19,"30-June",32
"73",1,"Belle Glade (EREC)","IH Williams","120/m2 (11.2/sqft)","280 Kg/ha (250 LB/acre)","Grain Maturity",10786,11022,1325.47764975499,7660,12278,1565.68421052632,1553,252.894148394932,1020,1975,19,"01-March",130.210526315789
"74",2,"Belle Glade (EREC)","IH Williams","120/m2 (11.2/sqft)","280 Kg/ha (250 LB/acre)","Grain Maturity",10878.4210526316,11128,1305.73063054068,7878,12909,1569.84210526316,1611,253.43424813678,1034,1979,19,"15-March",127.684210526316
"75",3,"Belle Glade (EREC)","IH Williams","120/m2 (11.2/sqft)","280 Kg/ha (250 LB/acre)","Grain Maturity",10930.5263157895,10958,1063.29056175321,8522,12626,1503.84210526316,1635,258.376182071777,896,1868,19,"01-April",123.894736842105
"76",4,"Belle Glade (EREC)","IH Williams","120/m2 (11.2/sqft)","280 Kg/ha (250 LB/acre)","Grain Maturity",10906.7368421053,11006,993.253119921563,8884,12343,1444.36842105263,1505,285.676820225294,711,1824,19,"15-April",122.473684210526
"77",5,"Belle Glade (EREC)","IH Williams","120/m2 (11.2/sqft)","280 Kg/ha (250 LB/acre)","Grain Maturity",10597.6842105263,10561,907.062294359077,9035,12000,1393.10526315789,1435,242.54848192036,739,1680,19,"01-May",121.052631578947
"78",6,"Belle Glade (EREC)","IH Williams","120/m2 (11.2/sqft)","280 Kg/ha (250 LB/acre)","Grain Maturity",10493.6315789474,10366,933.905075507398,8735,11948,1419.31578947368,1415,171.083492492726,1126,1702,19,"15-May",122.210526315789
"79",7,"Belle Glade (EREC)","IH Williams","120/m2 (11.2/sqft)","280 Kg/ha (250 LB/acre)","Grain Maturity",10448.5263157895,10600,789.543564938422,9152,11540,1446.57894736842,1449,199.769121123326,1059,1793,19,"01-June",125.052631578947
"80",8,"Belle Glade (EREC)","IH Williams","120/m2 (11.2/sqft)","280 Kg/ha (250 LB/acre)","Grain Maturity",10117.8947368421,10428,755.087845863486,8726,11099,1419.05263157895,1437,198.327863701669,988,1679,19,"15-June",124.631578947368
"81",9,"Belle Glade (EREC)","IH Williams","120/m2 (11.2/sqft)","280 Kg/ha (250 LB/acre)","Grain Maturity",9367.63157894737,9786,738.734594539602,7935,10291,1340.57894736842,1368,151.663119295318,1045,1581,19,"30-June",121.947368421053
"82",11,"Belle Glade (EREC)","IH Williams","120/m2 (11.2/sqft)","280 Kg/ha (250 LB/acre)","Flowering",1128.84210526316,1135,266.368846851691,693,1581,0,0,0,0,0,19,"01-March",44.4210526315789
"83",12,"Belle Glade (EREC)","IH Williams","120/m2 (11.2/sqft)","280 Kg/ha (250 LB/acre)","Flowering",1185.31578947368,1215,256.689187893231,730,1558,0,0,0,0,0,19,"15-March",42.2631578947368
"84",13,"Belle Glade (EREC)","IH Williams","120/m2 (11.2/sqft)","280 Kg/ha (250 LB/acre)","Flowering",1297.42105263158,1363,257.72537403417,665,1739,0,0,0,0,0,19,"01-April",39.2105263157895
"85",14,"Belle Glade (EREC)","IH Williams","120/m2 (11.2/sqft)","280 Kg/ha (250 LB/acre)","Flowering",1302.47368421053,1300,250.66519689752,660,1694,0,0,0,0,0,19,"15-April",37.7894736842105
"86",15,"Belle Glade (EREC)","IH Williams","120/m2 (11.2/sqft)","280 Kg/ha (250 LB/acre)","Flowering",1225.68421052632,1283,283.281966447954,655,1642,0,0,0,0,0,19,"01-May",36.2631578947368
"87",16,"Belle Glade (EREC)","IH Williams","120/m2 (11.2/sqft)","280 Kg/ha (250 LB/acre)","Flowering",1299.05263157895,1337,289.786793979492,860,1776,0,0,0,0,0,19,"15-May",37
"88",17,"Belle Glade (EREC)","IH Williams","120/m2 (11.2/sqft)","280 Kg/ha (250 LB/acre)","Flowering",1643.26315789474,1655,364.769309458467,849,2295,0,0,0,0,0,19,"01-June",39.8947368421053
"89",18,"Belle Glade (EREC)","IH Williams","120/m2 (11.2/sqft)","280 Kg/ha (250 LB/acre)","Flowering",1637.63157894737,1655,327.415843390212,1008,2072,0,0,0,0,0,19,"15-June",39.5789473684211
"90",19,"Belle Glade (EREC)","IH Williams","120/m2 (11.2/sqft)","280 Kg/ha (250 LB/acre)","Flowering",1342.94736842105,1352,199.939011168742,965,1693,0,0,0,0,0,19,"30-June",37.2105263157895
"91",21,"Belle Glade (EREC)","NWG 2730","120/m2 (11.2/sqft)","280 Kg/ha (250 LB/acre)","Grain Maturity",4601.52631578947,4987,942.387651330447,2427,5816,1416.21052631579,1501,326.464832025913,768,1872,19,"01-March",92.4210526315789
"92",22,"Belle Glade (EREC)","NWG 2730","120/m2 (11.2/sqft)","280 Kg/ha (250 LB/acre)","Grain Maturity",4709.8947368421,5017,955.325534670241,2266,6195,1505.84210526316,1534,341.876888685889,764,2020,19,"15-March",90.1052631578947
"93",23,"Belle Glade (EREC)","NWG 2730","120/m2 (11.2/sqft)","280 Kg/ha (250 LB/acre)","Grain Maturity",4798.84210526316,4972,938.53486664398,2467,6410,1545.89473684211,1674,347.625100541252,797,2104,19,"01-April",86.1578947368421
"94",24,"Belle Glade (EREC)","NWG 2730","120/m2 (11.2/sqft)","280 Kg/ha (250 LB/acre)","Grain Maturity",4751,4833,877.24663958699,2366,6031,1490.57894736842,1538,352.887346800879,769,2120,19,"15-April",84.5263157894737
"95",25,"Belle Glade (EREC)","NWG 2730","120/m2 (11.2/sqft)","280 Kg/ha (250 LB/acre)","Grain Maturity",4663.15789473684,4630,865.88639639504,2692,5905,1385.68421052632,1359,340.063401381366,828,1913,19,"01-May",83.1578947368421
"96",26,"Belle Glade (EREC)","NWG 2730","120/m2 (11.2/sqft)","280 Kg/ha (250 LB/acre)","Grain Maturity",4404.63157894737,4320,808.930103458081,3145,5615,1246.78947368421,1334,342.653790119183,519,1762,19,"15-May",82.3157894736842
"97",27,"Belle Glade (EREC)","NWG 2730","120/m2 (11.2/sqft)","280 Kg/ha (250 LB/acre)","Grain Maturity",4533.47368421053,4436,772.366160172827,3295,5827,1331.89473684211,1357,254.666643703499,799,1713,19,"01-June",82.9473684210526
"98",28,"Belle Glade (EREC)","NWG 2730","120/m2 (11.2/sqft)","280 Kg/ha (250 LB/acre)","Grain Maturity",4527.36842105263,4483,794.314603956442,3068,5792,1356.78947368421,1359,264.94015654428,905,1829,19,"15-June",83.3684210526316
"99",29,"Belle Glade (EREC)","NWG 2730","120/m2 (11.2/sqft)","280 Kg/ha (250 LB/acre)","Grain Maturity",4306.47368421053,4240,605.308678684874,3312,5478,1252,1264,247.637503890936,607,1687,19,"30-June",83.1052631578947
"100",31,"Belle Glade (EREC)","NWG 2730","120/m2 (11.2/sqft)","280 Kg/ha (250 LB/acre)","Flowering",663.947368421053,679,152.669022428771,396,906,0,0,0,0,0,19,"01-March",39.9473684210526
"101",32,"Belle Glade (EREC)","NWG 2730","120/m2 (11.2/sqft)","280 Kg/ha (250 LB/acre)","Flowering",698.736842105263,713,169.993739134796,414,985,0,0,0,0,0,19,"15-March",38
"102",33,"Belle Glade (EREC)","NWG 2730","120/m2 (11.2/sqft)","280 Kg/ha (250 LB/acre)","Flowering",741.473684210526,769,153.146759105642,389,971,0,0,0,0,0,19,"01-April",35
"103",34,"Belle Glade (EREC)","NWG 2730","120/m2 (11.2/sqft)","280 Kg/ha (250 LB/acre)","Flowering",786.105263157895,799,143.53818490672,380,1014,0,0,0,0,0,19,"15-April",33.8947368421053
"104",35,"Belle Glade (EREC)","NWG 2730","120/m2 (11.2/sqft)","280 Kg/ha (250 LB/acre)","Flowering",755.263157894737,815,183.149860346737,392,1005,0,0,0,0,0,19,"01-May",32.4736842105263
"105",36,"Belle Glade (EREC)","NWG 2730","120/m2 (11.2/sqft)","280 Kg/ha (250 LB/acre)","Flowering",672.263157894737,728,173.021463699117,398,955,0,0,0,0,0,19,"15-May",31.7368421052632
"106",37,"Belle Glade (EREC)","NWG 2730","120/m2 (11.2/sqft)","280 Kg/ha (250 LB/acre)","Flowering",704.157894736842,678,144.758136657858,457,920,0,0,0,0,0,19,"01-June",31.9473684210526
"107",38,"Belle Glade (EREC)","NWG 2730","120/m2 (11.2/sqft)","280 Kg/ha (250 LB/acre)","Flowering",719.263157894737,763,172.403223128308,368,984,0,0,0,0,0,19,"15-June",32.1578947368421
"108",39,"Belle Glade (EREC)","NWG 2730","120/m2 (11.2/sqft)","280 Kg/ha (250 LB/acre)","Flowering",704.894736842105,729,119.046627063536,485,901,0,0,0,0,0,19,"30-June",32
"109",1,"Belle Glade (EREC)","IH Williams","120/m2 (11.2/sqft)","224 Kg/ha (200 LB/acre)","Grain Maturity",10798.6315789474,11027,1322.25082552972,7660,12363,1565.84210526316,1553,252.920335098688,1020,1975,19,"01-March",130.210526315789
"110",2,"Belle Glade (EREC)","IH Williams","120/m2 (11.2/sqft)","224 Kg/ha (200 LB/acre)","Grain Maturity",10900,11143,1281.51420853093,7878,12906,1572.63157894737,1611,255.202362085532,1034,1979,19,"15-March",127.684210526316
"111",3,"Belle Glade (EREC)","IH Williams","120/m2 (11.2/sqft)","224 Kg/ha (200 LB/acre)","Grain Maturity",10954.7368421053,10958,1048.00131690467,8523,12624,1504.31578947368,1635,258.710273951293,896,1868,19,"01-April",123.894736842105
"112",4,"Belle Glade (EREC)","IH Williams","120/m2 (11.2/sqft)","224 Kg/ha (200 LB/acre)","Grain Maturity",10904.7894736842,11006,1001.1304487621,8884,12344,1444.31578947368,1505,285.715486421871,711,1824,19,"15-April",122.473684210526
"113",5,"Belle Glade (EREC)","IH Williams","120/m2 (11.2/sqft)","224 Kg/ha (200 LB/acre)","Grain Maturity",10597.6315789474,10562,906.86169535543,9034,12000,1393.05263157895,1435,242.496156598228,739,1680,19,"01-May",121.052631578947
"114",6,"Belle Glade (EREC)","IH Williams","120/m2 (11.2/sqft)","224 Kg/ha (200 LB/acre)","Grain Maturity",10493.6315789474,10366,933.799419964023,8735,11948,1419.31578947368,1415,171.083492492726,1126,1702,19,"15-May",122.210526315789
"115",7,"Belle Glade (EREC)","IH Williams","120/m2 (11.2/sqft)","224 Kg/ha (200 LB/acre)","Grain Maturity",10448.9473684211,10601,789.658538981967,9152,11541,1446.57894736842,1449,199.769121123326,1059,1793,19,"01-June",125.052631578947
"116",8,"Belle Glade (EREC)","IH Williams","120/m2 (11.2/sqft)","224 Kg/ha (200 LB/acre)","Grain Maturity",10119,10428,755.394010507835,8726,11100,1419.26315789474,1437,198.1337489075,988,1679,19,"15-June",124.631578947368
"117",9,"Belle Glade (EREC)","IH Williams","120/m2 (11.2/sqft)","224 Kg/ha (200 LB/acre)","Grain Maturity",9368.36842105263,9787,738.673000162853,7936,10292,1340.68421052632,1368,151.505794766911,1045,1581,19,"30-June",121.947368421053
"118",11,"Belle Glade (EREC)","IH Williams","120/m2 (11.2/sqft)","224 Kg/ha (200 LB/acre)","Flowering",1129.05263157895,1135,266.747378136487,693,1585,0,0,0,0,0,19,"01-March",44.4210526315789
"119",12,"Belle Glade (EREC)","IH Williams","120/m2 (11.2/sqft)","224 Kg/ha (200 LB/acre)","Flowering",1187.36842105263,1215,259.814081075576,730,1594,0,0,0,0,0,19,"15-March",42.2631578947368
"120",13,"Belle Glade (EREC)","IH Williams","120/m2 (11.2/sqft)","224 Kg/ha (200 LB/acre)","Flowering",1297.47368421053,1363,257.698870005942,665,1739,0,0,0,0,0,19,"01-April",39.2105263157895
"121",14,"Belle Glade (EREC)","IH Williams","120/m2 (11.2/sqft)","224 Kg/ha (200 LB/acre)","Flowering",1302.26315789474,1300,250.773656711754,660,1694,0,0,0,0,0,19,"15-April",37.7894736842105
"122",15,"Belle Glade (EREC)","IH Williams","120/m2 (11.2/sqft)","224 Kg/ha (200 LB/acre)","Flowering",1225.68421052632,1283,283.281966447954,655,1642,0,0,0,0,0,19,"01-May",36.2631578947368
"123",16,"Belle Glade (EREC)","IH Williams","120/m2 (11.2/sqft)","224 Kg/ha (200 LB/acre)","Flowering",1299.15789473684,1337,289.834677619634,860,1776,0,0,0,0,0,19,"15-May",37
"124",17,"Belle Glade (EREC)","IH Williams","120/m2 (11.2/sqft)","224 Kg/ha (200 LB/acre)","Flowering",1643.36842105263,1655,364.695795687053,850,2295,0,0,0,0,0,19,"01-June",39.8947368421053
"125",18,"Belle Glade (EREC)","IH Williams","120/m2 (11.2/sqft)","224 Kg/ha (200 LB/acre)","Flowering",1637.73684210526,1656,327.49263640666,1008,2073,0,0,0,0,0,19,"15-June",39.5789473684211
"126",19,"Belle Glade (EREC)","IH Williams","120/m2 (11.2/sqft)","224 Kg/ha (200 LB/acre)","Flowering",1343,1352,199.968330825992,965,1693,0,0,0,0,0,19,"30-June",37.2105263157895
"127",21,"Belle Glade (EREC)","NWG 2730","120/m2 (11.2/sqft)","224 Kg/ha (200 LB/acre)","Grain Maturity",4601.21052631579,4987,942.040667849876,2428,5816,1416,1501,326.615982462586,768,1872,19,"01-March",92.4210526315789
"128",22,"Belle Glade (EREC)","NWG 2730","120/m2 (11.2/sqft)","224 Kg/ha (200 LB/acre)","Grain Maturity",4709.63157894737,5012,955.205167637143,2266,6195,1505.84210526316,1534,341.876888685889,764,2020,19,"15-March",90.1052631578947
"129",23,"Belle Glade (EREC)","NWG 2730","120/m2 (11.2/sqft)","224 Kg/ha (200 LB/acre)","Grain Maturity",4798.84210526316,4972,938.53486664398,2467,6410,1545.89473684211,1674,347.625100541252,797,2104,19,"01-April",86.1578947368421
"130",24,"Belle Glade (EREC)","NWG 2730","120/m2 (11.2/sqft)","224 Kg/ha (200 LB/acre)","Grain Maturity",4751.05263157895,4833,877.24470636978,2366,6031,1490.57894736842,1538,352.887346800879,769,2120,19,"15-April",84.5263157894737
"131",25,"Belle Glade (EREC)","NWG 2730","120/m2 (11.2/sqft)","224 Kg/ha (200 LB/acre)","Grain Maturity",4670.26315789474,4741,866.118406205094,2693,5905,1385.68421052632,1359,340.063401381366,828,1913,19,"01-May",83.1578947368421
"132",26,"Belle Glade (EREC)","NWG 2730","120/m2 (11.2/sqft)","224 Kg/ha (200 LB/acre)","Grain Maturity",4405.05263157895,4324,808.973730770056,3145,5616,1246.78947368421,1334,342.653790119183,519,1762,19,"15-May",82.3157894736842
"133",27,"Belle Glade (EREC)","NWG 2730","120/m2 (11.2/sqft)","224 Kg/ha (200 LB/acre)","Grain Maturity",4533.68421052632,4436,772.459136109519,3295,5828,1332,1357,254.621069216373,799,1713,19,"01-June",82.9473684210526
"134",28,"Belle Glade (EREC)","NWG 2730","120/m2 (11.2/sqft)","224 Kg/ha (200 LB/acre)","Grain Maturity",4539.21052631579,4483,801.717917900705,3068,5793,1356.94736842105,1360,264.960473715569,905,1829,19,"15-June",83.3684210526316
"135",29,"Belle Glade (EREC)","NWG 2730","120/m2 (11.2/sqft)","224 Kg/ha (200 LB/acre)","Grain Maturity",4306.36842105263,4240,605.90714456611,3306,5478,1251.94736842105,1264,247.782268598015,606,1687,19,"30-June",83.1052631578947
"136",31,"Belle Glade (EREC)","NWG 2730","120/m2 (11.2/sqft)","224 Kg/ha (200 LB/acre)","Flowering",663.894736842105,679,152.597835552162,396,906,0,0,0,0,0,19,"01-March",39.9473684210526
"137",32,"Belle Glade (EREC)","NWG 2730","120/m2 (11.2/sqft)","224 Kg/ha (200 LB/acre)","Flowering",698.736842105263,713,169.993739134796,414,985,0,0,0,0,0,19,"15-March",38
"138",33,"Belle Glade (EREC)","NWG 2730","120/m2 (11.2/sqft)","224 Kg/ha (200 LB/acre)","Flowering",741.473684210526,769,153.146759105642,389,971,0,0,0,0,0,19,"01-April",35
"139",34,"Belle Glade (EREC)","NWG 2730","120/m2 (11.2/sqft)","224 Kg/ha (200 LB/acre)","Flowering",786.105263157895,799,143.53818490672,380,1014,0,0,0,0,0,19,"15-April",33.8947368421053
"140",35,"Belle Glade (EREC)","NWG 2730","120/m2 (11.2/sqft)","224 Kg/ha (200 LB/acre)","Flowering",755.263157894737,815,183.149860346737,392,1005,0,0,0,0,0,19,"01-May",32.4736842105263
"141",36,"Belle Glade (EREC)","NWG 2730","120/m2 (11.2/sqft)","224 Kg/ha (200 LB/acre)","Flowering",672.263157894737,728,173.021463699117,398,955,0,0,0,0,0,19,"15-May",31.7368421052632
"142",37,"Belle Glade (EREC)","NWG 2730","120/m2 (11.2/sqft)","224 Kg/ha (200 LB/acre)","Flowering",704.157894736842,678,144.758136657858,457,920,0,0,0,0,0,19,"01-June",31.9473684210526
"143",38,"Belle Glade (EREC)","NWG 2730","120/m2 (11.2/sqft)","224 Kg/ha (200 LB/acre)","Flowering",719.263157894737,763,172.403223128308,368,984,0,0,0,0,0,19,"15-June",32.1578947368421
"144",39,"Belle Glade (EREC)","NWG 2730","120/m2 (11.2/sqft)","224 Kg/ha (200 LB/acre)","Flowering",704.947368421053,729,119.017493431386,485,901,0,0,0,0,0,19,"30-June",32
"145",1,"Belle Glade (EREC)","IH Williams","40/m2 (3.7/sqft)","112 Kg/ha (100 LB/acre)","Grain Maturity",8926.8947368421,9175,1391.79164687251,5712,11150,1122.42105263158,1152,233.354359954858,641,1540,19,"01-March",130.263157894737
"146",2,"Belle Glade (EREC)","IH Williams","40/m2 (3.7/sqft)","112 Kg/ha (100 LB/acre)","Grain Maturity",9059.47368421053,9346,1317.46572244767,5887,11165,1146.78947368421,1193,236.797282958176,644,1526,19,"15-March",127.684210526316
"147",3,"Belle Glade (EREC)","IH Williams","40/m2 (3.7/sqft)","112 Kg/ha (100 LB/acre)","Grain Maturity",9230,9303,1115.57239916456,6528,11002,1102.73684210526,1227,232.635585819267,561,1436,19,"01-April",123.894736842105
"148",4,"Belle Glade (EREC)","IH Williams","40/m2 (3.7/sqft)","112 Kg/ha (100 LB/acre)","Grain Maturity",9197.52631578947,9406,1059.87307250659,6906,10729,1074.10526315789,1138,245.11808826152,424,1413,19,"15-April",122.473684210526
"149",5,"Belle Glade (EREC)","IH Williams","40/m2 (3.7/sqft)","112 Kg/ha (100 LB/acre)","Grain Maturity",8898.31578947369,8800,1012.15293380176,7185,10432,1042.52631578947,1077,211.888956353467,439,1302,19,"01-May",121.052631578947
"150",6,"Belle Glade (EREC)","IH Williams","40/m2 (3.7/sqft)","112 Kg/ha (100 LB/acre)","Grain Maturity",8856.21052631579,8893,1033.51017728405,6967,10414,1052.05263157895,1093,195.648628834736,556,1333,19,"15-May",122.210526315789
"151",7,"Belle Glade (EREC)","IH Williams","40/m2 (3.7/sqft)","112 Kg/ha (100 LB/acre)","Grain Maturity",8959.21052631579,9202,947.811137946993,7538,10275,1138.57894736842,1128,194.542002259859,745,1475,19,"01-June",125
"152",8,"Belle Glade (EREC)","IH Williams","40/m2 (3.7/sqft)","112 Kg/ha (100 LB/acre)","Grain Maturity",8602,8929,928.76321584735,7042,9803,1118.78947368421,1144,197.394016274098,652,1364,19,"15-June",124.631578947368
"153",9,"Belle Glade (EREC)","IH Williams","40/m2 (3.7/sqft)","112 Kg/ha (100 LB/acre)","Grain Maturity",7753.68421052632,8140,836.038612387914,6056,8812,1016.63157894737,1026,146.712951229534,702,1286,19,"30-June",121.947368421053
"154",11,"Belle Glade (EREC)","IH Williams","40/m2 (3.7/sqft)","112 Kg/ha (100 LB/acre)","Flowering",469.421052631579,466,131.614046780507,260,691,0,0,0,0,0,19,"01-March",44.4210526315789
"155",12,"Belle Glade (EREC)","IH Williams","40/m2 (3.7/sqft)","112 Kg/ha (100 LB/acre)","Flowering",498.157894736842,519,128.570025519124,284,684,0,0,0,0,0,19,"15-March",42.2631578947368
"156",13,"Belle Glade (EREC)","IH Williams","40/m2 (3.7/sqft)","112 Kg/ha (100 LB/acre)","Flowering",551.157894736842,585,127.127784863147,259,782,0,0,0,0,0,19,"01-April",39.2105263157895
"157",14,"Belle Glade (EREC)","IH Williams","40/m2 (3.7/sqft)","112 Kg/ha (100 LB/acre)","Flowering",554.842105263158,553,123.910479853578,257,759,0,0,0,0,0,19,"15-April",37.7894736842105
"158",15,"Belle Glade (EREC)","IH Williams","40/m2 (3.7/sqft)","112 Kg/ha (100 LB/acre)","Flowering",521.368421052632,565,138.279993943977,255,736,0,0,0,0,0,19,"01-May",36.2631578947368
"159",16,"Belle Glade (EREC)","IH Williams","40/m2 (3.7/sqft)","112 Kg/ha (100 LB/acre)","Flowering",563.526315789474,589,149.868968109943,348,817,0,0,0,0,0,19,"15-May",37
"160",17,"Belle Glade (EREC)","IH Williams","40/m2 (3.7/sqft)","112 Kg/ha (100 LB/acre)","Flowering",762.684210526316,756,212.629320814829,322,1177,0,0,0,0,0,19,"01-June",39.8947368421053
"161",18,"Belle Glade (EREC)","IH Williams","40/m2 (3.7/sqft)","112 Kg/ha (100 LB/acre)","Flowering",756.210526315789,762,204.676052702087,299,1085,0,0,0,0,0,19,"15-June",39.5789473684211
"162",19,"Belle Glade (EREC)","IH Williams","40/m2 (3.7/sqft)","112 Kg/ha (100 LB/acre)","Flowering",586.947368421053,585,111.584284877302,386,770,0,0,0,0,0,19,"30-June",37.2105263157895
"163",21,"Belle Glade (EREC)","NWG 2730","40/m2 (3.7/sqft)","112 Kg/ha (100 LB/acre)","Grain Maturity",2318.84210526316,2518,605.776018669707,1063,3337,680.842105263158,713,193.164657210686,327,1010,19,"01-March",92.4210526315789
"164",22,"Belle Glade (EREC)","NWG 2730","40/m2 (3.7/sqft)","112 Kg/ha (100 LB/acre)","Grain Maturity",2415.63157894737,2588,631.436036219234,987,3517,731.842105263158,808,199.712644444154,322,1043,19,"15-March",90.1052631578947
"165",23,"Belle Glade (EREC)","NWG 2730","40/m2 (3.7/sqft)","112 Kg/ha (100 LB/acre)","Grain Maturity",2516.15789473684,2610,631.423283204777,1079,3673,772,836,192.574660846125,347,1105,19,"01-April",86.1578947368421
"166",24,"Belle Glade (EREC)","NWG 2730","40/m2 (3.7/sqft)","112 Kg/ha (100 LB/acre)","Grain Maturity",2500.89473684211,2536,580.155428861462,1043,3437,745.578947368421,751,203.136056154346,324,1108,19,"15-April",84.5263157894737
"167",25,"Belle Glade (EREC)","NWG 2730","40/m2 (3.7/sqft)","112 Kg/ha (100 LB/acre)","Grain Maturity",2463.36842105263,2447,592.978940091309,1194,3392,687.842105263158,694,196.973563696557,352,1004,19,"01-May",83.1578947368421
"168",26,"Belle Glade (EREC)","NWG 2730","40/m2 (3.7/sqft)","112 Kg/ha (100 LB/acre)","Grain Maturity",2278,2182,566.365900574296,1384,3158,604.368421052632,641,185.934041628362,213,916,19,"15-May",82.3157894736842
"169",27,"Belle Glade (EREC)","NWG 2730","40/m2 (3.7/sqft)","112 Kg/ha (100 LB/acre)","Grain Maturity",2382.15789473684,2298,564.168046591901,1432,3310,647.789473684211,643,158.017080281907,328,880,19,"01-June",82.9473684210526
"170",28,"Belle Glade (EREC)","NWG 2730","40/m2 (3.7/sqft)","112 Kg/ha (100 LB/acre)","Grain Maturity",2390,2370,607.55036371024,1234,3312,668.157894736842,680,174.046054938818,308,954,19,"15-June",83.3684210526316
"171",29,"Belle Glade (EREC)","NWG 2730","40/m2 (3.7/sqft)","112 Kg/ha (100 LB/acre)","Grain Maturity",2242.68421052632,2181,446.791034008266,1530,3244,618,595,141.839894090328,270,858,19,"30-June",83.1052631578947
"172",31,"Belle Glade (EREC)","NWG 2730","40/m2 (3.7/sqft)","112 Kg/ha (100 LB/acre)","Flowering",252,255,65.1442843062826,142,358,0,0,0,0,0,19,"01-March",39.9473684210526
"173",32,"Belle Glade (EREC)","NWG 2730","40/m2 (3.7/sqft)","112 Kg/ha (100 LB/acre)","Flowering",266.473684210526,270,72.1736858950166,150,389,0,0,0,0,0,19,"15-March",38
"174",33,"Belle Glade (EREC)","NWG 2730","40/m2 (3.7/sqft)","112 Kg/ha (100 LB/acre)","Flowering",284,292,64.7499463749242,142,382,0,0,0,0,0,19,"01-April",35
"175",34,"Belle Glade (EREC)","NWG 2730","40/m2 (3.7/sqft)","112 Kg/ha (100 LB/acre)","Flowering",301.526315789474,303,59.7358708734195,139,401,0,0,0,0,0,19,"15-April",33.8947368421053
"176",35,"Belle Glade (EREC)","NWG 2730","40/m2 (3.7/sqft)","112 Kg/ha (100 LB/acre)","Flowering",289.315789473684,313,76.3719353861082,143,402,0,0,0,0,0,19,"01-May",32.4736842105263
"177",36,"Belle Glade (EREC)","NWG 2730","40/m2 (3.7/sqft)","112 Kg/ha (100 LB/acre)","Flowering",255,274,71.2257756090526,146,375,0,0,0,0,0,19,"15-May",31.7368421052632
"178",37,"Belle Glade (EREC)","NWG 2730","40/m2 (3.7/sqft)","112 Kg/ha (100 LB/acre)","Flowering",268.473684210526,256,61.1567825084318,164,360,0,0,0,0,0,19,"01-June",31.9473684210526
"179",38,"Belle Glade (EREC)","NWG 2730","40/m2 (3.7/sqft)","112 Kg/ha (100 LB/acre)","Flowering",273.789473684211,296,78.179692551745,108,392,0,0,0,0,0,19,"15-June",32.1578947368421
"180",39,"Belle Glade (EREC)","NWG 2730","40/m2 (3.7/sqft)","112 Kg/ha (100 LB/acre)","Flowering",269.210526315789,278,52.4145642899719,176,366,0,0,0,0,0,19,"30-June",32
"181",1,"Belle Glade (EREC)","IH Williams","80/m2 (7.4/sqft)","112 Kg/ha (100 LB/acre)","Grain Maturity",10170.0526315789,10403,1378.57561247044,6986,12208,1415.73684210526,1423,249.956183294696,883,1848,19,"01-March",130.263157894737
"182",2,"Belle Glade (EREC)","IH Williams","80/m2 (7.4/sqft)","112 Kg/ha (100 LB/acre)","Grain Maturity",10271,10531,1313.71868289135,7190,12354,1427.47368421053,1467,249.976969699444,892,1829,19,"15-March",127.684210526316
"183",3,"Belle Glade (EREC)","IH Williams","80/m2 (7.4/sqft)","112 Kg/ha (100 LB/acre)","Grain Maturity",10370.5263157895,10393,1081.61979191812,7841,12111,1366.15789473684,1488,250.980137141898,774,1723,19,"01-April",123.894736842105
"184",4,"Belle Glade (EREC)","IH Williams","80/m2 (7.4/sqft)","112 Kg/ha (100 LB/acre)","Grain Maturity",10348.7368421053,10490,1030.09599564017,8217,11837,1319.36842105263,1395,275.101841854635,605,1689,19,"15-April",122.473684210526
"185",5,"Belle Glade (EREC)","IH Williams","80/m2 (7.4/sqft)","112 Kg/ha (100 LB/acre)","Grain Maturity",10031.3684210526,9974,952.887262220943,8408,11461,1281.68421052632,1327,224.337556332609,627,1544,19,"01-May",121.052631578947
"186",6,"Belle Glade (EREC)","IH Williams","80/m2 (7.4/sqft)","112 Kg/ha (100 LB/acre)","Grain Maturity",9957.47368421053,9897,985.113776193787,8136,11505,1300.15789473684,1312,172.627171531243,999,1590,19,"15-May",122.210526315789
"187",7,"Belle Glade (EREC)","IH Williams","80/m2 (7.4/sqft)","112 Kg/ha (100 LB/acre)","Grain Maturity",9969.84210526316,10162,860.715804378212,8622,11146,1354.15789473684,1353,188.947159914528,951,1692,19,"01-June",125
"188",8,"Belle Glade (EREC)","IH Williams","80/m2 (7.4/sqft)","112 Kg/ha (100 LB/acre)","Grain Maturity",9634.1052631579,9939,813.556451277479,8151,10692,1319.05263157895,1343,197.277715609299,876,1578,19,"15-June",124.631578947368
"189",9,"Belle Glade (EREC)","IH Williams","80/m2 (7.4/sqft)","112 Kg/ha (100 LB/acre)","Grain Maturity",8834.63157894737,9190,769.61745262943,7361,9813,1241.05263157895,1256,145.738911788708,926,1480,19,"30-June",121.947368421053
"190",11,"Belle Glade (EREC)","IH Williams","80/m2 (7.4/sqft)","112 Kg/ha (100 LB/acre)","Flowering",835.789473684211,836,214.616603620753,489,1194,0,0,0,0,0,19,"01-March",44.4210526315789
"191",12,"Belle Glade (EREC)","IH Williams","80/m2 (7.4/sqft)","112 Kg/ha (100 LB/acre)","Flowering",880.526315789474,900,206.670797921357,524,1180,0,0,0,0,0,19,"15-March",42.2631578947368
"192",13,"Belle Glade (EREC)","IH Williams","80/m2 (7.4/sqft)","112 Kg/ha (100 LB/acre)","Flowering",969.263157894737,1022,206.100256645822,478,1330,0,0,0,0,0,19,"01-April",39.2105263157895
"193",14,"Belle Glade (EREC)","IH Williams","80/m2 (7.4/sqft)","112 Kg/ha (100 LB/acre)","Flowering",973.631578947368,971,199.854449961943,475,1289,0,0,0,0,0,19,"15-April",37.7894736842105
"194",15,"Belle Glade (EREC)","IH Williams","80/m2 (7.4/sqft)","112 Kg/ha (100 LB/acre)","Flowering",913.947368421053,957,225.179551490265,471,1255,0,0,0,0,0,19,"01-May",36.2631578947368
"195",16,"Belle Glade (EREC)","IH Williams","80/m2 (7.4/sqft)","112 Kg/ha (100 LB/acre)","Flowering",978.684210526316,1013,236.522973427666,629,1370,0,0,0,0,0,19,"15-May",37
"196",17,"Belle Glade (EREC)","IH Williams","80/m2 (7.4/sqft)","112 Kg/ha (100 LB/acre)","Flowering",1269.42105263158,1272,309.318303476366,611,1844,0,0,0,0,0,19,"01-June",39.8947368421053
"197",18,"Belle Glade (EREC)","IH Williams","80/m2 (7.4/sqft)","112 Kg/ha (100 LB/acre)","Flowering",1262.21052631579,1275,281.367213391912,701,1647,0,0,0,0,0,19,"15-June",39.5789473684211
"198",19,"Belle Glade (EREC)","IH Williams","80/m2 (7.4/sqft)","112 Kg/ha (100 LB/acre)","Flowering",1013.84210526316,1014,168.079763854974,702,1299,0,0,0,0,0,19,"30-June",37.2105263157895
"199",21,"Belle Glade (EREC)","NWG 2730","80/m2 (7.4/sqft)","112 Kg/ha (100 LB/acre)","Grain Maturity",3666.63157894737,3992,823.737836566837,1836,4802,1117.31578947368,1175,275.779108996792,574,1513,19,"01-March",92.4210526315789
"200",22,"Belle Glade (EREC)","NWG 2730","80/m2 (7.4/sqft)","112 Kg/ha (100 LB/acre)","Grain Maturity",3789.57894736842,4084,857.184883194173,1710,5179,1190.52631578947,1234,289.070419798255,569,1634,19,"15-March",90.1052631578947
"201",23,"Belle Glade (EREC)","NWG 2730","80/m2 (7.4/sqft)","112 Kg/ha (100 LB/acre)","Grain Maturity",3903.89473684211,4073,843.791173134472,1864,5376,1234.21052631579,1332,293.074995890769,602,1714,19,"01-April",86.1578947368421
"202",24,"Belle Glade (EREC)","NWG 2730","80/m2 (7.4/sqft)","112 Kg/ha (100 LB/acre)","Grain Maturity",3867.52631578947,3925,782.616151721693,1795,5051,1189.68421052632,1223,300.805964153265,573,1725,19,"15-April",84.5263157894737
"203",25,"Belle Glade (EREC)","NWG 2730","80/m2 (7.4/sqft)","112 Kg/ha (100 LB/acre)","Grain Maturity",3804.36842105263,3886,785.849802621787,2048,4955,1100.89473684211,1090,292.112971817572,619,1558,19,"01-May",83.1578947368421
"204",26,"Belle Glade (EREC)","NWG 2730","80/m2 (7.4/sqft)","112 Kg/ha (100 LB/acre)","Grain Maturity",3561.52631578947,3557,738.944470054795,2402,4680,982.157894736842,1035,285.894165180422,384,1431,19,"15-May",82.3157894736842
"205",27,"Belle Glade (EREC)","NWG 2730","80/m2 (7.4/sqft)","112 Kg/ha (100 LB/acre)","Grain Maturity",3677.52631578947,3588,718.012021597058,2514,4873,1051.26315789474,1061,223.338020375012,597,1390,19,"01-June",82.9473684210526
"206",28,"Belle Glade (EREC)","NWG 2730","80/m2 (7.4/sqft)","112 Kg/ha (100 LB/acre)","Grain Maturity",3686.21052631579,3677,745.11368103184,2354,4855,1083.57894736842,1078,231.885583805049,676,1485,19,"15-June",83.3684210526316
"207",29,"Belle Glade (EREC)","NWG 2730","80/m2 (7.4/sqft)","112 Kg/ha (100 LB/acre)","Grain Maturity",3485.47368421053,3411,559.454433495611,2550,4596,991.368421052632,978,209.674141500651,470,1359,19,"30-June",83.1052631578947
"208",31,"Belle Glade (EREC)","NWG 2730","80/m2 (7.4/sqft)","112 Kg/ha (100 LB/acre)","Flowering",470.789473684211,480,113.26300707614,274,652,0,0,0,0,0,19,"01-March",39.9473684210526
"209",32,"Belle Glade (EREC)","NWG 2730","80/m2 (7.4/sqft)","112 Kg/ha (100 LB/acre)","Flowering",497.736842105263,506,127.503743781752,288,713,0,0,0,0,0,19,"15-March",38
"210",33,"Belle Glade (EREC)","NWG 2730","80/m2 (7.4/sqft)","112 Kg/ha (100 LB/acre)","Flowering",530.368421052632,546,115.540858826995,272,702,0,0,0,0,0,19,"01-April",35
"211",34,"Belle Glade (EREC)","NWG 2730","80/m2 (7.4/sqft)","112 Kg/ha (100 LB/acre)","Flowering",561.421052631579,567,106.670997719089,265,735,0,0,0,0,0,19,"15-April",33.8947368421053
"212",35,"Belle Glade (EREC)","NWG 2730","80/m2 (7.4/sqft)","112 Kg/ha (100 LB/acre)","Flowering",539.105263157895,582,136.157137462093,273,732,0,0,0,0,0,19,"01-May",32.4736842105263
"213",36,"Belle Glade (EREC)","NWG 2730","80/m2 (7.4/sqft)","112 Kg/ha (100 LB/acre)","Flowering",477.631578947368,514,127.893276048741,278,689,0,0,0,0,0,19,"15-May",31.7368421052632
"214",37,"Belle Glade (EREC)","NWG 2730","80/m2 (7.4/sqft)","112 Kg/ha (100 LB/acre)","Flowering",500.526315789474,481,108.371976913393,317,664,0,0,0,0,0,19,"01-June",31.9473684210526
"215",38,"Belle Glade (EREC)","NWG 2730","80/m2 (7.4/sqft)","112 Kg/ha (100 LB/acre)","Flowering",512.473684210526,547,131.14341954985,256,715,0,0,0,0,0,19,"15-June",32.1578947368421
"216",39,"Belle Glade (EREC)","NWG 2730","80/m2 (7.4/sqft)","112 Kg/ha (100 LB/acre)","Flowering",501.578947368421,520,89.4845211875425,337,649,0,0,0,0,0,19,"30-June",32
"217",1,"Belle Glade (EREC)","IH Williams","120/m2 (11.2/sqft)","112 Kg/ha (100 LB/acre)","Grain Maturity",10786,11022,1325.47764975499,7660,12278,1565.68421052632,1553,252.894148394932,1020,1975,19,"01-March",130.210526315789
"218",2,"Belle Glade (EREC)","IH Williams","120/m2 (11.2/sqft)","112 Kg/ha (100 LB/acre)","Grain Maturity",10878.4210526316,11128,1305.73063054068,7878,12909,1569.84210526316,1611,253.43424813678,1034,1979,19,"15-March",127.684210526316
"219",3,"Belle Glade (EREC)","IH Williams","120/m2 (11.2/sqft)","112 Kg/ha (100 LB/acre)","Grain Maturity",10930.3157894737,10958,1063.45051875861,8522,12626,1503.78947368421,1635,258.464607279941,896,1868,19,"01-April",123.894736842105
"220",4,"Belle Glade (EREC)","IH Williams","120/m2 (11.2/sqft)","112 Kg/ha (100 LB/acre)","Grain Maturity",10906.6842105263,11006,993.316893187868,8884,12343,1444.36842105263,1505,285.676820225294,711,1824,19,"15-April",122.473684210526
"221",5,"Belle Glade (EREC)","IH Williams","120/m2 (11.2/sqft)","112 Kg/ha (100 LB/acre)","Grain Maturity",10597.6842105263,10561,907.062294359077,9035,12000,1393.10526315789,1435,242.54848192036,739,1680,19,"01-May",121.052631578947
"222",6,"Belle Glade (EREC)","IH Williams","120/m2 (11.2/sqft)","112 Kg/ha (100 LB/acre)","Grain Maturity",10493.6315789474,10366,933.905075507398,8735,11948,1419.31578947368,1415,171.083492492726,1126,1702,19,"15-May",122.210526315789
"223",7,"Belle Glade (EREC)","IH Williams","120/m2 (11.2/sqft)","112 Kg/ha (100 LB/acre)","Grain Maturity",10460.8421052632,10600,794.522936048062,9152,11540,1446.63157894737,1449,199.661438586622,1060,1793,19,"01-June",125.052631578947
"224",8,"Belle Glade (EREC)","IH Williams","120/m2 (11.2/sqft)","112 Kg/ha (100 LB/acre)","Grain Maturity",10118,10428,754.916846046268,8726,11099,1419.10526315789,1437,198.207213327882,989,1679,19,"15-June",124.631578947368
"225",9,"Belle Glade (EREC)","IH Williams","120/m2 (11.2/sqft)","112 Kg/ha (100 LB/acre)","Grain Maturity",9367.63157894737,9786,738.734594539602,7935,10291,1340.57894736842,1368,151.663119295318,1045,1581,19,"30-June",121.947368421053
"226",11,"Belle Glade (EREC)","IH Williams","120/m2 (11.2/sqft)","112 Kg/ha (100 LB/acre)","Flowering",1128.84210526316,1135,266.368846851691,693,1581,0,0,0,0,0,19,"01-March",44.4210526315789
"227",12,"Belle Glade (EREC)","IH Williams","120/m2 (11.2/sqft)","112 Kg/ha (100 LB/acre)","Flowering",1185.31578947368,1215,256.689187893231,730,1558,0,0,0,0,0,19,"15-March",42.2631578947368
"228",13,"Belle Glade (EREC)","IH Williams","120/m2 (11.2/sqft)","112 Kg/ha (100 LB/acre)","Flowering",1297.42105263158,1363,257.72537403417,665,1739,0,0,0,0,0,19,"01-April",39.2105263157895
"229",14,"Belle Glade (EREC)","IH Williams","120/m2 (11.2/sqft)","112 Kg/ha (100 LB/acre)","Flowering",1302.47368421053,1300,250.66519689752,660,1694,0,0,0,0,0,19,"15-April",37.7894736842105
"230",15,"Belle Glade (EREC)","IH Williams","120/m2 (11.2/sqft)","112 Kg/ha (100 LB/acre)","Flowering",1225.68421052632,1283,283.281966447954,655,1642,0,0,0,0,0,19,"01-May",36.2631578947368
"231",16,"Belle Glade (EREC)","IH Williams","120/m2 (11.2/sqft)","112 Kg/ha (100 LB/acre)","Flowering",1299.05263157895,1337,289.786793979492,860,1776,0,0,0,0,0,19,"15-May",37
"232",17,"Belle Glade (EREC)","IH Williams","120/m2 (11.2/sqft)","112 Kg/ha (100 LB/acre)","Flowering",1643.26315789474,1655,364.769309458467,849,2295,0,0,0,0,0,19,"01-June",39.8947368421053
"233",18,"Belle Glade (EREC)","IH Williams","120/m2 (11.2/sqft)","112 Kg/ha (100 LB/acre)","Flowering",1637.63157894737,1655,327.415843390212,1008,2072,0,0,0,0,0,19,"15-June",39.5789473684211
"234",19,"Belle Glade (EREC)","IH Williams","120/m2 (11.2/sqft)","112 Kg/ha (100 LB/acre)","Flowering",1342.94736842105,1352,199.939011168742,965,1693,0,0,0,0,0,19,"30-June",37.2105263157895
"235",21,"Belle Glade (EREC)","NWG 2730","120/m2 (11.2/sqft)","112 Kg/ha (100 LB/acre)","Grain Maturity",4601.52631578947,4987,942.387651330447,2427,5816,1416.21052631579,1501,326.464832025913,768,1872,19,"01-March",92.4210526315789
"236",22,"Belle Glade (EREC)","NWG 2730","120/m2 (11.2/sqft)","112 Kg/ha (100 LB/acre)","Grain Maturity",4709.63157894737,5012,955.236922939732,2266,6195,1505.84210526316,1534,341.876888685889,764,2020,19,"15-March",90.1052631578947
"237",23,"Belle Glade (EREC)","NWG 2730","120/m2 (11.2/sqft)","112 Kg/ha (100 LB/acre)","Grain Maturity",4798.8947368421,4972,938.477543372885,2467,6410,1545.89473684211,1674,347.625100541252,797,2104,19,"01-April",86.1578947368421
"238",24,"Belle Glade (EREC)","NWG 2730","120/m2 (11.2/sqft)","112 Kg/ha (100 LB/acre)","Grain Maturity",4751,4833,877.24663958699,2366,6031,1490.57894736842,1538,352.887346800879,769,2120,19,"15-April",84.5263157894737
"239",25,"Belle Glade (EREC)","NWG 2730","120/m2 (11.2/sqft)","112 Kg/ha (100 LB/acre)","Grain Maturity",4670.31578947368,4741,865.941045762841,2692,5905,1385.68421052632,1359,340.063401381366,828,1913,19,"01-May",83.1578947368421
"240",26,"Belle Glade (EREC)","NWG 2730","120/m2 (11.2/sqft)","112 Kg/ha (100 LB/acre)","Grain Maturity",4404.84210526316,4324,808.907374395164,3145,5615,1246.78947368421,1334,342.653790119183,519,1762,19,"15-May",82.3157894736842
"241",27,"Belle Glade (EREC)","NWG 2730","120/m2 (11.2/sqft)","112 Kg/ha (100 LB/acre)","Grain Maturity",4533.47368421053,4436,772.366160172827,3295,5827,1331.89473684211,1357,254.666643703499,799,1713,19,"01-June",82.9473684210526
"242",28,"Belle Glade (EREC)","NWG 2730","120/m2 (11.2/sqft)","112 Kg/ha (100 LB/acre)","Grain Maturity",4539.05263157895,4483,801.591228168088,3068,5792,1356.84210526316,1359,264.889549971701,905,1829,19,"15-June",83.3684210526316
"243",29,"Belle Glade (EREC)","NWG 2730","120/m2 (11.2/sqft)","112 Kg/ha (100 LB/acre)","Grain Maturity",4306.42105263158,4240,605.539274420328,3309,5478,1252,1264,247.637503890936,607,1687,19,"30-June",83.1052631578947
"244",31,"Belle Glade (EREC)","NWG 2730","120/m2 (11.2/sqft)","112 Kg/ha (100 LB/acre)","Flowering",663.894736842105,679,152.597835552162,396,906,0,0,0,0,0,19,"01-March",39.9473684210526
"245",32,"Belle Glade (EREC)","NWG 2730","120/m2 (11.2/sqft)","112 Kg/ha (100 LB/acre)","Flowering",698.736842105263,713,169.993739134796,414,985,0,0,0,0,0,19,"15-March",38
"246",33,"Belle Glade (EREC)","NWG 2730","120/m2 (11.2/sqft)","112 Kg/ha (100 LB/acre)","Flowering",741.473684210526,769,153.146759105642,389,971,0,0,0,0,0,19,"01-April",35
"247",34,"Belle Glade (EREC)","NWG 2730","120/m2 (11.2/sqft)","112 Kg/ha (100 LB/acre)","Flowering",786.105263157895,799,143.53818490672,380,1014,0,0,0,0,0,19,"15-April",33.8947368421053
"248",35,"Belle Glade (EREC)","NWG 2730","120/m2 (11.2/sqft)","112 Kg/ha (100 LB/acre)","Flowering",755.263157894737,815,183.149860346737,392,1005,0,0,0,0,0,19,"01-May",32.4736842105263
"249",36,"Belle Glade (EREC)","NWG 2730","120/m2 (11.2/sqft)","112 Kg/ha (100 LB/acre)","Flowering",672.263157894737,728,173.021463699117,398,955,0,0,0,0,0,19,"15-May",31.7368421052632
"250",37,"Belle Glade (EREC)","NWG 2730","120/m2 (11.2/sqft)","112 Kg/ha (100 LB/acre)","Flowering",704.157894736842,678,144.758136657858,457,920,0,0,0,0,0,19,"01-June",31.9473684210526
"251",38,"Belle Glade (EREC)","NWG 2730","120/m2 (11.2/sqft)","112 Kg/ha (100 LB/acre)","Flowering",719.263157894737,763,172.403223128308,368,984,0,0,0,0,0,19,"15-June",32.1578947368421
"252",39,"Belle Glade (EREC)","NWG 2730","120/m2 (11.2/sqft)","112 Kg/ha (100 LB/acre)","Flowering",704.894736842105,729,119.046627063536,485,901,0,0,0,0,0,19,"30-June",32
"253",1,"Belle Glade (EREC)","IH Williams","120/m2 (11.2/sqft)","56 Kg/ha (50 LB/acre)","Grain Maturity",10798.6842105263,11027,1322.24611310668,7660,12363,1565.84210526316,1553,252.920335098688,1020,1975,19,"01-March",130.210526315789
"254",2,"Belle Glade (EREC)","IH Williams","120/m2 (11.2/sqft)","56 Kg/ha (50 LB/acre)","Grain Maturity",10900.2105263158,11143,1281.61216091068,7878,12906,1572.63157894737,1611,255.202362085532,1034,1979,19,"15-March",127.684210526316
"255",3,"Belle Glade (EREC)","IH Williams","120/m2 (11.2/sqft)","56 Kg/ha (50 LB/acre)","Grain Maturity",10954.7894736842,10958,1048.02478654676,8523,12624,1504.31578947368,1635,258.710273951293,896,1868,19,"01-April",123.894736842105
"256",4,"Belle Glade (EREC)","IH Williams","120/m2 (11.2/sqft)","56 Kg/ha (50 LB/acre)","Grain Maturity",10904.7894736842,11006,1001.1304487621,8884,12344,1444.31578947368,1505,285.715486421871,711,1824,19,"15-April",122.473684210526
"257",5,"Belle Glade (EREC)","IH Williams","120/m2 (11.2/sqft)","56 Kg/ha (50 LB/acre)","Grain Maturity",10597.6842105263,10562,906.7998096255,9034,12000,1393.05263157895,1435,242.496156598228,739,1680,19,"01-May",121.052631578947
"258",6,"Belle Glade (EREC)","IH Williams","120/m2 (11.2/sqft)","56 Kg/ha (50 LB/acre)","Grain Maturity",10493.5789473684,10366,933.743916582264,8735,11948,1419.31578947368,1415,171.083492492726,1126,1702,19,"15-May",122.210526315789
"259",7,"Belle Glade (EREC)","IH Williams","120/m2 (11.2/sqft)","56 Kg/ha (50 LB/acre)","Grain Maturity",10449.4210526316,10601,789.512248570771,9152,11541,1446.63157894737,1449,199.661438586622,1060,1793,19,"01-June",125.052631578947
"260",8,"Belle Glade (EREC)","IH Williams","120/m2 (11.2/sqft)","56 Kg/ha (50 LB/acre)","Grain Maturity",10119,10428,755.394010507835,8726,11100,1419.26315789474,1437,198.1337489075,988,1679,19,"15-June",124.631578947368
"261",9,"Belle Glade (EREC)","IH Williams","120/m2 (11.2/sqft)","56 Kg/ha (50 LB/acre)","Grain Maturity",9368.36842105263,9787,738.673000162853,7936,10292,1340.68421052632,1368,151.505794766911,1045,1581,19,"30-June",121.947368421053
"262",11,"Belle Glade (EREC)","IH Williams","120/m2 (11.2/sqft)","56 Kg/ha (50 LB/acre)","Flowering",1129.05263157895,1135,266.747378136487,693,1585,0,0,0,0,0,19,"01-March",44.4210526315789
"263",12,"Belle Glade (EREC)","IH Williams","120/m2 (11.2/sqft)","56 Kg/ha (50 LB/acre)","Flowering",1187.36842105263,1215,259.814081075576,730,1594,0,0,0,0,0,19,"15-March",42.2631578947368
"264",13,"Belle Glade (EREC)","IH Williams","120/m2 (11.2/sqft)","56 Kg/ha (50 LB/acre)","Flowering",1297.47368421053,1363,257.698870005942,665,1739,0,0,0,0,0,19,"01-April",39.2105263157895
"265",14,"Belle Glade (EREC)","IH Williams","120/m2 (11.2/sqft)","56 Kg/ha (50 LB/acre)","Flowering",1302.26315789474,1300,250.773656711754,660,1694,0,0,0,0,0,19,"15-April",37.7894736842105
"266",15,"Belle Glade (EREC)","IH Williams","120/m2 (11.2/sqft)","56 Kg/ha (50 LB/acre)","Flowering",1225.68421052632,1283,283.281966447954,655,1642,0,0,0,0,0,19,"01-May",36.2631578947368
"267",16,"Belle Glade (EREC)","IH Williams","120/m2 (11.2/sqft)","56 Kg/ha (50 LB/acre)","Flowering",1299.10526315789,1337,289.789942072384,860,1776,0,0,0,0,0,19,"15-May",37
"268",17,"Belle Glade (EREC)","IH Williams","120/m2 (11.2/sqft)","56 Kg/ha (50 LB/acre)","Flowering",1643.36842105263,1655,364.695795687053,850,2295,0,0,0,0,0,19,"01-June",39.8947368421053
"269",18,"Belle Glade (EREC)","IH Williams","120/m2 (11.2/sqft)","56 Kg/ha (50 LB/acre)","Flowering",1637.73684210526,1656,327.49263640666,1008,2073,0,0,0,0,0,19,"15-June",39.5789473684211
"270",19,"Belle Glade (EREC)","IH Williams","120/m2 (11.2/sqft)","56 Kg/ha (50 LB/acre)","Flowering",1343,1352,199.968330825992,965,1693,0,0,0,0,0,19,"30-June",37.2105263157895
"271",21,"Belle Glade (EREC)","NWG 2730","120/m2 (11.2/sqft)","56 Kg/ha (50 LB/acre)","Grain Maturity",4601.57894736842,4987,942.259478050822,2428,5816,1416.21052631579,1501,326.464832025913,768,1872,19,"01-March",92.4210526315789
"272",22,"Belle Glade (EREC)","NWG 2730","120/m2 (11.2/sqft)","56 Kg/ha (50 LB/acre)","Grain Maturity",4709.8947368421,5017,955.293782313229,2266,6195,1505.84210526316,1534,341.876888685889,764,2020,19,"15-March",90.1052631578947
"273",23,"Belle Glade (EREC)","NWG 2730","120/m2 (11.2/sqft)","56 Kg/ha (50 LB/acre)","Grain Maturity",4798.84210526316,4972,938.53486664398,2467,6410,1545.89473684211,1674,347.625100541252,797,2104,19,"01-April",86.1578947368421
"274",24,"Belle Glade (EREC)","NWG 2730","120/m2 (11.2/sqft)","56 Kg/ha (50 LB/acre)","Grain Maturity",4751.05263157895,4833,877.24470636978,2366,6031,1490.57894736842,1538,352.887346800879,769,2120,19,"15-April",84.5263157894737
"275",25,"Belle Glade (EREC)","NWG 2730","120/m2 (11.2/sqft)","56 Kg/ha (50 LB/acre)","Grain Maturity",4657.26315789474,4741,860.796584701588,2693,5905,1385.63157894737,1359,340.112107420531,828,1913,19,"01-May",83.1578947368421
"276",26,"Belle Glade (EREC)","NWG 2730","120/m2 (11.2/sqft)","56 Kg/ha (50 LB/acre)","Grain Maturity",4404.68421052632,4324,809.239015140602,3144,5616,1246.73684210526,1334,342.670532096431,519,1762,19,"15-May",82.3157894736842
"277",27,"Belle Glade (EREC)","NWG 2730","120/m2 (11.2/sqft)","56 Kg/ha (50 LB/acre)","Grain Maturity",4533.26315789474,4436,772.770617260119,3295,5828,1332,1357,254.621069216373,799,1713,19,"01-June",82.9473684210526
"278",28,"Belle Glade (EREC)","NWG 2730","120/m2 (11.2/sqft)","56 Kg/ha (50 LB/acre)","Grain Maturity",4539.21052631579,4483,801.717917900705,3068,5793,1356.94736842105,1360,264.960473715569,905,1829,19,"15-June",83.3684210526316
"279",29,"Belle Glade (EREC)","NWG 2730","120/m2 (11.2/sqft)","56 Kg/ha (50 LB/acre)","Grain Maturity",4306.52631578947,4240,605.632302127386,3309,5478,1252,1264,247.637503890936,607,1687,19,"30-June",83.1052631578947
"280",31,"Belle Glade (EREC)","NWG 2730","120/m2 (11.2/sqft)","56 Kg/ha (50 LB/acre)","Flowering",663.894736842105,679,152.597835552162,396,906,0,0,0,0,0,19,"01-March",39.9473684210526
"281",32,"Belle Glade (EREC)","NWG 2730","120/m2 (11.2/sqft)","56 Kg/ha (50 LB/acre)","Flowering",698.736842105263,713,169.993739134796,414,985,0,0,0,0,0,19,"15-March",38
"282",33,"Belle Glade (EREC)","NWG 2730","120/m2 (11.2/sqft)","56 Kg/ha (50 LB/acre)","Flowering",741.473684210526,769,153.146759105642,389,971,0,0,0,0,0,19,"01-April",35
"283",34,"Belle Glade (EREC)","NWG 2730","120/m2 (11.2/sqft)","56 Kg/ha (50 LB/acre)","Flowering",786.105263157895,799,143.53818490672,380,1014,0,0,0,0,0,19,"15-April",33.8947368421053
"284",35,"Belle Glade (EREC)","NWG 2730","120/m2 (11.2/sqft)","56 Kg/ha (50 LB/acre)","Flowering",755.263157894737,815,183.149860346737,392,1005,0,0,0,0,0,19,"01-May",32.4736842105263
"285",36,"Belle Glade (EREC)","NWG 2730","120/m2 (11.2/sqft)","56 Kg/ha (50 LB/acre)","Flowering",672.263157894737,728,173.021463699117,398,955,0,0,0,0,0,19,"15-May",31.7368421052632
"286",37,"Belle Glade (EREC)","NWG 2730","120/m2 (11.2/sqft)","56 Kg/ha (50 LB/acre)","Flowering",704.157894736842,678,144.758136657858,457,920,0,0,0,0,0,19,"01-June",31.9473684210526
"287",38,"Belle Glade (EREC)","NWG 2730","120/m2 (11.2/sqft)","56 Kg/ha (50 LB/acre)","Flowering",719.263157894737,763,172.403223128308,368,984,0,0,0,0,0,19,"15-June",32.1578947368421
"288",39,"Belle Glade (EREC)","NWG 2730","120/m2 (11.2/sqft)","56 Kg/ha (50 LB/acre)","Flowering",704.947368421053,729,119.017493431386,485,901,0,0,0,0,0,19,"30-June",32
"289",1,"Belle Glade (EREC)","IH Williams","40/m2 (3.7/sqft)","0 Kg/ha (0 LB/acre)","Grain Maturity",8926.8947368421,9175,1391.79164687251,5712,11150,1122.42105263158,1152,233.354359954858,641,1540,19,"01-March",130.263157894737
"290",2,"Belle Glade (EREC)","IH Williams","40/m2 (3.7/sqft)","0 Kg/ha (0 LB/acre)","Grain Maturity",9059.47368421053,9346,1317.46572244767,5887,11165,1146.78947368421,1193,236.797282958176,644,1526,19,"15-March",127.684210526316
"291",3,"Belle Glade (EREC)","IH Williams","40/m2 (3.7/sqft)","0 Kg/ha (0 LB/acre)","Grain Maturity",9230.15789473684,9303,1115.45517680541,6528,11002,1102.73684210526,1227,232.635585819267,561,1436,19,"01-April",123.894736842105
"292",4,"Belle Glade (EREC)","IH Williams","40/m2 (3.7/sqft)","0 Kg/ha (0 LB/acre)","Grain Maturity",9197.57894736842,9406,1059.81855448046,6906,10729,1074.15789473684,1138,245.03180364051,424,1413,19,"15-April",122.473684210526
"293",5,"Belle Glade (EREC)","IH Williams","40/m2 (3.7/sqft)","0 Kg/ha (0 LB/acre)","Grain Maturity",8898.36842105263,8800,1012.06577577889,7185,10432,1042.52631578947,1077,211.888956353467,439,1302,19,"01-May",121.052631578947
"294",6,"Belle Glade (EREC)","IH Williams","40/m2 (3.7/sqft)","0 Kg/ha (0 LB/acre)","Grain Maturity",8856.1052631579,8893,1033.6243619601,6967,10414,1052.05263157895,1093,195.648628834736,556,1333,19,"15-May",122.210526315789
"295",7,"Belle Glade (EREC)","IH Williams","40/m2 (3.7/sqft)","0 Kg/ha (0 LB/acre)","Grain Maturity",8959,9202,948.071375653402,7538,10275,1138.52631578947,1128,194.654499739939,744,1475,19,"01-June",125
"296",8,"Belle Glade (EREC)","IH Williams","40/m2 (3.7/sqft)","0 Kg/ha (0 LB/acre)","Grain Maturity",8602,8929,928.76321584735,7042,9803,1118.78947368421,1144,197.394016274098,652,1364,19,"15-June",124.631578947368
"297",9,"Belle Glade (EREC)","IH Williams","40/m2 (3.7/sqft)","0 Kg/ha (0 LB/acre)","Grain Maturity",7761.15789473684,8140,821.218421558134,6194,8816,1016.63157894737,1026,146.712951229534,702,1286,19,"30-June",121.947368421053
"298",11,"Belle Glade (EREC)","IH Williams","40/m2 (3.7/sqft)","0 Kg/ha (0 LB/acre)","Flowering",469.421052631579,466,131.614046780507,260,691,0,0,0,0,0,19,"01-March",44.4210526315789
"299",12,"Belle Glade (EREC)","IH Williams","40/m2 (3.7/sqft)","0 Kg/ha (0 LB/acre)","Flowering",498.157894736842,519,128.570025519124,284,684,0,0,0,0,0,19,"15-March",42.2631578947368
"300",13,"Belle Glade (EREC)","IH Williams","40/m2 (3.7/sqft)","0 Kg/ha (0 LB/acre)","Flowering",551.157894736842,585,127.127784863147,259,782,0,0,0,0,0,19,"01-April",39.2105263157895
"301",14,"Belle Glade (EREC)","IH Williams","40/m2 (3.7/sqft)","0 Kg/ha (0 LB/acre)","Flowering",554.842105263158,553,123.910479853578,257,759,0,0,0,0,0,19,"15-April",37.7894736842105
"302",15,"Belle Glade (EREC)","IH Williams","40/m2 (3.7/sqft)","0 Kg/ha (0 LB/acre)","Flowering",521.368421052632,565,138.279993943977,255,736,0,0,0,0,0,19,"01-May",36.2631578947368
"303",16,"Belle Glade (EREC)","IH Williams","40/m2 (3.7/sqft)","0 Kg/ha (0 LB/acre)","Flowering",563.526315789474,589,149.868968109943,348,817,0,0,0,0,0,19,"15-May",37
"304",17,"Belle Glade (EREC)","IH Williams","40/m2 (3.7/sqft)","0 Kg/ha (0 LB/acre)","Flowering",762.684210526316,756,212.629320814829,322,1177,0,0,0,0,0,19,"01-June",39.8947368421053
"305",18,"Belle Glade (EREC)","IH Williams","40/m2 (3.7/sqft)","0 Kg/ha (0 LB/acre)","Flowering",756.210526315789,762,204.676052702087,299,1085,0,0,0,0,0,19,"15-June",39.5789473684211
"306",19,"Belle Glade (EREC)","IH Williams","40/m2 (3.7/sqft)","0 Kg/ha (0 LB/acre)","Flowering",586.947368421053,585,111.584284877302,386,770,0,0,0,0,0,19,"30-June",37.2105263157895
"307",21,"Belle Glade (EREC)","NWG 2730","40/m2 (3.7/sqft)","0 Kg/ha (0 LB/acre)","Grain Maturity",2318.68421052632,2518,605.714459005193,1063,3337,680.842105263158,713,193.164657210686,327,1010,19,"01-March",92.4210526315789
"308",22,"Belle Glade (EREC)","NWG 2730","40/m2 (3.7/sqft)","0 Kg/ha (0 LB/acre)","Grain Maturity",2415.63157894737,2588,631.436036219234,987,3517,731.894736842105,808,199.7361856541,322,1043,19,"15-March",90.1052631578947
"309",23,"Belle Glade (EREC)","NWG 2730","40/m2 (3.7/sqft)","0 Kg/ha (0 LB/acre)","Grain Maturity",2516.63157894737,2610,630.80541202201,1079,3673,772,836,192.574660846125,347,1105,19,"01-April",86.1578947368421
"310",24,"Belle Glade (EREC)","NWG 2730","40/m2 (3.7/sqft)","0 Kg/ha (0 LB/acre)","Grain Maturity",2500.73684210526,2536,580.085131884897,1043,3437,745.526315789474,751,203.143454627253,324,1108,19,"15-April",84.5263157894737
"311",25,"Belle Glade (EREC)","NWG 2730","40/m2 (3.7/sqft)","0 Kg/ha (0 LB/acre)","Grain Maturity",2463.10526315789,2442,592.987717198711,1194,3392,687.789473684211,694,196.997343170852,352,1004,19,"01-May",83.1578947368421
"312",26,"Belle Glade (EREC)","NWG 2730","40/m2 (3.7/sqft)","0 Kg/ha (0 LB/acre)","Grain Maturity",2278,2182,566.365900574296,1384,3158,604.368421052632,641,185.934041628362,213,916,19,"15-May",82.3157894736842
"313",27,"Belle Glade (EREC)","NWG 2730","40/m2 (3.7/sqft)","0 Kg/ha (0 LB/acre)","Grain Maturity",2382.15789473684,2298,564.168046591901,1432,3310,647.789473684211,643,158.017080281907,328,880,19,"01-June",82.9473684210526
"314",28,"Belle Glade (EREC)","NWG 2730","40/m2 (3.7/sqft)","0 Kg/ha (0 LB/acre)","Grain Maturity",2390,2370,607.55036371024,1234,3312,668.157894736842,680,174.046054938818,308,954,19,"15-June",83.3684210526316
"315",29,"Belle Glade (EREC)","NWG 2730","40/m2 (3.7/sqft)","0 Kg/ha (0 LB/acre)","Grain Maturity",2242.68421052632,2181,446.791034008266,1530,3244,618,595,141.839894090328,270,858,19,"30-June",83.1052631578947
"316",31,"Belle Glade (EREC)","NWG 2730","40/m2 (3.7/sqft)","0 Kg/ha (0 LB/acre)","Flowering",252,255,65.1442843062826,142,358,0,0,0,0,0,19,"01-March",39.9473684210526
"317",32,"Belle Glade (EREC)","NWG 2730","40/m2 (3.7/sqft)","0 Kg/ha (0 LB/acre)","Flowering",266.473684210526,270,72.1736858950166,150,389,0,0,0,0,0,19,"15-March",38
"318",33,"Belle Glade (EREC)","NWG 2730","40/m2 (3.7/sqft)","0 Kg/ha (0 LB/acre)","Flowering",284,292,64.7499463749242,142,382,0,0,0,0,0,19,"01-April",35
"319",34,"Belle Glade (EREC)","NWG 2730","40/m2 (3.7/sqft)","0 Kg/ha (0 LB/acre)","Flowering",301.526315789474,303,59.7358708734195,139,401,0,0,0,0,0,19,"15-April",33.8947368421053
"320",35,"Belle Glade (EREC)","NWG 2730","40/m2 (3.7/sqft)","0 Kg/ha (0 LB/acre)","Flowering",289.315789473684,313,76.3719353861082,143,402,0,0,0,0,0,19,"01-May",32.4736842105263
"321",36,"Belle Glade (EREC)","NWG 2730","40/m2 (3.7/sqft)","0 Kg/ha (0 LB/acre)","Flowering",255,274,71.2257756090526,146,375,0,0,0,0,0,19,"15-May",31.7368421052632
"322",37,"Belle Glade (EREC)","NWG 2730","40/m2 (3.7/sqft)","0 Kg/ha (0 LB/acre)","Flowering",268.473684210526,256,61.1567825084318,164,360,0,0,0,0,0,19,"01-June",31.9473684210526
"323",38,"Belle Glade (EREC)","NWG 2730","40/m2 (3.7/sqft)","0 Kg/ha (0 LB/acre)","Flowering",273.789473684211,296,78.179692551745,108,392,0,0,0,0,0,19,"15-June",32.1578947368421
"324",39,"Belle Glade (EREC)","NWG 2730","40/m2 (3.7/sqft)","0 Kg/ha (0 LB/acre)","Flowering",269.210526315789,278,52.4145642899719,176,366,0,0,0,0,0,19,"30-June",32
"325",1,"Belle Glade (EREC)","IH Williams","80/m2 (7.4/sqft)","0 Kg/ha (0 LB/acre)","Grain Maturity",10170.0526315789,10403,1378.57561247044,6986,12208,1415.73684210526,1423,249.956183294696,883,1848,19,"01-March",130.263157894737
"326",2,"Belle Glade (EREC)","IH Williams","80/m2 (7.4/sqft)","0 Kg/ha (0 LB/acre)","Grain Maturity",10271,10531,1313.71868289135,7190,12354,1427.47368421053,1467,249.976969699444,892,1829,19,"15-March",127.684210526316
"327",3,"Belle Glade (EREC)","IH Williams","80/m2 (7.4/sqft)","0 Kg/ha (0 LB/acre)","Grain Maturity",10370.5263157895,10393,1081.61979191812,7841,12111,1366.15789473684,1488,250.980137141898,774,1723,19,"01-April",123.894736842105
"328",4,"Belle Glade (EREC)","IH Williams","80/m2 (7.4/sqft)","0 Kg/ha (0 LB/acre)","Grain Maturity",10348.7368421053,10490,1030.09599564017,8217,11837,1319.36842105263,1395,275.101841854635,605,1689,19,"15-April",122.473684210526
"329",5,"Belle Glade (EREC)","IH Williams","80/m2 (7.4/sqft)","0 Kg/ha (0 LB/acre)","Grain Maturity",10031.3684210526,9974,952.887262220943,8408,11461,1281.68421052632,1327,224.337556332609,627,1544,19,"01-May",121.052631578947
"330",6,"Belle Glade (EREC)","IH Williams","80/m2 (7.4/sqft)","0 Kg/ha (0 LB/acre)","Grain Maturity",9957.47368421053,9897,985.113776193787,8136,11505,1300.10526315789,1312,172.600983239391,999,1590,19,"15-May",122.210526315789
"331",7,"Belle Glade (EREC)","IH Williams","80/m2 (7.4/sqft)","0 Kg/ha (0 LB/acre)","Grain Maturity",9970.05263157895,10162,860.458629238837,8622,11146,1354.21052631579,1353,188.828722787895,952,1692,19,"01-June",125
"332",8,"Belle Glade (EREC)","IH Williams","80/m2 (7.4/sqft)","0 Kg/ha (0 LB/acre)","Grain Maturity",9634.1052631579,9939,813.556451277479,8151,10692,1319.05263157895,1343,197.277715609299,876,1578,19,"15-June",124.631578947368
"333",9,"Belle Glade (EREC)","IH Williams","80/m2 (7.4/sqft)","0 Kg/ha (0 LB/acre)","Grain Maturity",8834.63157894737,9190,769.61745262943,7361,9813,1241.05263157895,1256,145.738911788708,926,1480,19,"30-June",121.947368421053
"334",11,"Belle Glade (EREC)","IH Williams","80/m2 (7.4/sqft)","0 Kg/ha (0 LB/acre)","Flowering",835.789473684211,836,214.616603620753,489,1194,0,0,0,0,0,19,"01-March",44.4210526315789
"335",12,"Belle Glade (EREC)","IH Williams","80/m2 (7.4/sqft)","0 Kg/ha (0 LB/acre)","Flowering",880.526315789474,900,206.670797921357,524,1180,0,0,0,0,0,19,"15-March",42.2631578947368
"336",13,"Belle Glade (EREC)","IH Williams","80/m2 (7.4/sqft)","0 Kg/ha (0 LB/acre)","Flowering",969.263157894737,1022,206.100256645822,478,1330,0,0,0,0,0,19,"01-April",39.2105263157895
"337",14,"Belle Glade (EREC)","IH Williams","80/m2 (7.4/sqft)","0 Kg/ha (0 LB/acre)","Flowering",973.631578947368,971,199.854449961943,475,1289,0,0,0,0,0,19,"15-April",37.7894736842105
"338",15,"Belle Glade (EREC)","IH Williams","80/m2 (7.4/sqft)","0 Kg/ha (0 LB/acre)","Flowering",913.947368421053,957,225.179551490265,471,1255,0,0,0,0,0,19,"01-May",36.2631578947368
"339",16,"Belle Glade (EREC)","IH Williams","80/m2 (7.4/sqft)","0 Kg/ha (0 LB/acre)","Flowering",978.684210526316,1013,236.522973427666,629,1370,0,0,0,0,0,19,"15-May",37
"340",17,"Belle Glade (EREC)","IH Williams","80/m2 (7.4/sqft)","0 Kg/ha (0 LB/acre)","Flowering",1269.42105263158,1272,309.318303476366,611,1844,0,0,0,0,0,19,"01-June",39.8947368421053
"341",18,"Belle Glade (EREC)","IH Williams","80/m2 (7.4/sqft)","0 Kg/ha (0 LB/acre)","Flowering",1262.21052631579,1275,281.367213391912,701,1647,0,0,0,0,0,19,"15-June",39.5789473684211
"342",19,"Belle Glade (EREC)","IH Williams","80/m2 (7.4/sqft)","0 Kg/ha (0 LB/acre)","Flowering",1013.84210526316,1014,168.079763854974,702,1299,0,0,0,0,0,19,"30-June",37.2105263157895
"343",21,"Belle Glade (EREC)","NWG 2730","80/m2 (7.4/sqft)","0 Kg/ha (0 LB/acre)","Grain Maturity",3667.05263157895,3992,823.852297555293,1836,4802,1117.47368421053,1175,275.779172612407,574,1513,19,"01-March",92.4210526315789
"344",22,"Belle Glade (EREC)","NWG 2730","80/m2 (7.4/sqft)","0 Kg/ha (0 LB/acre)","Grain Maturity",3789.21052631579,4084,856.770978016838,1710,5179,1190.42105263158,1234,288.969493928083,569,1634,19,"15-March",90.1052631578947
"345",23,"Belle Glade (EREC)","NWG 2730","80/m2 (7.4/sqft)","0 Kg/ha (0 LB/acre)","Grain Maturity",3903.89473684211,4073,843.791173134472,1864,5376,1234.21052631579,1332,293.074995890769,602,1714,19,"01-April",86.1578947368421
"346",24,"Belle Glade (EREC)","NWG 2730","80/m2 (7.4/sqft)","0 Kg/ha (0 LB/acre)","Grain Maturity",3867.73684210526,3925,782.756797912584,1795,5051,1189.78947368421,1223,300.737718682902,573,1725,19,"15-April",84.5263157894737
"347",25,"Belle Glade (EREC)","NWG 2730","80/m2 (7.4/sqft)","0 Kg/ha (0 LB/acre)","Grain Maturity",3804.57894736842,3886,785.624543899061,2048,4955,1100.89473684211,1090,292.112971817572,619,1558,19,"01-May",83.1578947368421
"348",26,"Belle Glade (EREC)","NWG 2730","80/m2 (7.4/sqft)","0 Kg/ha (0 LB/acre)","Grain Maturity",3561.52631578947,3557,738.944470054795,2402,4680,982.157894736842,1035,285.894165180422,384,1431,19,"15-May",82.3157894736842
"349",27,"Belle Glade (EREC)","NWG 2730","80/m2 (7.4/sqft)","0 Kg/ha (0 LB/acre)","Grain Maturity",3677.52631578947,3588,718.012021597058,2514,4873,1051.26315789474,1061,223.338020375012,597,1390,19,"01-June",82.9473684210526
"350",28,"Belle Glade (EREC)","NWG 2730","80/m2 (7.4/sqft)","0 Kg/ha (0 LB/acre)","Grain Maturity",3686.21052631579,3677,745.11368103184,2354,4855,1083.57894736842,1078,231.885583805049,676,1485,19,"15-June",83.3684210526316
"351",29,"Belle Glade (EREC)","NWG 2730","80/m2 (7.4/sqft)","0 Kg/ha (0 LB/acre)","Grain Maturity",3485.78947368421,3411,558.898478054762,2556,4596,991.368421052632,978,209.674141500651,470,1359,19,"30-June",83.1052631578947
"352",31,"Belle Glade (EREC)","NWG 2730","80/m2 (7.4/sqft)","0 Kg/ha (0 LB/acre)","Flowering",470.789473684211,480,113.26300707614,274,652,0,0,0,0,0,19,"01-March",39.9473684210526
"353",32,"Belle Glade (EREC)","NWG 2730","80/m2 (7.4/sqft)","0 Kg/ha (0 LB/acre)","Flowering",497.736842105263,506,127.503743781752,288,713,0,0,0,0,0,19,"15-March",38
"354",33,"Belle Glade (EREC)","NWG 2730","80/m2 (7.4/sqft)","0 Kg/ha (0 LB/acre)","Flowering",530.368421052632,546,115.540858826995,272,702,0,0,0,0,0,19,"01-April",35
"355",34,"Belle Glade (EREC)","NWG 2730","80/m2 (7.4/sqft)","0 Kg/ha (0 LB/acre)","Flowering",561.421052631579,567,106.670997719089,265,735,0,0,0,0,0,19,"15-April",33.8947368421053
"356",35,"Belle Glade (EREC)","NWG 2730","80/m2 (7.4/sqft)","0 Kg/ha (0 LB/acre)","Flowering",539.105263157895,582,136.157137462093,273,732,0,0,0,0,0,19,"01-May",32.4736842105263
"357",36,"Belle Glade (EREC)","NWG 2730","80/m2 (7.4/sqft)","0 Kg/ha (0 LB/acre)","Flowering",477.631578947368,514,127.893276048741,278,689,0,0,0,0,0,19,"15-May",31.7368421052632
"358",37,"Belle Glade (EREC)","NWG 2730","80/m2 (7.4/sqft)","0 Kg/ha (0 LB/acre)","Flowering",500.526315789474,481,108.371976913393,317,664,0,0,0,0,0,19,"01-June",31.9473684210526
"359",38,"Belle Glade (EREC)","NWG 2730","80/m2 (7.4/sqft)","0 Kg/ha (0 LB/acre)","Flowering",512.473684210526,547,131.14341954985,256,715,0,0,0,0,0,19,"15-June",32.1578947368421
"360",39,"Belle Glade (EREC)","NWG 2730","80/m2 (7.4/sqft)","0 Kg/ha (0 LB/acre)","Flowering",501.578947368421,520,89.4845211875425,337,649,0,0,0,0,0,19,"30-June",32
"361",1,"Belle Glade (EREC)","IH Williams","120/m2 (11.2/sqft)","0 Kg/ha (0 LB/acre)","Grain Maturity",10786.0526315789,11022,1325.39790560689,7660,12278,1565.68421052632,1553,252.894148394932,1020,1975,19,"01-March",130.210526315789
"362",2,"Belle Glade (EREC)","IH Williams","120/m2 (11.2/sqft)","0 Kg/ha (0 LB/acre)","Grain Maturity",10878.4210526316,11128,1305.73063054068,7878,12909,1569.84210526316,1611,253.43424813678,1034,1979,19,"15-March",127.684210526316
"363",3,"Belle Glade (EREC)","IH Williams","120/m2 (11.2/sqft)","0 Kg/ha (0 LB/acre)","Grain Maturity",10930.3157894737,10958,1063.45051875861,8522,12626,1503.78947368421,1635,258.464607279941,896,1868,19,"01-April",123.894736842105
"364",4,"Belle Glade (EREC)","IH Williams","120/m2 (11.2/sqft)","0 Kg/ha (0 LB/acre)","Grain Maturity",10906.6842105263,11006,993.316893187868,8884,12343,1444.36842105263,1505,285.676820225294,711,1824,19,"15-April",122.473684210526
"365",5,"Belle Glade (EREC)","IH Williams","120/m2 (11.2/sqft)","0 Kg/ha (0 LB/acre)","Grain Maturity",10597.6842105263,10561,907.062294359077,9035,12000,1393.10526315789,1435,242.54848192036,739,1680,19,"01-May",121.052631578947
"366",6,"Belle Glade (EREC)","IH Williams","120/m2 (11.2/sqft)","0 Kg/ha (0 LB/acre)","Grain Maturity",10493.6315789474,10366,933.905075507398,8735,11948,1419.31578947368,1415,171.083492492726,1126,1702,19,"15-May",122.210526315789
"367",7,"Belle Glade (EREC)","IH Williams","120/m2 (11.2/sqft)","0 Kg/ha (0 LB/acre)","Grain Maturity",10448.7894736842,10600,789.258483145018,9152,11540,1446.63157894737,1449,199.661438586622,1060,1793,19,"01-June",125.052631578947
"368",8,"Belle Glade (EREC)","IH Williams","120/m2 (11.2/sqft)","0 Kg/ha (0 LB/acre)","Grain Maturity",10118.1052631579,10428,755.180544618809,8726,11099,1419.10526315789,1437,198.23131682648,988,1679,19,"15-June",124.631578947368
"369",9,"Belle Glade (EREC)","IH Williams","120/m2 (11.2/sqft)","0 Kg/ha (0 LB/acre)","Grain Maturity",9367.47368421053,9786,738.526563760652,7935,10288,1340.57894736842,1368,151.663119295318,1045,1581,19,"30-June",121.947368421053
"370",11,"Belle Glade (EREC)","IH Williams","120/m2 (11.2/sqft)","0 Kg/ha (0 LB/acre)","Flowering",1128.84210526316,1135,266.368846851691,693,1581,0,0,0,0,0,19,"01-March",44.4210526315789
"371",12,"Belle Glade (EREC)","IH Williams","120/m2 (11.2/sqft)","0 Kg/ha (0 LB/acre)","Flowering",1185.31578947368,1215,256.689187893231,730,1558,0,0,0,0,0,19,"15-March",42.2631578947368
"372",13,"Belle Glade (EREC)","IH Williams","120/m2 (11.2/sqft)","0 Kg/ha (0 LB/acre)","Flowering",1297.42105263158,1363,257.72537403417,665,1739,0,0,0,0,0,19,"01-April",39.2105263157895
"373",14,"Belle Glade (EREC)","IH Williams","120/m2 (11.2/sqft)","0 Kg/ha (0 LB/acre)","Flowering",1302.47368421053,1300,250.66519689752,660,1694,0,0,0,0,0,19,"15-April",37.7894736842105
"374",15,"Belle Glade (EREC)","IH Williams","120/m2 (11.2/sqft)","0 Kg/ha (0 LB/acre)","Flowering",1225.68421052632,1283,283.281966447954,655,1642,0,0,0,0,0,19,"01-May",36.2631578947368
"375",16,"Belle Glade (EREC)","IH Williams","120/m2 (11.2/sqft)","0 Kg/ha (0 LB/acre)","Flowering",1299.05263157895,1337,289.786793979492,860,1776,0,0,0,0,0,19,"15-May",37
"376",17,"Belle Glade (EREC)","IH Williams","120/m2 (11.2/sqft)","0 Kg/ha (0 LB/acre)","Flowering",1643.26315789474,1655,364.769309458467,849,2295,0,0,0,0,0,19,"01-June",39.8947368421053
"377",18,"Belle Glade (EREC)","IH Williams","120/m2 (11.2/sqft)","0 Kg/ha (0 LB/acre)","Flowering",1637.63157894737,1655,327.415843390212,1008,2072,0,0,0,0,0,19,"15-June",39.5789473684211
"378",19,"Belle Glade (EREC)","IH Williams","120/m2 (11.2/sqft)","0 Kg/ha (0 LB/acre)","Flowering",1342.94736842105,1352,199.939011168742,965,1693,0,0,0,0,0,19,"30-June",37.2105263157895
"379",21,"Belle Glade (EREC)","NWG 2730","120/m2 (11.2/sqft)","0 Kg/ha (0 LB/acre)","Grain Maturity",4601.52631578947,4987,942.387651330447,2427,5816,1416.21052631579,1501,326.464832025913,768,1872,19,"01-March",92.4210526315789
"380",22,"Belle Glade (EREC)","NWG 2730","120/m2 (11.2/sqft)","0 Kg/ha (0 LB/acre)","Grain Maturity",4709.63157894737,5012,955.236922939732,2266,6195,1505.84210526316,1534,341.876888685889,764,2020,19,"15-March",90.1052631578947
"381",23,"Belle Glade (EREC)","NWG 2730","120/m2 (11.2/sqft)","0 Kg/ha (0 LB/acre)","Grain Maturity",4798.8947368421,4972,938.477543372885,2467,6410,1545.89473684211,1674,347.625100541252,797,2104,19,"01-April",86.1578947368421
"382",24,"Belle Glade (EREC)","NWG 2730","120/m2 (11.2/sqft)","0 Kg/ha (0 LB/acre)","Grain Maturity",4751,4833,877.24663958699,2366,6031,1490.57894736842,1538,352.887346800879,769,2120,19,"15-April",84.5263157894737
"383",25,"Belle Glade (EREC)","NWG 2730","120/m2 (11.2/sqft)","0 Kg/ha (0 LB/acre)","Grain Maturity",4670.31578947368,4741,865.941045762841,2692,5905,1385.68421052632,1359,340.063401381366,828,1913,19,"01-May",83.1578947368421
"384",26,"Belle Glade (EREC)","NWG 2730","120/m2 (11.2/sqft)","0 Kg/ha (0 LB/acre)","Grain Maturity",4404.52631578947,4324,809.086066594831,3145,5615,1246.73684210526,1334,342.670532096431,519,1762,19,"15-May",82.3157894736842
"385",27,"Belle Glade (EREC)","NWG 2730","120/m2 (11.2/sqft)","0 Kg/ha (0 LB/acre)","Grain Maturity",4533.47368421053,4436,772.366160172827,3295,5827,1331.89473684211,1357,254.666643703499,799,1713,19,"01-June",82.9473684210526
"386",28,"Belle Glade (EREC)","NWG 2730","120/m2 (11.2/sqft)","0 Kg/ha (0 LB/acre)","Grain Maturity",4539.05263157895,4483,801.591228168088,3068,5792,1356.84210526316,1359,264.889549971701,905,1829,19,"15-June",83.3684210526316
"387",29,"Belle Glade (EREC)","NWG 2730","120/m2 (11.2/sqft)","0 Kg/ha (0 LB/acre)","Grain Maturity",4306.57894736842,4240,605.265076528869,3312,5478,1252,1264,247.637503890936,607,1687,19,"30-June",83.1052631578947
"388",31,"Belle Glade (EREC)","NWG 2730","120/m2 (11.2/sqft)","0 Kg/ha (0 LB/acre)","Flowering",663.894736842105,679,152.597835552162,396,906,0,0,0,0,0,19,"01-March",39.9473684210526
"389",32,"Belle Glade (EREC)","NWG 2730","120/m2 (11.2/sqft)","0 Kg/ha (0 LB/acre)","Flowering",698.736842105263,713,169.993739134796,414,985,0,0,0,0,0,19,"15-March",38
"390",33,"Belle Glade (EREC)","NWG 2730","120/m2 (11.2/sqft)","0 Kg/ha (0 LB/acre)","Flowering",741.473684210526,769,153.146759105642,389,971,0,0,0,0,0,19,"01-April",35
"391",34,"Belle Glade (EREC)","NWG 2730","120/m2 (11.2/sqft)","0 Kg/ha (0 LB/acre)","Flowering",786.105263157895,799,143.53818490672,380,1014,0,0,0,0,0,19,"15-April",33.8947368421053
"392",35,"Belle Glade (EREC)","NWG 2730","120/m2 (11.2/sqft)","0 Kg/ha (0 LB/acre)","Flowering",755.263157894737,815,183.149860346737,392,1005,0,0,0,0,0,19,"01-May",32.4736842105263
"393",36,"Belle Glade (EREC)","NWG 2730","120/m2 (11.2/sqft)","0 Kg/ha (0 LB/acre)","Flowering",672.263157894737,728,173.021463699117,398,955,0,0,0,0,0,19,"15-May",31.7368421052632
"394",37,"Belle Glade (EREC)","NWG 2730","120/m2 (11.2/sqft)","0 Kg/ha (0 LB/acre)","Flowering",704.157894736842,678,144.758136657858,457,920,0,0,0,0,0,19,"01-June",31.9473684210526
"395",38,"Belle Glade (EREC)","NWG 2730","120/m2 (11.2/sqft)","0 Kg/ha (0 LB/acre)","Flowering",719.263157894737,763,172.403223128308,368,984,0,0,0,0,0,19,"15-June",32.1578947368421
"396",39,"Belle Glade (EREC)","NWG 2730","120/m2 (11.2/sqft)","0 Kg/ha (0 LB/acre)","Flowering",704.894736842105,729,119.046627063536,485,901,0,0,0,0,0,19,"30-June",32
"397",1,"Belle Glade (EREC)","IH Williams","40/m2 (3.7/sqft)","168 Kg/ha (150 LB/acre)","Grain Maturity",8934.78947368421,9183,1391.37057045472,5712,11150,1122.52631578947,1154,233.368894533253,641,1540,19,"01-March",130.263157894737
"398",2,"Belle Glade (EREC)","IH Williams","40/m2 (3.7/sqft)","168 Kg/ha (150 LB/acre)","Grain Maturity",9067.68421052631,9392,1316.90255493005,5886,11165,1147.36842105263,1203,236.973324923178,644,1526,19,"15-March",127.684210526316
"399",3,"Belle Glade (EREC)","IH Williams","40/m2 (3.7/sqft)","168 Kg/ha (150 LB/acre)","Grain Maturity",9245.05263157895,9304,1123.67143644218,6528,11002,1102.73684210526,1227,232.635585819267,561,1436,19,"01-April",123.894736842105
"400",4,"Belle Glade (EREC)","IH Williams","40/m2 (3.7/sqft)","168 Kg/ha (150 LB/acre)","Grain Maturity",9197.1052631579,9406,1060.28046052484,6906,10729,1074.05263157895,1138,245.123432327518,424,1413,19,"15-April",122.473684210526
"401",5,"Belle Glade (EREC)","IH Williams","40/m2 (3.7/sqft)","168 Kg/ha (150 LB/acre)","Grain Maturity",8898.57894736842,8800,1011.94023296226,7185,10432,1042.47368421053,1077,211.842543314356,439,1302,19,"01-May",121.052631578947
"402",6,"Belle Glade (EREC)","IH Williams","40/m2 (3.7/sqft)","168 Kg/ha (150 LB/acre)","Grain Maturity",8855.8947368421,8893,1033.58501745338,6967,10414,1052,1093,195.666666666667,556,1333,19,"15-May",122.210526315789
"403",7,"Belle Glade (EREC)","IH Williams","40/m2 (3.7/sqft)","168 Kg/ha (150 LB/acre)","Grain Maturity",8959.36842105263,9201,947.803496425423,7538,10275,1138.57894736842,1128,194.467453943519,745,1475,19,"01-June",125
"404",8,"Belle Glade (EREC)","IH Williams","40/m2 (3.7/sqft)","168 Kg/ha (150 LB/acre)","Grain Maturity",8602.36842105263,8930,928.922566473075,7042,9804,1118.78947368421,1144,197.394016274098,652,1364,19,"15-June",124.631578947368
"405",9,"Belle Glade (EREC)","IH Williams","40/m2 (3.7/sqft)","168 Kg/ha (150 LB/acre)","Grain Maturity",7761,8140,820.822216506785,6194,8812,1016.73684210526,1026,146.734015637238,702,1286,19,"30-June",121.947368421053
"406",11,"Belle Glade (EREC)","IH Williams","40/m2 (3.7/sqft)","168 Kg/ha (150 LB/acre)","Flowering",469.631578947368,466,131.990829027506,260,695,0,0,0,0,0,19,"01-March",44.4210526315789
"407",12,"Belle Glade (EREC)","IH Williams","40/m2 (3.7/sqft)","168 Kg/ha (150 LB/acre)","Flowering",499.157894736842,519,130.159843251756,284,703,0,0,0,0,0,19,"15-March",42.2631578947368
"408",13,"Belle Glade (EREC)","IH Williams","40/m2 (3.7/sqft)","168 Kg/ha (150 LB/acre)","Flowering",551.157894736842,585,127.127784863147,259,782,0,0,0,0,0,19,"01-April",39.2105263157895
"409",14,"Belle Glade (EREC)","IH Williams","40/m2 (3.7/sqft)","168 Kg/ha (150 LB/acre)","Flowering",554.684210526316,553,124.004951796997,257,759,0,0,0,0,0,19,"15-April",37.7894736842105
"410",15,"Belle Glade (EREC)","IH Williams","40/m2 (3.7/sqft)","168 Kg/ha (150 LB/acre)","Flowering",521.315789473684,565,138.226887813551,255,736,0,0,0,0,0,19,"01-May",36.2631578947368
"411",16,"Belle Glade (EREC)","IH Williams","40/m2 (3.7/sqft)","168 Kg/ha (150 LB/acre)","Flowering",563.473684210526,589,149.919374043018,348,817,0,0,0,0,0,19,"15-May",37
"412",17,"Belle Glade (EREC)","IH Williams","40/m2 (3.7/sqft)","168 Kg/ha (150 LB/acre)","Flowering",762.631578947368,756,212.61342346206,322,1177,0,0,0,0,0,19,"01-June",39.8947368421053
"413",18,"Belle Glade (EREC)","IH Williams","40/m2 (3.7/sqft)","168 Kg/ha (150 LB/acre)","Flowering",756.210526315789,762,204.676052702087,299,1085,0,0,0,0,0,19,"15-June",39.5789473684211
"414",19,"Belle Glade (EREC)","IH Williams","40/m2 (3.7/sqft)","168 Kg/ha (150 LB/acre)","Flowering",586.947368421053,585,111.584284877302,386,770,0,0,0,0,0,19,"30-June",37.2105263157895
"415",21,"Belle Glade (EREC)","NWG 2730","40/m2 (3.7/sqft)","168 Kg/ha (150 LB/acre)","Grain Maturity",2318.84210526316,2518,605.776018669707,1063,3337,680.842105263158,713,193.164657210686,327,1010,19,"01-March",92.4210526315789
"416",22,"Belle Glade (EREC)","NWG 2730","40/m2 (3.7/sqft)","168 Kg/ha (150 LB/acre)","Grain Maturity",2415.73684210526,2590,631.466533124393,987,3517,731.894736842105,808,199.7361856541,322,1043,19,"15-March",90.1052631578947
"417",23,"Belle Glade (EREC)","NWG 2730","40/m2 (3.7/sqft)","168 Kg/ha (150 LB/acre)","Grain Maturity",2511.68421052632,2610,628.360216280048,1079,3673,772,836,192.574660846125,347,1105,19,"01-April",86.1578947368421
"418",24,"Belle Glade (EREC)","NWG 2730","40/m2 (3.7/sqft)","168 Kg/ha (150 LB/acre)","Grain Maturity",2500.94736842105,2536,580.120052104563,1043,3437,745.578947368421,751,203.136056154346,324,1108,19,"15-April",84.5263157894737
"419",25,"Belle Glade (EREC)","NWG 2730","40/m2 (3.7/sqft)","168 Kg/ha (150 LB/acre)","Grain Maturity",2463.26315789474,2447,593.12213864012,1194,3392,687.842105263158,694,196.973563696557,352,1004,19,"01-May",83.1578947368421
"420",26,"Belle Glade (EREC)","NWG 2730","40/m2 (3.7/sqft)","168 Kg/ha (150 LB/acre)","Grain Maturity",2277.78947368421,2181,566.560438959651,1382,3158,604.263157894737,641,186.116105370714,212,916,19,"15-May",82.3157894736842
"421",27,"Belle Glade (EREC)","NWG 2730","40/m2 (3.7/sqft)","168 Kg/ha (150 LB/acre)","Grain Maturity",2382.15789473684,2298,564.168046591901,1432,3310,647.789473684211,643,158.017080281907,328,880,19,"01-June",82.9473684210526
"422",28,"Belle Glade (EREC)","NWG 2730","40/m2 (3.7/sqft)","168 Kg/ha (150 LB/acre)","Grain Maturity",2390.10526315789,2371,607.540569723248,1234,3312,668.157894736842,680,174.046054938818,308,954,19,"15-June",83.3684210526316
"423",29,"Belle Glade (EREC)","NWG 2730","40/m2 (3.7/sqft)","168 Kg/ha (150 LB/acre)","Grain Maturity",2242.63157894737,2181,446.892630719967,1530,3244,617.947368421053,595,141.866319581425,270,858,19,"30-June",83.1052631578947
"424",31,"Belle Glade (EREC)","NWG 2730","40/m2 (3.7/sqft)","168 Kg/ha (150 LB/acre)","Flowering",252,255,65.1442843062826,142,358,0,0,0,0,0,19,"01-March",39.9473684210526
"425",32,"Belle Glade (EREC)","NWG 2730","40/m2 (3.7/sqft)","168 Kg/ha (150 LB/acre)","Flowering",266.473684210526,270,72.1736858950166,150,389,0,0,0,0,0,19,"15-March",38
"426",33,"Belle Glade (EREC)","NWG 2730","40/m2 (3.7/sqft)","168 Kg/ha (150 LB/acre)","Flowering",284,292,64.7499463749242,142,382,0,0,0,0,0,19,"01-April",35
"427",34,"Belle Glade (EREC)","NWG 2730","40/m2 (3.7/sqft)","168 Kg/ha (150 LB/acre)","Flowering",301.526315789474,303,59.7358708734195,139,401,0,0,0,0,0,19,"15-April",33.8947368421053
"428",35,"Belle Glade (EREC)","NWG 2730","40/m2 (3.7/sqft)","168 Kg/ha (150 LB/acre)","Flowering",289.315789473684,313,76.3719353861082,143,402,0,0,0,0,0,19,"01-May",32.4736842105263
"429",36,"Belle Glade (EREC)","NWG 2730","40/m2 (3.7/sqft)","168 Kg/ha (150 LB/acre)","Flowering",255,274,71.2257756090526,146,375,0,0,0,0,0,19,"15-May",31.7368421052632
"430",37,"Belle Glade (EREC)","NWG 2730","40/m2 (3.7/sqft)","168 Kg/ha (150 LB/acre)","Flowering",268.473684210526,256,61.1567825084318,164,360,0,0,0,0,0,19,"01-June",31.9473684210526
"431",38,"Belle Glade (EREC)","NWG 2730","40/m2 (3.7/sqft)","168 Kg/ha (150 LB/acre)","Flowering",273.789473684211,296,78.179692551745,108,392,0,0,0,0,0,19,"15-June",32.1578947368421
"432",39,"Belle Glade (EREC)","NWG 2730","40/m2 (3.7/sqft)","168 Kg/ha (150 LB/acre)","Flowering",269.210526315789,278,52.4145642899719,176,366,0,0,0,0,0,19,"30-June",32
"433",1,"Belle Glade (EREC)","IH Williams","80/m2 (7.4/sqft)","168 Kg/ha (150 LB/acre)","Grain Maturity",10184.9473684211,10409,1374.41064030629,6986,12271,1415.84210526316,1424,249.947830814062,883,1848,19,"01-March",130.263157894737
"434",2,"Belle Glade (EREC)","IH Williams","80/m2 (7.4/sqft)","168 Kg/ha (150 LB/acre)","Grain Maturity",10285.1578947368,10567,1303.00291050915,7190,12353,1428.15789473684,1467,250.140463464007,892,1829,19,"15-March",127.684210526316
"435",3,"Belle Glade (EREC)","IH Williams","80/m2 (7.4/sqft)","168 Kg/ha (150 LB/acre)","Grain Maturity",10388.8947368421,10393,1076.77073257324,7841,12109,1366.31578947368,1488,250.96769438661,774,1723,19,"01-April",123.894736842105
"436",4,"Belle Glade (EREC)","IH Williams","80/m2 (7.4/sqft)","168 Kg/ha (150 LB/acre)","Grain Maturity",10348.2631578947,10490,1030.3822290838,8217,11837,1319.26315789474,1395,275.182735671582,605,1689,19,"15-April",122.473684210526
"437",5,"Belle Glade (EREC)","IH Williams","80/m2 (7.4/sqft)","168 Kg/ha (150 LB/acre)","Grain Maturity",10031.4210526316,9975,952.684237987562,8408,11462,1281.84210526316,1327,224.214248520842,628,1545,19,"01-May",121.052631578947
"438",6,"Belle Glade (EREC)","IH Williams","80/m2 (7.4/sqft)","168 Kg/ha (150 LB/acre)","Grain Maturity",9957.78947368421,9898,985.205200224658,8136,11505,1300.26315789474,1313,172.625105070453,999,1590,19,"15-May",122.210526315789
"439",7,"Belle Glade (EREC)","IH Williams","80/m2 (7.4/sqft)","168 Kg/ha (150 LB/acre)","Grain Maturity",9958.21052631579,10163,855.357922415287,8622,11146,1354.21052631579,1353,188.828722787895,952,1692,19,"01-June",125
"440",8,"Belle Glade (EREC)","IH Williams","80/m2 (7.4/sqft)","168 Kg/ha (150 LB/acre)","Grain Maturity",9634.57894736842,9940,813.602026367893,8151,10693,1319.10526315789,1343,197.224602571913,876,1578,19,"15-June",124.631578947368
"441",9,"Belle Glade (EREC)","IH Williams","80/m2 (7.4/sqft)","168 Kg/ha (150 LB/acre)","Grain Maturity",8835.05263157895,9190,769.522396878899,7362,9814,1241.05263157895,1256,145.738911788708,926,1480,19,"30-June",121.947368421053
"442",11,"Belle Glade (EREC)","IH Williams","80/m2 (7.4/sqft)","168 Kg/ha (150 LB/acre)","Flowering",836.052631578947,836,215.082793796097,489,1199,0,0,0,0,0,19,"01-March",44.4210526315789
"443",12,"Belle Glade (EREC)","IH Williams","80/m2 (7.4/sqft)","168 Kg/ha (150 LB/acre)","Flowering",882.315789473684,900,209.432845941281,524,1212,0,0,0,0,0,19,"15-March",42.2631578947368
"444",13,"Belle Glade (EREC)","IH Williams","80/m2 (7.4/sqft)","168 Kg/ha (150 LB/acre)","Flowering",969.263157894737,1022,206.100256645822,478,1330,0,0,0,0,0,19,"01-April",39.2105263157895
"445",14,"Belle Glade (EREC)","IH Williams","80/m2 (7.4/sqft)","168 Kg/ha (150 LB/acre)","Flowering",973.473684210526,971,199.942038384754,475,1289,0,0,0,0,0,19,"15-April",37.7894736842105
"446",15,"Belle Glade (EREC)","IH Williams","80/m2 (7.4/sqft)","168 Kg/ha (150 LB/acre)","Flowering",913.947368421053,957,225.179551490265,471,1255,0,0,0,0,0,19,"01-May",36.2631578947368
"447",16,"Belle Glade (EREC)","IH Williams","80/m2 (7.4/sqft)","168 Kg/ha (150 LB/acre)","Flowering",978.736842105263,1013,236.507186196967,629,1370,0,0,0,0,0,19,"15-May",37
"448",17,"Belle Glade (EREC)","IH Williams","80/m2 (7.4/sqft)","168 Kg/ha (150 LB/acre)","Flowering",1269.42105263158,1272,309.318303476366,611,1844,0,0,0,0,0,19,"01-June",39.8947368421053
"449",18,"Belle Glade (EREC)","IH Williams","80/m2 (7.4/sqft)","168 Kg/ha (150 LB/acre)","Flowering",1262.21052631579,1275,281.367213391912,701,1647,0,0,0,0,0,19,"15-June",39.5789473684211
"450",19,"Belle Glade (EREC)","IH Williams","80/m2 (7.4/sqft)","168 Kg/ha (150 LB/acre)","Flowering",1013.89473684211,1014,168.153334369703,702,1299,0,0,0,0,0,19,"30-June",37.2105263157895
"451",21,"Belle Glade (EREC)","NWG 2730","80/m2 (7.4/sqft)","168 Kg/ha (150 LB/acre)","Grain Maturity",3667.10526315789,3992,823.876534354298,1836,4802,1117.52631578947,1175,275.669763872374,575,1513,19,"01-March",92.4210526315789
"452",22,"Belle Glade (EREC)","NWG 2730","80/m2 (7.4/sqft)","168 Kg/ha (150 LB/acre)","Grain Maturity",3789.63157894737,4084,857.227132518066,1710,5179,1190.52631578947,1234,289.070419798255,569,1634,19,"15-March",90.1052631578947
"453",23,"Belle Glade (EREC)","NWG 2730","80/m2 (7.4/sqft)","168 Kg/ha (150 LB/acre)","Grain Maturity",3904.05263157895,4073,843.717993544987,1864,5376,1234.21052631579,1332,293.074995890769,602,1714,19,"01-April",86.1578947368421
"454",24,"Belle Glade (EREC)","NWG 2730","80/m2 (7.4/sqft)","168 Kg/ha (150 LB/acre)","Grain Maturity",3867.89473684211,3925,782.71847462949,1795,5051,1189.78947368421,1223,300.737718682902,573,1725,19,"15-April",84.5263157894737
"455",25,"Belle Glade (EREC)","NWG 2730","80/m2 (7.4/sqft)","168 Kg/ha (150 LB/acre)","Grain Maturity",3786.89473684211,3768,782.168417125454,2048,4955,1100.89473684211,1090,292.14016703114,619,1558,19,"01-May",83.1578947368421
"456",26,"Belle Glade (EREC)","NWG 2730","80/m2 (7.4/sqft)","168 Kg/ha (150 LB/acre)","Grain Maturity",3561.47368421053,3559,739.333436160276,2397,4680,982.052631578947,1035,286.126909232834,382,1431,19,"15-May",82.3157894736842
"457",27,"Belle Glade (EREC)","NWG 2730","80/m2 (7.4/sqft)","168 Kg/ha (150 LB/acre)","Grain Maturity",3677.57894736842,3588,717.970311657141,2514,4873,1051.31578947368,1061,223.299761812974,597,1390,19,"01-June",82.9473684210526
"458",28,"Belle Glade (EREC)","NWG 2730","80/m2 (7.4/sqft)","168 Kg/ha (150 LB/acre)","Grain Maturity",3686.05263157895,3677,744.986537811569,2354,4855,1083.57894736842,1076,231.923913718241,676,1485,19,"15-June",83.3684210526316
"459",29,"Belle Glade (EREC)","NWG 2730","80/m2 (7.4/sqft)","168 Kg/ha (150 LB/acre)","Grain Maturity",3485.78947368421,3411,558.898478054762,2556,4596,991.368421052632,978,209.674141500651,470,1359,19,"30-June",83.1052631578947
"460",31,"Belle Glade (EREC)","NWG 2730","80/m2 (7.4/sqft)","168 Kg/ha (150 LB/acre)","Flowering",470.789473684211,480,113.26300707614,274,652,0,0,0,0,0,19,"01-March",39.9473684210526
"461",32,"Belle Glade (EREC)","NWG 2730","80/m2 (7.4/sqft)","168 Kg/ha (150 LB/acre)","Flowering",497.736842105263,506,127.503743781752,288,713,0,0,0,0,0,19,"15-March",38
"462",33,"Belle Glade (EREC)","NWG 2730","80/m2 (7.4/sqft)","168 Kg/ha (150 LB/acre)","Flowering",530.368421052632,546,115.540858826995,272,702,0,0,0,0,0,19,"01-April",35
"463",34,"Belle Glade (EREC)","NWG 2730","80/m2 (7.4/sqft)","168 Kg/ha (150 LB/acre)","Flowering",561.421052631579,567,106.670997719089,265,735,0,0,0,0,0,19,"15-April",33.8947368421053
"464",35,"Belle Glade (EREC)","NWG 2730","80/m2 (7.4/sqft)","168 Kg/ha (150 LB/acre)","Flowering",539.105263157895,582,136.157137462093,273,732,0,0,0,0,0,19,"01-May",32.4736842105263
"465",36,"Belle Glade (EREC)","NWG 2730","80/m2 (7.4/sqft)","168 Kg/ha (150 LB/acre)","Flowering",477.631578947368,514,127.893276048741,278,689,0,0,0,0,0,19,"15-May",31.7368421052632
"466",37,"Belle Glade (EREC)","NWG 2730","80/m2 (7.4/sqft)","168 Kg/ha (150 LB/acre)","Flowering",500.526315789474,481,108.371976913393,317,664,0,0,0,0,0,19,"01-June",31.9473684210526
"467",38,"Belle Glade (EREC)","NWG 2730","80/m2 (7.4/sqft)","168 Kg/ha (150 LB/acre)","Flowering",512.473684210526,547,131.14341954985,256,715,0,0,0,0,0,19,"15-June",32.1578947368421
"468",39,"Belle Glade (EREC)","NWG 2730","80/m2 (7.4/sqft)","168 Kg/ha (150 LB/acre)","Flowering",501.578947368421,520,89.4845211875425,337,649,0,0,0,0,0,19,"30-June",32
"469",1,"Belle Glade (EREC)","IH Williams","120/m2 (11.2/sqft)","168 Kg/ha (150 LB/acre)","Grain Maturity",10798.6842105263,11027,1322.24611310668,7660,12363,1565.84210526316,1553,252.920335098688,1020,1975,19,"01-March",130.210526315789
"470",2,"Belle Glade (EREC)","IH Williams","120/m2 (11.2/sqft)","168 Kg/ha (150 LB/acre)","Grain Maturity",10900.0526315789,11143,1281.57175520635,7878,12906,1572.63157894737,1611,255.202362085532,1034,1979,19,"15-March",127.684210526316
"471",3,"Belle Glade (EREC)","IH Williams","120/m2 (11.2/sqft)","168 Kg/ha (150 LB/acre)","Grain Maturity",10954.7894736842,10958,1048.02478654676,8523,12624,1504.31578947368,1635,258.710273951293,896,1868,19,"01-April",123.894736842105
"472",4,"Belle Glade (EREC)","IH Williams","120/m2 (11.2/sqft)","168 Kg/ha (150 LB/acre)","Grain Maturity",10904.8947368421,11006,1001.01203759755,8884,12344,1444.31578947368,1505,285.715486421871,711,1824,19,"15-April",122.473684210526
"473",5,"Belle Glade (EREC)","IH Williams","120/m2 (11.2/sqft)","168 Kg/ha (150 LB/acre)","Grain Maturity",10597.6842105263,10562,906.781123451494,9034,12000,1393.05263157895,1435,242.496156598228,739,1680,19,"01-May",121.052631578947
"474",6,"Belle Glade (EREC)","IH Williams","120/m2 (11.2/sqft)","168 Kg/ha (150 LB/acre)","Grain Maturity",10493.5789473684,10366,933.743916582264,8735,11948,1419.31578947368,1415,171.083492492726,1126,1702,19,"15-May",122.210526315789
"475",7,"Belle Glade (EREC)","IH Williams","120/m2 (11.2/sqft)","168 Kg/ha (150 LB/acre)","Grain Maturity",10461.2631578947,10601,794.722302450168,9152,11541,1446.63157894737,1449,199.661438586622,1060,1793,19,"01-June",125.052631578947
"476",8,"Belle Glade (EREC)","IH Williams","120/m2 (11.2/sqft)","168 Kg/ha (150 LB/acre)","Grain Maturity",10119,10428,755.394010507835,8726,11100,1419.26315789474,1437,198.1337489075,988,1679,19,"15-June",124.631578947368
"477",9,"Belle Glade (EREC)","IH Williams","120/m2 (11.2/sqft)","168 Kg/ha (150 LB/acre)","Grain Maturity",9361.05263157895,9787,754.172944628324,7797,10292,1340.68421052632,1368,151.505794766911,1045,1581,19,"30-June",121.947368421053
"478",11,"Belle Glade (EREC)","IH Williams","120/m2 (11.2/sqft)","168 Kg/ha (150 LB/acre)","Flowering",1129.05263157895,1135,266.747378136487,693,1585,0,0,0,0,0,19,"01-March",44.4210526315789
"479",12,"Belle Glade (EREC)","IH Williams","120/m2 (11.2/sqft)","168 Kg/ha (150 LB/acre)","Flowering",1187.36842105263,1215,259.814081075576,730,1594,0,0,0,0,0,19,"15-March",42.2631578947368
"480",13,"Belle Glade (EREC)","IH Williams","120/m2 (11.2/sqft)","168 Kg/ha (150 LB/acre)","Flowering",1297.47368421053,1363,257.698870005942,665,1739,0,0,0,0,0,19,"01-April",39.2105263157895
"481",14,"Belle Glade (EREC)","IH Williams","120/m2 (11.2/sqft)","168 Kg/ha (150 LB/acre)","Flowering",1302.26315789474,1300,250.773656711754,660,1694,0,0,0,0,0,19,"15-April",37.7894736842105
"482",15,"Belle Glade (EREC)","IH Williams","120/m2 (11.2/sqft)","168 Kg/ha (150 LB/acre)","Flowering",1225.68421052632,1283,283.281966447954,655,1642,0,0,0,0,0,19,"01-May",36.2631578947368
"483",16,"Belle Glade (EREC)","IH Williams","120/m2 (11.2/sqft)","168 Kg/ha (150 LB/acre)","Flowering",1299.10526315789,1337,289.789942072384,860,1776,0,0,0,0,0,19,"15-May",37
"484",17,"Belle Glade (EREC)","IH Williams","120/m2 (11.2/sqft)","168 Kg/ha (150 LB/acre)","Flowering",1643.36842105263,1655,364.695795687053,850,2295,0,0,0,0,0,19,"01-June",39.8947368421053
"485",18,"Belle Glade (EREC)","IH Williams","120/m2 (11.2/sqft)","168 Kg/ha (150 LB/acre)","Flowering",1637.73684210526,1656,327.49263640666,1008,2073,0,0,0,0,0,19,"15-June",39.5789473684211
"486",19,"Belle Glade (EREC)","IH Williams","120/m2 (11.2/sqft)","168 Kg/ha (150 LB/acre)","Flowering",1343,1352,199.968330825992,965,1693,0,0,0,0,0,19,"30-June",37.2105263157895
"487",21,"Belle Glade (EREC)","NWG 2730","120/m2 (11.2/sqft)","168 Kg/ha (150 LB/acre)","Grain Maturity",4601.21052631579,4987,942.040667849876,2428,5816,1416,1501,326.615982462586,768,1872,19,"01-March",92.4210526315789
"488",22,"Belle Glade (EREC)","NWG 2730","120/m2 (11.2/sqft)","168 Kg/ha (150 LB/acre)","Grain Maturity",4709.8947368421,5017,955.293782313229,2266,6195,1505.84210526316,1534,341.876888685889,764,2020,19,"15-March",90.1052631578947
"489",23,"Belle Glade (EREC)","NWG 2730","120/m2 (11.2/sqft)","168 Kg/ha (150 LB/acre)","Grain Maturity",4798.8947368421,4972,938.477543372885,2467,6410,1545.89473684211,1674,347.625100541252,797,2104,19,"01-April",86.1578947368421
"490",24,"Belle Glade (EREC)","NWG 2730","120/m2 (11.2/sqft)","168 Kg/ha (150 LB/acre)","Grain Maturity",4751.05263157895,4833,877.24470636978,2366,6031,1490.57894736842,1538,352.887346800879,769,2120,19,"15-April",84.5263157894737
"491",25,"Belle Glade (EREC)","NWG 2730","120/m2 (11.2/sqft)","168 Kg/ha (150 LB/acre)","Grain Maturity",4670.52631578947,4741,865.841618081702,2693,5905,1385.68421052632,1359,340.063401381366,828,1913,19,"01-May",83.1578947368421
"492",26,"Belle Glade (EREC)","NWG 2730","120/m2 (11.2/sqft)","168 Kg/ha (150 LB/acre)","Grain Maturity",4404.68421052632,4320,809.256315159623,3142,5616,1246.73684210526,1334,342.771845418634,518,1762,19,"15-May",82.3157894736842
"493",27,"Belle Glade (EREC)","NWG 2730","120/m2 (11.2/sqft)","168 Kg/ha (150 LB/acre)","Grain Maturity",4533.26315789474,4436,772.770617260119,3295,5828,1332,1357,254.621069216373,799,1713,19,"01-June",82.9473684210526
"494",28,"Belle Glade (EREC)","NWG 2730","120/m2 (11.2/sqft)","168 Kg/ha (150 LB/acre)","Grain Maturity",4527.52631578947,4483,794.444905328456,3068,5793,1356.89473684211,1360,265.01108881136,905,1829,19,"15-June",83.3684210526316
"495",29,"Belle Glade (EREC)","NWG 2730","120/m2 (11.2/sqft)","168 Kg/ha (150 LB/acre)","Grain Maturity",4306.36842105263,4240,605.90714456611,3306,5478,1251.94736842105,1264,247.782268598015,606,1687,19,"30-June",83.1052631578947
"496",31,"Belle Glade (EREC)","NWG 2730","120/m2 (11.2/sqft)","168 Kg/ha (150 LB/acre)","Flowering",663.894736842105,679,152.597835552162,396,906,0,0,0,0,0,19,"01-March",39.9473684210526
"497",32,"Belle Glade (EREC)","NWG 2730","120/m2 (11.2/sqft)","168 Kg/ha (150 LB/acre)","Flowering",698.736842105263,713,169.993739134796,414,985,0,0,0,0,0,19,"15-March",38
"498",33,"Belle Glade (EREC)","NWG 2730","120/m2 (11.2/sqft)","168 Kg/ha (150 LB/acre)","Flowering",741.473684210526,769,153.146759105642,389,971,0,0,0,0,0,19,"01-April",35
"499",34,"Belle Glade (EREC)","NWG 2730","120/m2 (11.2/sqft)","168 Kg/ha (150 LB/acre)","Flowering",786.105263157895,799,143.53818490672,380,1014,0,0,0,0,0,19,"15-April",33.8947368421053
"500",35,"Belle Glade (EREC)","NWG 2730","120/m2 (11.2/sqft)","168 Kg/ha (150 LB/acre)","Flowering",755.263157894737,815,183.149860346737,392,1005,0,0,0,0,0,19,"01-May",32.4736842105263
"501",36,"Belle Glade (EREC)","NWG 2730","120/m2 (11.2/sqft)","168 Kg/ha (150 LB/acre)","Flowering",672.263157894737,728,173.021463699117,398,955,0,0,0,0,0,19,"15-May",31.7368421052632
"502",37,"Belle Glade (EREC)","NWG 2730","120/m2 (11.2/sqft)","168 Kg/ha (150 LB/acre)","Flowering",704.157894736842,678,144.758136657858,457,920,0,0,0,0,0,19,"01-June",31.9473684210526
"503",38,"Belle Glade (EREC)","NWG 2730","120/m2 (11.2/sqft)","168 Kg/ha (150 LB/acre)","Flowering",719.263157894737,763,172.403223128308,368,984,0,0,0,0,0,19,"15-June",32.1578947368421
"504",39,"Belle Glade (EREC)","NWG 2730","120/m2 (11.2/sqft)","168 Kg/ha (150 LB/acre)","Flowering",704.947368421053,729,119.017493431386,485,901,0,0,0,0,0,19,"30-June",32
"505",1,"Belle Glade (EREC)","IH Williams","40/m2 (3.7/sqft)","56 Kg/ha (50 LB/acre)","Grain Maturity",8934.73684210526,9183,1391.33967584025,5712,11150,1122.52631578947,1154,233.368894533253,641,1540,19,"01-March",130.263157894737
"506",2,"Belle Glade (EREC)","IH Williams","40/m2 (3.7/sqft)","56 Kg/ha (50 LB/acre)","Grain Maturity",9067.68421052631,9392,1316.90255493005,5886,11165,1147.36842105263,1203,236.973324923178,644,1526,19,"15-March",127.684210526316
"507",3,"Belle Glade (EREC)","IH Williams","40/m2 (3.7/sqft)","56 Kg/ha (50 LB/acre)","Grain Maturity",9245.05263157895,9304,1123.67143644218,6528,11002,1102.73684210526,1227,232.635585819267,561,1436,19,"01-April",123.894736842105
"508",4,"Belle Glade (EREC)","IH Williams","40/m2 (3.7/sqft)","56 Kg/ha (50 LB/acre)","Grain Maturity",9197.05263157895,9406,1060.40052567594,6905,10729,1074.05263157895,1138,245.123432327518,424,1413,19,"15-April",122.473684210526
"509",5,"Belle Glade (EREC)","IH Williams","40/m2 (3.7/sqft)","56 Kg/ha (50 LB/acre)","Grain Maturity",8898.57894736842,8800,1011.94023296226,7185,10432,1042.47368421053,1077,211.842543314356,439,1302,19,"01-May",121.052631578947
"510",6,"Belle Glade (EREC)","IH Williams","40/m2 (3.7/sqft)","56 Kg/ha (50 LB/acre)","Grain Maturity",8855.8947368421,8893,1033.58501745338,6967,10414,1052,1093,195.666666666667,556,1333,19,"15-May",122.210526315789
"511",7,"Belle Glade (EREC)","IH Williams","40/m2 (3.7/sqft)","56 Kg/ha (50 LB/acre)","Grain Maturity",8959.36842105263,9201,947.844584689466,7538,10275,1138.57894736842,1128,194.467453943519,745,1475,19,"01-June",125
"512",8,"Belle Glade (EREC)","IH Williams","40/m2 (3.7/sqft)","56 Kg/ha (50 LB/acre)","Grain Maturity",8602.31578947369,8929,928.90300011666,7042,9804,1118.78947368421,1144,197.394016274098,652,1364,19,"15-June",124.631578947368
"513",9,"Belle Glade (EREC)","IH Williams","40/m2 (3.7/sqft)","56 Kg/ha (50 LB/acre)","Grain Maturity",7754,8140,836.098877725197,6057,8816,1016.73684210526,1026,146.734015637238,702,1286,19,"30-June",121.947368421053
"514",11,"Belle Glade (EREC)","IH Williams","40/m2 (3.7/sqft)","56 Kg/ha (50 LB/acre)","Flowering",469.631578947368,466,131.990829027506,260,695,0,0,0,0,0,19,"01-March",44.4210526315789
"515",12,"Belle Glade (EREC)","IH Williams","40/m2 (3.7/sqft)","56 Kg/ha (50 LB/acre)","Flowering",499.157894736842,519,130.159843251756,284,703,0,0,0,0,0,19,"15-March",42.2631578947368
"516",13,"Belle Glade (EREC)","IH Williams","40/m2 (3.7/sqft)","56 Kg/ha (50 LB/acre)","Flowering",551.157894736842,585,127.127784863147,259,782,0,0,0,0,0,19,"01-April",39.2105263157895
"517",14,"Belle Glade (EREC)","IH Williams","40/m2 (3.7/sqft)","56 Kg/ha (50 LB/acre)","Flowering",554.684210526316,553,124.004951796997,257,759,0,0,0,0,0,19,"15-April",37.7894736842105
"518",15,"Belle Glade (EREC)","IH Williams","40/m2 (3.7/sqft)","56 Kg/ha (50 LB/acre)","Flowering",521.315789473684,565,138.226887813551,255,736,0,0,0,0,0,19,"01-May",36.2631578947368
"519",16,"Belle Glade (EREC)","IH Williams","40/m2 (3.7/sqft)","56 Kg/ha (50 LB/acre)","Flowering",563.473684210526,589,149.919374043018,348,817,0,0,0,0,0,19,"15-May",37
"520",17,"Belle Glade (EREC)","IH Williams","40/m2 (3.7/sqft)","56 Kg/ha (50 LB/acre)","Flowering",762.631578947368,756,212.61342346206,322,1177,0,0,0,0,0,19,"01-June",39.8947368421053
"521",18,"Belle Glade (EREC)","IH Williams","40/m2 (3.7/sqft)","56 Kg/ha (50 LB/acre)","Flowering",756.210526315789,762,204.676052702087,299,1085,0,0,0,0,0,19,"15-June",39.5789473684211
"522",19,"Belle Glade (EREC)","IH Williams","40/m2 (3.7/sqft)","56 Kg/ha (50 LB/acre)","Flowering",586.947368421053,585,111.584284877302,386,770,0,0,0,0,0,19,"30-June",37.2105263157895
"523",21,"Belle Glade (EREC)","NWG 2730","40/m2 (3.7/sqft)","56 Kg/ha (50 LB/acre)","Grain Maturity",2318.84210526316,2518,605.776018669707,1063,3337,680.842105263158,713,193.164657210686,327,1010,19,"01-March",92.4210526315789
"524",22,"Belle Glade (EREC)","NWG 2730","40/m2 (3.7/sqft)","56 Kg/ha (50 LB/acre)","Grain Maturity",2415.78947368421,2590,631.563454975681,987,3518,731.894736842105,808,199.7361856541,322,1043,19,"15-March",90.1052631578947
"525",23,"Belle Glade (EREC)","NWG 2730","40/m2 (3.7/sqft)","56 Kg/ha (50 LB/acre)","Grain Maturity",2516.63157894737,2610,630.80541202201,1079,3673,772,836,192.574660846125,347,1105,19,"01-April",86.1578947368421
"526",24,"Belle Glade (EREC)","NWG 2730","40/m2 (3.7/sqft)","56 Kg/ha (50 LB/acre)","Grain Maturity",2500.94736842105,2536,580.120052104563,1043,3437,745.578947368421,751,203.136056154346,324,1108,19,"15-April",84.5263157894737
"527",25,"Belle Glade (EREC)","NWG 2730","40/m2 (3.7/sqft)","56 Kg/ha (50 LB/acre)","Grain Maturity",2463.10526315789,2447,593.105751741237,1194,3392,687.842105263158,694,196.973563696557,352,1004,19,"01-May",83.1578947368421
"528",26,"Belle Glade (EREC)","NWG 2730","40/m2 (3.7/sqft)","56 Kg/ha (50 LB/acre)","Grain Maturity",2277.89473684211,2181,566.384919637681,1384,3158,604.315789473684,641,185.999119660873,213,916,19,"15-May",82.3157894736842
"529",27,"Belle Glade (EREC)","NWG 2730","40/m2 (3.7/sqft)","56 Kg/ha (50 LB/acre)","Grain Maturity",2382.15789473684,2298,564.168046591901,1432,3310,647.789473684211,643,158.017080281907,328,880,19,"01-June",82.9473684210526
"530",28,"Belle Glade (EREC)","NWG 2730","40/m2 (3.7/sqft)","56 Kg/ha (50 LB/acre)","Grain Maturity",2390.10526315789,2371,607.540569723248,1234,3312,668.157894736842,680,174.046054938818,308,954,19,"15-June",83.3684210526316
"531",29,"Belle Glade (EREC)","NWG 2730","40/m2 (3.7/sqft)","56 Kg/ha (50 LB/acre)","Grain Maturity",2242.63157894737,2181,446.892630719967,1530,3244,617.947368421053,595,141.866319581425,270,858,19,"30-June",83.1052631578947
"532",31,"Belle Glade (EREC)","NWG 2730","40/m2 (3.7/sqft)","56 Kg/ha (50 LB/acre)","Flowering",252,255,65.1442843062826,142,358,0,0,0,0,0,19,"01-March",39.9473684210526
"533",32,"Belle Glade (EREC)","NWG 2730","40/m2 (3.7/sqft)","56 Kg/ha (50 LB/acre)","Flowering",266.473684210526,270,72.1736858950166,150,389,0,0,0,0,0,19,"15-March",38
"534",33,"Belle Glade (EREC)","NWG 2730","40/m2 (3.7/sqft)","56 Kg/ha (50 LB/acre)","Flowering",284,292,64.7499463749242,142,382,0,0,0,0,0,19,"01-April",35
"535",34,"Belle Glade (EREC)","NWG 2730","40/m2 (3.7/sqft)","56 Kg/ha (50 LB/acre)","Flowering",301.526315789474,303,59.7358708734195,139,401,0,0,0,0,0,19,"15-April",33.8947368421053
"536",35,"Belle Glade (EREC)","NWG 2730","40/m2 (3.7/sqft)","56 Kg/ha (50 LB/acre)","Flowering",289.315789473684,313,76.3719353861082,143,402,0,0,0,0,0,19,"01-May",32.4736842105263
"537",36,"Belle Glade (EREC)","NWG 2730","40/m2 (3.7/sqft)","56 Kg/ha (50 LB/acre)","Flowering",255,274,71.2257756090526,146,375,0,0,0,0,0,19,"15-May",31.7368421052632
"538",37,"Belle Glade (EREC)","NWG 2730","40/m2 (3.7/sqft)","56 Kg/ha (50 LB/acre)","Flowering",268.473684210526,256,61.1567825084318,164,360,0,0,0,0,0,19,"01-June",31.9473684210526
"539",38,"Belle Glade (EREC)","NWG 2730","40/m2 (3.7/sqft)","56 Kg/ha (50 LB/acre)","Flowering",273.789473684211,296,78.179692551745,108,392,0,0,0,0,0,19,"15-June",32.1578947368421
"540",39,"Belle Glade (EREC)","NWG 2730","40/m2 (3.7/sqft)","56 Kg/ha (50 LB/acre)","Flowering",269.210526315789,278,52.4145642899719,176,366,0,0,0,0,0,19,"30-June",32
"541",1,"Belle Glade (EREC)","IH Williams","80/m2 (7.4/sqft)","56 Kg/ha (50 LB/acre)","Grain Maturity",10184.9473684211,10409,1374.41064030629,6986,12271,1415.84210526316,1424,249.947830814062,883,1848,19,"01-March",130.263157894737
"542",2,"Belle Glade (EREC)","IH Williams","80/m2 (7.4/sqft)","56 Kg/ha (50 LB/acre)","Grain Maturity",10285.4210526316,10567,1303.13341671311,7190,12353,1428.15789473684,1467,250.140463464007,892,1829,19,"15-March",127.684210526316
"543",3,"Belle Glade (EREC)","IH Williams","80/m2 (7.4/sqft)","56 Kg/ha (50 LB/acre)","Grain Maturity",10388.7368421053,10393,1076.89475613426,7841,12109,1366.26315789474,1488,251.054629315185,774,1723,19,"01-April",123.894736842105
"544",4,"Belle Glade (EREC)","IH Williams","80/m2 (7.4/sqft)","56 Kg/ha (50 LB/acre)","Grain Maturity",10348.4210526316,10490,1030.24766794686,8217,11837,1319.26315789474,1395,275.182735671582,605,1689,19,"15-April",122.473684210526
"545",5,"Belle Glade (EREC)","IH Williams","80/m2 (7.4/sqft)","56 Kg/ha (50 LB/acre)","Grain Maturity",10031.4210526316,9975,952.684237987562,8408,11462,1281.84210526316,1327,224.214248520842,628,1545,19,"01-May",121.052631578947
"546",6,"Belle Glade (EREC)","IH Williams","80/m2 (7.4/sqft)","56 Kg/ha (50 LB/acre)","Grain Maturity",9957.78947368421,9898,985.205200224658,8136,11505,1300.26315789474,1313,172.625105070453,999,1590,19,"15-May",122.210526315789
"547",7,"Belle Glade (EREC)","IH Williams","80/m2 (7.4/sqft)","56 Kg/ha (50 LB/acre)","Grain Maturity",9958.21052631579,10163,855.357922415287,8622,11146,1354.21052631579,1353,188.828722787895,952,1692,19,"01-June",125
"548",8,"Belle Glade (EREC)","IH Williams","80/m2 (7.4/sqft)","56 Kg/ha (50 LB/acre)","Grain Maturity",9634.68421052631,9940,813.427388867048,8151,10693,1319.15789473684,1343,197.099879688191,877,1578,19,"15-June",124.631578947368
"549",9,"Belle Glade (EREC)","IH Williams","80/m2 (7.4/sqft)","56 Kg/ha (50 LB/acre)","Grain Maturity",8827.73684210526,9190,784.813413218232,7223,9814,1241.05263157895,1256,145.738911788708,926,1480,19,"30-June",121.947368421053
"550",11,"Belle Glade (EREC)","IH Williams","80/m2 (7.4/sqft)","56 Kg/ha (50 LB/acre)","Flowering",836.052631578947,836,215.082793796097,489,1199,0,0,0,0,0,19,"01-March",44.4210526315789
"551",12,"Belle Glade (EREC)","IH Williams","80/m2 (7.4/sqft)","56 Kg/ha (50 LB/acre)","Flowering",882.315789473684,900,209.432845941281,524,1212,0,0,0,0,0,19,"15-March",42.2631578947368
"552",13,"Belle Glade (EREC)","IH Williams","80/m2 (7.4/sqft)","56 Kg/ha (50 LB/acre)","Flowering",969.263157894737,1022,206.100256645822,478,1330,0,0,0,0,0,19,"01-April",39.2105263157895
"553",14,"Belle Glade (EREC)","IH Williams","80/m2 (7.4/sqft)","56 Kg/ha (50 LB/acre)","Flowering",973.473684210526,971,199.942038384754,475,1289,0,0,0,0,0,19,"15-April",37.7894736842105
"554",15,"Belle Glade (EREC)","IH Williams","80/m2 (7.4/sqft)","56 Kg/ha (50 LB/acre)","Flowering",913.947368421053,957,225.179551490265,471,1255,0,0,0,0,0,19,"01-May",36.2631578947368
"555",16,"Belle Glade (EREC)","IH Williams","80/m2 (7.4/sqft)","56 Kg/ha (50 LB/acre)","Flowering",978.736842105263,1013,236.507186196967,629,1370,0,0,0,0,0,19,"15-May",37
"556",17,"Belle Glade (EREC)","IH Williams","80/m2 (7.4/sqft)","56 Kg/ha (50 LB/acre)","Flowering",1269.42105263158,1272,309.318303476366,611,1844,0,0,0,0,0,19,"01-June",39.8947368421053
"557",18,"Belle Glade (EREC)","IH Williams","80/m2 (7.4/sqft)","56 Kg/ha (50 LB/acre)","Flowering",1262.21052631579,1275,281.367213391912,701,1647,0,0,0,0,0,19,"15-June",39.5789473684211
"558",19,"Belle Glade (EREC)","IH Williams","80/m2 (7.4/sqft)","56 Kg/ha (50 LB/acre)","Flowering",1013.89473684211,1014,168.153334369703,702,1299,0,0,0,0,0,19,"30-June",37.2105263157895
"559",21,"Belle Glade (EREC)","NWG 2730","80/m2 (7.4/sqft)","56 Kg/ha (50 LB/acre)","Grain Maturity",3667.10526315789,3992,823.876534354298,1836,4802,1117.52631578947,1175,275.669763872374,575,1513,19,"01-March",92.4210526315789
"560",22,"Belle Glade (EREC)","NWG 2730","80/m2 (7.4/sqft)","56 Kg/ha (50 LB/acre)","Grain Maturity",3785.10526315789,4005,856.165800060352,1710,5179,1190.42105263158,1234,289.156304480903,569,1634,19,"15-March",90.1052631578947
"561",23,"Belle Glade (EREC)","NWG 2730","80/m2 (7.4/sqft)","56 Kg/ha (50 LB/acre)","Grain Maturity",3904.05263157895,4073,843.717993544987,1864,5376,1234.21052631579,1332,293.074995890769,602,1714,19,"01-April",86.1578947368421
"562",24,"Belle Glade (EREC)","NWG 2730","80/m2 (7.4/sqft)","56 Kg/ha (50 LB/acre)","Grain Maturity",3867.89473684211,3925,782.71847462949,1795,5051,1189.78947368421,1223,300.737718682902,573,1725,19,"15-April",84.5263157894737
"563",25,"Belle Glade (EREC)","NWG 2730","80/m2 (7.4/sqft)","56 Kg/ha (50 LB/acre)","Grain Maturity",3793.10526315789,3886,782.478462233721,2048,4955,1100.94736842105,1090,292.135332733956,619,1558,19,"01-May",83.1578947368421
"564",26,"Belle Glade (EREC)","NWG 2730","80/m2 (7.4/sqft)","56 Kg/ha (50 LB/acre)","Grain Maturity",3561.42105263158,3558,739.333657633643,2397,4680,982.052631578947,1035,286.126909232834,382,1431,19,"15-May",82.3157894736842
"565",27,"Belle Glade (EREC)","NWG 2730","80/m2 (7.4/sqft)","56 Kg/ha (50 LB/acre)","Grain Maturity",3677.21052631579,3588,718.263769172066,2514,4873,1051.31578947368,1061,223.299761812974,597,1390,19,"01-June",82.9473684210526
"566",28,"Belle Glade (EREC)","NWG 2730","80/m2 (7.4/sqft)","56 Kg/ha (50 LB/acre)","Grain Maturity",3686.42105263158,3677,745.166224244219,2354,4855,1083.68421052632,1078,231.920736610971,676,1485,19,"15-June",83.3684210526316
"567",29,"Belle Glade (EREC)","NWG 2730","80/m2 (7.4/sqft)","56 Kg/ha (50 LB/acre)","Grain Maturity",3485.78947368421,3411,558.898478054762,2556,4596,991.368421052632,978,209.674141500651,470,1359,19,"30-June",83.1052631578947
"568",31,"Belle Glade (EREC)","NWG 2730","80/m2 (7.4/sqft)","56 Kg/ha (50 LB/acre)","Flowering",470.789473684211,480,113.26300707614,274,652,0,0,0,0,0,19,"01-March",39.9473684210526
"569",32,"Belle Glade (EREC)","NWG 2730","80/m2 (7.4/sqft)","56 Kg/ha (50 LB/acre)","Flowering",497.736842105263,506,127.503743781752,288,713,0,0,0,0,0,19,"15-March",38
"570",33,"Belle Glade (EREC)","NWG 2730","80/m2 (7.4/sqft)","56 Kg/ha (50 LB/acre)","Flowering",530.368421052632,546,115.540858826995,272,702,0,0,0,0,0,19,"01-April",35
"571",34,"Belle Glade (EREC)","NWG 2730","80/m2 (7.4/sqft)","56 Kg/ha (50 LB/acre)","Flowering",561.421052631579,567,106.670997719089,265,735,0,0,0,0,0,19,"15-April",33.8947368421053
"572",35,"Belle Glade (EREC)","NWG 2730","80/m2 (7.4/sqft)","56 Kg/ha (50 LB/acre)","Flowering",539.105263157895,582,136.157137462093,273,732,0,0,0,0,0,19,"01-May",32.4736842105263
"573",36,"Belle Glade (EREC)","NWG 2730","80/m2 (7.4/sqft)","56 Kg/ha (50 LB/acre)","Flowering",477.631578947368,514,127.893276048741,278,689,0,0,0,0,0,19,"15-May",31.7368421052632
"574",37,"Belle Glade (EREC)","NWG 2730","80/m2 (7.4/sqft)","56 Kg/ha (50 LB/acre)","Flowering",500.526315789474,481,108.371976913393,317,664,0,0,0,0,0,19,"01-June",31.9473684210526
"575",38,"Belle Glade (EREC)","NWG 2730","80/m2 (7.4/sqft)","56 Kg/ha (50 LB/acre)","Flowering",512.473684210526,547,131.14341954985,256,715,0,0,0,0,0,19,"15-June",32.1578947368421
"576",39,"Belle Glade (EREC)","NWG 2730","80/m2 (7.4/sqft)","56 Kg/ha (50 LB/acre)","Flowering",501.578947368421,520,89.4845211875425,337,649,0,0,0,0,0,19,"30-June",32
"577",1,"Belle Glade (EREC)","IH Williams","40/m2 (3.7/sqft)","224 Kg/ha (200 LB/acre)","Grain Maturity",8934.73684210526,9183,1391.33967584025,5712,11150,1122.52631578947,1154,233.368894533253,641,1540,19,"01-March",130.263157894737
"578",2,"Belle Glade (EREC)","IH Williams","40/m2 (3.7/sqft)","224 Kg/ha (200 LB/acre)","Grain Maturity",9067.68421052631,9392,1316.90255493005,5886,11165,1147.36842105263,1203,236.973324923178,644,1526,19,"15-March",127.684210526316
"579",3,"Belle Glade (EREC)","IH Williams","40/m2 (3.7/sqft)","224 Kg/ha (200 LB/acre)","Grain Maturity",9245.05263157895,9304,1123.67143644218,6528,11002,1102.73684210526,1227,232.635585819267,561,1436,19,"01-April",123.894736842105
"580",4,"Belle Glade (EREC)","IH Williams","40/m2 (3.7/sqft)","224 Kg/ha (200 LB/acre)","Grain Maturity",9197.1052631579,9406,1060.28046052484,6906,10729,1074.05263157895,1138,245.123432327518,424,1413,19,"15-April",122.473684210526
"581",5,"Belle Glade (EREC)","IH Williams","40/m2 (3.7/sqft)","224 Kg/ha (200 LB/acre)","Grain Maturity",8898.57894736842,8800,1011.94023296226,7185,10432,1042.47368421053,1077,211.842543314356,439,1302,19,"01-May",121.052631578947
"582",6,"Belle Glade (EREC)","IH Williams","40/m2 (3.7/sqft)","224 Kg/ha (200 LB/acre)","Grain Maturity",8855.78947368421,8893,1033.69915991858,6967,10414,1052,1093,195.666666666667,556,1333,19,"15-May",122.210526315789
"583",7,"Belle Glade (EREC)","IH Williams","40/m2 (3.7/sqft)","224 Kg/ha (200 LB/acre)","Grain Maturity",8959.31578947369,9201,947.835959355812,7538,10275,1138.57894736842,1128,194.467453943519,745,1475,19,"01-June",125
"584",8,"Belle Glade (EREC)","IH Williams","40/m2 (3.7/sqft)","224 Kg/ha (200 LB/acre)","Grain Maturity",8602.31578947369,8929,928.90300011666,7042,9804,1118.78947368421,1144,197.394016274098,652,1364,19,"15-June",124.631578947368
"585",9,"Belle Glade (EREC)","IH Williams","40/m2 (3.7/sqft)","224 Kg/ha (200 LB/acre)","Grain Maturity",7754,8140,836.098877725197,6057,8816,1016.73684210526,1026,146.734015637238,702,1286,19,"30-June",121.947368421053
"586",11,"Belle Glade (EREC)","IH Williams","40/m2 (3.7/sqft)","224 Kg/ha (200 LB/acre)","Flowering",469.631578947368,466,131.990829027506,260,695,0,0,0,0,0,19,"01-March",44.4210526315789
"587",12,"Belle Glade (EREC)","IH Williams","40/m2 (3.7/sqft)","224 Kg/ha (200 LB/acre)","Flowering",499.157894736842,519,130.159843251756,284,703,0,0,0,0,0,19,"15-March",42.2631578947368
"588",13,"Belle Glade (EREC)","IH Williams","40/m2 (3.7/sqft)","224 Kg/ha (200 LB/acre)","Flowering",551.157894736842,585,127.127784863147,259,782,0,0,0,0,0,19,"01-April",39.2105263157895
"589",14,"Belle Glade (EREC)","IH Williams","40/m2 (3.7/sqft)","224 Kg/ha (200 LB/acre)","Flowering",554.684210526316,553,124.004951796997,257,759,0,0,0,0,0,19,"15-April",37.7894736842105
"590",15,"Belle Glade (EREC)","IH Williams","40/m2 (3.7/sqft)","224 Kg/ha (200 LB/acre)","Flowering",521.315789473684,565,138.226887813551,255,736,0,0,0,0,0,19,"01-May",36.2631578947368
"591",16,"Belle Glade (EREC)","IH Williams","40/m2 (3.7/sqft)","224 Kg/ha (200 LB/acre)","Flowering",563.473684210526,589,149.919374043018,348,817,0,0,0,0,0,19,"15-May",37
"592",17,"Belle Glade (EREC)","IH Williams","40/m2 (3.7/sqft)","224 Kg/ha (200 LB/acre)","Flowering",762.631578947368,756,212.61342346206,322,1177,0,0,0,0,0,19,"01-June",39.8947368421053
"593",18,"Belle Glade (EREC)","IH Williams","40/m2 (3.7/sqft)","224 Kg/ha (200 LB/acre)","Flowering",756.210526315789,762,204.676052702087,299,1085,0,0,0,0,0,19,"15-June",39.5789473684211
"594",19,"Belle Glade (EREC)","IH Williams","40/m2 (3.7/sqft)","224 Kg/ha (200 LB/acre)","Flowering",586.947368421053,585,111.584284877302,386,770,0,0,0,0,0,19,"30-June",37.2105263157895
"595",21,"Belle Glade (EREC)","NWG 2730","40/m2 (3.7/sqft)","224 Kg/ha (200 LB/acre)","Grain Maturity",2318.68421052632,2518,605.714459005193,1063,3337,680.842105263158,713,193.164657210686,327,1010,19,"01-March",92.4210526315789
"596",22,"Belle Glade (EREC)","NWG 2730","40/m2 (3.7/sqft)","224 Kg/ha (200 LB/acre)","Grain Maturity",2415.73684210526,2590,631.466533124393,987,3517,731.894736842105,808,199.7361856541,322,1043,19,"15-March",90.1052631578947
"597",23,"Belle Glade (EREC)","NWG 2730","40/m2 (3.7/sqft)","224 Kg/ha (200 LB/acre)","Grain Maturity",2516.15789473684,2610,631.423283204777,1079,3673,772,836,192.574660846125,347,1105,19,"01-April",86.1578947368421
"598",24,"Belle Glade (EREC)","NWG 2730","40/m2 (3.7/sqft)","224 Kg/ha (200 LB/acre)","Grain Maturity",2500.78947368421,2536,580.049765963363,1043,3437,745.526315789474,751,203.143454627253,324,1108,19,"15-April",84.5263157894737
"599",25,"Belle Glade (EREC)","NWG 2730","40/m2 (3.7/sqft)","224 Kg/ha (200 LB/acre)","Grain Maturity",2463.42105263158,2447,592.951311078693,1194,3392,687.842105263158,694,196.973563696557,352,1004,19,"01-May",83.1578947368421
"600",26,"Belle Glade (EREC)","NWG 2730","40/m2 (3.7/sqft)","224 Kg/ha (200 LB/acre)","Grain Maturity",2277.89473684211,2181,566.384919637681,1384,3158,604.315789473684,641,185.999119660873,213,916,19,"15-May",82.3157894736842
"601",27,"Belle Glade (EREC)","NWG 2730","40/m2 (3.7/sqft)","224 Kg/ha (200 LB/acre)","Grain Maturity",2382.15789473684,2298,564.168046591901,1432,3310,647.789473684211,643,158.017080281907,328,880,19,"01-June",82.9473684210526
"602",28,"Belle Glade (EREC)","NWG 2730","40/m2 (3.7/sqft)","224 Kg/ha (200 LB/acre)","Grain Maturity",2390.10526315789,2371,607.540569723248,1234,3312,668.157894736842,680,174.046054938818,308,954,19,"15-June",83.3684210526316
"603",29,"Belle Glade (EREC)","NWG 2730","40/m2 (3.7/sqft)","224 Kg/ha (200 LB/acre)","Grain Maturity",2242.73684210526,2181,446.842980388869,1530,3244,618,595,141.839894090328,270,858,19,"30-June",83.1052631578947
"604",31,"Belle Glade (EREC)","NWG 2730","40/m2 (3.7/sqft)","224 Kg/ha (200 LB/acre)","Flowering",252,255,65.1442843062826,142,358,0,0,0,0,0,19,"01-March",39.9473684210526
"605",32,"Belle Glade (EREC)","NWG 2730","40/m2 (3.7/sqft)","224 Kg/ha (200 LB/acre)","Flowering",266.473684210526,270,72.1736858950166,150,389,0,0,0,0,0,19,"15-March",38
"606",33,"Belle Glade (EREC)","NWG 2730","40/m2 (3.7/sqft)","224 Kg/ha (200 LB/acre)","Flowering",284,292,64.7499463749242,142,382,0,0,0,0,0,19,"01-April",35
"607",34,"Belle Glade (EREC)","NWG 2730","40/m2 (3.7/sqft)","224 Kg/ha (200 LB/acre)","Flowering",301.526315789474,303,59.7358708734195,139,401,0,0,0,0,0,19,"15-April",33.8947368421053
"608",35,"Belle Glade (EREC)","NWG 2730","40/m2 (3.7/sqft)","224 Kg/ha (200 LB/acre)","Flowering",289.315789473684,313,76.3719353861082,143,402,0,0,0,0,0,19,"01-May",32.4736842105263
"609",36,"Belle Glade (EREC)","NWG 2730","40/m2 (3.7/sqft)","224 Kg/ha (200 LB/acre)","Flowering",255,274,71.2257756090526,146,375,0,0,0,0,0,19,"15-May",31.7368421052632
"610",37,"Belle Glade (EREC)","NWG 2730","40/m2 (3.7/sqft)","224 Kg/ha (200 LB/acre)","Flowering",268.473684210526,256,61.1567825084318,164,360,0,0,0,0,0,19,"01-June",31.9473684210526
"611",38,"Belle Glade (EREC)","NWG 2730","40/m2 (3.7/sqft)","224 Kg/ha (200 LB/acre)","Flowering",273.789473684211,296,78.179692551745,108,392,0,0,0,0,0,19,"15-June",32.1578947368421
"612",39,"Belle Glade (EREC)","NWG 2730","40/m2 (3.7/sqft)","224 Kg/ha (200 LB/acre)","Flowering",269.210526315789,278,52.4145642899719,176,366,0,0,0,0,0,19,"30-June",32
"613",1,"Belle Glade (EREC)","IH Williams","80/m2 (7.4/sqft)","224 Kg/ha (200 LB/acre)","Grain Maturity",10184.9473684211,10409,1374.41064030629,6986,12271,1415.84210526316,1424,249.947830814062,883,1848,19,"01-March",130.263157894737
"614",2,"Belle Glade (EREC)","IH Williams","80/m2 (7.4/sqft)","224 Kg/ha (200 LB/acre)","Grain Maturity",10285.1578947368,10567,1303.00291050915,7190,12353,1428.15789473684,1467,250.140463464007,892,1829,19,"15-March",127.684210526316
"615",3,"Belle Glade (EREC)","IH Williams","80/m2 (7.4/sqft)","224 Kg/ha (200 LB/acre)","Grain Maturity",10388.8947368421,10393,1076.77073257324,7841,12109,1366.31578947368,1488,250.96769438661,774,1723,19,"01-April",123.894736842105
"616",4,"Belle Glade (EREC)","IH Williams","80/m2 (7.4/sqft)","224 Kg/ha (200 LB/acre)","Grain Maturity",10348.2105263158,10490,1030.3574125811,8217,11837,1319.26315789474,1395,275.182735671582,605,1689,19,"15-April",122.473684210526
"617",5,"Belle Glade (EREC)","IH Williams","80/m2 (7.4/sqft)","224 Kg/ha (200 LB/acre)","Grain Maturity",10031.4736842105,9975,952.654383430321,8408,11462,1281.84210526316,1327,224.214248520842,628,1545,19,"01-May",121.052631578947
"618",6,"Belle Glade (EREC)","IH Williams","80/m2 (7.4/sqft)","224 Kg/ha (200 LB/acre)","Grain Maturity",9957.78947368421,9898,985.205200224658,8136,11505,1300.26315789474,1313,172.625105070453,999,1590,19,"15-May",122.210526315789
"619",7,"Belle Glade (EREC)","IH Williams","80/m2 (7.4/sqft)","224 Kg/ha (200 LB/acre)","Grain Maturity",9958.21052631579,10163,855.357922415287,8622,11146,1354.21052631579,1353,188.828722787895,952,1692,19,"01-June",125
"620",8,"Belle Glade (EREC)","IH Williams","80/m2 (7.4/sqft)","224 Kg/ha (200 LB/acre)","Grain Maturity",9634.57894736842,9940,813.602026367893,8151,10693,1319.10526315789,1343,197.224602571913,876,1578,19,"15-June",124.631578947368
"621",9,"Belle Glade (EREC)","IH Williams","80/m2 (7.4/sqft)","224 Kg/ha (200 LB/acre)","Grain Maturity",8827.73684210526,9190,784.813413218232,7223,9814,1241.05263157895,1256,145.738911788708,926,1480,19,"30-June",121.947368421053
"622",11,"Belle Glade (EREC)","IH Williams","80/m2 (7.4/sqft)","224 Kg/ha (200 LB/acre)","Flowering",836.052631578947,836,215.082793796097,489,1199,0,0,0,0,0,19,"01-March",44.4210526315789
"623",12,"Belle Glade (EREC)","IH Williams","80/m2 (7.4/sqft)","224 Kg/ha (200 LB/acre)","Flowering",882.315789473684,900,209.432845941281,524,1212,0,0,0,0,0,19,"15-March",42.2631578947368
"624",13,"Belle Glade (EREC)","IH Williams","80/m2 (7.4/sqft)","224 Kg/ha (200 LB/acre)","Flowering",969.263157894737,1022,206.100256645822,478,1330,0,0,0,0,0,19,"01-April",39.2105263157895
"625",14,"Belle Glade (EREC)","IH Williams","80/m2 (7.4/sqft)","224 Kg/ha (200 LB/acre)","Flowering",973.473684210526,971,199.942038384754,475,1289,0,0,0,0,0,19,"15-April",37.7894736842105
"626",15,"Belle Glade (EREC)","IH Williams","80/m2 (7.4/sqft)","224 Kg/ha (200 LB/acre)","Flowering",913.947368421053,957,225.179551490265,471,1255,0,0,0,0,0,19,"01-May",36.2631578947368
"627",16,"Belle Glade (EREC)","IH Williams","80/m2 (7.4/sqft)","224 Kg/ha (200 LB/acre)","Flowering",978.736842105263,1013,236.507186196967,629,1370,0,0,0,0,0,19,"15-May",37
"628",17,"Belle Glade (EREC)","IH Williams","80/m2 (7.4/sqft)","224 Kg/ha (200 LB/acre)","Flowering",1269.42105263158,1272,309.318303476366,611,1844,0,0,0,0,0,19,"01-June",39.8947368421053
"629",18,"Belle Glade (EREC)","IH Williams","80/m2 (7.4/sqft)","224 Kg/ha (200 LB/acre)","Flowering",1262.21052631579,1275,281.367213391912,701,1647,0,0,0,0,0,19,"15-June",39.5789473684211
"630",19,"Belle Glade (EREC)","IH Williams","80/m2 (7.4/sqft)","224 Kg/ha (200 LB/acre)","Flowering",1013.89473684211,1014,168.153334369703,702,1299,0,0,0,0,0,19,"30-June",37.2105263157895
"631",21,"Belle Glade (EREC)","NWG 2730","80/m2 (7.4/sqft)","224 Kg/ha (200 LB/acre)","Grain Maturity",3667.10526315789,3992,823.876534354298,1836,4802,1117.52631578947,1175,275.669763872374,575,1513,19,"01-March",92.4210526315789
"632",22,"Belle Glade (EREC)","NWG 2730","80/m2 (7.4/sqft)","224 Kg/ha (200 LB/acre)","Grain Maturity",3785.10526315789,4005,855.494197313709,1710,5179,1190.42105263158,1234,288.969493928083,569,1634,19,"15-March",90.1052631578947
"633",23,"Belle Glade (EREC)","NWG 2730","80/m2 (7.4/sqft)","224 Kg/ha (200 LB/acre)","Grain Maturity",3904.05263157895,4073,843.717993544987,1864,5376,1234.21052631579,1332,293.074995890769,602,1714,19,"01-April",86.1578947368421
"634",24,"Belle Glade (EREC)","NWG 2730","80/m2 (7.4/sqft)","224 Kg/ha (200 LB/acre)","Grain Maturity",3867.89473684211,3925,782.71847462949,1795,5051,1189.78947368421,1223,300.737718682902,573,1725,19,"15-April",84.5263157894737
"635",25,"Belle Glade (EREC)","NWG 2730","80/m2 (7.4/sqft)","224 Kg/ha (200 LB/acre)","Grain Maturity",3786.68421052632,3768,782.389648067706,2048,4955,1100.89473684211,1090,292.14016703114,619,1558,19,"01-May",83.1578947368421
"636",26,"Belle Glade (EREC)","NWG 2730","80/m2 (7.4/sqft)","224 Kg/ha (200 LB/acre)","Grain Maturity",3561.73684210526,3559,738.896688170595,2402,4680,982.157894736842,1035,285.894165180422,384,1431,19,"15-May",82.3157894736842
"637",27,"Belle Glade (EREC)","NWG 2730","80/m2 (7.4/sqft)","224 Kg/ha (200 LB/acre)","Grain Maturity",3677.57894736842,3588,717.970311657141,2514,4873,1051.31578947368,1061,223.299761812974,597,1390,19,"01-June",82.9473684210526
"638",28,"Belle Glade (EREC)","NWG 2730","80/m2 (7.4/sqft)","224 Kg/ha (200 LB/acre)","Grain Maturity",3686.42105263158,3677,745.166224244219,2354,4855,1083.68421052632,1078,231.920736610971,676,1485,19,"15-June",83.3684210526316
"639",29,"Belle Glade (EREC)","NWG 2730","80/m2 (7.4/sqft)","224 Kg/ha (200 LB/acre)","Grain Maturity",3485.78947368421,3411,558.898478054762,2556,4596,991.368421052632,978,209.674141500651,470,1359,19,"30-June",83.1052631578947
"640",31,"Belle Glade (EREC)","NWG 2730","80/m2 (7.4/sqft)","224 Kg/ha (200 LB/acre)","Flowering",470.789473684211,480,113.26300707614,274,652,0,0,0,0,0,19,"01-March",39.9473684210526
"641",32,"Belle Glade (EREC)","NWG 2730","80/m2 (7.4/sqft)","224 Kg/ha (200 LB/acre)","Flowering",497.736842105263,506,127.503743781752,288,713,0,0,0,0,0,19,"15-March",38
"642",33,"Belle Glade (EREC)","NWG 2730","80/m2 (7.4/sqft)","224 Kg/ha (200 LB/acre)","Flowering",530.368421052632,546,115.540858826995,272,702,0,0,0,0,0,19,"01-April",35
"643",34,"Belle Glade (EREC)","NWG 2730","80/m2 (7.4/sqft)","224 Kg/ha (200 LB/acre)","Flowering",561.421052631579,567,106.670997719089,265,735,0,0,0,0,0,19,"15-April",33.8947368421053
"644",35,"Belle Glade (EREC)","NWG 2730","80/m2 (7.4/sqft)","224 Kg/ha (200 LB/acre)","Flowering",539.105263157895,582,136.157137462093,273,732,0,0,0,0,0,19,"01-May",32.4736842105263
"645",36,"Belle Glade (EREC)","NWG 2730","80/m2 (7.4/sqft)","224 Kg/ha (200 LB/acre)","Flowering",477.631578947368,514,127.893276048741,278,689,0,0,0,0,0,19,"15-May",31.7368421052632
"646",37,"Belle Glade (EREC)","NWG 2730","80/m2 (7.4/sqft)","224 Kg/ha (200 LB/acre)","Flowering",500.526315789474,481,108.371976913393,317,664,0,0,0,0,0,19,"01-June",31.9473684210526
"647",38,"Belle Glade (EREC)","NWG 2730","80/m2 (7.4/sqft)","224 Kg/ha (200 LB/acre)","Flowering",512.473684210526,547,131.14341954985,256,715,0,0,0,0,0,19,"15-June",32.1578947368421
"648",39,"Belle Glade (EREC)","NWG 2730","80/m2 (7.4/sqft)","224 Kg/ha (200 LB/acre)","Flowering",501.578947368421,520,89.4845211875425,337,649,0,0,0,0,0,19,"30-June",32
"649",1,"Belle Glade (EREC)","IH Williams","160/m2 (14.8/sqft)","224 Kg/ha (200 LB/acre)","Grain Maturity",11201.4736842105,11399,1301.09865406215,8099,12844,1653.78947368421,1653,250.176288721766,1112,2062,19,"01-March",130.210526315789
"650",2,"Belle Glade (EREC)","IH Williams","160/m2 (14.8/sqft)","224 Kg/ha (200 LB/acre)","Grain Maturity",11271.0526315789,11482,1265.47968391806,8325,13240,1666.15789473684,1680,254.226771725537,1128,2071,19,"15-March",127.684210526316
"651",3,"Belle Glade (EREC)","IH Williams","160/m2 (14.8/sqft)","224 Kg/ha (200 LB/acre)","Grain Maturity",11318.1052631579,11346,1026.96185662894,8955,12940,1575.68421052632,1718,269.915841334866,980,1958,19,"01-April",123.894736842105
"652",4,"Belle Glade (EREC)","IH Williams","160/m2 (14.8/sqft)","224 Kg/ha (200 LB/acre)","Grain Maturity",11252.4736842105,11313,976.892656927001,9308,12641,1522.68421052632,1572,292.762333003635,771,1906,19,"15-April",122.473684210526
"653",5,"Belle Glade (EREC)","IH Williams","160/m2 (14.8/sqft)","224 Kg/ha (200 LB/acre)","Grain Maturity",10942.6315789474,10918,875.538070149266,9435,12321,1471.94736842105,1500,243.010167524875,822,1765,19,"01-May",121.052631578947
"654",6,"Belle Glade (EREC)","IH Williams","160/m2 (14.8/sqft)","224 Kg/ha (200 LB/acre)","Grain Maturity",10824.4210526316,10726,903.292023396733,9110,12274,1496.78947368421,1484,169.668493424144,1208,1787,19,"15-May",122.210526315789
"655",7,"Belle Glade (EREC)","IH Williams","160/m2 (14.8/sqft)","224 Kg/ha (200 LB/acre)","Grain Maturity",10757.5789473684,10855,751.585163045374,9470,11793,1505.47368421053,1512,198.834484048375,1122,1853,19,"01-June",125.052631578947
"656",8,"Belle Glade (EREC)","IH Williams","160/m2 (14.8/sqft)","224 Kg/ha (200 LB/acre)","Grain Maturity",10409.5263157895,10717,722.361895176053,9079,11352,1479.05263157895,1506,196.16418114659,1062,1738,19,"15-June",124.631578947368
"657",9,"Belle Glade (EREC)","IH Williams","160/m2 (14.8/sqft)","224 Kg/ha (200 LB/acre)","Grain Maturity",9686.57894736842,10082,720.01584209342,8162,10578,1399.05263157895,1433,172.977350374811,988,1645,19,"30-June",121.947368421053
"658",11,"Belle Glade (EREC)","IH Williams","160/m2 (14.8/sqft)","224 Kg/ha (200 LB/acre)","Flowering",1376.05263157895,1387,306.736128670196,875,1895,0,0,0,0,0,19,"01-March",44.4210526315789
"659",12,"Belle Glade (EREC)","IH Williams","160/m2 (14.8/sqft)","224 Kg/ha (200 LB/acre)","Flowering",1436.26315789474,1477,292.298523603156,908,1895,0,0,0,0,0,19,"15-March",42.2631578947368
"660",13,"Belle Glade (EREC)","IH Williams","160/m2 (14.8/sqft)","224 Kg/ha (200 LB/acre)","Flowering",1567.94736842105,1640,294.283777195529,827,2060,0,0,0,0,0,19,"01-April",39.2105263157895
"661",14,"Belle Glade (EREC)","IH Williams","160/m2 (14.8/sqft)","224 Kg/ha (200 LB/acre)","Flowering",1571.47368421053,1570,289.392921748088,820,2014,0,0,0,0,0,19,"15-April",37.7894736842105
"662",15,"Belle Glade (EREC)","IH Williams","160/m2 (14.8/sqft)","224 Kg/ha (200 LB/acre)","Flowering",1480.47368421053,1549,326.859359565659,816,1949,0,0,0,0,0,19,"01-May",36.2631578947368
"663",16,"Belle Glade (EREC)","IH Williams","160/m2 (14.8/sqft)","224 Kg/ha (200 LB/acre)","Flowering",1560.31578947368,1597,327.566287207063,1054,2095,0,0,0,0,0,19,"15-May",37
"664",17,"Belle Glade (EREC)","IH Williams","160/m2 (14.8/sqft)","224 Kg/ha (200 LB/acre)","Flowering",1935.47368421053,1956,398.966911524287,1053,2632,0,0,0,0,0,19,"01-June",39.8947368421053
"665",18,"Belle Glade (EREC)","IH Williams","160/m2 (14.8/sqft)","224 Kg/ha (200 LB/acre)","Flowering",1933.63157894737,1976,355.721053405976,1230,2403,0,0,0,0,0,19,"15-June",39.5789473684211
"666",19,"Belle Glade (EREC)","IH Williams","160/m2 (14.8/sqft)","224 Kg/ha (200 LB/acre)","Flowering",1610.57894736842,1622,225.250309110523,1189,2003,0,0,0,0,0,19,"30-June",37.2105263157895
"667",21,"Belle Glade (EREC)","NWG 2730","160/m2 (14.8/sqft)","224 Kg/ha (200 LB/acre)","Grain Maturity",5282.05263157895,5711,1004.68853513493,2898,6534,1646.21052631579,1726,355.884590991607,923,2133,19,"01-March",92.4210526315789
"668",22,"Belle Glade (EREC)","NWG 2730","160/m2 (14.8/sqft)","224 Kg/ha (200 LB/acre)","Grain Maturity",5394.84210526316,5678,1019.39754883612,2710,6900,1729.94736842105,1781,364.971608284537,921,2295,19,"15-March",90.1052631578947
"669",23,"Belle Glade (EREC)","NWG 2730","160/m2 (14.8/sqft)","224 Kg/ha (200 LB/acre)","Grain Maturity",5446.1052631579,5617,991.60968434252,2951,7125,1768.26315789474,1913,386.677276019,944,2378,19,"01-April",86.1578947368421
"670",24,"Belle Glade (EREC)","NWG 2730","160/m2 (14.8/sqft)","224 Kg/ha (200 LB/acre)","Grain Maturity",5383.73684210526,5487,931.521565451163,2820,6710,1705.15789473684,1742,385.30727466067,928,2400,19,"15-April",84.5263157894737
"671",25,"Belle Glade (EREC)","NWG 2730","160/m2 (14.8/sqft)","224 Kg/ha (200 LB/acre)","Grain Maturity",5293.47368421053,5352,908.984681964874,3200,6580,1591,1571,369.727076518763,995,2149,19,"01-May",83.1578947368421
"672",26,"Belle Glade (EREC)","NWG 2730","160/m2 (14.8/sqft)","224 Kg/ha (200 LB/acre)","Grain Maturity",5011.05263157895,4917,834.496153621667,3707,6272,1442.05263157895,1558,374.693871148199,628,1997,19,"15-May",82.3157894736842
"673",27,"Belle Glade (EREC)","NWG 2730","160/m2 (14.8/sqft)","224 Kg/ha (200 LB/acre)","Grain Maturity",5146.36842105263,5050,788.79473534179,3898,6495,1533.21052631579,1560,271.724652083148,958,1941,19,"01-June",82.9473684210526
"674",28,"Belle Glade (EREC)","NWG 2730","160/m2 (14.8/sqft)","224 Kg/ha (200 LB/acre)","Grain Maturity",5134.21052631579,5100,813.933902513477,3624,6441,1565.47368421053,1555,277.949709364253,1089,2072,19,"15-June",83.3684210526316
"675",29,"Belle Glade (EREC)","NWG 2730","160/m2 (14.8/sqft)","224 Kg/ha (200 LB/acre)","Grain Maturity",4896.26315789474,4843,618.125107986083,3890,6086,1442.73684210526,1485,267.623666555454,731,1918,19,"30-June",83.1052631578947
"676",31,"Belle Glade (EREC)","NWG 2730","160/m2 (14.8/sqft)","224 Kg/ha (200 LB/acre)","Flowering",835.631578947368,857,184.847447770772,511,1128,0,0,0,0,0,19,"01-March",39.9473684210526
"677",32,"Belle Glade (EREC)","NWG 2730","160/m2 (14.8/sqft)","224 Kg/ha (200 LB/acre)","Flowering",875.842105263158,897,203.180068783523,529,1215,0,0,0,0,0,19,"15-March",38
"678",33,"Belle Glade (EREC)","NWG 2730","160/m2 (14.8/sqft)","224 Kg/ha (200 LB/acre)","Flowering",928.894736842105,967,184.754760797731,496,1201,0,0,0,0,0,19,"01-April",35
"679",34,"Belle Glade (EREC)","NWG 2730","160/m2 (14.8/sqft)","224 Kg/ha (200 LB/acre)","Flowering",983.052631578947,1003,174.09878220399,484,1261,0,0,0,0,0,19,"15-April",33.8947368421053
"680",35,"Belle Glade (EREC)","NWG 2730","160/m2 (14.8/sqft)","224 Kg/ha (200 LB/acre)","Flowering",943.947368421053,1019,221.691094815439,499,1236,0,0,0,0,0,19,"01-May",32.4736842105263
"681",36,"Belle Glade (EREC)","NWG 2730","160/m2 (14.8/sqft)","224 Kg/ha (200 LB/acre)","Flowering",842,893,209.58636512055,506,1183,0,0,0,0,0,19,"15-May",31.7368421052632
"682",37,"Belle Glade (EREC)","NWG 2730","160/m2 (14.8/sqft)","224 Kg/ha (200 LB/acre)","Flowering",879.684210526316,856,171.945744876942,585,1142,0,0,0,0,0,19,"01-June",31.9473684210526
"683",38,"Belle Glade (EREC)","NWG 2730","160/m2 (14.8/sqft)","224 Kg/ha (200 LB/acre)","Flowering",901.210526315789,950,205.555772087763,472,1214,0,0,0,0,0,19,"15-June",32.1578947368421
"684",39,"Belle Glade (EREC)","NWG 2730","160/m2 (14.8/sqft)","224 Kg/ha (200 LB/acre)","Flowering",882.315789473684,910,140.051995357113,621,1116,0,0,0,0,0,19,"30-June",32
"685",1,"Belle Glade (EREC)","IH Williams","160/m2 (14.8/sqft)","168 Kg/ha (150 LB/acre)","Grain Maturity",11201.4736842105,11399,1301.09865406215,8099,12844,1653.78947368421,1653,250.176288721766,1112,2062,19,"01-March",130.210526315789
"686",2,"Belle Glade (EREC)","IH Williams","160/m2 (14.8/sqft)","168 Kg/ha (150 LB/acre)","Grain Maturity",11271.0526315789,11482,1265.47968391806,8325,13240,1666.15789473684,1680,254.226771725537,1128,2071,19,"15-March",127.684210526316
"687",3,"Belle Glade (EREC)","IH Williams","160/m2 (14.8/sqft)","168 Kg/ha (150 LB/acre)","Grain Maturity",11317.9473684211,11346,1027.09192889895,8955,12940,1575.63157894737,1718,269.999837556806,980,1958,19,"01-April",123.894736842105
"688",4,"Belle Glade (EREC)","IH Williams","160/m2 (14.8/sqft)","168 Kg/ha (150 LB/acre)","Grain Maturity",11252.5789473684,11313,976.770205876346,9308,12641,1522.68421052632,1572,292.762333003635,771,1906,19,"15-April",122.473684210526
"689",5,"Belle Glade (EREC)","IH Williams","160/m2 (14.8/sqft)","168 Kg/ha (150 LB/acre)","Grain Maturity",10942.6842105263,10918,875.460326700034,9435,12321,1471.94736842105,1500,243.010167524875,822,1765,19,"01-May",121.052631578947
"690",6,"Belle Glade (EREC)","IH Williams","160/m2 (14.8/sqft)","168 Kg/ha (150 LB/acre)","Grain Maturity",10824.4210526316,10726,903.292023396733,9110,12274,1496.78947368421,1484,169.668493424144,1208,1787,19,"15-May",122.210526315789
"691",7,"Belle Glade (EREC)","IH Williams","160/m2 (14.8/sqft)","168 Kg/ha (150 LB/acre)","Grain Maturity",10757.5789473684,10855,751.585163045374,9470,11793,1505.47368421053,1512,198.834484048375,1122,1853,19,"01-June",125.052631578947
"692",8,"Belle Glade (EREC)","IH Williams","160/m2 (14.8/sqft)","168 Kg/ha (150 LB/acre)","Grain Maturity",10409.9473684211,10717,722.56260579845,9079,11352,1479.15789473684,1506,195.97031043783,1062,1738,19,"15-June",124.631578947368
"693",9,"Belle Glade (EREC)","IH Williams","160/m2 (14.8/sqft)","168 Kg/ha (150 LB/acre)","Grain Maturity",9693.94736842105,10082,704.087153197845,8302,10578,1399.05263157895,1433,172.977350374811,988,1645,19,"30-June",121.947368421053
"694",11,"Belle Glade (EREC)","IH Williams","160/m2 (14.8/sqft)","168 Kg/ha (150 LB/acre)","Flowering",1376.05263157895,1387,306.736128670196,875,1895,0,0,0,0,0,19,"01-March",44.4210526315789
"695",12,"Belle Glade (EREC)","IH Williams","160/m2 (14.8/sqft)","168 Kg/ha (150 LB/acre)","Flowering",1436.26315789474,1477,292.298523603156,908,1895,0,0,0,0,0,19,"15-March",42.2631578947368
"696",13,"Belle Glade (EREC)","IH Williams","160/m2 (14.8/sqft)","168 Kg/ha (150 LB/acre)","Flowering",1567.94736842105,1640,294.283777195529,827,2060,0,0,0,0,0,19,"01-April",39.2105263157895
"697",14,"Belle Glade (EREC)","IH Williams","160/m2 (14.8/sqft)","168 Kg/ha (150 LB/acre)","Flowering",1571.47368421053,1570,289.392921748088,820,2014,0,0,0,0,0,19,"15-April",37.7894736842105
"698",15,"Belle Glade (EREC)","IH Williams","160/m2 (14.8/sqft)","168 Kg/ha (150 LB/acre)","Flowering",1480.47368421053,1549,326.859359565659,816,1949,0,0,0,0,0,19,"01-May",36.2631578947368
"699",16,"Belle Glade (EREC)","IH Williams","160/m2 (14.8/sqft)","168 Kg/ha (150 LB/acre)","Flowering",1560.31578947368,1597,327.566287207063,1054,2095,0,0,0,0,0,19,"15-May",37
"700",17,"Belle Glade (EREC)","IH Williams","160/m2 (14.8/sqft)","168 Kg/ha (150 LB/acre)","Flowering",1935.47368421053,1956,398.966911524287,1053,2632,0,0,0,0,0,19,"01-June",39.8947368421053
"701",18,"Belle Glade (EREC)","IH Williams","160/m2 (14.8/sqft)","168 Kg/ha (150 LB/acre)","Flowering",1933.63157894737,1976,355.721053405976,1230,2403,0,0,0,0,0,19,"15-June",39.5789473684211
"702",19,"Belle Glade (EREC)","IH Williams","160/m2 (14.8/sqft)","168 Kg/ha (150 LB/acre)","Flowering",1610.57894736842,1622,225.250309110523,1189,2003,0,0,0,0,0,19,"30-June",37.2105263157895
"703",21,"Belle Glade (EREC)","NWG 2730","160/m2 (14.8/sqft)","168 Kg/ha (150 LB/acre)","Grain Maturity",5282.47368421053,5711,1004.94717210083,2898,6534,1646.42105263158,1726,355.73637489165,923,2133,19,"01-March",92.4210526315789
"704",22,"Belle Glade (EREC)","NWG 2730","160/m2 (14.8/sqft)","168 Kg/ha (150 LB/acre)","Grain Maturity",5394.84210526316,5678,1019.39754883612,2710,6900,1729.94736842105,1781,364.971608284537,921,2295,19,"15-March",90.1052631578947
"705",23,"Belle Glade (EREC)","NWG 2730","160/m2 (14.8/sqft)","168 Kg/ha (150 LB/acre)","Grain Maturity",5439.84210526316,5617,998.919653267574,2951,7125,1768.26315789474,1913,386.677276019,944,2378,19,"01-April",86.1578947368421
"706",24,"Belle Glade (EREC)","NWG 2730","160/m2 (14.8/sqft)","168 Kg/ha (150 LB/acre)","Grain Maturity",5386.78947368421,5487,930.391529228861,2820,6710,1705.05263157895,1742,385.28740696383,928,2400,19,"15-April",84.5263157894737
"707",25,"Belle Glade (EREC)","NWG 2730","160/m2 (14.8/sqft)","168 Kg/ha (150 LB/acre)","Grain Maturity",5293.94736842105,5352,909.133071403999,3200,6580,1591,1571,369.727076518763,995,2149,19,"01-May",83.1578947368421
"708",26,"Belle Glade (EREC)","NWG 2730","160/m2 (14.8/sqft)","168 Kg/ha (150 LB/acre)","Grain Maturity",5011.1052631579,4912,834.353302114001,3707,6272,1442.10526315789,1558,374.679106367753,628,1997,19,"15-May",82.3157894736842
"709",27,"Belle Glade (EREC)","NWG 2730","160/m2 (14.8/sqft)","168 Kg/ha (150 LB/acre)","Grain Maturity",5146.36842105263,5050,788.79473534179,3898,6495,1533.21052631579,1560,271.724652083148,958,1941,19,"01-June",82.9473684210526
"710",28,"Belle Glade (EREC)","NWG 2730","160/m2 (14.8/sqft)","168 Kg/ha (150 LB/acre)","Grain Maturity",5146.57894736842,5100,822.218227033126,3624,6441,1565.47368421053,1555,277.949709364253,1089,2072,19,"15-June",83.3684210526316
"711",29,"Belle Glade (EREC)","NWG 2730","160/m2 (14.8/sqft)","168 Kg/ha (150 LB/acre)","Grain Maturity",4895.94736842105,4843,618.669043968512,3884,6086,1442.63157894737,1485,267.700539684492,730,1918,19,"30-June",83.1052631578947
"712",31,"Belle Glade (EREC)","NWG 2730","160/m2 (14.8/sqft)","168 Kg/ha (150 LB/acre)","Flowering",835.631578947368,857,184.847447770772,511,1128,0,0,0,0,0,19,"01-March",39.9473684210526
"713",32,"Belle Glade (EREC)","NWG 2730","160/m2 (14.8/sqft)","168 Kg/ha (150 LB/acre)","Flowering",875.842105263158,897,203.180068783523,529,1215,0,0,0,0,0,19,"15-March",38
"714",33,"Belle Glade (EREC)","NWG 2730","160/m2 (14.8/sqft)","168 Kg/ha (150 LB/acre)","Flowering",928.894736842105,967,184.754760797731,496,1201,0,0,0,0,0,19,"01-April",35
"715",34,"Belle Glade (EREC)","NWG 2730","160/m2 (14.8/sqft)","168 Kg/ha (150 LB/acre)","Flowering",983.052631578947,1003,174.09878220399,484,1261,0,0,0,0,0,19,"15-April",33.8947368421053
"716",35,"Belle Glade (EREC)","NWG 2730","160/m2 (14.8/sqft)","168 Kg/ha (150 LB/acre)","Flowering",943.947368421053,1019,221.691094815439,499,1236,0,0,0,0,0,19,"01-May",32.4736842105263
"717",36,"Belle Glade (EREC)","NWG 2730","160/m2 (14.8/sqft)","168 Kg/ha (150 LB/acre)","Flowering",842,893,209.58636512055,506,1183,0,0,0,0,0,19,"15-May",31.7368421052632
"718",37,"Belle Glade (EREC)","NWG 2730","160/m2 (14.8/sqft)","168 Kg/ha (150 LB/acre)","Flowering",879.684210526316,856,171.945744876942,585,1142,0,0,0,0,0,19,"01-June",31.9473684210526
"719",38,"Belle Glade (EREC)","NWG 2730","160/m2 (14.8/sqft)","168 Kg/ha (150 LB/acre)","Flowering",901.210526315789,950,205.555772087763,472,1214,0,0,0,0,0,19,"15-June",32.1578947368421
"720",39,"Belle Glade (EREC)","NWG 2730","160/m2 (14.8/sqft)","168 Kg/ha (150 LB/acre)","Flowering",882.315789473684,910,140.051995357113,621,1116,0,0,0,0,0,19,"30-June",32
"721",1,"Belle Glade (EREC)","IH Williams","160/m2 (14.8/sqft)","56 Kg/ha (50 LB/acre)","Grain Maturity",11201.4736842105,11399,1301.09865406215,8099,12844,1653.78947368421,1653,250.176288721766,1112,2062,19,"01-March",130.210526315789
"722",2,"Belle Glade (EREC)","IH Williams","160/m2 (14.8/sqft)","56 Kg/ha (50 LB/acre)","Grain Maturity",11271.0526315789,11482,1265.47968391806,8325,13240,1666.15789473684,1680,254.226771725537,1128,2071,19,"15-March",127.684210526316
"723",3,"Belle Glade (EREC)","IH Williams","160/m2 (14.8/sqft)","56 Kg/ha (50 LB/acre)","Grain Maturity",11318.1052631579,11346,1026.96185662894,8955,12940,1575.68421052632,1718,269.915841334866,980,1958,19,"01-April",123.894736842105
"724",4,"Belle Glade (EREC)","IH Williams","160/m2 (14.8/sqft)","56 Kg/ha (50 LB/acre)","Grain Maturity",11246.5789473684,11313,980.039076079763,9307,12641,1522.68421052632,1572,292.762333003635,771,1906,19,"15-April",122.473684210526
"725",5,"Belle Glade (EREC)","IH Williams","160/m2 (14.8/sqft)","56 Kg/ha (50 LB/acre)","Grain Maturity",10942.6842105263,10918,875.460326700034,9435,12321,1471.94736842105,1500,243.010167524875,822,1765,19,"01-May",121.052631578947
"726",6,"Belle Glade (EREC)","IH Williams","160/m2 (14.8/sqft)","56 Kg/ha (50 LB/acre)","Grain Maturity",10824.4210526316,10726,903.292023396733,9110,12274,1496.78947368421,1484,169.668493424144,1208,1787,19,"15-May",122.210526315789
"727",7,"Belle Glade (EREC)","IH Williams","160/m2 (14.8/sqft)","56 Kg/ha (50 LB/acre)","Grain Maturity",10757.5789473684,10855,751.585163045374,9470,11793,1505.47368421053,1512,198.834484048375,1122,1853,19,"01-June",125.052631578947
"728",8,"Belle Glade (EREC)","IH Williams","160/m2 (14.8/sqft)","56 Kg/ha (50 LB/acre)","Grain Maturity",10409.9473684211,10717,722.56260579845,9079,11352,1479.15789473684,1506,195.97031043783,1062,1738,19,"15-June",124.631578947368
"729",9,"Belle Glade (EREC)","IH Williams","160/m2 (14.8/sqft)","56 Kg/ha (50 LB/acre)","Grain Maturity",9693.94736842105,10082,704.087153197845,8302,10578,1399.05263157895,1433,172.977350374811,988,1645,19,"30-June",121.947368421053
"730",11,"Belle Glade (EREC)","IH Williams","160/m2 (14.8/sqft)","56 Kg/ha (50 LB/acre)","Flowering",1376.05263157895,1387,306.736128670196,875,1895,0,0,0,0,0,19,"01-March",44.4210526315789
"731",12,"Belle Glade (EREC)","IH Williams","160/m2 (14.8/sqft)","56 Kg/ha (50 LB/acre)","Flowering",1436.26315789474,1477,292.298523603156,908,1895,0,0,0,0,0,19,"15-March",42.2631578947368
"732",13,"Belle Glade (EREC)","IH Williams","160/m2 (14.8/sqft)","56 Kg/ha (50 LB/acre)","Flowering",1567.94736842105,1640,294.283777195529,827,2060,0,0,0,0,0,19,"01-April",39.2105263157895
"733",14,"Belle Glade (EREC)","IH Williams","160/m2 (14.8/sqft)","56 Kg/ha (50 LB/acre)","Flowering",1571.47368421053,1570,289.392921748088,820,2014,0,0,0,0,0,19,"15-April",37.7894736842105
"734",15,"Belle Glade (EREC)","IH Williams","160/m2 (14.8/sqft)","56 Kg/ha (50 LB/acre)","Flowering",1480.47368421053,1549,326.859359565659,816,1949,0,0,0,0,0,19,"01-May",36.2631578947368
"735",16,"Belle Glade (EREC)","IH Williams","160/m2 (14.8/sqft)","56 Kg/ha (50 LB/acre)","Flowering",1560.31578947368,1597,327.566287207063,1054,2095,0,0,0,0,0,19,"15-May",37
"736",17,"Belle Glade (EREC)","IH Williams","160/m2 (14.8/sqft)","56 Kg/ha (50 LB/acre)","Flowering",1935.47368421053,1956,398.966911524287,1053,2632,0,0,0,0,0,19,"01-June",39.8947368421053
"737",18,"Belle Glade (EREC)","IH Williams","160/m2 (14.8/sqft)","56 Kg/ha (50 LB/acre)","Flowering",1933.63157894737,1976,355.721053405976,1230,2403,0,0,0,0,0,19,"15-June",39.5789473684211
"738",19,"Belle Glade (EREC)","IH Williams","160/m2 (14.8/sqft)","56 Kg/ha (50 LB/acre)","Flowering",1610.57894736842,1622,225.250309110523,1189,2003,0,0,0,0,0,19,"30-June",37.2105263157895
"739",21,"Belle Glade (EREC)","NWG 2730","160/m2 (14.8/sqft)","56 Kg/ha (50 LB/acre)","Grain Maturity",5281.78947368421,5711,1004.53436305072,2898,6534,1646.10526315789,1724,355.859974761741,923,2133,19,"01-March",92.4210526315789
"740",22,"Belle Glade (EREC)","NWG 2730","160/m2 (14.8/sqft)","56 Kg/ha (50 LB/acre)","Grain Maturity",5394.84210526316,5678,1019.39754883612,2710,6900,1729.94736842105,1781,364.971608284537,921,2295,19,"15-March",90.1052631578947
"741",23,"Belle Glade (EREC)","NWG 2730","160/m2 (14.8/sqft)","56 Kg/ha (50 LB/acre)","Grain Maturity",5453.84210526316,5617,995.149082251716,2951,7125,1768.26315789474,1913,386.677276019,944,2378,19,"01-April",86.1578947368421
"742",24,"Belle Glade (EREC)","NWG 2730","160/m2 (14.8/sqft)","56 Kg/ha (50 LB/acre)","Grain Maturity",5387.15789473684,5487,930.556002443813,2820,6710,1705.21052631579,1742,385.294487509571,928,2400,19,"15-April",84.5263157894737
"743",25,"Belle Glade (EREC)","NWG 2730","160/m2 (14.8/sqft)","56 Kg/ha (50 LB/acre)","Grain Maturity",5279.31578947368,5352,903.113752687001,3200,6580,1590.89473684211,1571,369.865274981887,995,2149,19,"01-May",83.1578947368421
"744",26,"Belle Glade (EREC)","NWG 2730","160/m2 (14.8/sqft)","56 Kg/ha (50 LB/acre)","Grain Maturity",5011.42105263158,4917,833.889768613832,3714,6272,1442.21052631579,1558,374.332231958512,631,1997,19,"15-May",82.3157894736842
"745",27,"Belle Glade (EREC)","NWG 2730","160/m2 (14.8/sqft)","56 Kg/ha (50 LB/acre)","Grain Maturity",5146.36842105263,5050,788.79473534179,3898,6495,1533.21052631579,1560,271.724652083148,958,1941,19,"01-June",82.9473684210526
"746",28,"Belle Glade (EREC)","NWG 2730","160/m2 (14.8/sqft)","56 Kg/ha (50 LB/acre)","Grain Maturity",5134.21052631579,5100,813.933902513477,3624,6441,1565.47368421053,1555,277.949709364253,1089,2072,19,"15-June",83.3684210526316
"747",29,"Belle Glade (EREC)","NWG 2730","160/m2 (14.8/sqft)","56 Kg/ha (50 LB/acre)","Grain Maturity",4896.26315789474,4843,618.125107986083,3890,6086,1442.73684210526,1485,267.623666555454,731,1918,19,"30-June",83.1052631578947
"748",31,"Belle Glade (EREC)","NWG 2730","160/m2 (14.8/sqft)","56 Kg/ha (50 LB/acre)","Flowering",835.631578947368,857,184.847447770772,511,1128,0,0,0,0,0,19,"01-March",39.9473684210526
"749",32,"Belle Glade (EREC)","NWG 2730","160/m2 (14.8/sqft)","56 Kg/ha (50 LB/acre)","Flowering",875.842105263158,897,203.180068783523,529,1215,0,0,0,0,0,19,"15-March",38
"750",33,"Belle Glade (EREC)","NWG 2730","160/m2 (14.8/sqft)","56 Kg/ha (50 LB/acre)","Flowering",928.894736842105,967,184.754760797731,496,1201,0,0,0,0,0,19,"01-April",35
"751",34,"Belle Glade (EREC)","NWG 2730","160/m2 (14.8/sqft)","56 Kg/ha (50 LB/acre)","Flowering",983.052631578947,1003,174.09878220399,484,1261,0,0,0,0,0,19,"15-April",33.8947368421053
"752",35,"Belle Glade (EREC)","NWG 2730","160/m2 (14.8/sqft)","56 Kg/ha (50 LB/acre)","Flowering",943.947368421053,1019,221.691094815439,499,1236,0,0,0,0,0,19,"01-May",32.4736842105263
"753",36,"Belle Glade (EREC)","NWG 2730","160/m2 (14.8/sqft)","56 Kg/ha (50 LB/acre)","Flowering",842,893,209.58636512055,506,1183,0,0,0,0,0,19,"15-May",31.7368421052632
"754",37,"Belle Glade (EREC)","NWG 2730","160/m2 (14.8/sqft)","56 Kg/ha (50 LB/acre)","Flowering",879.684210526316,856,171.945744876942,585,1142,0,0,0,0,0,19,"01-June",31.9473684210526
"755",38,"Belle Glade (EREC)","NWG 2730","160/m2 (14.8/sqft)","56 Kg/ha (50 LB/acre)","Flowering",901.210526315789,950,205.555772087763,472,1214,0,0,0,0,0,19,"15-June",32.1578947368421
"756",39,"Belle Glade (EREC)","NWG 2730","160/m2 (14.8/sqft)","56 Kg/ha (50 LB/acre)","Flowering",882.315789473684,910,140.051995357113,621,1116,0,0,0,0,0,19,"30-June",32
"757",1,"Belle Glade (EREC)","IH Williams","160/m2 (14.8/sqft)","0 Kg/ha (0 LB/acre)","Grain Maturity",11184.9473684211,11396,1311.57324841768,8098,12843,1651.26315789474,1653,247.840863392725,1112,2040,19,"01-March",130.210526315789
"758",2,"Belle Glade (EREC)","IH Williams","160/m2 (14.8/sqft)","0 Kg/ha (0 LB/acre)","Grain Maturity",11242.1578947368,11448,1288.59058506045,8324,13147,1662.68421052632,1680,252.326079295022,1128,2071,19,"15-March",127.684210526316
"759",3,"Belle Glade (EREC)","IH Williams","160/m2 (14.8/sqft)","0 Kg/ha (0 LB/acre)","Grain Maturity",11277.1578947368,11347,1062.3231493685,8955,12943,1573.94736842105,1718,268.757733466863,980,1958,19,"01-April",123.842105263158
"760",4,"Belle Glade (EREC)","IH Williams","160/m2 (14.8/sqft)","0 Kg/ha (0 LB/acre)","Grain Maturity",11230.2631578947,11313,962.757027274925,9307,12642,1522.68421052632,1572,292.734246683381,771,1906,19,"15-April",122.473684210526
"761",5,"Belle Glade (EREC)","IH Williams","160/m2 (14.8/sqft)","0 Kg/ha (0 LB/acre)","Grain Maturity",10942.4736842105,10917,876.016765974833,9434,12321,1471.89473684211,1500,243.011178237829,822,1765,19,"01-May",121.052631578947
"762",6,"Belle Glade (EREC)","IH Williams","160/m2 (14.8/sqft)","0 Kg/ha (0 LB/acre)","Grain Maturity",10824.3157894737,10726,903.133437454263,9111,12274,1496.78947368421,1484,169.668493424144,1208,1787,19,"15-May",122.210526315789
"763",7,"Belle Glade (EREC)","IH Williams","160/m2 (14.8/sqft)","0 Kg/ha (0 LB/acre)","Grain Maturity",10757.1052631579,10854,751.792590689217,9470,11795,1505.36842105263,1512,198.891989260032,1122,1853,19,"01-June",125.052631578947
"764",8,"Belle Glade (EREC)","IH Williams","160/m2 (14.8/sqft)","0 Kg/ha (0 LB/acre)","Grain Maturity",10409.5789473684,10717,722.243058178976,9079,11351,1479.15789473684,1506,195.781415290368,1063,1738,19,"15-June",124.631578947368
"765",9,"Belle Glade (EREC)","IH Williams","160/m2 (14.8/sqft)","0 Kg/ha (0 LB/acre)","Grain Maturity",9693.57894736842,10081,703.904058786855,8301,10575,1399,1433,172.993898415201,988,1645,19,"30-June",121.947368421053
"766",11,"Belle Glade (EREC)","IH Williams","160/m2 (14.8/sqft)","0 Kg/ha (0 LB/acre)","Flowering",1375.94736842105,1387,306.375128393683,875,1892,0,0,0,0,0,19,"01-March",44.4210526315789
"767",12,"Belle Glade (EREC)","IH Williams","160/m2 (14.8/sqft)","0 Kg/ha (0 LB/acre)","Flowering",1434.15789473684,1477,289.117097222618,908,1859,0,0,0,0,0,19,"15-March",42.2631578947368
"768",13,"Belle Glade (EREC)","IH Williams","160/m2 (14.8/sqft)","0 Kg/ha (0 LB/acre)","Flowering",1567.94736842105,1640,294.283777195529,827,2060,0,0,0,0,0,19,"01-April",39.2105263157895
"769",14,"Belle Glade (EREC)","IH Williams","160/m2 (14.8/sqft)","0 Kg/ha (0 LB/acre)","Flowering",1571.73684210526,1570,289.310068593324,820,2014,0,0,0,0,0,19,"15-April",37.7894736842105
"770",15,"Belle Glade (EREC)","IH Williams","160/m2 (14.8/sqft)","0 Kg/ha (0 LB/acre)","Flowering",1480.42105263158,1548,326.847792607146,816,1949,0,0,0,0,0,19,"01-May",36.2631578947368
"771",16,"Belle Glade (EREC)","IH Williams","160/m2 (14.8/sqft)","0 Kg/ha (0 LB/acre)","Flowering",1560.26315789474,1597,327.528258679947,1054,2095,0,0,0,0,0,19,"15-May",37
"772",17,"Belle Glade (EREC)","IH Williams","160/m2 (14.8/sqft)","0 Kg/ha (0 LB/acre)","Flowering",1935.47368421053,1956,398.966911524287,1053,2632,0,0,0,0,0,19,"01-June",39.8947368421053
"773",18,"Belle Glade (EREC)","IH Williams","160/m2 (14.8/sqft)","0 Kg/ha (0 LB/acre)","Flowering",1933.42105263158,1976,355.496259675506,1230,2402,0,0,0,0,0,19,"15-June",39.5789473684211
"774",19,"Belle Glade (EREC)","IH Williams","160/m2 (14.8/sqft)","0 Kg/ha (0 LB/acre)","Flowering",1610.52631578947,1622,225.184213089109,1189,2003,0,0,0,0,0,19,"30-June",37.2105263157895
"775",21,"Belle Glade (EREC)","NWG 2730","160/m2 (14.8/sqft)","0 Kg/ha (0 LB/acre)","Grain Maturity",5282.47368421053,5711,1004.94717210083,2898,6534,1646.42105263158,1726,355.73637489165,923,2133,19,"01-March",92.4210526315789
"776",22,"Belle Glade (EREC)","NWG 2730","160/m2 (14.8/sqft)","0 Kg/ha (0 LB/acre)","Grain Maturity",5391.84210526316,5678,1023.80951261876,2710,6900,1729.94736842105,1781,364.971608284537,921,2295,19,"15-March",90.1052631578947
"777",23,"Belle Glade (EREC)","NWG 2730","160/m2 (14.8/sqft)","0 Kg/ha (0 LB/acre)","Grain Maturity",5446.05263157895,5617,991.579350423926,2951,7125,1768.15789473684,1913,386.678916926333,944,2378,19,"01-April",86.1578947368421
"778",24,"Belle Glade (EREC)","NWG 2730","160/m2 (14.8/sqft)","0 Kg/ha (0 LB/acre)","Grain Maturity",5383.1052631579,5487,931.176788008763,2820,6710,1704.89473684211,1742,385.381181391567,928,2400,19,"15-April",84.5263157894737
"779",25,"Belle Glade (EREC)","NWG 2730","160/m2 (14.8/sqft)","0 Kg/ha (0 LB/acre)","Grain Maturity",5293.52631578947,5351,909.4565146541,3200,6580,1590.89473684211,1571,369.870832519324,995,2149,19,"01-May",83.1578947368421
"780",26,"Belle Glade (EREC)","NWG 2730","160/m2 (14.8/sqft)","0 Kg/ha (0 LB/acre)","Grain Maturity",5011.1052631579,4912,834.091581351755,3711,6271,1442,1558,374.534080929597,629,1997,19,"15-May",82.3157894736842
"781",27,"Belle Glade (EREC)","NWG 2730","160/m2 (14.8/sqft)","0 Kg/ha (0 LB/acre)","Grain Maturity",5146.26315789474,5050,788.634955836508,3898,6495,1533.15789473684,1560,271.735627884877,958,1941,19,"01-June",82.9473684210526
"782",28,"Belle Glade (EREC)","NWG 2730","160/m2 (14.8/sqft)","0 Kg/ha (0 LB/acre)","Grain Maturity",5146.31578947368,5100,822.185167886406,3624,6441,1565.42105263158,1555,277.880932893024,1089,2072,19,"15-June",83.3684210526316
"783",29,"Belle Glade (EREC)","NWG 2730","160/m2 (14.8/sqft)","0 Kg/ha (0 LB/acre)","Grain Maturity",4896.15789473684,4843,617.610652538195,3894,6085,1442.63157894737,1485,267.53114263708,731,1918,19,"30-June",83.1052631578947
"784",31,"Belle Glade (EREC)","NWG 2730","160/m2 (14.8/sqft)","0 Kg/ha (0 LB/acre)","Flowering",835.631578947368,857,184.847447770772,511,1128,0,0,0,0,0,19,"01-March",39.9473684210526
"785",32,"Belle Glade (EREC)","NWG 2730","160/m2 (14.8/sqft)","0 Kg/ha (0 LB/acre)","Flowering",875.842105263158,897,203.180068783523,529,1215,0,0,0,0,0,19,"15-March",38
"786",33,"Belle Glade (EREC)","NWG 2730","160/m2 (14.8/sqft)","0 Kg/ha (0 LB/acre)","Flowering",928.894736842105,967,184.754760797731,496,1201,0,0,0,0,0,19,"01-April",35
"787",34,"Belle Glade (EREC)","NWG 2730","160/m2 (14.8/sqft)","0 Kg/ha (0 LB/acre)","Flowering",983.052631578947,1003,174.09878220399,484,1261,0,0,0,0,0,19,"15-April",33.8947368421053
"788",35,"Belle Glade (EREC)","NWG 2730","160/m2 (14.8/sqft)","0 Kg/ha (0 LB/acre)","Flowering",943.947368421053,1019,221.691094815439,499,1236,0,0,0,0,0,19,"01-May",32.4736842105263
"789",36,"Belle Glade (EREC)","NWG 2730","160/m2 (14.8/sqft)","0 Kg/ha (0 LB/acre)","Flowering",842,893,209.58636512055,506,1183,0,0,0,0,0,19,"15-May",31.7368421052632
"790",37,"Belle Glade (EREC)","NWG 2730","160/m2 (14.8/sqft)","0 Kg/ha (0 LB/acre)","Flowering",879.684210526316,856,171.945744876942,585,1142,0,0,0,0,0,19,"01-June",31.9473684210526
"791",38,"Belle Glade (EREC)","NWG 2730","160/m2 (14.8/sqft)","0 Kg/ha (0 LB/acre)","Flowering",901.210526315789,950,205.555772087763,472,1214,0,0,0,0,0,19,"15-June",32.1578947368421
"792",39,"Belle Glade (EREC)","NWG 2730","160/m2 (14.8/sqft)","0 Kg/ha (0 LB/acre)","Flowering",882.315789473684,910,140.051995357113,621,1116,0,0,0,0,0,19,"30-June",32
"793",1,"Belle Glade (EREC)","IH Williams","160/m2 (14.8/sqft)","112 Kg/ha (100 LB/acre)","Grain Maturity",11184.9473684211,11396,1311.57324841768,8098,12843,1651.26315789474,1653,247.840863392725,1112,2040,19,"01-March",130.210526315789
"794",2,"Belle Glade (EREC)","IH Williams","160/m2 (14.8/sqft)","112 Kg/ha (100 LB/acre)","Grain Maturity",11242.3684210526,11448,1288.68590305208,8324,13147,1662.68421052632,1680,252.326079295022,1128,2071,19,"15-March",127.684210526316
"795",3,"Belle Glade (EREC)","IH Williams","160/m2 (14.8/sqft)","112 Kg/ha (100 LB/acre)","Grain Maturity",11277.1578947368,11347,1062.3231493685,8955,12943,1573.94736842105,1718,268.757733466863,980,1958,19,"01-April",123.842105263158
"796",4,"Belle Glade (EREC)","IH Williams","160/m2 (14.8/sqft)","112 Kg/ha (100 LB/acre)","Grain Maturity",11230.2105263158,11313,962.787421959303,9307,12642,1522.68421052632,1572,292.734246683381,771,1906,19,"15-April",122.473684210526
"797",5,"Belle Glade (EREC)","IH Williams","160/m2 (14.8/sqft)","112 Kg/ha (100 LB/acre)","Grain Maturity",10942.4736842105,10917,876.016765974833,9434,12321,1471.89473684211,1500,243.011178237829,822,1765,19,"01-May",121.052631578947
"798",6,"Belle Glade (EREC)","IH Williams","160/m2 (14.8/sqft)","112 Kg/ha (100 LB/acre)","Grain Maturity",10824.3157894737,10726,903.133437454263,9111,12274,1496.78947368421,1484,169.668493424144,1208,1787,19,"15-May",122.210526315789
"799",7,"Belle Glade (EREC)","IH Williams","160/m2 (14.8/sqft)","112 Kg/ha (100 LB/acre)","Grain Maturity",10757.1052631579,10854,751.792590689217,9470,11795,1505.36842105263,1512,198.891989260032,1122,1853,19,"01-June",125.052631578947
"800",8,"Belle Glade (EREC)","IH Williams","160/m2 (14.8/sqft)","112 Kg/ha (100 LB/acre)","Grain Maturity",10409.3157894737,10717,722.352257299533,9079,11351,1479.10526315789,1506,195.899604314966,1062,1738,19,"15-June",124.631578947368
"801",9,"Belle Glade (EREC)","IH Williams","160/m2 (14.8/sqft)","112 Kg/ha (100 LB/acre)","Grain Maturity",9693.73684210526,10081,704.113062425604,8301,10578,1399,1433,172.993898415201,988,1645,19,"30-June",121.947368421053
"802",11,"Belle Glade (EREC)","IH Williams","160/m2 (14.8/sqft)","112 Kg/ha (100 LB/acre)","Flowering",1375.94736842105,1387,306.375128393683,875,1892,0,0,0,0,0,19,"01-March",44.4210526315789
"803",12,"Belle Glade (EREC)","IH Williams","160/m2 (14.8/sqft)","112 Kg/ha (100 LB/acre)","Flowering",1434.15789473684,1477,289.117097222618,908,1859,0,0,0,0,0,19,"15-March",42.2631578947368
"804",13,"Belle Glade (EREC)","IH Williams","160/m2 (14.8/sqft)","112 Kg/ha (100 LB/acre)","Flowering",1567.94736842105,1640,294.283777195529,827,2060,0,0,0,0,0,19,"01-April",39.2105263157895
"805",14,"Belle Glade (EREC)","IH Williams","160/m2 (14.8/sqft)","112 Kg/ha (100 LB/acre)","Flowering",1571.73684210526,1570,289.310068593324,820,2014,0,0,0,0,0,19,"15-April",37.7894736842105
"806",15,"Belle Glade (EREC)","IH Williams","160/m2 (14.8/sqft)","112 Kg/ha (100 LB/acre)","Flowering",1480.42105263158,1548,326.847792607146,816,1949,0,0,0,0,0,19,"01-May",36.2631578947368
"807",16,"Belle Glade (EREC)","IH Williams","160/m2 (14.8/sqft)","112 Kg/ha (100 LB/acre)","Flowering",1560.26315789474,1597,327.528258679947,1054,2095,0,0,0,0,0,19,"15-May",37
"808",17,"Belle Glade (EREC)","IH Williams","160/m2 (14.8/sqft)","112 Kg/ha (100 LB/acre)","Flowering",1935.47368421053,1956,398.966911524287,1053,2632,0,0,0,0,0,19,"01-June",39.8947368421053
"809",18,"Belle Glade (EREC)","IH Williams","160/m2 (14.8/sqft)","112 Kg/ha (100 LB/acre)","Flowering",1933.42105263158,1976,355.496259675506,1230,2402,0,0,0,0,0,19,"15-June",39.5789473684211
"810",19,"Belle Glade (EREC)","IH Williams","160/m2 (14.8/sqft)","112 Kg/ha (100 LB/acre)","Flowering",1610.52631578947,1622,225.184213089109,1189,2003,0,0,0,0,0,19,"30-June",37.2105263157895
"811",21,"Belle Glade (EREC)","NWG 2730","160/m2 (14.8/sqft)","112 Kg/ha (100 LB/acre)","Grain Maturity",5282.47368421053,5711,1004.94717210083,2898,6534,1646.42105263158,1726,355.73637489165,923,2133,19,"01-March",92.4210526315789
"812",22,"Belle Glade (EREC)","NWG 2730","160/m2 (14.8/sqft)","112 Kg/ha (100 LB/acre)","Grain Maturity",5391.57894736842,5673,1023.73251257833,2710,6900,1729.94736842105,1781,364.971608284537,921,2295,19,"15-March",90.1052631578947
"813",23,"Belle Glade (EREC)","NWG 2730","160/m2 (14.8/sqft)","112 Kg/ha (100 LB/acre)","Grain Maturity",5445.63157894737,5617,991.419252638824,2951,7125,1768.10526315789,1913,386.68374886647,944,2378,19,"01-April",86.1578947368421
"814",24,"Belle Glade (EREC)","NWG 2730","160/m2 (14.8/sqft)","112 Kg/ha (100 LB/acre)","Grain Maturity",5387.1052631579,5487,930.504755181404,2820,6710,1705.21052631579,1742,385.294487509571,928,2400,19,"15-April",84.5263157894737
"815",25,"Belle Glade (EREC)","NWG 2730","160/m2 (14.8/sqft)","112 Kg/ha (100 LB/acre)","Grain Maturity",5293.8947368421,5351,909.077059118315,3200,6580,1590.94736842105,1571,369.782890308506,995,2149,19,"01-May",83.1578947368421
"816",26,"Belle Glade (EREC)","NWG 2730","160/m2 (14.8/sqft)","112 Kg/ha (100 LB/acre)","Grain Maturity",5011.26315789474,4912,833.832040248532,3714,6271,1442.10526315789,1558,374.293095898691,631,1997,19,"15-May",82.3157894736842
"817",27,"Belle Glade (EREC)","NWG 2730","160/m2 (14.8/sqft)","112 Kg/ha (100 LB/acre)","Grain Maturity",5146.26315789474,5050,788.634955836508,3898,6495,1533.15789473684,1560,271.735627884877,958,1941,19,"01-June",82.9473684210526
"818",28,"Belle Glade (EREC)","NWG 2730","160/m2 (14.8/sqft)","112 Kg/ha (100 LB/acre)","Grain Maturity",5146.31578947368,5100,822.185167886406,3624,6441,1565.42105263158,1555,277.880932893024,1089,2072,19,"15-June",83.3684210526316
"819",29,"Belle Glade (EREC)","NWG 2730","160/m2 (14.8/sqft)","112 Kg/ha (100 LB/acre)","Grain Maturity",4895.84210526316,4843,618.020699325938,3890,6085,1442.63157894737,1485,267.53114263708,731,1918,19,"30-June",83.1052631578947
"820",31,"Belle Glade (EREC)","NWG 2730","160/m2 (14.8/sqft)","112 Kg/ha (100 LB/acre)","Flowering",835.631578947368,857,184.847447770772,511,1128,0,0,0,0,0,19,"01-March",39.9473684210526
"821",32,"Belle Glade (EREC)","NWG 2730","160/m2 (14.8/sqft)","112 Kg/ha (100 LB/acre)","Flowering",875.842105263158,897,203.180068783523,529,1215,0,0,0,0,0,19,"15-March",38
"822",33,"Belle Glade (EREC)","NWG 2730","160/m2 (14.8/sqft)","112 Kg/ha (100 LB/acre)","Flowering",928.894736842105,967,184.754760797731,496,1201,0,0,0,0,0,19,"01-April",35
"823",34,"Belle Glade (EREC)","NWG 2730","160/m2 (14.8/sqft)","112 Kg/ha (100 LB/acre)","Flowering",983.052631578947,1003,174.09878220399,484,1261,0,0,0,0,0,19,"15-April",33.8947368421053
"824",35,"Belle Glade (EREC)","NWG 2730","160/m2 (14.8/sqft)","112 Kg/ha (100 LB/acre)","Flowering",943.947368421053,1019,221.691094815439,499,1236,0,0,0,0,0,19,"01-May",32.4736842105263
"825",36,"Belle Glade (EREC)","NWG 2730","160/m2 (14.8/sqft)","112 Kg/ha (100 LB/acre)","Flowering",842,893,209.58636512055,506,1183,0,0,0,0,0,19,"15-May",31.7368421052632
"826",37,"Belle Glade (EREC)","NWG 2730","160/m2 (14.8/sqft)","112 Kg/ha (100 LB/acre)","Flowering",879.684210526316,856,171.945744876942,585,1142,0,0,0,0,0,19,"01-June",31.9473684210526
"827",38,"Belle Glade (EREC)","NWG 2730","160/m2 (14.8/sqft)","112 Kg/ha (100 LB/acre)","Flowering",901.210526315789,950,205.555772087763,472,1214,0,0,0,0,0,19,"15-June",32.1578947368421
"828",39,"Belle Glade (EREC)","NWG 2730","160/m2 (14.8/sqft)","112 Kg/ha (100 LB/acre)","Flowering",882.315789473684,910,140.051995357113,621,1116,0,0,0,0,0,19,"30-June",32
"829",1,"Belle Glade (EREC)","IH Williams","160/m2 (14.8/sqft)","280 Kg/ha (250 LB/acre)","Grain Maturity",11184.9473684211,11396,1311.57324841768,8098,12843,1651.26315789474,1653,247.840863392725,1112,2040,19,"01-March",130.210526315789
"830",2,"Belle Glade (EREC)","IH Williams","160/m2 (14.8/sqft)","280 Kg/ha (250 LB/acre)","Grain Maturity",11242.1578947368,11448,1288.59058506045,8324,13147,1662.68421052632,1680,252.326079295022,1128,2071,19,"15-March",127.684210526316
"831",3,"Belle Glade (EREC)","IH Williams","160/m2 (14.8/sqft)","280 Kg/ha (250 LB/acre)","Grain Maturity",11277.3684210526,11347,1062.16368327037,8955,12943,1574,1718,268.673697178484,980,1958,19,"01-April",123.842105263158
"832",4,"Belle Glade (EREC)","IH Williams","160/m2 (14.8/sqft)","280 Kg/ha (250 LB/acre)","Grain Maturity",11230.1578947368,11313,962.878685283406,9307,12642,1522.68421052632,1572,292.734246683381,771,1906,19,"15-April",122.473684210526
"833",5,"Belle Glade (EREC)","IH Williams","160/m2 (14.8/sqft)","280 Kg/ha (250 LB/acre)","Grain Maturity",10942.4736842105,10917,876.016765974833,9434,12321,1471.89473684211,1500,243.011178237829,822,1765,19,"01-May",121.052631578947
"834",6,"Belle Glade (EREC)","IH Williams","160/m2 (14.8/sqft)","280 Kg/ha (250 LB/acre)","Grain Maturity",10824.3157894737,10726,903.133437454263,9111,12274,1496.78947368421,1484,169.668493424144,1208,1787,19,"15-May",122.210526315789
"835",7,"Belle Glade (EREC)","IH Williams","160/m2 (14.8/sqft)","280 Kg/ha (250 LB/acre)","Grain Maturity",10745.4210526316,10854,746.3470533047,9470,11795,1505.36842105263,1512,198.891989260032,1122,1853,19,"01-June",125.052631578947
"836",8,"Belle Glade (EREC)","IH Williams","160/m2 (14.8/sqft)","280 Kg/ha (250 LB/acre)","Grain Maturity",10409.3157894737,10717,722.352257299533,9079,11351,1479.10526315789,1506,195.899604314966,1062,1738,19,"15-June",124.631578947368
"837",9,"Belle Glade (EREC)","IH Williams","160/m2 (14.8/sqft)","280 Kg/ha (250 LB/acre)","Grain Maturity",9693.57894736842,10081,703.904058786855,8301,10575,1399,1433,172.993898415201,988,1645,19,"30-June",121.947368421053
"838",11,"Belle Glade (EREC)","IH Williams","160/m2 (14.8/sqft)","280 Kg/ha (250 LB/acre)","Flowering",1375.94736842105,1387,306.375128393683,875,1892,0,0,0,0,0,19,"01-March",44.4210526315789
"839",12,"Belle Glade (EREC)","IH Williams","160/m2 (14.8/sqft)","280 Kg/ha (250 LB/acre)","Flowering",1434.15789473684,1477,289.117097222618,908,1859,0,0,0,0,0,19,"15-March",42.2631578947368
"840",13,"Belle Glade (EREC)","IH Williams","160/m2 (14.8/sqft)","280 Kg/ha (250 LB/acre)","Flowering",1567.94736842105,1640,294.283777195529,827,2060,0,0,0,0,0,19,"01-April",39.2105263157895
"841",14,"Belle Glade (EREC)","IH Williams","160/m2 (14.8/sqft)","280 Kg/ha (250 LB/acre)","Flowering",1571.73684210526,1570,289.310068593324,820,2014,0,0,0,0,0,19,"15-April",37.7894736842105
"842",15,"Belle Glade (EREC)","IH Williams","160/m2 (14.8/sqft)","280 Kg/ha (250 LB/acre)","Flowering",1480.42105263158,1548,326.847792607146,816,1949,0,0,0,0,0,19,"01-May",36.2631578947368
"843",16,"Belle Glade (EREC)","IH Williams","160/m2 (14.8/sqft)","280 Kg/ha (250 LB/acre)","Flowering",1560.26315789474,1597,327.528258679947,1054,2095,0,0,0,0,0,19,"15-May",37
"844",17,"Belle Glade (EREC)","IH Williams","160/m2 (14.8/sqft)","280 Kg/ha (250 LB/acre)","Flowering",1935.47368421053,1956,398.966911524287,1053,2632,0,0,0,0,0,19,"01-June",39.8947368421053
"845",18,"Belle Glade (EREC)","IH Williams","160/m2 (14.8/sqft)","280 Kg/ha (250 LB/acre)","Flowering",1933.42105263158,1976,355.496259675506,1230,2402,0,0,0,0,0,19,"15-June",39.5789473684211
"846",19,"Belle Glade (EREC)","IH Williams","160/m2 (14.8/sqft)","280 Kg/ha (250 LB/acre)","Flowering",1610.52631578947,1622,225.184213089109,1189,2003,0,0,0,0,0,19,"30-June",37.2105263157895
"847",21,"Belle Glade (EREC)","NWG 2730","160/m2 (14.8/sqft)","280 Kg/ha (250 LB/acre)","Grain Maturity",5282.47368421053,5711,1004.94717210083,2898,6534,1646.42105263158,1726,355.73637489165,923,2133,19,"01-March",92.4210526315789
"848",22,"Belle Glade (EREC)","NWG 2730","160/m2 (14.8/sqft)","280 Kg/ha (250 LB/acre)","Grain Maturity",5394.78947368421,5678,1019.3592529377,2710,6900,1729.94736842105,1781,364.971608284537,921,2295,19,"15-March",90.1052631578947
"849",23,"Belle Glade (EREC)","NWG 2730","160/m2 (14.8/sqft)","280 Kg/ha (250 LB/acre)","Grain Maturity",5439.42105263158,5617,998.663179554964,2951,7125,1768.10526315789,1913,386.68374886647,944,2378,19,"01-April",86.1578947368421
"850",24,"Belle Glade (EREC)","NWG 2730","160/m2 (14.8/sqft)","280 Kg/ha (250 LB/acre)","Grain Maturity",5387.05263157895,5487,930.517805291716,2820,6710,1705.21052631579,1742,385.294487509571,928,2400,19,"15-April",84.5263157894737
"851",25,"Belle Glade (EREC)","NWG 2730","160/m2 (14.8/sqft)","280 Kg/ha (250 LB/acre)","Grain Maturity",5293.8947368421,5351,909.077059118315,3200,6580,1590.94736842105,1571,369.782890308506,995,2149,19,"01-May",83.1578947368421
"852",26,"Belle Glade (EREC)","NWG 2730","160/m2 (14.8/sqft)","280 Kg/ha (250 LB/acre)","Grain Maturity",5011.21052631579,4917,833.974991561322,3714,6271,1442.05263157895,1558,374.307875905534,631,1997,19,"15-May",82.3157894736842
"853",27,"Belle Glade (EREC)","NWG 2730","160/m2 (14.8/sqft)","280 Kg/ha (250 LB/acre)","Grain Maturity",5146.26315789474,5050,788.634955836508,3898,6495,1533.15789473684,1560,271.735627884877,958,1941,19,"01-June",82.9473684210526
"854",28,"Belle Glade (EREC)","NWG 2730","160/m2 (14.8/sqft)","280 Kg/ha (250 LB/acre)","Grain Maturity",5146.31578947368,5100,822.185167886406,3624,6441,1565.42105263158,1555,277.880932893024,1089,2072,19,"15-June",83.3684210526316
"855",29,"Belle Glade (EREC)","NWG 2730","160/m2 (14.8/sqft)","280 Kg/ha (250 LB/acre)","Grain Maturity",4895.84210526316,4843,618.152827485772,3888,6085,1442.57894736842,1485,267.678977672359,730,1918,19,"30-June",83.1052631578947
"856",31,"Belle Glade (EREC)","NWG 2730","160/m2 (14.8/sqft)","280 Kg/ha (250 LB/acre)","Flowering",835.631578947368,857,184.847447770772,511,1128,0,0,0,0,0,19,"01-March",39.9473684210526
"857",32,"Belle Glade (EREC)","NWG 2730","160/m2 (14.8/sqft)","280 Kg/ha (250 LB/acre)","Flowering",875.842105263158,897,203.180068783523,529,1215,0,0,0,0,0,19,"15-March",38
"858",33,"Belle Glade (EREC)","NWG 2730","160/m2 (14.8/sqft)","280 Kg/ha (250 LB/acre)","Flowering",928.894736842105,967,184.754760797731,496,1201,0,0,0,0,0,19,"01-April",35
"859",34,"Belle Glade (EREC)","NWG 2730","160/m2 (14.8/sqft)","280 Kg/ha (250 LB/acre)","Flowering",983.052631578947,1003,174.09878220399,484,1261,0,0,0,0,0,19,"15-April",33.8947368421053
"860",35,"Belle Glade (EREC)","NWG 2730","160/m2 (14.8/sqft)","280 Kg/ha (250 LB/acre)","Flowering",943.947368421053,1019,221.691094815439,499,1236,0,0,0,0,0,19,"01-May",32.4736842105263
"861",36,"Belle Glade (EREC)","NWG 2730","160/m2 (14.8/sqft)","280 Kg/ha (250 LB/acre)","Flowering",842,893,209.58636512055,506,1183,0,0,0,0,0,19,"15-May",31.7368421052632
"862",37,"Belle Glade (EREC)","NWG 2730","160/m2 (14.8/sqft)","280 Kg/ha (250 LB/acre)","Flowering",879.684210526316,856,171.945744876942,585,1142,0,0,0,0,0,19,"01-June",31.9473684210526
"863",38,"Belle Glade (EREC)","NWG 2730","160/m2 (14.8/sqft)","280 Kg/ha (250 LB/acre)","Flowering",901.210526315789,950,205.555772087763,472,1214,0,0,0,0,0,19,"15-June",32.1578947368421
"864",39,"Belle Glade (EREC)","NWG 2730","160/m2 (14.8/sqft)","280 Kg/ha (250 LB/acre)","Flowering",882.315789473684,910,140.051995357113,621,1116,0,0,0,0,0,19,"30-June",32
"865",1,"Belle Glade (EREC)","IH Williams","200/m2 (18.6/sqft)","224 Kg/ha (200 LB/acre)","Grain Maturity",11474.4736842105,11651,1276.66968530631,8415,13123,1722.21052631579,1723,250.826097115416,1178,2102,19,"01-March",130.210526315789
"866",2,"Belle Glade (EREC)","IH Williams","200/m2 (18.6/sqft)","224 Kg/ha (200 LB/acre)","Grain Maturity",11532.6842105263,11707,1246.47739439464,8650,13439,1729.42105263158,1745,254.376430553329,1196,2135,19,"15-March",127.684210526316
"867",3,"Belle Glade (EREC)","IH Williams","200/m2 (18.6/sqft)","224 Kg/ha (200 LB/acre)","Grain Maturity",11573.4736842105,11591,1020.38371695385,9262,13165,1619,1596,269.498917746745,1040,2020,19,"01-April",123.894736842105
"868",4,"Belle Glade (EREC)","IH Williams","200/m2 (18.6/sqft)","224 Kg/ha (200 LB/acre)","Grain Maturity",11480.1578947368,11528,964.060006382607,9608,12859,1577.10526315789,1619,295.748183940483,823,1966,19,"15-April",122.473684210526
"869",5,"Belle Glade (EREC)","IH Williams","200/m2 (18.6/sqft)","224 Kg/ha (200 LB/acre)","Grain Maturity",11174.8421052632,11154,856.416582378634,9714,12543,1524.57894736842,1547,244.99440260941,880,1824,19,"01-May",121.052631578947
"870",6,"Belle Glade (EREC)","IH Williams","200/m2 (18.6/sqft)","224 Kg/ha (200 LB/acre)","Grain Maturity",11051.7894736842,10969,883.395128589905,9369,12507,1548.52631578947,1527,170.337367343312,1266,1848,19,"15-May",122.210526315789
"871",7,"Belle Glade (EREC)","IH Williams","200/m2 (18.6/sqft)","224 Kg/ha (200 LB/acre)","Grain Maturity",10937.3157894737,11029,722.660443748698,9677,11969,1546.57894736842,1551,198.37431391451,1155,1893,19,"01-June",125.052631578947
"872",8,"Belle Glade (EREC)","IH Williams","200/m2 (18.6/sqft)","224 Kg/ha (200 LB/acre)","Grain Maturity",10606.3684210526,10899,696.830061423102,9318,11514,1526.78947368421,1541,191.096420964034,1111,1776,19,"15-June",124.631578947368
"873",9,"Belle Glade (EREC)","IH Williams","200/m2 (18.6/sqft)","224 Kg/ha (200 LB/acre)","Grain Maturity",9905.21052631579,10283,704.795287768596,8395,10770,1447.05263157895,1483,172.661992756629,1041,1688,19,"30-June",121.947368421053
"874",11,"Belle Glade (EREC)","IH Williams","200/m2 (18.6/sqft)","224 Kg/ha (200 LB/acre)","Flowering",1586.84210526316,1603,336.68139623849,1038,2153,0,0,0,0,0,19,"01-March",44.4210526315789
"875",12,"Belle Glade (EREC)","IH Williams","200/m2 (18.6/sqft)","224 Kg/ha (200 LB/acre)","Flowering",1649.42105263158,1699,317.303975495891,1064,2143,0,0,0,0,0,19,"15-March",42.2631578947368
"876",13,"Belle Glade (EREC)","IH Williams","200/m2 (18.6/sqft)","224 Kg/ha (200 LB/acre)","Flowering",1794.94736842105,1872,321.031925322114,970,2322,0,0,0,0,0,19,"01-April",39.2105263157895
"877",14,"Belle Glade (EREC)","IH Williams","200/m2 (18.6/sqft)","224 Kg/ha (200 LB/acre)","Flowering",1796.36842105263,1797,316.36954666731,960,2271,0,0,0,0,0,19,"15-April",37.7894736842105
"878",15,"Belle Glade (EREC)","IH Williams","200/m2 (18.6/sqft)","224 Kg/ha (200 LB/acre)","Flowering",1691.68421052632,1773,358.048887511124,956,2201,0,0,0,0,0,19,"01-May",36.2631578947368
"879",16,"Belle Glade (EREC)","IH Williams","200/m2 (18.6/sqft)","224 Kg/ha (200 LB/acre)","Flowering",1778.89473684211,1812,355.600883441104,1220,2354,0,0,0,0,0,19,"15-May",37
"880",17,"Belle Glade (EREC)","IH Williams","200/m2 (18.6/sqft)","224 Kg/ha (200 LB/acre)","Flowering",2165.52631578947,2189,419.625146002828,1229,2899,0,0,0,0,0,19,"01-June",39.8947368421053
"881",18,"Belle Glade (EREC)","IH Williams","200/m2 (18.6/sqft)","224 Kg/ha (200 LB/acre)","Flowering",2172.10526315789,2213,374.572036498076,1418,2666,0,0,0,0,0,19,"15-June",39.5789473684211
"882",19,"Belle Glade (EREC)","IH Williams","200/m2 (18.6/sqft)","224 Kg/ha (200 LB/acre)","Flowering",1833.78947368421,1847,242.61207695216,1382,2256,0,0,0,0,0,19,"30-June",37.2105263157895
"883",21,"Belle Glade (EREC)","NWG 2730","200/m2 (18.6/sqft)","224 Kg/ha (200 LB/acre)","Grain Maturity",5811.31578947368,6266,1043.1484954817,3284,7078,1830.10526315789,1921,374.172256043901,1050,2338,19,"01-March",92.4210526315789
"884",22,"Belle Glade (EREC)","NWG 2730","200/m2 (18.6/sqft)","224 Kg/ha (200 LB/acre)","Grain Maturity",5915.05263157895,6227,1052.25569736238,3077,7436,1912.52631578947,1971,382.808679865174,1051,2498,19,"15-March",90.1052631578947
"885",23,"Belle Glade (EREC)","NWG 2730","200/m2 (18.6/sqft)","224 Kg/ha (200 LB/acre)","Grain Maturity",5949.73684210526,6103,1023.47506304666,3352,7656,1941.36842105263,2103,412.22488610605,1060,2583,19,"01-April",86.1578947368421
"886",24,"Belle Glade (EREC)","NWG 2730","200/m2 (18.6/sqft)","224 Kg/ha (200 LB/acre)","Grain Maturity",5866.57894736842,5991,953.440746617188,3192,7094,1868.21052631579,1888,403.384374035949,1059,2558,19,"15-April",84.5263157894737
"887",25,"Belle Glade (EREC)","NWG 2730","200/m2 (18.6/sqft)","224 Kg/ha (200 LB/acre)","Grain Maturity",5768.36842105263,5816,931.57329350384,3613,7082,1746.57894736842,1737,388.171542232079,1130,2305,19,"01-May",83.1578947368421
"888",26,"Belle Glade (EREC)","NWG 2730","200/m2 (18.6/sqft)","224 Kg/ha (200 LB/acre)","Grain Maturity",5486.78947368421,5381,850.277900907656,4164,6761,1595.63157894737,1718,400.951120673818,721,2171,19,"15-May",82.3157894736842
"889",27,"Belle Glade (EREC)","NWG 2730","200/m2 (18.6/sqft)","224 Kg/ha (200 LB/acre)","Grain Maturity",5617.42105263158,5522,797.114122304083,4381,6995,1689.78947368421,1715,281.60405200434,1087,2111,19,"01-June",82.9473684210526
"890",28,"Belle Glade (EREC)","NWG 2730","200/m2 (18.6/sqft)","224 Kg/ha (200 LB/acre)","Grain Maturity",5609,5563,828.937137410176,4072,6922,1724,1705,282.993914343676,1241,2247,19,"15-June",83.3684210526316
"891",29,"Belle Glade (EREC)","NWG 2730","200/m2 (18.6/sqft)","224 Kg/ha (200 LB/acre)","Grain Maturity",5349.26315789474,5305,611.528580426428,4359,6556,1589.89473684211,1647,281.406565258809,832,2093,19,"30-June",83.1052631578947
"892",31,"Belle Glade (EREC)","NWG 2730","200/m2 (18.6/sqft)","224 Kg/ha (200 LB/acre)","Flowering",989.263157894737,1016,211.122618953816,618,1322,0,0,0,0,0,19,"01-March",39.9473684210526
"893",32,"Belle Glade (EREC)","NWG 2730","200/m2 (18.6/sqft)","224 Kg/ha (200 LB/acre)","Flowering",1033.52631578947,1061,229.853423927572,635,1415,0,0,0,0,0,19,"15-March",38
"894",33,"Belle Glade (EREC)","NWG 2730","200/m2 (18.6/sqft)","224 Kg/ha (200 LB/acre)","Flowering",1095.84210526316,1143,210.006154184399,595,1401,0,0,0,0,0,19,"01-April",35
"895",34,"Belle Glade (EREC)","NWG 2730","200/m2 (18.6/sqft)","224 Kg/ha (200 LB/acre)","Flowering",1154.68421052632,1183,197.244364130605,580,1470,0,0,0,0,0,19,"15-April",33.8947368421053
"896",35,"Belle Glade (EREC)","NWG 2730","200/m2 (18.6/sqft)","224 Kg/ha (200 LB/acre)","Flowering",1110.05263157895,1198,252.95640241051,598,1434,0,0,0,0,0,19,"01-May",32.4736842105263
"897",36,"Belle Glade (EREC)","NWG 2730","200/m2 (18.6/sqft)","224 Kg/ha (200 LB/acre)","Flowering",995.263157894737,1054,240.535015262334,604,1382,0,0,0,0,0,19,"15-May",31.7368421052632
"898",37,"Belle Glade (EREC)","NWG 2730","200/m2 (18.6/sqft)","224 Kg/ha (200 LB/acre)","Flowering",1037.15789473684,1015,194.346558485921,703,1335,0,0,0,0,0,19,"01-June",31.9473684210526
"899",38,"Belle Glade (EREC)","NWG 2730","200/m2 (18.6/sqft)","224 Kg/ha (200 LB/acre)","Flowering",1061.63157894737,1115,231.802169131428,568,1411,0,0,0,0,0,19,"15-June",32.1578947368421
"900",39,"Belle Glade (EREC)","NWG 2730","200/m2 (18.6/sqft)","224 Kg/ha (200 LB/acre)","Flowering",1042.15789473684,1070,158.943827658947,746,1303,0,0,0,0,0,19,"30-June",32
"901",1,"Belle Glade (EREC)","IH Williams","200/m2 (18.6/sqft)","168 Kg/ha (150 LB/acre)","Grain Maturity",11474.4736842105,11651,1276.66968530631,8415,13123,1722.21052631579,1723,250.826097115416,1178,2102,19,"01-March",130.210526315789
"902",2,"Belle Glade (EREC)","IH Williams","200/m2 (18.6/sqft)","168 Kg/ha (150 LB/acre)","Grain Maturity",11532.6842105263,11707,1246.47739439464,8650,13439,1729.42105263158,1745,254.376430553329,1196,2135,19,"15-March",127.684210526316
"903",3,"Belle Glade (EREC)","IH Williams","200/m2 (18.6/sqft)","168 Kg/ha (150 LB/acre)","Grain Maturity",11573.4736842105,11591,1020.38371695385,9262,13165,1619,1596,269.498917746745,1040,2020,19,"01-April",123.894736842105
"904",4,"Belle Glade (EREC)","IH Williams","200/m2 (18.6/sqft)","168 Kg/ha (150 LB/acre)","Grain Maturity",11480.1578947368,11528,964.060006382607,9608,12859,1577.10526315789,1619,295.748183940483,823,1966,19,"15-April",122.473684210526
"905",5,"Belle Glade (EREC)","IH Williams","200/m2 (18.6/sqft)","168 Kg/ha (150 LB/acre)","Grain Maturity",11174.8421052632,11154,856.416582378634,9714,12543,1524.57894736842,1547,244.99440260941,880,1824,19,"01-May",121.052631578947
"906",6,"Belle Glade (EREC)","IH Williams","200/m2 (18.6/sqft)","168 Kg/ha (150 LB/acre)","Grain Maturity",11051.8421052632,10969,883.313412552601,9369,12507,1548.52631578947,1527,170.337367343312,1266,1848,19,"15-May",122.210526315789
"907",7,"Belle Glade (EREC)","IH Williams","200/m2 (18.6/sqft)","168 Kg/ha (150 LB/acre)","Grain Maturity",10937.3157894737,11029,722.660443748698,9677,11969,1546.57894736842,1551,198.37431391451,1155,1893,19,"01-June",125.052631578947
"908",8,"Belle Glade (EREC)","IH Williams","200/m2 (18.6/sqft)","168 Kg/ha (150 LB/acre)","Grain Maturity",10606.6842105263,10899,697.203943750526,9318,11514,1526.84210526316,1541,191.015782698096,1110,1776,19,"15-June",124.631578947368
"909",9,"Belle Glade (EREC)","IH Williams","200/m2 (18.6/sqft)","168 Kg/ha (150 LB/acre)","Grain Maturity",9905.05263157895,10283,704.591092895116,8395,10767,1447.05263157895,1483,172.661992756629,1041,1688,19,"30-June",121.947368421053
"910",11,"Belle Glade (EREC)","IH Williams","200/m2 (18.6/sqft)","168 Kg/ha (150 LB/acre)","Flowering",1586.84210526316,1603,336.68139623849,1038,2153,0,0,0,0,0,19,"01-March",44.4210526315789
"911",12,"Belle Glade (EREC)","IH Williams","200/m2 (18.6/sqft)","168 Kg/ha (150 LB/acre)","Flowering",1649.42105263158,1699,317.303975495891,1064,2143,0,0,0,0,0,19,"15-March",42.2631578947368
"912",13,"Belle Glade (EREC)","IH Williams","200/m2 (18.6/sqft)","168 Kg/ha (150 LB/acre)","Flowering",1794.94736842105,1872,321.031925322114,970,2322,0,0,0,0,0,19,"01-April",39.2105263157895
"913",14,"Belle Glade (EREC)","IH Williams","200/m2 (18.6/sqft)","168 Kg/ha (150 LB/acre)","Flowering",1796.36842105263,1797,316.36954666731,960,2271,0,0,0,0,0,19,"15-April",37.7894736842105
"914",15,"Belle Glade (EREC)","IH Williams","200/m2 (18.6/sqft)","168 Kg/ha (150 LB/acre)","Flowering",1691.68421052632,1773,358.048887511124,956,2201,0,0,0,0,0,19,"01-May",36.2631578947368
"915",16,"Belle Glade (EREC)","IH Williams","200/m2 (18.6/sqft)","168 Kg/ha (150 LB/acre)","Flowering",1778.89473684211,1812,355.600883441104,1220,2354,0,0,0,0,0,19,"15-May",37
"916",17,"Belle Glade (EREC)","IH Williams","200/m2 (18.6/sqft)","168 Kg/ha (150 LB/acre)","Flowering",2165.52631578947,2189,419.625146002828,1229,2899,0,0,0,0,0,19,"01-June",39.8947368421053
"917",18,"Belle Glade (EREC)","IH Williams","200/m2 (18.6/sqft)","168 Kg/ha (150 LB/acre)","Flowering",2172.10526315789,2213,374.572036498076,1418,2666,0,0,0,0,0,19,"15-June",39.5789473684211
"918",19,"Belle Glade (EREC)","IH Williams","200/m2 (18.6/sqft)","168 Kg/ha (150 LB/acre)","Flowering",1833.78947368421,1847,242.61207695216,1382,2256,0,0,0,0,0,19,"30-June",37.2105263157895
"919",21,"Belle Glade (EREC)","NWG 2730","200/m2 (18.6/sqft)","168 Kg/ha (150 LB/acre)","Grain Maturity",5811.31578947368,6266,1043.1484954817,3284,7078,1830.10526315789,1921,374.172256043901,1050,2338,19,"01-March",92.4210526315789
"920",22,"Belle Glade (EREC)","NWG 2730","200/m2 (18.6/sqft)","168 Kg/ha (150 LB/acre)","Grain Maturity",5914.63157894737,6227,1052.30124597508,3077,7436,1912.31578947368,1971,382.912240109573,1051,2498,19,"15-March",90.1052631578947
"921",23,"Belle Glade (EREC)","NWG 2730","200/m2 (18.6/sqft)","168 Kg/ha (150 LB/acre)","Grain Maturity",5949.73684210526,6103,1023.47506304666,3352,7656,1941.36842105263,2103,412.22488610605,1060,2583,19,"01-April",86.1578947368421
"922",24,"Belle Glade (EREC)","NWG 2730","200/m2 (18.6/sqft)","168 Kg/ha (150 LB/acre)","Grain Maturity",5866.57894736842,5991,953.599223747673,3192,7094,1868.26315789474,1892,403.396254335233,1059,2558,19,"15-April",84.5263157894737
"923",25,"Belle Glade (EREC)","NWG 2730","200/m2 (18.6/sqft)","168 Kg/ha (150 LB/acre)","Grain Maturity",5768.73684210526,5816,931.199992966379,3613,7082,1746.68421052632,1737,388.067298377711,1131,2305,19,"01-May",83.1578947368421
"924",26,"Belle Glade (EREC)","NWG 2730","200/m2 (18.6/sqft)","168 Kg/ha (150 LB/acre)","Grain Maturity",5485.8947368421,5368,850.287264839676,4168,6761,1595.57894736842,1718,400.939911789157,723,2171,19,"15-May",82.3157894736842
"925",27,"Belle Glade (EREC)","NWG 2730","200/m2 (18.6/sqft)","168 Kg/ha (150 LB/acre)","Grain Maturity",5617.42105263158,5522,797.14213954807,4381,6995,1689.78947368421,1715,281.60405200434,1087,2111,19,"01-June",82.9473684210526
"926",28,"Belle Glade (EREC)","NWG 2730","200/m2 (18.6/sqft)","168 Kg/ha (150 LB/acre)","Grain Maturity",5609,5563,828.937137410176,4072,6922,1724,1705,282.993914343676,1241,2247,19,"15-June",83.3684210526316
"927",29,"Belle Glade (EREC)","NWG 2730","200/m2 (18.6/sqft)","168 Kg/ha (150 LB/acre)","Grain Maturity",5349.26315789474,5305,611.528580426428,4359,6556,1589.89473684211,1647,281.406565258809,832,2093,19,"30-June",83.1052631578947
"928",31,"Belle Glade (EREC)","NWG 2730","200/m2 (18.6/sqft)","168 Kg/ha (150 LB/acre)","Flowering",989.263157894737,1016,211.122618953816,618,1322,0,0,0,0,0,19,"01-March",39.9473684210526
"929",32,"Belle Glade (EREC)","NWG 2730","200/m2 (18.6/sqft)","168 Kg/ha (150 LB/acre)","Flowering",1033.52631578947,1061,229.853423927572,635,1415,0,0,0,0,0,19,"15-March",38
"930",33,"Belle Glade (EREC)","NWG 2730","200/m2 (18.6/sqft)","168 Kg/ha (150 LB/acre)","Flowering",1095.84210526316,1143,210.006154184399,595,1401,0,0,0,0,0,19,"01-April",35
"931",34,"Belle Glade (EREC)","NWG 2730","200/m2 (18.6/sqft)","168 Kg/ha (150 LB/acre)","Flowering",1154.68421052632,1183,197.244364130605,580,1470,0,0,0,0,0,19,"15-April",33.8947368421053
"932",35,"Belle Glade (EREC)","NWG 2730","200/m2 (18.6/sqft)","168 Kg/ha (150 LB/acre)","Flowering",1110.05263157895,1198,252.95640241051,598,1434,0,0,0,0,0,19,"01-May",32.4736842105263
"933",36,"Belle Glade (EREC)","NWG 2730","200/m2 (18.6/sqft)","168 Kg/ha (150 LB/acre)","Flowering",995.263157894737,1054,240.535015262334,604,1382,0,0,0,0,0,19,"15-May",31.7368421052632
"934",37,"Belle Glade (EREC)","NWG 2730","200/m2 (18.6/sqft)","168 Kg/ha (150 LB/acre)","Flowering",1037.15789473684,1015,194.346558485921,703,1335,0,0,0,0,0,19,"01-June",31.9473684210526
"935",38,"Belle Glade (EREC)","NWG 2730","200/m2 (18.6/sqft)","168 Kg/ha (150 LB/acre)","Flowering",1061.63157894737,1115,231.802169131428,568,1411,0,0,0,0,0,19,"15-June",32.1578947368421
"936",39,"Belle Glade (EREC)","NWG 2730","200/m2 (18.6/sqft)","168 Kg/ha (150 LB/acre)","Flowering",1042.15789473684,1070,158.943827658947,746,1303,0,0,0,0,0,19,"30-June",32
"937",1,"Belle Glade (EREC)","IH Williams","200/m2 (18.6/sqft)","56 Kg/ha (50 LB/acre)","Grain Maturity",11201.4736842105,11399,1301.09865406215,8099,12844,1653.78947368421,1653,250.176288721766,1112,2062,19,"01-March",130.210526315789
"938",2,"Belle Glade (EREC)","IH Williams","200/m2 (18.6/sqft)","56 Kg/ha (50 LB/acre)","Grain Maturity",11271.0526315789,11482,1265.47968391806,8325,13240,1666.15789473684,1680,254.226771725537,1128,2071,19,"15-March",127.684210526316
"939",3,"Belle Glade (EREC)","IH Williams","200/m2 (18.6/sqft)","56 Kg/ha (50 LB/acre)","Grain Maturity",11318.1052631579,11346,1026.96185662894,8955,12940,1575.68421052632,1718,269.915841334866,980,1958,19,"01-April",123.894736842105
"940",4,"Belle Glade (EREC)","IH Williams","200/m2 (18.6/sqft)","56 Kg/ha (50 LB/acre)","Grain Maturity",11246.5789473684,11313,980.039076079763,9307,12641,1522.68421052632,1572,292.762333003635,771,1906,19,"15-April",122.473684210526
"941",5,"Belle Glade (EREC)","IH Williams","200/m2 (18.6/sqft)","56 Kg/ha (50 LB/acre)","Grain Maturity",10942.6842105263,10918,875.460326700034,9435,12321,1471.94736842105,1500,243.010167524875,822,1765,19,"01-May",121.052631578947
"942",6,"Belle Glade (EREC)","IH Williams","200/m2 (18.6/sqft)","56 Kg/ha (50 LB/acre)","Grain Maturity",10824.4210526316,10726,903.292023396733,9110,12274,1496.78947368421,1484,169.668493424144,1208,1787,19,"15-May",122.210526315789
"943",7,"Belle Glade (EREC)","IH Williams","200/m2 (18.6/sqft)","56 Kg/ha (50 LB/acre)","Grain Maturity",10757.5789473684,10855,751.585163045374,9470,11793,1505.47368421053,1512,198.834484048375,1122,1853,19,"01-June",125.052631578947
"944",8,"Belle Glade (EREC)","IH Williams","200/m2 (18.6/sqft)","56 Kg/ha (50 LB/acre)","Grain Maturity",10409.9473684211,10717,722.56260579845,9079,11352,1479.15789473684,1506,195.97031043783,1062,1738,19,"15-June",124.631578947368
"945",9,"Belle Glade (EREC)","IH Williams","200/m2 (18.6/sqft)","56 Kg/ha (50 LB/acre)","Grain Maturity",9693.94736842105,10082,704.087153197845,8302,10578,1399.05263157895,1433,172.977350374811,988,1645,19,"30-June",121.947368421053
"946",11,"Belle Glade (EREC)","IH Williams","200/m2 (18.6/sqft)","56 Kg/ha (50 LB/acre)","Flowering",1376.05263157895,1387,306.736128670196,875,1895,0,0,0,0,0,19,"01-March",44.4210526315789
"947",12,"Belle Glade (EREC)","IH Williams","200/m2 (18.6/sqft)","56 Kg/ha (50 LB/acre)","Flowering",1436.26315789474,1477,292.298523603156,908,1895,0,0,0,0,0,19,"15-March",42.2631578947368
"948",13,"Belle Glade (EREC)","IH Williams","200/m2 (18.6/sqft)","56 Kg/ha (50 LB/acre)","Flowering",1567.94736842105,1640,294.283777195529,827,2060,0,0,0,0,0,19,"01-April",39.2105263157895
"949",14,"Belle Glade (EREC)","IH Williams","200/m2 (18.6/sqft)","56 Kg/ha (50 LB/acre)","Flowering",1571.47368421053,1570,289.392921748088,820,2014,0,0,0,0,0,19,"15-April",37.7894736842105
"950",15,"Belle Glade (EREC)","IH Williams","200/m2 (18.6/sqft)","56 Kg/ha (50 LB/acre)","Flowering",1480.47368421053,1549,326.859359565659,816,1949,0,0,0,0,0,19,"01-May",36.2631578947368
"951",16,"Belle Glade (EREC)","IH Williams","200/m2 (18.6/sqft)","56 Kg/ha (50 LB/acre)","Flowering",1560.31578947368,1597,327.566287207063,1054,2095,0,0,0,0,0,19,"15-May",37
"952",17,"Belle Glade (EREC)","IH Williams","200/m2 (18.6/sqft)","56 Kg/ha (50 LB/acre)","Flowering",1935.47368421053,1956,398.966911524287,1053,2632,0,0,0,0,0,19,"01-June",39.8947368421053
"953",18,"Belle Glade (EREC)","IH Williams","200/m2 (18.6/sqft)","56 Kg/ha (50 LB/acre)","Flowering",1933.63157894737,1976,355.721053405976,1230,2403,0,0,0,0,0,19,"15-June",39.5789473684211
"954",19,"Belle Glade (EREC)","IH Williams","200/m2 (18.6/sqft)","56 Kg/ha (50 LB/acre)","Flowering",1610.57894736842,1622,225.250309110523,1189,2003,0,0,0,0,0,19,"30-June",37.2105263157895
"955",21,"Belle Glade (EREC)","NWG 2730","200/m2 (18.6/sqft)","56 Kg/ha (50 LB/acre)","Grain Maturity",5281.78947368421,5711,1004.53436305072,2898,6534,1646.10526315789,1724,355.859974761741,923,2133,19,"01-March",92.4210526315789
"956",22,"Belle Glade (EREC)","NWG 2730","200/m2 (18.6/sqft)","56 Kg/ha (50 LB/acre)","Grain Maturity",5394.84210526316,5678,1019.39754883612,2710,6900,1729.94736842105,1781,364.971608284537,921,2295,19,"15-March",90.1052631578947
"957",23,"Belle Glade (EREC)","NWG 2730","200/m2 (18.6/sqft)","56 Kg/ha (50 LB/acre)","Grain Maturity",5453.84210526316,5617,995.149082251716,2951,7125,1768.26315789474,1913,386.677276019,944,2378,19,"01-April",86.1578947368421
"958",24,"Belle Glade (EREC)","NWG 2730","200/m2 (18.6/sqft)","56 Kg/ha (50 LB/acre)","Grain Maturity",5387.15789473684,5487,930.556002443813,2820,6710,1705.21052631579,1742,385.294487509571,928,2400,19,"15-April",84.5263157894737
"959",25,"Belle Glade (EREC)","NWG 2730","200/m2 (18.6/sqft)","56 Kg/ha (50 LB/acre)","Grain Maturity",5279.31578947368,5352,903.113752687001,3200,6580,1590.89473684211,1571,369.865274981887,995,2149,19,"01-May",83.1578947368421
"960",26,"Belle Glade (EREC)","NWG 2730","200/m2 (18.6/sqft)","56 Kg/ha (50 LB/acre)","Grain Maturity",5011.42105263158,4917,833.889768613832,3714,6272,1442.21052631579,1558,374.332231958512,631,1997,19,"15-May",82.3157894736842
"961",27,"Belle Glade (EREC)","NWG 2730","200/m2 (18.6/sqft)","56 Kg/ha (50 LB/acre)","Grain Maturity",5146.36842105263,5050,788.79473534179,3898,6495,1533.21052631579,1560,271.724652083148,958,1941,19,"01-June",82.9473684210526
"962",28,"Belle Glade (EREC)","NWG 2730","200/m2 (18.6/sqft)","56 Kg/ha (50 LB/acre)","Grain Maturity",5134.21052631579,5100,813.933902513477,3624,6441,1565.47368421053,1555,277.949709364253,1089,2072,19,"15-June",83.3684210526316
"963",29,"Belle Glade (EREC)","NWG 2730","200/m2 (18.6/sqft)","56 Kg/ha (50 LB/acre)","Grain Maturity",4896.26315789474,4843,618.125107986083,3890,6086,1442.73684210526,1485,267.623666555454,731,1918,19,"30-June",83.1052631578947
"964",31,"Belle Glade (EREC)","NWG 2730","200/m2 (18.6/sqft)","56 Kg/ha (50 LB/acre)","Flowering",835.631578947368,857,184.847447770772,511,1128,0,0,0,0,0,19,"01-March",39.9473684210526
"965",32,"Belle Glade (EREC)","NWG 2730","200/m2 (18.6/sqft)","56 Kg/ha (50 LB/acre)","Flowering",875.842105263158,897,203.180068783523,529,1215,0,0,0,0,0,19,"15-March",38
"966",33,"Belle Glade (EREC)","NWG 2730","200/m2 (18.6/sqft)","56 Kg/ha (50 LB/acre)","Flowering",928.894736842105,967,184.754760797731,496,1201,0,0,0,0,0,19,"01-April",35
"967",34,"Belle Glade (EREC)","NWG 2730","200/m2 (18.6/sqft)","56 Kg/ha (50 LB/acre)","Flowering",983.052631578947,1003,174.09878220399,484,1261,0,0,0,0,0,19,"15-April",33.8947368421053
"968",35,"Belle Glade (EREC)","NWG 2730","200/m2 (18.6/sqft)","56 Kg/ha (50 LB/acre)","Flowering",943.947368421053,1019,221.691094815439,499,1236,0,0,0,0,0,19,"01-May",32.4736842105263
"969",36,"Belle Glade (EREC)","NWG 2730","200/m2 (18.6/sqft)","56 Kg/ha (50 LB/acre)","Flowering",842,893,209.58636512055,506,1183,0,0,0,0,0,19,"15-May",31.7368421052632
"970",37,"Belle Glade (EREC)","NWG 2730","200/m2 (18.6/sqft)","56 Kg/ha (50 LB/acre)","Flowering",879.684210526316,856,171.945744876942,585,1142,0,0,0,0,0,19,"01-June",31.9473684210526
"971",38,"Belle Glade (EREC)","NWG 2730","200/m2 (18.6/sqft)","56 Kg/ha (50 LB/acre)","Flowering",901.210526315789,950,205.555772087763,472,1214,0,0,0,0,0,19,"15-June",32.1578947368421
"972",39,"Belle Glade (EREC)","NWG 2730","200/m2 (18.6/sqft)","56 Kg/ha (50 LB/acre)","Flowering",882.315789473684,910,140.051995357113,621,1116,0,0,0,0,0,19,"30-June",32
"973",1,"Belle Glade (EREC)","IH Williams","200/m2 (18.6/sqft)","0 Kg/ha (0 LB/acre)","Grain Maturity",11444.7894736842,11650,1287.89473254038,8415,13124,1716.52631578947,1723,245.372136519445,1178,2068,19,"01-March",130.157894736842
"974",2,"Belle Glade (EREC)","IH Williams","200/m2 (18.6/sqft)","0 Kg/ha (0 LB/acre)","Grain Maturity",11497.8947368421,11677,1268.26797443236,8649,13255,1725.10526315789,1745,252.288612227443,1196,2135,19,"15-March",127.684210526316
"975",3,"Belle Glade (EREC)","IH Williams","200/m2 (18.6/sqft)","0 Kg/ha (0 LB/acre)","Grain Maturity",11525.2631578947,11591,1066.94453891606,9262,13169,1615.21052631579,1596,266.563433965511,1040,2020,19,"01-April",123.842105263158
"976",4,"Belle Glade (EREC)","IH Williams","200/m2 (18.6/sqft)","0 Kg/ha (0 LB/acre)","Grain Maturity",11458.2631578947,11529,942.488245850977,9608,12860,1577.15789473684,1619,295.711057013034,823,1966,19,"15-April",122.473684210526
"977",5,"Belle Glade (EREC)","IH Williams","200/m2 (18.6/sqft)","0 Kg/ha (0 LB/acre)","Grain Maturity",11174.8947368421,11153,856.879992552882,9713,12542,1524.52631578947,1547,245.086916197556,880,1824,19,"01-May",121.052631578947
"978",6,"Belle Glade (EREC)","IH Williams","200/m2 (18.6/sqft)","0 Kg/ha (0 LB/acre)","Grain Maturity",11051.5263157895,10968,883.342664631283,9369,12507,1548.36842105263,1527,170.395686736723,1266,1848,19,"15-May",122.210526315789
"979",7,"Belle Glade (EREC)","IH Williams","200/m2 (18.6/sqft)","0 Kg/ha (0 LB/acre)","Grain Maturity",10937,11028,722.303414239627,9677,11971,1546.52631578947,1551,198.175670785362,1156,1893,19,"01-June",125.052631578947
"980",8,"Belle Glade (EREC)","IH Williams","200/m2 (18.6/sqft)","0 Kg/ha (0 LB/acre)","Grain Maturity",10605.7368421053,10898,696.890621268285,9319,11513,1526.68421052632,1541,191.225594704724,1110,1776,19,"15-June",124.631578947368
"981",9,"Belle Glade (EREC)","IH Williams","200/m2 (18.6/sqft)","0 Kg/ha (0 LB/acre)","Grain Maturity",9912.42105263158,10283,688.224391361929,8538,10770,1447,1483,172.728753316355,1041,1688,19,"30-June",121.947368421053
"982",11,"Belle Glade (EREC)","IH Williams","200/m2 (18.6/sqft)","0 Kg/ha (0 LB/acre)","Flowering",1586.78947368421,1603,336.588040149869,1038,2152,0,0,0,0,0,19,"01-March",44.4210526315789
"983",12,"Belle Glade (EREC)","IH Williams","200/m2 (18.6/sqft)","0 Kg/ha (0 LB/acre)","Flowering",1647.26315789474,1699,314.110002335569,1064,2107,0,0,0,0,0,19,"15-March",42.2631578947368
"984",13,"Belle Glade (EREC)","IH Williams","200/m2 (18.6/sqft)","0 Kg/ha (0 LB/acre)","Flowering",1794.94736842105,1872,321.031925322114,970,2322,0,0,0,0,0,19,"01-April",39.2105263157895
"985",14,"Belle Glade (EREC)","IH Williams","200/m2 (18.6/sqft)","0 Kg/ha (0 LB/acre)","Flowering",1796.52631578947,1797,316.298973971893,960,2271,0,0,0,0,0,19,"15-April",37.7894736842105
"986",15,"Belle Glade (EREC)","IH Williams","200/m2 (18.6/sqft)","0 Kg/ha (0 LB/acre)","Flowering",1691.68421052632,1773,358.048887511124,956,2201,0,0,0,0,0,19,"01-May",36.2631578947368
"987",16,"Belle Glade (EREC)","IH Williams","200/m2 (18.6/sqft)","0 Kg/ha (0 LB/acre)","Flowering",1778.84210526316,1812,355.571568535614,1220,2354,0,0,0,0,0,19,"15-May",37
"988",17,"Belle Glade (EREC)","IH Williams","200/m2 (18.6/sqft)","0 Kg/ha (0 LB/acre)","Flowering",2165.52631578947,2189,419.625146002828,1229,2899,0,0,0,0,0,19,"01-June",39.8947368421053
"989",18,"Belle Glade (EREC)","IH Williams","200/m2 (18.6/sqft)","0 Kg/ha (0 LB/acre)","Flowering",2172.05263157895,2213,374.508340462564,1418,2666,0,0,0,0,0,19,"15-June",39.5789473684211
"990",19,"Belle Glade (EREC)","IH Williams","200/m2 (18.6/sqft)","0 Kg/ha (0 LB/acre)","Flowering",1833.78947368421,1847,242.61207695216,1382,2256,0,0,0,0,0,19,"30-June",37.2105263157895
"991",21,"Belle Glade (EREC)","NWG 2730","200/m2 (18.6/sqft)","0 Kg/ha (0 LB/acre)","Grain Maturity",5811.52631578947,6266,1042.58159118076,3284,7078,1830.05263157895,1919,374.099730268727,1050,2338,19,"01-March",92.4210526315789
"992",22,"Belle Glade (EREC)","NWG 2730","200/m2 (18.6/sqft)","0 Kg/ha (0 LB/acre)","Grain Maturity",5914.63157894737,6227,1052.30124597508,3077,7436,1912.26315789474,1971,382.854315504716,1051,2498,19,"15-March",90.1052631578947
"993",23,"Belle Glade (EREC)","NWG 2730","200/m2 (18.6/sqft)","0 Kg/ha (0 LB/acre)","Grain Maturity",5943.94736842105,6104,1030.19488305661,3352,7656,1941.31578947368,2103,412.256804085293,1060,2583,19,"01-April",86.1578947368421
"994",24,"Belle Glade (EREC)","NWG 2730","200/m2 (18.6/sqft)","0 Kg/ha (0 LB/acre)","Grain Maturity",5866.42105263158,5991,953.700705194098,3192,7094,1868.21052631579,1892,403.439046607397,1059,2558,19,"15-April",84.5263157894737
"995",25,"Belle Glade (EREC)","NWG 2730","200/m2 (18.6/sqft)","0 Kg/ha (0 LB/acre)","Grain Maturity",5768.63157894737,5815,931.321236531217,3613,7082,1746.47368421053,1737,388.017377678007,1131,2305,19,"01-May",83.1578947368421
"996",26,"Belle Glade (EREC)","NWG 2730","200/m2 (18.6/sqft)","0 Kg/ha (0 LB/acre)","Grain Maturity",5487.15789473684,5380,849.812349427664,4168,6761,1595.78947368421,1718,400.695448071554,723,2171,19,"15-May",82.3157894736842
"997",27,"Belle Glade (EREC)","NWG 2730","200/m2 (18.6/sqft)","0 Kg/ha (0 LB/acre)","Grain Maturity",5617.1052631579,5522,796.933490514794,4381,6995,1689.57894736842,1715,281.683296508976,1087,2111,19,"01-June",82.9473684210526
"998",28,"Belle Glade (EREC)","NWG 2730","200/m2 (18.6/sqft)","0 Kg/ha (0 LB/acre)","Grain Maturity",5608.68421052632,5562,828.84176566738,4072,6921,1723.94736842105,1704,282.997737267006,1241,2247,19,"15-June",83.3684210526316
"999",29,"Belle Glade (EREC)","NWG 2730","200/m2 (18.6/sqft)","0 Kg/ha (0 LB/acre)","Grain Maturity",5349.05263157895,5305,611.527365943868,4359,6556,1589.84210526316,1647,281.361227518784,832,2093,19,"30-June",83.1052631578947
"1000",31,"Belle Glade (EREC)","NWG 2730","200/m2 (18.6/sqft)","0 Kg/ha (0 LB/acre)","Flowering",989.263157894737,1016,211.122618953816,618,1322,0,0,0,0,0,19,"01-March",39.9473684210526
"1001",32,"Belle Glade (EREC)","NWG 2730","200/m2 (18.6/sqft)","0 Kg/ha (0 LB/acre)","Flowering",1033.52631578947,1061,229.853423927572,635,1415,0,0,0,0,0,19,"15-March",38
"1002",33,"Belle Glade (EREC)","NWG 2730","200/m2 (18.6/sqft)","0 Kg/ha (0 LB/acre)","Flowering",1095.84210526316,1143,210.006154184399,595,1401,0,0,0,0,0,19,"01-April",35
"1003",34,"Belle Glade (EREC)","NWG 2730","200/m2 (18.6/sqft)","0 Kg/ha (0 LB/acre)","Flowering",1154.68421052632,1183,197.244364130605,580,1470,0,0,0,0,0,19,"15-April",33.8947368421053
"1004",35,"Belle Glade (EREC)","NWG 2730","200/m2 (18.6/sqft)","0 Kg/ha (0 LB/acre)","Flowering",1110.05263157895,1198,252.95640241051,598,1434,0,0,0,0,0,19,"01-May",32.4736842105263
"1005",36,"Belle Glade (EREC)","NWG 2730","200/m2 (18.6/sqft)","0 Kg/ha (0 LB/acre)","Flowering",995.263157894737,1054,240.535015262334,604,1382,0,0,0,0,0,19,"15-May",31.7368421052632
"1006",37,"Belle Glade (EREC)","NWG 2730","200/m2 (18.6/sqft)","0 Kg/ha (0 LB/acre)","Flowering",1037.15789473684,1015,194.346558485921,703,1335,0,0,0,0,0,19,"01-June",31.9473684210526
"1007",38,"Belle Glade (EREC)","NWG 2730","200/m2 (18.6/sqft)","0 Kg/ha (0 LB/acre)","Flowering",1061.63157894737,1115,231.802169131428,568,1411,0,0,0,0,0,19,"15-June",32.1578947368421
"1008",39,"Belle Glade (EREC)","NWG 2730","200/m2 (18.6/sqft)","0 Kg/ha (0 LB/acre)","Flowering",1042.10526315789,1070,158.858390726123,746,1303,0,0,0,0,0,19,"30-June",32
"1009",1,"Belle Glade (EREC)","IH Williams","200/m2 (18.6/sqft)","112 Kg/ha (100 LB/acre)","Grain Maturity",11444.7894736842,11650,1287.89473254038,8415,13124,1716.52631578947,1723,245.372136519445,1178,2068,19,"01-March",130.157894736842
"1010",2,"Belle Glade (EREC)","IH Williams","200/m2 (18.6/sqft)","112 Kg/ha (100 LB/acre)","Grain Maturity",11497.8947368421,11677,1268.26797443236,8649,13255,1725.10526315789,1745,252.288612227443,1196,2135,19,"15-March",127.684210526316
"1011",3,"Belle Glade (EREC)","IH Williams","200/m2 (18.6/sqft)","112 Kg/ha (100 LB/acre)","Grain Maturity",11525.2631578947,11591,1066.94453891606,9262,13169,1615.21052631579,1596,266.563433965511,1040,2020,19,"01-April",123.842105263158
"1012",4,"Belle Glade (EREC)","IH Williams","200/m2 (18.6/sqft)","112 Kg/ha (100 LB/acre)","Grain Maturity",11458.2631578947,11529,942.488245850977,9608,12860,1577.15789473684,1619,295.711057013034,823,1966,19,"15-April",122.473684210526
"1013",5,"Belle Glade (EREC)","IH Williams","200/m2 (18.6/sqft)","112 Kg/ha (100 LB/acre)","Grain Maturity",11174.8947368421,11153,856.879992552882,9713,12542,1524.52631578947,1547,245.086916197556,880,1824,19,"01-May",121.052631578947
"1014",6,"Belle Glade (EREC)","IH Williams","200/m2 (18.6/sqft)","112 Kg/ha (100 LB/acre)","Grain Maturity",11051.5263157895,10968,883.342664631283,9369,12507,1548.36842105263,1527,170.395686736723,1266,1848,19,"15-May",122.210526315789
"1015",7,"Belle Glade (EREC)","IH Williams","200/m2 (18.6/sqft)","112 Kg/ha (100 LB/acre)","Grain Maturity",10937,11028,722.303414239627,9677,11971,1546.52631578947,1551,198.175670785362,1156,1893,19,"01-June",125.052631578947
"1016",8,"Belle Glade (EREC)","IH Williams","200/m2 (18.6/sqft)","112 Kg/ha (100 LB/acre)","Grain Maturity",10605.8947368421,10898,696.648715457466,9319,11513,1526.73684210526,1541,191.104637453256,1111,1776,19,"15-June",124.631578947368
"1017",9,"Belle Glade (EREC)","IH Williams","200/m2 (18.6/sqft)","112 Kg/ha (100 LB/acre)","Grain Maturity",9912.42105263158,10283,688.224391361929,8538,10770,1447,1483,172.728753316355,1041,1688,19,"30-June",121.947368421053
"1018",11,"Belle Glade (EREC)","IH Williams","200/m2 (18.6/sqft)","112 Kg/ha (100 LB/acre)","Flowering",1586.78947368421,1603,336.588040149869,1038,2152,0,0,0,0,0,19,"01-March",44.4210526315789
"1019",12,"Belle Glade (EREC)","IH Williams","200/m2 (18.6/sqft)","112 Kg/ha (100 LB/acre)","Flowering",1647.26315789474,1699,314.110002335569,1064,2107,0,0,0,0,0,19,"15-March",42.2631578947368
"1020",13,"Belle Glade (EREC)","IH Williams","200/m2 (18.6/sqft)","112 Kg/ha (100 LB/acre)","Flowering",1794.94736842105,1872,321.031925322114,970,2322,0,0,0,0,0,19,"01-April",39.2105263157895
"1021",14,"Belle Glade (EREC)","IH Williams","200/m2 (18.6/sqft)","112 Kg/ha (100 LB/acre)","Flowering",1796.52631578947,1797,316.298973971893,960,2271,0,0,0,0,0,19,"15-April",37.7894736842105
"1022",15,"Belle Glade (EREC)","IH Williams","200/m2 (18.6/sqft)","112 Kg/ha (100 LB/acre)","Flowering",1691.68421052632,1773,358.048887511124,956,2201,0,0,0,0,0,19,"01-May",36.2631578947368
"1023",16,"Belle Glade (EREC)","IH Williams","200/m2 (18.6/sqft)","112 Kg/ha (100 LB/acre)","Flowering",1778.84210526316,1812,355.571568535614,1220,2354,0,0,0,0,0,19,"15-May",37
"1024",17,"Belle Glade (EREC)","IH Williams","200/m2 (18.6/sqft)","112 Kg/ha (100 LB/acre)","Flowering",2165.57894736842,2189,419.628581246357,1229,2899,0,0,0,0,0,19,"01-June",39.8947368421053
"1025",18,"Belle Glade (EREC)","IH Williams","200/m2 (18.6/sqft)","112 Kg/ha (100 LB/acre)","Flowering",2172.05263157895,2213,374.508340462564,1418,2666,0,0,0,0,0,19,"15-June",39.5789473684211
"1026",19,"Belle Glade (EREC)","IH Williams","200/m2 (18.6/sqft)","112 Kg/ha (100 LB/acre)","Flowering",1833.78947368421,1847,242.61207695216,1382,2256,0,0,0,0,0,19,"30-June",37.2105263157895
"1027",21,"Belle Glade (EREC)","NWG 2730","200/m2 (18.6/sqft)","112 Kg/ha (100 LB/acre)","Grain Maturity",5811.78947368421,6266,1042.73713417819,3284,7078,1830.15789473684,1921,374.126428891787,1050,2338,19,"01-March",92.4210526315789
"1028",22,"Belle Glade (EREC)","NWG 2730","200/m2 (18.6/sqft)","112 Kg/ha (100 LB/acre)","Grain Maturity",5915.05263157895,6227,1052.25569736238,3077,7436,1912.47368421053,1971,382.750770145252,1051,2498,19,"15-March",90.1052631578947
"1029",23,"Belle Glade (EREC)","NWG 2730","200/m2 (18.6/sqft)","112 Kg/ha (100 LB/acre)","Grain Maturity",5944.21052631579,6104,1030.20869401125,3352,7656,1941.36842105263,2103,412.250761137538,1060,2583,19,"01-April",86.1578947368421
"1030",24,"Belle Glade (EREC)","NWG 2730","200/m2 (18.6/sqft)","112 Kg/ha (100 LB/acre)","Grain Maturity",5866.42105263158,5991,953.700705194098,3192,7094,1868.21052631579,1892,403.439046607397,1059,2558,19,"15-April",84.5263157894737
"1031",25,"Belle Glade (EREC)","NWG 2730","200/m2 (18.6/sqft)","112 Kg/ha (100 LB/acre)","Grain Maturity",5768.26315789474,5815,931.694444553415,3613,7082,1746.42105263158,1737,388.105557775985,1130,2305,19,"01-May",83.1578947368421
"1032",26,"Belle Glade (EREC)","NWG 2730","200/m2 (18.6/sqft)","112 Kg/ha (100 LB/acre)","Grain Maturity",5486.57894736842,5368,849.915964198126,4168,6761,1595.68421052632,1718,400.910498827576,723,2171,19,"15-May",82.3157894736842
"1033",27,"Belle Glade (EREC)","NWG 2730","200/m2 (18.6/sqft)","112 Kg/ha (100 LB/acre)","Grain Maturity",5617.1052631579,5522,796.933490514794,4381,6995,1689.57894736842,1715,281.683296508976,1087,2111,19,"01-June",82.9473684210526
"1034",28,"Belle Glade (EREC)","NWG 2730","200/m2 (18.6/sqft)","112 Kg/ha (100 LB/acre)","Grain Maturity",5595.94736842105,5562,819.8441907314,4072,6921,1723.89473684211,1704,283.051603998839,1241,2247,19,"15-June",83.3684210526316
"1035",29,"Belle Glade (EREC)","NWG 2730","200/m2 (18.6/sqft)","112 Kg/ha (100 LB/acre)","Grain Maturity",5348.78947368421,5305,612.044622460684,4353,6556,1589.73684210526,1647,281.660718301147,830,2093,19,"30-June",83.1052631578947
"1036",31,"Belle Glade (EREC)","NWG 2730","200/m2 (18.6/sqft)","112 Kg/ha (100 LB/acre)","Flowering",989.263157894737,1016,211.122618953816,618,1322,0,0,0,0,0,19,"01-March",39.9473684210526
"1037",32,"Belle Glade (EREC)","NWG 2730","200/m2 (18.6/sqft)","112 Kg/ha (100 LB/acre)","Flowering",1033.52631578947,1061,229.853423927572,635,1415,0,0,0,0,0,19,"15-March",38
"1038",33,"Belle Glade (EREC)","NWG 2730","200/m2 (18.6/sqft)","112 Kg/ha (100 LB/acre)","Flowering",1095.84210526316,1143,210.006154184399,595,1401,0,0,0,0,0,19,"01-April",35
"1039",34,"Belle Glade (EREC)","NWG 2730","200/m2 (18.6/sqft)","112 Kg/ha (100 LB/acre)","Flowering",1154.68421052632,1183,197.244364130605,580,1470,0,0,0,0,0,19,"15-April",33.8947368421053
"1040",35,"Belle Glade (EREC)","NWG 2730","200/m2 (18.6/sqft)","112 Kg/ha (100 LB/acre)","Flowering",1110.05263157895,1198,252.95640241051,598,1434,0,0,0,0,0,19,"01-May",32.4736842105263
"1041",36,"Belle Glade (EREC)","NWG 2730","200/m2 (18.6/sqft)","112 Kg/ha (100 LB/acre)","Flowering",995.263157894737,1054,240.535015262334,604,1382,0,0,0,0,0,19,"15-May",31.7368421052632
"1042",37,"Belle Glade (EREC)","NWG 2730","200/m2 (18.6/sqft)","112 Kg/ha (100 LB/acre)","Flowering",1037.15789473684,1015,194.346558485921,703,1335,0,0,0,0,0,19,"01-June",31.9473684210526
"1043",38,"Belle Glade (EREC)","NWG 2730","200/m2 (18.6/sqft)","112 Kg/ha (100 LB/acre)","Flowering",1061.63157894737,1115,231.802169131428,568,1411,0,0,0,0,0,19,"15-June",32.1578947368421
"1044",39,"Belle Glade (EREC)","NWG 2730","200/m2 (18.6/sqft)","112 Kg/ha (100 LB/acre)","Flowering",1042.10526315789,1070,158.858390726123,746,1303,0,0,0,0,0,19,"30-June",32
"1045",1,"Belle Glade (EREC)","IH Williams","200/m2 (18.6/sqft)","280 Kg/ha (250 LB/acre)","Grain Maturity",11444.7894736842,11650,1287.89473254038,8415,13124,1716.52631578947,1723,245.372136519445,1178,2068,19,"01-March",130.157894736842
"1046",2,"Belle Glade (EREC)","IH Williams","200/m2 (18.6/sqft)","280 Kg/ha (250 LB/acre)","Grain Maturity",11497.8947368421,11677,1268.26797443236,8649,13255,1725.10526315789,1745,252.288612227443,1196,2135,19,"15-March",127.684210526316
"1047",3,"Belle Glade (EREC)","IH Williams","200/m2 (18.6/sqft)","280 Kg/ha (250 LB/acre)","Grain Maturity",11525.2631578947,11591,1066.94453891606,9262,13169,1615.21052631579,1596,266.563433965511,1040,2020,19,"01-April",123.842105263158
"1048",4,"Belle Glade (EREC)","IH Williams","200/m2 (18.6/sqft)","280 Kg/ha (250 LB/acre)","Grain Maturity",11458.2631578947,11529,942.488245850977,9608,12860,1577.15789473684,1619,295.711057013034,823,1966,19,"15-April",122.473684210526
"1049",5,"Belle Glade (EREC)","IH Williams","200/m2 (18.6/sqft)","280 Kg/ha (250 LB/acre)","Grain Maturity",11174.8421052632,11153,856.809732746224,9713,12542,1524.52631578947,1547,245.086916197556,880,1824,19,"01-May",121.052631578947
"1050",6,"Belle Glade (EREC)","IH Williams","200/m2 (18.6/sqft)","280 Kg/ha (250 LB/acre)","Grain Maturity",11051.5263157895,10968,883.342664631283,9369,12507,1548.36842105263,1527,170.395686736723,1266,1848,19,"15-May",122.210526315789
"1051",7,"Belle Glade (EREC)","IH Williams","200/m2 (18.6/sqft)","280 Kg/ha (250 LB/acre)","Grain Maturity",10937,11028,722.303414239627,9677,11971,1546.52631578947,1551,198.175670785362,1156,1893,19,"01-June",125.052631578947
"1052",8,"Belle Glade (EREC)","IH Williams","200/m2 (18.6/sqft)","280 Kg/ha (250 LB/acre)","Grain Maturity",10605.8421052632,10898,696.751371497904,9318,11513,1526.73684210526,1541,191.104637453256,1111,1776,19,"15-June",124.631578947368
"1053",9,"Belle Glade (EREC)","IH Williams","200/m2 (18.6/sqft)","280 Kg/ha (250 LB/acre)","Grain Maturity",9912.26315789474,10283,688.017025153146,8538,10767,1447,1483,172.728753316355,1041,1688,19,"30-June",121.947368421053
"1054",11,"Belle Glade (EREC)","IH Williams","200/m2 (18.6/sqft)","280 Kg/ha (250 LB/acre)","Flowering",1586.78947368421,1603,336.588040149869,1038,2152,0,0,0,0,0,19,"01-March",44.4210526315789
"1055",12,"Belle Glade (EREC)","IH Williams","200/m2 (18.6/sqft)","280 Kg/ha (250 LB/acre)","Flowering",1647.26315789474,1699,314.110002335569,1064,2107,0,0,0,0,0,19,"15-March",42.2631578947368
"1056",13,"Belle Glade (EREC)","IH Williams","200/m2 (18.6/sqft)","280 Kg/ha (250 LB/acre)","Flowering",1794.94736842105,1872,321.031925322114,970,2322,0,0,0,0,0,19,"01-April",39.2105263157895
"1057",14,"Belle Glade (EREC)","IH Williams","200/m2 (18.6/sqft)","280 Kg/ha (250 LB/acre)","Flowering",1796.52631578947,1797,316.298973971893,960,2271,0,0,0,0,0,19,"15-April",37.7894736842105
"1058",15,"Belle Glade (EREC)","IH Williams","200/m2 (18.6/sqft)","280 Kg/ha (250 LB/acre)","Flowering",1691.68421052632,1773,358.048887511124,956,2201,0,0,0,0,0,19,"01-May",36.2631578947368
"1059",16,"Belle Glade (EREC)","IH Williams","200/m2 (18.6/sqft)","280 Kg/ha (250 LB/acre)","Flowering",1778.84210526316,1812,355.571568535614,1220,2354,0,0,0,0,0,19,"15-May",37
"1060",17,"Belle Glade (EREC)","IH Williams","200/m2 (18.6/sqft)","280 Kg/ha (250 LB/acre)","Flowering",2165.52631578947,2189,419.625146002828,1229,2899,0,0,0,0,0,19,"01-June",39.8947368421053
"1061",18,"Belle Glade (EREC)","IH Williams","200/m2 (18.6/sqft)","280 Kg/ha (250 LB/acre)","Flowering",2172.05263157895,2213,374.508340462564,1418,2666,0,0,0,0,0,19,"15-June",39.5789473684211
"1062",19,"Belle Glade (EREC)","IH Williams","200/m2 (18.6/sqft)","280 Kg/ha (250 LB/acre)","Flowering",1833.78947368421,1847,242.61207695216,1382,2256,0,0,0,0,0,19,"30-June",37.2105263157895
"1063",21,"Belle Glade (EREC)","NWG 2730","200/m2 (18.6/sqft)","280 Kg/ha (250 LB/acre)","Grain Maturity",5811.31578947368,6257,1042.52135883431,3284,7078,1830.10526315789,1921,374.11122747963,1050,2338,19,"01-March",92.4210526315789
"1064",22,"Belle Glade (EREC)","NWG 2730","200/m2 (18.6/sqft)","280 Kg/ha (250 LB/acre)","Grain Maturity",5914.78947368421,6222,1052.17397056166,3077,7436,1912.42105263158,1971,382.768179884592,1051,2498,19,"15-March",90.1052631578947
"1065",23,"Belle Glade (EREC)","NWG 2730","200/m2 (18.6/sqft)","280 Kg/ha (250 LB/acre)","Grain Maturity",5943.94736842105,6104,1030.15147072243,3352,7656,1941.31578947368,2103,412.256804085293,1060,2583,19,"01-April",86.1578947368421
"1066",24,"Belle Glade (EREC)","NWG 2730","200/m2 (18.6/sqft)","280 Kg/ha (250 LB/acre)","Grain Maturity",5866.42105263158,5991,953.700705194098,3192,7094,1868.21052631579,1892,403.439046607397,1059,2558,19,"15-April",84.5263157894737
"1067",25,"Belle Glade (EREC)","NWG 2730","200/m2 (18.6/sqft)","280 Kg/ha (250 LB/acre)","Grain Maturity",5760.47368421053,5730,931.571334921155,3613,7082,1746.47368421053,1737,388.017377678007,1131,2305,19,"01-May",83.1578947368421
"1068",26,"Belle Glade (EREC)","NWG 2730","200/m2 (18.6/sqft)","280 Kg/ha (250 LB/acre)","Grain Maturity",5486.31578947368,5368,850.246046260308,4164,6761,1595.57894736842,1718,401.15255006176,721,2171,19,"15-May",82.3157894736842
"1069",27,"Belle Glade (EREC)","NWG 2730","200/m2 (18.6/sqft)","280 Kg/ha (250 LB/acre)","Grain Maturity",5617.1052631579,5522,796.933490514794,4381,6995,1689.57894736842,1715,281.683296508976,1087,2111,19,"01-June",82.9473684210526
"1070",28,"Belle Glade (EREC)","NWG 2730","200/m2 (18.6/sqft)","280 Kg/ha (250 LB/acre)","Grain Maturity",5595.94736842105,5562,819.8441907314,4072,6921,1723.89473684211,1704,283.051603998839,1241,2247,19,"15-June",83.3684210526316
"1071",29,"Belle Glade (EREC)","NWG 2730","200/m2 (18.6/sqft)","280 Kg/ha (250 LB/acre)","Grain Maturity",5348.78947368421,5305,612.044622460684,4353,6556,1589.73684210526,1647,281.660718301147,830,2093,19,"30-June",83.1052631578947
"1072",31,"Belle Glade (EREC)","NWG 2730","200/m2 (18.6/sqft)","280 Kg/ha (250 LB/acre)","Flowering",989.263157894737,1016,211.122618953816,618,1322,0,0,0,0,0,19,"01-March",39.9473684210526
"1073",32,"Belle Glade (EREC)","NWG 2730","200/m2 (18.6/sqft)","280 Kg/ha (250 LB/acre)","Flowering",1033.52631578947,1061,229.853423927572,635,1415,0,0,0,0,0,19,"15-March",38
"1074",33,"Belle Glade (EREC)","NWG 2730","200/m2 (18.6/sqft)","280 Kg/ha (250 LB/acre)","Flowering",1095.84210526316,1143,210.006154184399,595,1401,0,0,0,0,0,19,"01-April",35
"1075",34,"Belle Glade (EREC)","NWG 2730","200/m2 (18.6/sqft)","280 Kg/ha (250 LB/acre)","Flowering",1154.68421052632,1183,197.244364130605,580,1470,0,0,0,0,0,19,"15-April",33.8947368421053
"1076",35,"Belle Glade (EREC)","NWG 2730","200/m2 (18.6/sqft)","280 Kg/ha (250 LB/acre)","Flowering",1110.05263157895,1198,252.95640241051,598,1434,0,0,0,0,0,19,"01-May",32.4736842105263
"1077",36,"Belle Glade (EREC)","NWG 2730","200/m2 (18.6/sqft)","280 Kg/ha (250 LB/acre)","Flowering",995.263157894737,1054,240.535015262334,604,1382,0,0,0,0,0,19,"15-May",31.7368421052632
"1078",37,"Belle Glade (EREC)","NWG 2730","200/m2 (18.6/sqft)","280 Kg/ha (250 LB/acre)","Flowering",1037.15789473684,1015,194.346558485921,703,1335,0,0,0,0,0,19,"01-June",31.9473684210526
"1079",38,"Belle Glade (EREC)","NWG 2730","200/m2 (18.6/sqft)","280 Kg/ha (250 LB/acre)","Flowering",1061.63157894737,1115,231.802169131428,568,1411,0,0,0,0,0,19,"15-June",32.1578947368421
"1080",39,"Belle Glade (EREC)","NWG 2730","200/m2 (18.6/sqft)","280 Kg/ha (250 LB/acre)","Flowering",1042.10526315789,1070,158.858390726123,746,1303,0,0,0,0,0,19,"30-June",32
